Price,Close,Close,Close,Close,High,High,High,High,Low,Low,Low,Low,Open,Open,Open,Open,Volume,Volume,Volume,Volume
Ticker,ABBV,ABT,AOS,MMM,ABBV,ABT,AOS,MMM,ABBV,ABT,AOS,MMM,ABBV,ABT,AOS,MMM,ABBV,ABT,AOS,MMM
Date,,,,,,,,,,,,,,,,,,,,
2023-01-12,136.57858276367188,104.99312591552734,58.135009765625,96.31122589111328,139.30620049656824,105.96423574791633,59.470031799204,96.66117622332207,136.12996043523802,104.54999645184856,57.746811971799836,95.14967994493514,139.07292181449475,105.58710383032633,59.40375439136906,96.49737055217285,7665100,4697700,1160800,2200042
2023-01-13,137.81675720214844,107.02020263671875,58.82618713378906,96.43036651611328,138.0051708755146,107.37847399868542,58.911401454200885,96.5048298258018,135.7889759211131,104.8328461678216,57.131370989958285,95.45497189426712,136.46190927914924,104.90826679605097,57.7562748023624,95.61877758738669,6019300,5348700,803500,2025306
2023-01-17,137.1259002685547,106.90706634521484,56.83785629272461,94.26361846923828,139.16264943917088,107.7461811199613,58.50426892854255,96.72072349778993,136.901589108073,106.5959319609084,56.818919375062165,94.10725915484828,137.99622866649287,107.01077780665032,58.32437001667318,96.61648169016476,8507000,5711000,1436200,4199036
2023-01-18,133.86886596679688,105.1345443725586,56.94200134277344,91.39702606201172,136.75799412124826,107.0861941851091,57.77520757008984,94.70295262742485,133.75223350090275,104.83284029695827,56.54433695064238,91.0321829985521,136.48881805458032,106.73734592546174,56.96093825837691,94.44979774125039,6190800,4288500,1311200,5093166
2023-01-19,133.4292449951172,105.40797424316406,54.71696472167969,88.18043518066406,135.07119049753666,105.89824071241898,56.69582720317742,91.05450827535407,132.19104311703148,104.26714818727994,54.65068732469844,88.09853233530862,133.6445749280952,104.71027766146427,56.69582720317742,90.83858506272516,7169900,6157700,1045300,5955721
2023-01-20,134.2187957763672,106.36963653564453,56.00464630126953,89.8333969116211,134.32647442158796,106.5770594211869,56.0235796046213,89.87806809859214,132.02951709868606,105.26653176419688,54.39504462782481,86.93698508938783,134.0752333766488,105.78508178486078,55.029415033679555,88.26977627979413,7059000,5078300,1209300,5230706
2023-01-23,133.2856903076172,107.49161529541016,57.00828170776367,91.30022430419922,134.97250087416975,108.14216047126209,57.00828170776367,92.25328672051552,132.8370680000795,105.9925179217835,55.853158690625825,89.65470746544348,134.46107856282728,106.00194819772133,56.14667186813373,89.80362049557523,7616400,6115300,1072300,4080991
2023-01-24,132.5140380859375,106.09622192382812,57.443817138671875,85.62653350830078,133.57277998989028,107.16162004097396,57.746804177397294,89.34942715571788,131.39248249741257,105.86051539429214,56.364438228937836,85.25424414355908,132.86396288192273,106.40735626918182,57.13136705988708,86.40089756107473,5171400,4662000,699100,12290694
2023-01-25,132.603759765625,104.6537094116211,57.301795959472656,84.08525085449219,132.774238412622,105.82281189906224,57.33019952717425,86.5498026912495,131.44632037470194,103.32432100149752,56.40231232649927,83.95122370601291,132.23589992253454,103.71088320070558,56.75263623825932,85.25423636370276,5744300,6070800,689600,7167867
2023-01-26,132.25387573242188,104.71969604492188,55.72060012817383,84.54690551757812,133.42029669021167,105.23825328415937,57.65212227299076,84.95641978326128,131.99368076895138,103.81458383995565,55.701666823482256,83.21410728449537,132.72044685371156,104.88940503292756,57.43435315056251,84.51712019131094,4577800,4159500,1597200,5532218
2023-01-27,131.24891662597656,103.66374206542969,57.150306701660156,85.81267547607422,132.50505337556586,104.89884932947007,57.41541630986256,86.20730382080015,131.0066567918187,103.53174696747016,55.69219663285192,84.47987741834943,132.17307731121664,104.32372474842067,55.76794429910833,84.68091475600593,4591500,4860600,1716700,4920942
2023-01-30,130.68365478515625,103.53173065185547,56.674537658691406,83.82464599609375,132.00260528368258,104.34256166479524,58.15895905465254,86.3711075588542,130.33372998090627,103.35259858610752,56.284400800792746,83.80975333525527,130.88104966866797,103.53173065185547,56.72211461601774,85.23190053387476,4573400,4434800,1707400,7059868
2023-01-31,132.56787109375,104.22942352294922,64.42017364501953,85.68609619140625,132.65760101753645,104.33313496471868,64.81983166098152,85.68609619140625,129.5710778350354,102.64547545878798,60.54735454382014,83.67573636687585,130.66571718908205,103.51287370523077,60.880396840640486,84.24906306780936,5628700,5698300,6350200,6065155
2023-02-01,131.53604125976562,105.42682647705078,66.57068634033203,86.2668685913086,132.2897233085973,105.68138638865545,66.81809229924171,86.92209813127744,130.32475578132178,103.39974868763167,63.91585103062099,84.62135180776868,131.56295749787648,104.44628635581566,65.1623911337516,85.29147400907048,5439900,4532300,2124300,3708557
2023-02-02,129.95687866210938,105.83223724365234,66.9893798828125,89.56534576416016,130.93487179526952,105.9453789732395,68.38816494058953,89.98231309240803,128.7007419489554,104.54999308110233,66.81809993166065,86.0062647836589,130.93487179526952,104.91769471076962,67.5698282028394,86.43811797868953,6160800,5051800,1627700,5880971
2023-02-03,130.27989196777344,105.39852905273438,65.70476531982422,87.48053741455078,131.7154885703553,105.90765600252946,66.77050048393411,88.77610391087526,129.83126974082458,104.3331381647436,65.37171582126355,86.95933500121481,130.9259090698489,105.41738240945618,66.10441600636543,88.55272756567543,6553000,3754500,952100,3208150
2023-02-06,130.118408203125,104.41799926757812,64.22034454345703,86.74340057373047,131.29379637063568,105.30425817717885,65.22899620363145,87.30928094495421,129.92998082403716,104.14457881263337,64.0680997564995,86.28176203868978,130.76442537304717,105.19111644621081,65.03868114521309,86.95933057683088,4297000,4145600,1318500,2974811
2023-02-07,130.22605895996094,105.58709716796875,63.40201187133789,87.04122924804688,130.51318375565182,105.98308961270801,63.89682379411676,87.2720451074532,128.89814100705001,103.59773344156993,62.574164910184095,85.45527637732376,129.72360425836567,103.74858907636442,63.65893540118243,86.23707992007077,5401900,3401600,1197800,2610509
2023-02-08,129.75051879882812,103.89942932128906,63.00235366821289,85.81267547607422,131.3117290505255,105.47395431417311,63.53522128228499,86.8848655514459,129.62490512507296,103.47516046998733,62.66931140941782,85.63397713017893,130.46831708779922,105.0308249134137,62.89768220690919,86.4976903314043,5753800,4222300,853400,3003993
2023-02-09,133.42027282714844,101.8912353515625,62.62174606323242,84.08525085449219,137.90649594635897,104.90827655724728,64.00150327064526,86.95932367273362,132.70247438990145,101.36325493886606,62.269675843923835,83.73529372005618,133.2408266405533,104.36144278403754,63.630397912046284,86.69126937577505,12216900,3912700,774800,4307872
2023-02-10,136.426025390625,101.97608184814453,62.90719985961914,84.7926025390625,137.439902339287,102.67377119881206,63.11654278251067,85.04575739559182,133.4830646029606,101.63666385199433,62.07934573539631,83.9139966806176,134.30852787844069,102.07036302636564,62.26966078337805,84.30862502356732,8956700,4186300,764700,2720302
2023-02-13,137.9333953857422,102.31549072265625,64.73419189453125,85.83499908447266,137.9782603496418,102.90004552571787,64.79128278885584,86.08815389677098,135.71720033957607,101.60837110953659,62.98333671064883,84.73302388424885,136.39911493277475,102.12692836976808,63.14509908442053,85.15743068116358,5602600,3711000,1055900,2688130
2023-02-14,136.91053771972656,101.1275405883789,64.21082305908203,85.03829956054688,138.17565577595028,102.14578742120001,64.82932692690014,85.68608267238992,136.16582312686148,100.27899556670042,63.592311931488034,84.10012997869194,138.10387457160445,102.00436924524783,64.53434771241606,85.47015949783977,4662800,4244000,875900,2944911
2023-02-15,135.53775024414062,101.1463851928711,64.73419189453125,85.47016143798828,137.71806147047516,101.17466882561348,64.78177247965375,85.49249363303744,135.3313878452248,100.20355907109833,63.61135832755343,84.28627654242835,136.93744945568162,100.65611877455395,63.649421343695835,84.62134099732314,5648100,4060300,594900,3022651
2023-02-16,134.16497802734375,100.01499938964844,64.43920135498047,84.49695587158203,135.0353063462399,101.2500993402674,64.88643264192729,85.50789991317018,133.44717964081855,99.62843721668646,63.145088070963745,83.56145418222206,133.78813695486275,99.72271839273805,63.468612762079545,84.87417451677732,3757500,3299000,742000,3223340
2023-02-17,135.7620849609375,100.63726043701172,63.982452392578125,85.24385833740234,135.8338661753974,100.84468333927389,64.21083044921399,85.28158296001297,133.33952715910038,99.45872775887904,62.298205968604925,83.50111156984072,133.8240332431211,99.50587194328139,64.21083044921399,84.46678618406526,4562400,3564100,1178700,3381929
2023-02-21,136.3811798095703,97.72393798828125,62.4885139465332,82.42224884033203,137.29637313910337,100.0715732342799,63.90633382830722,84.79872755262437,134.42519314444354,97.44108724834223,62.1269262454225,82.36944126186066,134.42519314444354,99.79815277052367,63.36394138697602,84.49695127606988,8466100,5204300,1433400,4651364
2023-02-22,135.18783569335938,96.8188247680664,62.298213958740234,82.1883773803711,136.51575380361965,97.91249941947322,63.07848760287921,83.27476372181243,134.80202710565578,94.75403308849532,61.993717103948875,81.86396633215915,135.48392803992664,97.33737486208761,62.726410165242015,82.63349343270714,6041700,8900900,626300,3175380
2023-02-23,136.4440155029297,96.68682098388672,62.62174606323242,82.16574096679688,137.7898826259452,97.84649307730922,62.94527809316246,83.20686463187683,133.84199751724535,95.84770631687617,61.784381428918046,81.48674607495275,135.39422709901342,97.33736611195577,62.73593511963924,82.7617417043917,5993300,4611100,809900,3520785
2023-02-24,137.01821899414062,94.71631622314453,61.75582504272461,81.32832336425781,137.26046516122136,95.97970703204676,62.231601803824525,81.88660641774933,135.40317609261035,94.17890559369918,61.27053071366507,80.54370636624616,135.75310091370315,95.64971211782483,61.955650411213306,81.56219534847773,5621100,5476800,810400,3424028
2023-02-27,138.42689514160156,94.06575775146484,62.155487060546875,81.6828842163086,138.84860119688724,95.5177108228404,63.04043228719601,83.50861756904624,137.36815309019738,93.96205349718807,62.06033314301248,81.63006976491799,137.51170182046394,95.4894271904747,62.39337548427214,82.12800017205217,6828800,4489800,668400,4252976
2023-02-28,138.08595275878906,95.90428924560547,62.45046615600586,81.28305053710938,138.50765885971484,96.56426475671071,62.86915210337072,82.17328954765252,136.93748064716453,93.99035307020667,61.96517900040952,80.91337682430486,138.13979894069092,94.13177125601952,61.96517900040952,81.56973697602453,7561700,7877000,1017300,4043078
2023-03-01,139.31517028808594,95.06517028808594,63.535221099853516,83.14649963378906,139.59331391838168,95.56486703797549,63.725536147030496,84.74590619697473,136.71315278189087,94.6503244459769,62.212562376024664,82.7919158076046,137.06307762175743,94.94259827481194,62.56463976846952,83.77268690561851,5485800,3963500,1855900,5877981
2023-03-02,138.5166015625,96.76225280761719,64.36308288574219,82.91262817382812,139.76377079127548,97.09224774066742,64.50581737317935,83.16913489172282,138.36407165001538,94.53718234287678,62.783507734829634,81.26795206532495,139.27925112492315,94.53718234287678,63.1355779094267,82.7994612181514,4567800,5209900,915500,9076803
2023-03-03,140.0239715576172,98.47817993164062,64.829345703125,83.93866729736328,140.12266899819227,98.53475438709485,64.88644385713789,84.48940538161594,138.18461763282562,96.884808767989,63.31637892767657,82.69384447341946,138.47174243844924,97.0168038420621,64.56291185032487,83.57653852328231,4851200,4982400,826100,3636797
2023-03-06,139.3241424560547,96.87538146972656,63.658931732177734,82.93525695800781,140.3828982189847,98.6196083105917,64.93400996012292,84.21025241689533,138.66017651350987,96.76223974853387,63.38298034110515,82.74664767350589,139.78173228011957,98.53475741459138,64.83885606038893,84.04427789870637,4051900,5005100,1004100,3373677
2023-03-07,137.21559143066406,94.26376342773438,63.17363739013672,80.79266357421875,139.674046228768,97.20537646781689,64.07761032705086,82.99562285114698,136.4260255999168,94.11290778814408,63.135574378297136,80.75494584166033,139.58432999549848,96.97910020162426,63.54474268085113,82.98807792782446,4606900,6349000,854400,4033869
2023-03-08,134.22779846191406,93.7169189453125,63.763607025146484,80.84546661376953,137.942390581126,94.53717307638564,63.839725793633896,81.3056724511436,133.27670767973686,93.58492386230779,62.954787939218896,80.10611930506849,137.0899972531905,94.20718536887388,63.30685811533386,81.05671066884216,5860100,6252600,650100,4107901
2023-03-09,132.208984375,92.25553131103516,64.16325378417969,79.60818481445312,135.40317264852143,94.25432520798658,65.2670520861057,81.90167584667239,131.50913475061563,91.92554361873455,63.620868571212334,79.53274247977282,134.64949054393284,94.17889739454867,63.90633752952238,81.22268106644403,5350200,5146000,1497300,4142585
2023-03-10,134.32650756835938,91.41641998291016,62.89768981933594,78.50672149658203,135.16093855225884,92.77409190125789,64.51533525177129,80.72476366794757,132.3166745489424,91.03928809523663,62.05080771885567,78.26529772578814,132.64865070070445,92.17068375825723,64.28695716686285,79.62328750535548,6825500,7042400,1179100,4417904
2023-03-13,136.33631896972656,92.57611846923828,62.593204498291016,78.084228515625,137.56555342423331,93.52836787134945,63.16413529619709,78.9744674288403,133.68945004591694,90.87902821950577,61.584559846664334,77.50331077785572,133.68945004591694,91.0770208831089,61.7748676927067,78.21248531618883,7653800,6553000,946900,5036476
2023-03-14,138.0410614013672,92.91551971435547,64.21082305908203,77.5410385131836,138.1666750742689,93.8112016772126,64.40113082459901,79.34414429603675,135.89664775556136,91.77469374585922,63.26878001837811,76.47728010487823,136.3362887652856,93.60377877384964,63.65892037539656,78.9065731864615,6644100,5093900,830400,5707312
2023-03-15,138.22947692871094,92.20841217041016,63.4400749206543,77.5410385131836,138.51660172256464,92.3404072728794,63.6874808821813,77.57121820489698,136.13889573012867,91.17129751787526,61.96517123950795,75.64740053924406,136.54265299197968,91.92556141186544,63.17364108198412,76.43956237429026,6304600,5712100,1279200,5850473
2023-03-16,139.34207153320312,93.3680648803711,64.10617065429688,78.61988067626953,139.89835873392252,93.60377139867687,64.210842134359,78.78585519972673,136.8387517482371,91.45412910263897,62.574168729509125,76.56026144152916,137.45785263464512,91.51069636521089,63.09751887004169,76.78659534373679,6331200,5289100,1015700,4356550
2023-03-17,138.373046875,91.46356201171875,62.298213958740234,77.72211456298828,140.03295466422674,93.5283462801748,64.06810419589556,78.8085079031679,136.2734980461364,90.99214896152998,61.83195473791733,76.92995260902285,139.7727460942424,93.34921421247383,64.06810419589556,78.72551373849701,42756400,10848100,2484200,13617297
2023-03-20,140.07781982421875,92.27439880371094,63.23072052001953,78.69532775878906,140.27521472761742,92.58552596946515,63.80165836778577,78.80094979391514,138.58840422248204,91.62384645194778,62.27916712011088,77.87299313022976,138.6422367068879,91.69927427106089,62.59318148442705,78.01633289529495,4408200,6075700,1074100,3255392
2023-03-21,140.66104125976562,92.70809936523438,63.67795944213867,78.68022918701172,140.91226865514741,92.78352718547953,64.39162457794805,79.57800605993323,139.16264440485776,91.7275592816259,62.964294306329286,77.98614455489927,140.54439507945756,92.55724372474407,63.95391083249156,79.39694170095657,4675700,4475000,882200,3137826
2023-03-22,137.8795623779297,91.3221435546875,63.26879119873047,76.60552215576172,140.75972328254318,93.6320647977812,64.89594683869889,78.87637830251819,137.825729897802,91.30328300306792,63.25928089061717,76.57534246986118,139.68301891653064,92.97208935495237,63.97294602708282,78.70285887669502,4376900,3606700,938500,3355378
2023-03-23,139.34207153320312,91.49185180664062,63.07847595214844,76.19813537597656,140.41876217915154,92.21782478782771,64.22985469853418,77.65420217856706,138.19359968540957,90.92615754694783,62.821552467879556,76.01707100148546,138.2653808872547,91.35985671915206,63.28781886235973,76.69606584785382,4584000,4525000,1205800,3800051
2023-03-24,141.78257751464844,92.44410705566406,63.50666809082031,76.30376434326172,142.19530231133456,92.47239068930551,63.53521352955145,76.45465592508698,138.7050218083433,91.27499744840419,61.74629585790013,75.56441693288568,139.32412269423682,91.49185062830982,62.36480698291962,75.7228465539508,4678700,5269100,875800,4249268
2023-03-27,141.35189819335938,92.83067321777344,64.32501983642578,76.56781768798828,142.7874949274669,93.79236003656284,64.67709727060698,77.1638253369768,141.20834947264072,92.65153392554544,63.696998255736,75.8963676884573,142.50935131181404,93.33980026421602,64.16325747198209,77.11855579621877,3887800,4627700,928200,3345690
2023-03-28,141.98898315429688,91.55784606933594,64.84838104248047,76.75642395019531,142.30302429638837,92.62323700679812,65.31464028632894,77.57876550212266,141.2711846087081,91.08643300428662,64.32502364444176,76.43201979056312,141.5852257507996,92.4912419240397,64.4011496768434,76.6432638709144,3532500,4815400,895800,2945509
2023-03-29,141.7646484375,92.98152160644531,65.58108520507812,77.85035705566406,143.2899615369454,93.09465614579538,65.75236517699187,77.88807478497034,140.2931678241378,91.68984713438572,65.16240647578392,76.87713087151613,142.64394432221408,92.40639705410581,65.49544884901087,77.56367064629006,3959900,6780200,817400,3853034
2023-03-30,141.69287109375,93.41522216796875,64.61048126220703,77.5410385131836,142.24019086864757,93.79235408881004,66.13296534333567,78.40109777053115,141.2442487763214,92.87781151855766,64.56290068538746,77.35242920808248,141.77361982507915,93.6980657137049,66.13296534333567,78.27284096480304,3635800,5199300,930200,2810241
2023-03-31,142.99388122558594,95.47057342529297,65.7999267578125,79.29888916015625,143.1733411154784,95.61199877970942,65.84750007751082,79.35924855454506,141.52240048819255,94.02805063526817,64.84837324652028,77.71457208638542,142.15046903021397,94.20718270388285,65.14335251189218,78.08424584079678,4957300,6442400,973100,4319354
2023-04-03,143.93597412109375,95.78170776367188,65.51445007324219,78.8914794921875,143.98083908834184,95.84771250145467,65.8284644372779,79.84960893275736,141.5762164906755,94.32033150684002,64.8769110382191,78.59724816449625,141.98895502214577,95.03688141466831,65.5715482138336,79.32905058041752,4389400,5432400,860100,4804691
2023-04-04,143.3617401123047,96.92252349853516,62.64077377319336,77.14118194580078,145.1113643321661,97.43164324961053,65.50494481552681,79.14044187405008,143.13742896383872,96.00798105382461,62.29821390437978,77.00538710681074,144.01672483238286,96.07397859142269,65.32415457238129,79.14044187405008,4224400,7979000,1165000,4154067
2023-04-05,144.27691650390625,98.25192260742188,61.479881286621094,77.17135620117188,145.05751482790544,98.32735043375614,63.01188322843725,77.5334849250456,142.67084120244095,96.63969058379256,60.83282452076223,76.7111503742446,143.55911817485907,96.76225540669066,62.28870042900013,77.22416377171471,5743000,7298300,1698900,3171792
2023-04-06,144.94985961914062,98.93075561523438,61.47035217285156,76.62062072753906,145.52409558282648,99.51531046155563,61.63211451899147,77.556122256506,144.11541506937812,98.22363594978474,60.328490922741096,76.59044103820038,144.27692620743696,98.51590977634876,61.42277885563342,77.21662140360549,5498300,5065000,1159100,2893363
2023-04-10,144.70758056640625,97.77106475830078,62.298213958740234,77.52593994140625,145.40743012649497,98.91189068174353,62.326759404536666,77.80508140617502,143.74753614561314,97.16765662317981,61.09925441684652,76.23585464261716,145.093402790532,98.44990070860999,61.280051919927466,76.65079782075726,3309500,4900200,734300,3444719
2023-04-11,144.79733276367188,97.38450622558594,62.383853912353516,78.88392639160156,145.88299102405782,98.71388725190877,63.04994581191832,79.04990090261437,144.62685410521485,97.2053669693753,62.28870000092371,77.94088000986602,144.89603021378565,98.24247421404256,62.70738592294855,78.18229685460712,2875800,4658000,728200,3530592
2023-04-12,145.67662048339844,96.69624328613281,62.821556091308594,78.7406005859375,146.68152996243535,97.90305955285642,63.30685038753686,79.32906333594045,144.9947195784612,96.4605367592511,62.42190538136849,78.2275870736692,145.46127687037702,97.47879068174626,62.821556091308594,79.21589636339303,4005000,4560700,969000,3258861
2023-04-13,147.31561279296875,98.17440795898438,63.13556671142578,80.08349609375,147.4695459422468,98.26916030852408,63.3068466140159,80.30228510264864,145.3778457714446,96.45936657615096,61.59405484789095,78.52935891358675,145.78531749798256,97.3595247404894,62.73591602530759,79.09517997608773,3868500,4778700,784500,4108499
2023-04-14,146.31948852539062,98.50605010986328,63.8682746887207,79.79679870605469,147.59624463241698,98.8755893533978,64.57242225871921,80.8152874932474,145.72185624336004,98.0322811074712,63.08800109499879,79.22342591485447,147.27026464374663,98.17441325401708,63.135574414993016,79.97031815106601,3473100,5043700,1590300,3341146
2023-04-17,145.94827270507812,99.03667449951172,64.29647064208984,80.55879211425781,146.87188524064217,99.34936379319792,64.40114210939818,80.80020900994676,145.46835950313516,98.54395789087965,63.62086851841241,79.92506673952694,146.61834671194828,98.54395789087965,63.91584778458472,80.09104128556648,4354100,4806400,1127700,2911184
2023-04-18,144.5084991455078,98.68608093261719,65.219482421875,80.17401885986328,145.99351610042942,100.15476044731236,65.28609088124388,80.9510908005737,143.44001757089325,98.477621422742,64.4296912180886,79.87224261371762,145.78525531868104,99.90840578031533,64.73418806945742,80.8982763433702,4996200,6552100,844300,2286872
2023-04-19,145.97543334960938,106.39904022216797,64.59146118164062,80.03067779541016,146.18369415599756,106.78752703328281,65.41931549671935,80.22683202487424,143.53963993888925,102.4762335787668,64.31550974328105,79.56293387475434,143.67545920027024,102.80787042463093,65.08627316069175,79.74399825825137,4826900,12425400,1162800,2293928
2023-04-20,146.45535278320312,104.56079864501953,65.4383316040039,79.0121841430664,146.48251663664553,106.39902435821968,65.49542975117872,79.66099929206966,145.40497106072186,104.22916184860198,64.22986184216438,78.54443336661971,145.94826194638242,106.36112197732338,64.22986184216438,79.56292906731714,3808100,7413200,880800,4419579
2023-04-21,147.06207275390625,105.80209350585938,65.44786834716797,78.82357025146484,147.76836075736918,106.23796010582171,65.83800888476374,79.30641084481046,146.7089287521748,105.06300781464564,64.88645509719856,78.50671105999488,147.2250559161749,105.06300781464564,65.50495925129252,79.20078881963613,4812100,6301100,697900,7644593
2023-04-24,148.57421875,104.60820007324219,65.58108520507812,79.26113891601562,148.82775726426587,105.88737496932521,66.02831664617399,79.44974817801788,146.98959612743192,104.36183816101077,65.11482588256038,78.73302885197799,147.2069207754367,105.88737496932521,65.60012034627924,79.25359399481135,4728900,5341900,1186000,4229056
2023-04-25,149.31671142578125,104.20075225830078,65.24803161621094,78.7406005859375,150.49386235189837,104.73137121092924,66.13297677568679,80.95110491830799,148.9454675059972,103.91648797416921,64.99111533239189,78.58217095480384,149.23521986901002,104.59871647277213,65.04820622662324,79.72891675971586,5506200,5636700,1756700,6065394
2023-04-26,146.50970458984375,103.04473876953125,64.22986602783203,77.64665222167969,147.83172506421153,103.67958737914076,65.38124497730578,79.36677055187342,145.33255341872785,102.5899174313821,64.22034845938647,77.53348527394665,147.30653411658088,103.58483504219217,65.11481113905104,78.46144185406213,5192000,4240000,1872300,3795386
2023-04-27,134.80160522460938,103.75540161132812,65.52974700927734,79.46485137939453,139.32909933510814,103.79330399539535,66.89654341473627,79.5101140301771,133.2532099762355,102.02140549324096,63.36008086241201,77.76736773600746,139.32909933510814,103.00684579156689,66.5142213650342,77.76736773600746,17063000,4257200,2834900,2862148
2023-04-28,136.8389434814453,104.67453002929688,65.27169036865234,80.13629150390625,137.08343197120723,105.03459188748843,67.12594775585801,80.27963814164028,133.50671527840132,103.63223961525468,65.00406709466128,79.32904678505668,133.98662842920047,103.69856698989895,66.38997646019529,79.44975865619273,7123800,4835900,3274900,4764505
2023-05-01,139.18418884277344,105.28095245361328,67.0399169921875,79.8571548461914,140.08968739695584,105.71681908555496,67.11638286272928,80.59650219384686,136.56729857385878,104.16285727458323,65.42461011487963,79.63837274138845,136.5853985968382,104.6650512803173,65.88339804594352,80.22682852001914,5601000,3722900,1276700,2738003
2023-05-02,137.2917022705078,105.65048217773438,66.6958236694336,77.69190979003906,140.3704060015165,106.0674011920299,67.1450515153609,79.74398390712697,136.91139449170575,104.63661685317646,65.65400359456925,77.45049295017421,139.03932186730273,105.23356316343886,66.86786822123157,79.60063728029114,5135600,4998000,910000,3602352
2023-05-03,135.14566040039062,105.89684295654297,66.38996887207031,77.57876586914062,137.19208217678994,107.02440819739807,67.40311609129107,78.91411401383711,134.421258787311,105.58415369911103,66.19881149597879,77.4580539820754,136.79367441556712,105.94421551639759,67.03991415984257,78.0842344188784,6815300,5602000,972500,2459096
2023-05-04,133.43426513671875,105.04405975341797,66.13191986083984,76.83186340332031,134.91928218663747,105.64100607100934,66.48556181163276,77.69191569347629,132.51971658722377,104.75979547124628,65.19523101595982,76.0170668782522,134.91928218663747,105.60310368477705,66.04589391862802,77.36751157513132,5694300,4070700,949100,3543987
2023-05-05,134.0409393310547,105.4230728149414,67.26931762695312,77.97105407714844,135.26336780980975,105.88736437956038,67.4413622159607,78.06913117780127,133.23504623386967,105.22409071581899,66.45688768137934,76.990289954673,134.50273858332577,105.52730256626374,66.9061156244651,77.55611779288866,4447700,4025000,768900,2324785
2023-05-08,133.51577758789062,105.08196258544922,67.2024154663086,77.2090835571289,134.19490159781563,105.72628869584969,67.71854926146644,78.40863671862961,132.87288126257712,104.50396384395141,66.65760878678448,76.68851833500953,134.14962390045795,104.66504356426627,67.51783177871421,78.12949524371301,3689500,2445500,530400,2504424
2023-05-09,132.95437622070312,104.46607208251953,66.25615692138672,76.04725646972656,134.4303435279868,105.20515061950188,67.13549251453993,76.76396909953606,132.44729915770876,103.55643640399188,66.18925111086824,75.745480194629,133.4795671264655,104.35236491177541,66.97300801645028,76.55273190261634,4201600,3274300,636800,3733194
2023-05-10,132.58311462402344,104.88298034667969,66.16058349609375,76.12269592285156,133.09019167243687,105.14828982195623,66.92522034966734,76.72624845009607,131.433127435563,103.87858518138005,65.28124783299997,75.14193167114641,132.67367001844582,105.0819624531371,66.92522034966734,76.49236960847136,4127300,3129100,679700,3281944
2023-05-11,132.73704528808594,104.27656555175781,65.37681579589844,76.03215026855469,133.62444392322345,104.67452979874695,65.91206223475245,76.19812477473769,131.46935269047955,103.52800962291161,64.8606821760667,75.29280302823717,133.37089158688914,104.28603572729924,65.7495777504126,75.8209062330204,4300400,3879400,1235800,3317704
2023-05-12,133.244140625,104.69347381591797,64.26808166503906,75.64739990234375,133.65162613151534,104.7503310129397,65.82604255515164,76.40183711639638,132.26621409644503,103.73646562060583,63.77106816438657,74.89296268829114,132.91816050987669,104.00177510956925,65.63487790706553,76.35657446326114,3526500,3325000,1321800,2937496
2023-05-15,132.73704528808594,104.07758331298828,65.18565368652344,75.8133773803711,134.828744982543,105.15778341730044,65.25255949398904,76.06989099962563,131.89493816613594,103.79332621534161,64.13427358684133,74.892965595669,133.71498549915933,104.83561669833033,64.24897238200498,75.49651814396276,4391800,3020000,826800,2878772
2023-05-16,129.7489013671875,103.65118408203125,64.23941802978516,73.94236755371094,133.05397987976176,104.66504948064865,64.63130014558288,75.47387667389668,129.69457365641213,103.52800674114665,63.6468184737691,73.93482263122306,132.07603963536465,103.79331623175436,64.41146259171325,75.44369698394516,4685400,3393800,776500,4476748
2023-05-17,129.80325317382812,103.111083984375,65.26211547851562,75.57951354980469,129.95718630548603,104.21023152491328,65.39592708509885,75.67759067735781,127.24069001709185,102.30567813712743,64.27764124771666,73.93483715331107,129.504436924087,104.01124218497972,64.49747876835231,74.25170330787994,5482000,3801000,611100,4279288
2023-05-18,129.88475036621094,102.7794418334961,66.0841064453125,76.31475830078125,129.99340580106727,103.13002624575469,66.10322655642531,76.46794350248514,128.56271603592643,102.21092051352633,64.73643029929063,75.1046308496641,129.13318470255254,103.02580372283461,65.01360628075435,75.39567504533719,4791200,3481600,628200,3485503
2023-05-19,131.3968963623047,103.2153091430664,65.39594268798828,75.8475570678711,132.02169257829152,104.21022688184104,66.65760048835442,76.95046396316178,130.21069546148865,102.71311518642162,64.99450777245983,75.57183209122213,130.2650231643029,103.26268893220457,66.54290896516764,76.78195954240839,5610300,4487700,595500,3229080
2023-05-22,131.2067413330078,102.57098388671875,65.17610931396484,77.90019226074219,132.80042770836334,103.58484921195301,65.86428758917546,78.15293843025664,130.192587324554,102.40042676522415,64.55483685483375,75.30377310798403,131.7228821659751,102.97842549755912,65.28124806668797,75.73267633401116,3867300,2809500,847700,5008011
2023-05-23,129.05165100097656,100.19266510009766,63.7806396484375,77.12662506103516,131.13430032906098,101.8413864086939,64.98494433233894,78.76566277678438,128.8886540850828,99.98420558550679,63.761519534109986,77.0959866213423,130.79925648626133,101.67082928122328,64.50704356476906,77.9001897537181,5121900,4337800,616100,4324975
2023-05-24,127.81112670898438,98.58185577392578,63.417423248291016,74.28512573242188,129.43197700185053,100.10739255371182,63.742399525537365,77.12663159375707,127.62097973319011,98.53447598160295,63.03510121890139,74.26980651127789,129.1150469531099,100.10739255371182,63.73283946945143,76.93515530684886,4143500,4507600,755900,4942590
2023-05-25,125.52021789550781,96.78153228759766,63.551246643066406,74.33108520507812,126.95090741430073,98.09860955030454,63.6755055186547,74.45363200003898,125.19423783025357,96.02349898383281,62.652798093500266,73.02904909546999,126.79697430248801,97.85224764220976,63.59903964016768,73.94813258593496,6986600,6734500,805800,3731042
2023-05-26,124.56038665771484,97.47323608398438,63.72328567504883,74.24683380126953,126.63398621330832,98.02280262657534,63.95268329053577,74.62978640666068,124.14386503427289,96.67730040955483,63.254944971423406,73.81026391745365,125.61076836199746,96.79100757137083,63.56080116655242,74.33108253581202,7590300,4911800,728900,3333730
2023-05-30,123.54623413085938,96.37408447265625,63.74240493774414,73.57282257080078,123.90842805274234,97.14158790238027,63.95268243637188,74.445955179253,122.46868856056075,96.2414297373741,63.02555380634239,72.91414505678138,122.686013203778,96.88575583551923,63.67549912383412,74.23915969452814,7671500,5168700,720400,3433477
2023-05-31,124.9226303100586,96.64886474609375,61.113948822021484,71.46659851074219,125.60175446324064,96.90469679548222,63.5894749429771,73.35072311672084,122.93958557207642,95.11385076234171,61.0566030634338,71.37469016383339,123.70925132225965,96.17509580125996,63.30273885785164,72.76097497876584,12579100,7063400,4782000,7405273
2023-06-01,120.82974243164062,97.42585754394531,61.72565841674805,72.20952606201172,122.4777427948755,97.50166231946294,62.05062740436876,72.43930042733807,118.71087890027597,95.61606371059496,61.11394243568608,70.75431171059998,122.4777427948755,96.56360171714147,61.33377632818469,71.58914645754504,11895600,4603900,1361700,3982082
2023-06-02,123.93561553955078,98.73345947265625,65.38638305664062,78.52823638916016,124.02617094569592,99.0177237722715,65.41505593442653,80.07536592312717,120.8840890245077,97.4542845826705,62.547651480849964,73.5575124837092,121.07424985068647,97.89015120737683,62.547651480849964,73.60347014766269,6661600,6024300,1371900,16938828
2023-06-05,123.92656707763672,98.3165512084961,65.42460632324219,75.04337310791016,125.23953758229352,99.50097378444462,65.6826767983177,78.49759897875646,123.41042612641276,97.91857972882968,64.70775523587787,74.98975583259269,124.05333635773844,98.60080828923873,65.29079470364243,77.27981172102147,4276200,3565900,1007200,7070752
2023-06-06,122.6316909790039,97.23634338378906,65.60621643066406,75.2807846069336,124.54229392375629,98.58184548732041,66.57157801770047,76.30709536218674,121.90730302124052,96.85732677217923,65.10920284366543,74.514879597913,124.47891619501858,98.42076577685692,65.23345441736835,75.10462757304998,4359900,4044300,671000,5351024
2023-06-07,123.60055541992188,96.32671356201172,66.98257446289062,77.35640716552734,124.10763241095476,97.11316458346931,67.04948027979181,77.47895395900652,121.57223363897863,95.9382195240747,65.329034570637,74.75233497779647,122.15175217398931,97.04683721469239,65.66356365514291,75.61014855475761,4645200,6231200,646100,3996075
2023-06-08,124.6328353881836,95.49288940429688,66.65760040283203,77.17259216308594,124.859210053871,96.06141082348707,67.15462130996163,77.62448128998871,123.14781813394676,95.2939072690374,66.23705266470782,76.26882788667376,124.05331679669636,95.93823347189084,66.68627328359194,77.20323060930217,4714200,5159000,583800,3768476
2023-06-09,125.1218032836914,96.35514831542969,65.74958801269531,76.51390075683594,126.03636581016119,96.62993522226793,66.81052829257808,77.80828402408628,124.12576300736376,95.26547809290334,65.42461170110705,75.21186486810178,124.56039851309194,95.6729197507474,66.80096823548189,77.12662763900225,4359500,4276000,502700,5398266
2023-06-12,124.7143325805664,96.0803451538086,65.53932189941406,77.55553436279297,126.47100227627506,96.56359151022701,66.04589563074305,78.45930550643796,123.97183082834297,95.50234645257923,65.2047927647806,76.7513381559682,126.38951070898476,96.49725691680479,65.87385103404752,76.85855872592158,4888500,3629100,650500,4185880
2023-06-13,125.23950958251953,96.51622009277344,66.63848114013672,78.6890640258789,125.38439267504866,96.71520220287353,66.9252172122145,78.99542744639795,124.2344055804185,95.64448687829463,65.63488665739779,77.23385000862956,124.51510793668606,96.16562843451644,65.65400677084831,77.55552565978387,4229100,4642200,873300,3926827
2023-06-14,123.3560562133789,97.83330535888672,66.55245208740234,78.0840072631836,126.10877937800812,98.68609106450197,67.21195741891556,79.40136234256185,123.22023696573395,97.42586370115619,66.1032315330325,77.48659961485092,125.692243990546,97.89015532954716,66.72449663944117,79.0107501870132,6128300,5020600,638200,3888196
2023-06-15,123.04821014404297,99.51042175292969,67.3935546875,79.50860595703125,123.90843109222563,99.79468599937647,67.48913336329306,79.72306110314797,122.65885235930844,97.7006282199147,65.74001515675654,77.83126983456376,123.82693953032484,97.8427603431381,66.72448937257754,78.04572498068048,6614900,6378600,780700,3375590
2023-06-16,125.53833770751953,100.62853240966797,67.86190795898438,80.06770324707031,125.79187623512925,100.97912407111822,68.05306534621944,80.33576864378185,123.5915210526277,99.84208136614957,67.25975562622574,79.01841350262558,123.78166803992825,99.90840873678705,67.76632926536685,79.84558852385717,14616000,10020900,1764900,7412210
2023-06-20,124.79582214355469,101.102294921875,66.99213409423828,78.3520736694336,125.8190261534917,102.02140787684236,67.5082678598847,78.83459416265909,123.74544046448598,99.39673097384534,66.72451079920411,77.41767112340816,124.1438620542577,99.6809880172799,67.30755038860907,78.71970699975867,4868800,6573100,693200,3284455
2023-06-21,123.92656707763672,100.67591094970703,66.76272583007812,77.71637725830078,124.44269421204541,101.15915734642515,67.23106647074813,78.34441638479876,121.95257249683534,100.06948721737656,66.16057357778811,77.20321830941782,123.8269616563557,101.02650260679917,66.63847427419839,77.86955548758452,5828400,4428600,712400,3011648
2023-06-22,124.42456817626953,102.57098388671875,65.98853302001953,76.91983795166016,124.86825365547682,102.67521364036216,66.68626399528594,77.593834777475,123.04820641084744,100.85594249718045,65.92162721016952,76.31477063396957,124.1891296932821,101.09282698652623,66.68626399528594,77.5785155559594,4826900,5480300,867400,3103500
2023-06-23,123.07537078857422,102.38148498535156,66.41865539550781,77.1419448852539,125.58360583501168,102.80787419866645,66.56202710312655,79.271155720599,122.84899613354443,101.73715884867353,65.15699749440122,76.19222313428683,124.32496330571858,102.52360990369564,65.54887967574659,79.11797749832505,7395600,5647000,1112700,9342315
2023-06-26,122.19705200195312,102.8173599243164,67.81411743164062,76.9045181274414,123.28364772483242,103.48063369407434,67.92881624346397,77.2721514861509,121.05612856545198,101.19707066178609,66.41864803596549,76.18457063141796,123.28364772483242,102.42886583835681,66.41864803596549,76.59049505492042,6468100,6134700,822900,4371858
2023-06-27,120.06912994384766,102.13512420654297,69.07577514648438,75.25782012939453,122.13366581943049,103.2247943771129,69.47721734150247,76.7589989856291,119.99668839176242,101.16863137627901,68.06262783204807,75.11230150450677,122.13366581943049,103.17741458438061,68.06262783204807,76.52922464363219,7839900,4849700,937600,6493562
2023-06-28,119.98761749267578,101.96455383300781,68.94196319580078,75.4952621459961,120.58524989955706,102.47622516568008,69.36251821141954,76.03139301632744,118.5841056812595,101.72766935838956,68.56920117457038,74.88253516102031,120.06912286947775,102.29619065164526,68.94196319580078,75.25782816799159,6911900,3900000,673000,4539538
2023-06-29,120.63957977294922,102.0119400024414,69.18090057373047,76.00840759277344,121.25532603204692,102.20144470233707,69.6205683291117,76.17691204168692,119.64353956040365,101.35813649826184,68.73168005501769,74.99741584277243,119.8608503909453,101.41498646240235,68.73168005501769,75.1352818484842,4947600,3417400,651600,4182292
2023-06-30,121.99781799316406,103.30057525634766,69.56324005126953,76.65943145751953,123.08441350957793,103.60378708514108,69.9837950934248,76.89685842277265,120.25021239192694,102.04982555893224,69.10445936181613,75.97777502712206,120.85689477345124,102.33408981117493,69.66837881180835,76.59815457201223,8711300,4449200,452600,6084052
2023-07-03,122.2513656616211,101.59502410888672,69.1713638305664,77.46363830566406,122.63167343006816,102.7889239965027,69.63970456878205,77.69341268043816,120.56713764889116,101.41498957805622,68.28246805841736,76.52923556048349,121.33681701488977,102.57098707870045,69.10445801082132,76.74369071177973,2674600,2268000,480500,1913002
2023-07-05,124.61473846435547,101.73715209960938,67.90970611572266,75.54119873046875,124.85017699139472,102.1730186882797,69.07577793402334,77.63977812881608,121.91635595172743,100.8654116931279,67.64207554418137,75.49524805895285,122.40531921659782,101.12125098745797,68.81771471241426,77.19555569025115,6903300,4968600,838500,4716306
2023-07-06,124.27970886230469,101.57606506347656,67.4795913696289,73.76429748535156,125.21237151017023,101.81294955031223,67.80456770493103,75.11995053710568,123.54625705347985,100.5716771526184,66.76274017103047,73.19752830951123,124.48796971518723,101.1496758788287,67.56561730539822,75.05867366056411,6091000,5325000,960900,6137035
2023-07-07,122.69506072998047,100.77066802978516,67.517822265625,74.51488494873047,124.64187720007816,102.26777985195794,68.70301416963306,75.81692076208519,122.55924146622934,100.50535853808698,67.29799198833155,73.65707155657671,124.18912789849152,100.72329546577703,67.30754475364881,73.67239077604829,6873200,5053700,1152500,4770126
2023-07-10,121.78050231933594,101.40552520751953,68.99930572509766,74.43830108642578,123.2292916777916,102.09723120766077,69.24780883989641,75.44929276715936,121.39113076654844,100.71382643652036,67.45090482460402,74.20086714527203,122.61355930923044,100.98861335552759,67.60383654957495,74.38468381449631,5153300,5259500,828700,4506408
2023-07-11,122.75846862792969,101.8603286743164,69.96467590332031,78.06104278564453,122.93050177934234,102.03088579289019,70.40435106712975,78.14529152251055,121.04706277566272,101.16862279645026,69.30517774198151,75.34973602831634,121.33682899937375,101.40550728173938,69.30517774198151,75.62546107315872,5144800,3899700,1279800,7477392
2023-07-12,122.22420501708984,101.24442291259766,70.24186706542969,77.79297637939453,123.69112223883023,102.53307503166319,70.76756093357714,79.86091768420046,122.052158061339,101.0643956278694,69.840432089129,77.75467832279958,122.98483439076794,102.39094290119527,70.67198221905629,79.25585032217879,4944100,4845300,726700,4345307
2023-07-13,122.30659484863281,102.57733917236328,69.85952758789062,78.7809829711914,122.77352769901908,102.62494619019802,70.4043414391251,78.82694063537612,121.49176740833602,101.34915220310026,69.76394889707616,77.73935279199266,121.70233702459596,101.57765717213367,70.04113220496879,77.89253801724581,4631800,4936800,556300,2980552
2023-07-14,124.5221939086914,102.75823974609375,71.12120056152344,78.3520736694336,125.08067208937246,103.27236504382348,71.57042118811924,78.773317281808,122.79182937674311,102.04417804321544,69.51545358171687,77.77764484362685,123.35030755742416,102.82488521447661,69.68749816141714,78.69672816943951,5544100,4016000,1284700,2650097
2023-07-17,123.44187927246094,101.872802734375,71.68511199951172,77.89253234863281,124.7236257324851,102.548780273385,72.16301274617513,78.21420801973237,123.19468032303175,101.59669800483944,70.95870082277106,77.20321635689814,124.34826610704216,102.38692803104695,71.29322988699812,78.04571057404256,4033000,4580800,1154600,2753312
2023-07-18,125.04407501220703,101.82520294189453,73.12838745117188,78.89586639404297,126.2525768765523,102.05370793250643,73.15706033437972,79.30179778693565,123.33202488355572,100.88264346300872,71.5226403618406,77.62446892042162,123.41441988044508,101.69191199594347,71.5226403618406,77.83125743333915,5392800,3913900,1231600,2978877
2023-07-19,126.0511703491211,102.1393814086914,73.25263214111328,79.25584411621094,126.39907899790855,102.91056569764278,73.39600383583301,79.47029923895734,125.38283202328428,101.92992215396114,72.54534101726652,78.58184729379074,125.64834566682966,101.93944501021554,73.17616626497112,78.77332358437948,4784200,6225900,784600,2498324
2023-07-20,130.1802215576172,106.47136688232422,72.9850082397461,79.876220703125,130.66545509956447,107.17590576058133,73.53937489873294,80.21321557801197,126.84766709613675,102.61543060638924,72.66959197251006,78.51290800665674,127.1131667064525,102.92009665621487,73.33865744472472,79.01840730768222,7009800,8768600,661000,3428095
2023-07-21,131.59930419921875,108.81349182128906,72.63136291503906,79.90686798095703,132.00212877745872,109.28953299264977,73.0805908422802,80.06770582642618,129.95133467010206,106.94741130121248,72.40197256851572,79.056714101241,130.18936928042393,107.44249092335042,72.88943343554202,79.78432119985416,5654300,7062700,747800,2992392
2023-07-24,131.0865936279297,109.12767028808594,72.0865478515625,79.86090087890625,132.23101498857295,110.2796889408089,72.994563657816,80.87955209431435,130.77531437063166,107.75666952142869,71.85715753187381,79.63878617478844,131.01336295443735,108.38504003027252,72.64091447531473,80.06003675390257,4468700,5665900,1070700,3986746
2023-07-25,129.66751098632812,107.51866149902344,71.84760284423828,84.11934661865234,130.85769792140832,108.06134815515323,72.77473154133989,84.90057105927559,129.38369674888634,107.11878865004611,71.45572798932604,81.95949697872024,130.37246442449444,107.690036614844,71.79981714066658,82.3730880328611,4778200,4732500,1819900,10499564
2023-07-26,129.91470336914062,108.61355590820312,71.75202941894531,86.27154541015625,130.26261192271974,108.8230151867899,72.27772324218583,86.60088074702922,128.6512717245397,106.99501155973097,71.14987700593262,84.1270079599787,129.48439983286758,107.10926405636336,71.9240740072615,84.1270079599787,5006800,3682500,1592800,6691620
2023-07-27,136.27769470214844,107.2520751953125,70.42344665527344,85.16096496582031,138.5848379965808,109.0991099635153,72.17256494781611,86.65448412538919,132.27678831690852,107.1187842511271,69.31471354343681,84.59419574281327,132.27678831690852,108.9753418764322,70.87267447499394,84.59419574281327,13664400,4762900,2442600,6713746
2023-07-28,138.10874938964844,107.32823944091797,69.28141021728516,85.68944549560547,138.94187736615916,108.08037805571351,71.56551550130834,86.09537689291868,136.01216202846703,106.93788221650455,69.06067387729122,85.05374675187215,137.25729279323426,107.75667356466849,71.56551550130834,85.68178588518857,8000300,3409200,1405400,3479762
2023-07-31,136.94602966308594,105.9953384399414,69.70368194580078,85.39839172363281,137.78832204837866,107.48058470302468,69.72288023160422,85.9881397276633,135.1515709500805,105.39552186153281,68.71518256494346,84.90821165520092,137.7242277511348,107.4425005342517,69.37738430714914,85.68943592086754,9109200,3930800,1218900,8661312
2023-08-01,135.9938507080078,105.23365783691406,69.665283203125,84.6784439086914,138.12705345126804,105.91915827062823,70.09715671084415,85.72007392811129,135.35297764500763,105.01468297069583,69.1182492842805,84.50227987836823,137.33054078510963,105.40503294534261,69.64609224193734,85.39839129424985,4409600,3733700,1061900,3414819
2023-08-02,136.762939453125,103.41517639160156,69.665283203125,83.41471099853516,137.85243086110017,104.91946082292868,70.33708399668822,84.172956539042,135.60020339915283,102.88200539333585,68.8879211400301,82.84028213519991,135.60020339915283,104.74808572773811,69.29099722296822,83.86659308085738,5756400,4699400,1012600,3810934
2023-08-03,136.46078491210938,102.38693237304688,69.38697814941406,82.09735870361328,136.74459913083066,103.12003255483913,69.86683274983325,83.36109665644508,135.66425826765024,102.00609799671606,68.80155495114265,81.89822279822363,136.37838993957453,102.5487846222487,69.70367662097063,83.10069085274172,4674300,4947700,953700,3374514
2023-08-04,135.2522735595703,102.49166107177734,69.71327209472656,80.81062316894531,137.8524091887279,103.56751145605729,70.74975973437057,82.70240700613635,134.73042474761704,102.13938800572267,69.27180676421146,80.47362829421922,136.38754443906126,102.17747216938896,69.88602003466723,82.38073135093329,4231200,3231100,1119100,3487775
2023-08-07,137.63272094726562,103.25332641601562,70.86491394042969,80.59617614746094,138.1362692451483,103.38661736192789,71.3159783731067,81.60717485031516,135.31641274699552,102.47261919118162,69.86682295484539,80.33577035556638,135.49951740895554,102.81536941318794,70.02997173883521,81.18592422600994,3800600,3632500,901200,3001242
2023-08-08,136.982666015625,100.5208511352539,70.28909301757812,79.74601745605469,138.93276464546005,102.4440541881986,70.63458888220735,79.96047256050707,136.34179279478366,98.70237045276718,69.1854260790125,78.54354952875974,138.0446924787269,102.4440541881986,70.29869215881766,79.89154305860998,4013400,7544300,732500,3483350
2023-08-09,138.03553771972656,100.2542724609375,69.85723114013672,79.43202209472656,139.21657447677535,101.77760273931153,70.68258160946434,80.18260816718524,137.24817522503136,100.14001996613005,69.76126168784279,79.20224771027316,137.77918843959213,100.44468602180486,70.3850667887533,79.57754074650249,3737100,5135200,861200,2565540
2023-08-10,138.64894104003906,99.7210922241211,69.08946228027344,79.57752227783203,139.93068739556477,101.87280012989056,70.24111769717841,81.0710344640675,137.8524282312472,99.60684700365563,68.791954775523,79.17159088756652,138.42920710624,100.42563831477646,69.75166396194379,79.7077286639631,3275800,4708200,664500,2633951
2023-08-11,139.32643127441406,100.26377868652344,68.48484802246094,80.07537078857422,140.53494697024084,100.35899272187287,69.47334731142023,80.2591874781653,138.90529202525335,98.72141010169308,68.36008846433987,79.22521685204136,139.1158616498337,99.2260125282764,68.85913401882416,79.52392071980094,3454800,3478600,691700,1947925
2023-08-14,139.40884399414062,101.01593017578125,68.40806579589844,79.20989990234375,140.20535683425743,101.13018266629933,68.63839393754803,79.89155639109106,138.76797079117375,100.10193204307103,68.01458885899702,78.81162806723778,140.09549684803113,100.10193204307103,68.29290538607344,79.7766692096264,2570900,3076100,648800,3653062
2023-08-15,139.27151489257812,99.9115219116211,67.96659851074219,77.46363830566406,139.98563279353752,101.06354065784546,68.13934644249045,78.79631290648143,138.05384873581684,99.54021038448315,67.33319430899816,77.29514082480136,138.7679806067653,101.06354065784546,67.87062906465968,78.5435666851874,3636300,3150600,745700,4000859
2023-08-16,138.74964904785156,99.52116394042969,67.45795440673828,77.19556427001953,140.62650287992494,100.33043246123708,68.81114044813366,77.91551178378296,138.5940094186535,99.43548001809307,67.44835526545194,76.94281807685289,139.70180147647125,99.45451846845287,67.81304941433821,77.1802450482465,3214900,4086400,968500,3412666
2023-08-17,137.348876953125,99.90199279785156,66.9205322265625,77.96913146972656,139.0792414793041,100.83503661774584,68.0529894852501,78.67376677219073,137.25731765693018,99.47355868223545,66.70939501056976,77.43300062327742,138.39258866780466,100.15905181445898,67.59232580290224,77.53256159048698,5285700,4175200,982400,4071304
2023-08-18,137.458740234375,98.74046325683594,66.14315032958984,77.74369049072266,138.18200839973318,100.02577302356504,66.93971065088743,78.11682185633249,136.62559811694638,98.33106754081578,65.92242133385643,77.4094299312025,137.59606521197858,99.54973183116077,66.66139412939793,77.72037510028163,4050900,4809700,716300,3150742
2023-08-21,137.47706604003906,98.89278411865234,66.08557891845703,77.10624694824219,137.6510203391063,99.40690939593195,66.45026579410273,77.81363876350966,136.30517956946775,98.407220146142,65.39458709344376,76.59318785360365,137.06507710382064,98.8070929405336,66.09517806102679,77.73590425661574,3944800,2954700,599300,2754029
2023-08-22,135.71923828125,100.11145782470703,66.62300109863281,76.57766723632812,137.33057870890516,100.47324649286692,66.75735978109282,77.51827709897584,135.4720393279771,98.74997981078909,65.90321930459746,76.26672909626745,137.33057870890516,98.9023092054521,66.27750525173592,77.47940628486113,3209300,4840100,611600,3097879
2023-08-23,134.65719604492188,100.0924072265625,67.16043853759766,77.46383666992188,136.41502557050578,101.02545105466368,67.30438902891834,77.87583881345074,133.61348432754434,99.77822559545912,66.55581718605663,75.94798882747487,136.11289665626657,100.6350938342282,66.90131300922334,76.7642118606339,5414800,3403300,595300,3904820
2023-08-24,134.24520874023438,98.77854919433594,66.02799224853516,76.56987762451172,135.33470011872575,100.77792078550702,67.66909401141768,78.25675003209885,133.9888594711761,98.66429669113874,65.98000386238081,76.56210346325732,134.51070835104923,99.88296826713864,66.8149534562683,77.1684454818237,3986300,3529500,557500,2272400
2023-08-25,134.30014038085938,99.21649169921875,66.93971252441406,76.91968536376953,135.19736283358728,99.75917829826805,67.32359764486799,77.27726837032611,133.85152216950164,98.34057776107095,65.96081242315626,76.19673809702248,134.60226930238753,99.0355937449319,66.48864805703069,76.94300075182299,3275100,3000800,628000,2617566
2023-08-28,134.97764587402344,97.86453247070312,67.86103820800781,80.93863677978516,135.56360310703343,100.17809256070765,68.28331260872186,82.12799832911189,134.37340192496325,97.00765701814387,67.11246618637858,79.74928232367124,134.6663665714789,100.03527877464596,67.11246618637858,81.8636981269991,2806900,5862500,502200,9135646
2023-08-29,135.1241455078125,98.89278411865234,68.96470642089844,82.0658187866211,136.33266143826057,98.95942958438428,68.98389738397616,83.06083347913972,134.1262132128152,98.04543151271308,67.64990212906207,81.52943708446347,135.49036880642876,98.29296766325398,67.67869223467886,81.61494577169168,3419100,4515600,609600,6270867
2023-08-30,135.79246520996094,99.40691375732422,69.38697814941406,81.1951675415039,136.2319190928771,100.0448071378613,70.04917251903245,82.28346496306882,134.4923902742728,99.09272486345564,68.74396742013226,80.54218057670985,135.60934661959107,99.09272486345564,69.01269214684712,82.00361644667677,3486400,3711300,568500,3915584
2023-08-31,134.54733276367188,97.9692611694336,69.57891845703125,82.9208984375,136.1495226219975,99.56875957780923,70.16434166705044,84.21130977823147,134.4649238109108,97.9311770092567,69.56931931467021,82.00361133548896,135.85654405659568,99.51162970563847,69.61730770447517,82.35342727908485,4110700,4042300,895600,7781296
2023-09-01,135.68260192871094,97.92166137695312,70.60580444335938,83.13855743408203,136.31432479318482,98.81662104760449,70.71137303946308,84.187991036646,134.91355408065064,97.64555664316045,69.92441180069001,82.48557053599666,134.91355408065064,98.44530953825155,69.92441180069001,83.41063176167835,3357800,2641100,864000,4354038
2023-09-05,133.75997924804688,96.04605865478516,69.04147338867188,83.0608139038086,136.37841597842578,97.92166192545476,70.34667832002619,84.1568924421675,133.54024530934808,96.03654306184379,68.30249329856728,82.69545675542619,135.95726275508338,97.85501645580813,70.34667832002619,83.02195019688953,3911100,4284000,828600,5817583
2023-09-06,133.3113555908203,96.69346618652344,68.9551010131836,82.68769836425781,133.7782744752732,97.16950728789672,69.52133321953472,83.02974019100212,131.59930571117243,94.98923817194976,68.71517372550933,81.88701647456455,133.75997379195235,96.16982533329926,69.0318795025193,82.80430369367548,5304300,5094400,578500,3210423
2023-09-07,136.33262634277344,95.84613037109375,68.83033752441406,82.36119842529297,136.41502132500514,97.37898356672338,69.15663510243643,83.0141782322768,133.54938586972838,95.69380096919281,68.2449143901981,81.59160621483288,133.80573512777374,97.10287880797763,68.79194828194096,82.53998992419946,5142100,3863200,698400,3476652
2023-09-08,136.43331909179688,95.90325164794922,67.36199188232422,82.58663940429688,137.11080748850037,95.98893556686596,68.8015556992344,82.7032447309563,135.68257209330534,95.05589173261926,67.20843489396036,81.94920782815184,136.41500444134988,95.77947630220989,68.72477720505248,82.46225991631265,4339800,3521300,710100,3317824
2023-09-11,136.45166015625,97.54081726074219,67.66908264160156,83.86927032470703,136.79041842484514,98.18823343917222,67.85142236995182,84.12579632753732,135.88403155426406,95.73186691448561,67.30438854090406,83.01417655539431,136.2868701634112,95.96988746149944,67.7842430338231,83.1774197305398,2911600,4891100,547500,3398314
2023-09-12,136.66221618652344,97.49323272705078,65.51934051513672,83.30181121826172,136.96434508239474,97.98831234603834,67.23722077401547,84.57668144271481,135.15157170716688,96.7315639521957,65.18344377669668,83.23185086070637,136.8727857915296,97.46467141916078,67.1796405679971,83.60498222528527,2424800,3531400,1102900,3823134
2023-09-13,138.39256286621094,97.76933288574219,64.41567993164062,78.55213928222656,139.5278196954435,98.48339460471182,65.45216023520723,83.54278147776913,136.4607794245503,97.16951639296838,63.95501632405575,78.13236298794274,136.79952361133942,97.17903924975516,65.40417917154191,83.28625546082465,5953700,3192500,1395600,9059820
2023-09-14,140.66311645507812,97.73125457763672,65.01068878173828,79.53939056396484,141.62443318336722,98.65477561837685,65.22182594355952,80.51108974143996,138.97853158016395,97.60747922342709,64.26211689673494,78.67652254555243,139.17078654382945,98.27394122601437,64.84754000105785,78.97969354011016,6336900,4086600,914200,5004184
2023-09-15,139.27151489257812,96.8648452758789,64.07978057861328,78.55992126464844,141.63360255343957,97.95974130703907,64.82835991112472,79.60935501163407,139.09756058875664,96.61730912288071,63.743883820306976,78.24120193195066,139.87577279954039,97.92165714569833,64.67480292332745,79.20512699810767,8868300,8303300,1233200,7178631
2023-09-18,140.9377899169922,96.16030883789062,64.45406341552734,78.54437255859375,140.9652549136614,97.17903657166038,64.95310890064503,79.2129007726183,139.25320492800358,95.9222882714602,63.25442710111088,77.82142521589944,140.15042741583628,97.17903657166038,64.17574691194285,78.55992088107082,2967600,3652600,1006400,5141006
2023-09-19,140.52578735351562,95.84613037109375,64.31011962890625,77.91470336914062,141.5786493769156,97.07431749910945,64.4444783396844,78.70760385666026,138.79542288141428,95.34152787759058,63.53275014854629,77.63484779329636,140.8919965868756,96.52210798161799,64.18535273889755,78.52103820157191,3509700,4090800,684600,3192483
2023-09-20,140.63568115234375,95.47480773925781,63.676700592041016,76.9507827758789,141.79841740137866,96.49353546550402,65.00110390416287,78.43554116999829,140.41594717748978,95.46528488280377,63.59992210281661,76.94300861466262,141.04767013145354,96.34120608129538,64.62681059969385,77.77478711910324,2744800,3966000,586100,2936300
2023-09-21,140.47085571289062,94.18949127197266,62.544246673583984,75.78473663330078,141.7709307362868,95.39863245622958,63.39838727400579,77.12957418633772,139.7659021783586,94.11332295351897,62.46746818046739,75.71477628210162,140.6997399963073,95.20821892390603,63.369597169587095,76.60874089955884,3660300,3943700,749500,4252856
2023-09-22,139.8391571044922,93.44689178466797,61.91084289550781,75.4349365234375,140.9011696404192,94.18951491648636,62.784174465052175,76.02573022986063,139.6377378026809,93.32311642015658,61.80527429714529,75.0929017950941,140.9011696404192,94.1609536058491,62.58263641054194,75.86248702707972,3049200,4357800,1275200,4172724
2023-09-25,141.5878143310547,92.79946899414062,61.87245559692383,73.68587493896484,141.67022329155458,93.50400790821243,62.24674161308574,75.32610234215126,138.8503671996974,92.50432578631568,61.55574979186363,72.88519309346438,139.56448505744174,93.2755101751806,61.77648613775418,75.0695763061615,3740000,4096300,1116200,5315263
2023-09-26,140.91029357910156,91.61888885498047,62.8321533203125,72.97848510742188,141.54201630196178,92.85659156680214,63.17764916762069,73.93464320150206,140.37928047829132,91.42846802436885,61.70929547756039,72.77637817358242,141.35889773824547,92.39959610095818,61.70929547756039,73.35162360651377,3936300,3967700,1299600,4159927
2023-09-27,140.19622802734375,90.9524154663086,62.81295394897461,72.65198516845703,140.9927409898114,92.2948549148997,63.647903452482666,73.35937703843052,138.80460745143148,90.21931533564036,62.544236588397006,72.36436250545812,140.846251672349,91.96162031896672,63.25442655220801,73.17281137017243,3621300,5391000,1241800,3669089
2023-09-28,139.39051818847656,93.41831970214844,63.80146789550781,72.49651336669922,140.8370684280132,93.57064909591979,64.56923082690274,72.94738633618323,138.58484110063665,91.51415506523085,63.235235686179266,71.83575932783533,140.66311415041258,91.66648445900222,63.331205137353656,72.3332701705551,3697400,6092800,882300,4883866
2023-09-29,136.469970703125,92.20915985107422,63.46554946899414,72.7763671875,139.64688585598495,93.78961979371131,64.4732467832487,73.33606421182748,136.25940106195242,91.85689408501976,63.350389082449475,72.56647903007408,139.58280551736232,93.73248992217513,64.09896088298228,73.07176402143047,5581600,5150500,996500,3640744
2023-10-02,135.72837829589844,91.1428451538086,63.388790130615234,70.13335418701172,136.2868564989509,91.29517455027357,64.12776292930484,72.16226151469846,134.3276076172565,90.00034199316828,62.88013814793336,69.42595509640088,135.9297975802772,91.17140646165754,63.24483229861091,72.0223336916933,3827800,4349200,935300,9823466
2023-10-03,134.97764587402344,91.19996643066406,62.736183166503906,69.02172088623047,135.49035845290717,91.56175509779253,63.82065175591027,69.91568559894273,133.07334074669834,90.04794769352725,62.333099801221046,68.531984189229,135.3438691446547,90.9429001361738,63.110469109838796,69.76799072031687,4580900,4597500,859800,6428620
2023-10-04,135.21566772460938,91.0666732788086,63.57112503051758,68.42316436767578,135.57272661154673,91.72360512519799,63.6958918923289,69.07614430650355,133.95222213852955,90.28596608480947,62.24672918558975,67.87123434584011,134.19027070981215,91.29517099651744,63.03369030886552,68.87403028609273,3159600,4336100,829300,7799475
2023-10-05,134.99595642089844,91.59031677246094,63.40798568725586,68.27546691894531,136.90027546024714,92.05684234172149,64.11816843542037,68.59418629432174,134.66636247235752,90.54302766757479,62.793772393383854,67.28044507444227,135.43541036229,91.1714054887935,63.64791298398711,68.40762058512915,3599500,5708300,1065400,5812799
2023-10-06,135.71923828125,92.23773956298828,64.5788345336914,68.71854400634766,136.71717046707073,92.83755611905471,65.0490900030881,69.34820846010027,133.77828993590504,90.87626145127061,63.09128230833415,67.10941333544478,134.11704819631277,91.21901169364793,63.3408087566264,67.94118468658134,5370100,4790500,1137400,5331888
2023-10-09,136.5157470703125,92.12348175048828,65.86483764648438,69.22383880615234,137.1016902964192,92.36150231610584,66.09517311893302,69.2471612914259,134.73045239467402,91.19996079368235,63.77267136474176,68.36874485170844,135.7466992054203,91.79025441138593,63.84944985555798,68.46202769958936,2903300,3958300,1077200,2822082
2023-10-10,136.31431579589844,92.88513946533203,66.46945190429688,70.45982360839844,136.92772396541068,93.77057622435996,67.46755021072052,70.73190502671123,135.536103686972,91.96161854568011,66.17193711513272,69.34820382758852,136.77208433762286,92.18060065331537,67.12205436149699,69.96231991900842,3729000,4352200,1289800,4435844
2023-10-11,136.726318359375,88.20089721679688,68.22571563720703,70.26548767089844,137.6967855296603,92.50431296465315,68.29290230257087,70.72413477135801,136.20446943402797,87.63917218765798,66.41186604436464,69.76798395404052,136.53406337582192,92.50431296465315,66.46945356867661,70.58420697440833,3189800,9269300,1189600,2536955
2023-10-12,137.1331787109375,86.3436508178711,67.1124496459961,69.20050811767578,137.41059186848256,89.11039980788004,68.14893710757096,70.37432128540489,135.94030636643953,85.84582327479792,66.45984724300435,68.76519057690626,136.97598121395313,88.31579523598928,68.12973882754264,70.37432128540489,4554400,7387000,930900,2796128
2023-10-13,136.8188018798828,86.99464416503906,67.42916870117188,68.93621826171875,138.39079116822984,87.75095368918444,68.03378284564099,69.8457313769784,136.24547751556148,85.97984531663026,66.63260832845864,68.60973183050773,137.7342470785432,86.04685971476863,67.41956955925968,69.34044631294526,4304700,5623600,1235200,2809284
2023-10-16,136.14373779296875,88.248779296875,69.00308990478516,69.91567993164062,138.24281322207327,88.89977947754971,69.15663956258118,70.0711489589828,135.857082712086,86.99464949599569,67.66909476130822,68.83514962129681,137.05919695337215,87.21483654450537,68.12975105669604,69.12277228712844,3704400,6452300,1238800,3186862
2023-10-17,137.94691467285156,88.2104721069336,68.93590545654297,70.38988494873047,138.3907813964339,89.04337153735133,69.78044681693886,70.7707905398778,136.06977241422265,87.36800440896305,68.2641047026378,69.2471681752885,136.23622596302107,88.02857276713613,68.63839066069956,69.31712854485062,5372400,8288600,930600,2535759
2023-10-18,138.03941345214844,91.484619140625,65.71128845214844,68.71854400634766,138.34456658431233,92.3845329909846,68.08177128838513,69.80684847266295,137.1701919441342,87.74137398540257,65.64410910270853,68.50866294830907,138.03017151838196,91.90585665424375,67.88982505998543,69.74466228063807,4910500,16482600,1118300,3214130
2023-10-19,134.5625457763672,91.3697509765625,64.31011962890625,67.6768798828125,137.36438976668265,92.42283756587548,65.91283233747457,69.03725859951346,132.5374475416233,89.76139802604052,64.00301295827039,67.64578324231728,137.36438976668265,92.42283756587548,65.5961265240687,68.40760128196771,6147100,8537800,1043300,3667295
2023-10-20,135.21902465820312,92.65259552001953,63.97420883178711,67.28043365478516,136.40264082148815,93.96417138219587,64.78996006045128,67.87900149235423,134.34056152120814,91.18784701999536,63.59991556578929,67.15606126524263,134.34056152120814,91.18784701999536,64.32929649445325,67.40481313754029,4223800,11517800,1008500,3056258
2023-10-23,133.8319854736328,91.69523620605469,63.71508026123047,66.54195404052734,135.394732581112,93.96416462980208,64.54043059135566,67.4981050395394,133.34189502226963,91.58035856192949,63.695889302808354,66.34761417590819,135.15431537604556,92.74832266665544,63.9070191334462,66.8528992425607,3903300,6178800,846500,4158014
2023-10-24,135.2930450439453,90.7666015625,63.955020904541016,70.05561828613281,135.90335128874702,91.74310534664251,64.60762345752613,70.60754121888958,134.17416437163095,90.31664465255403,63.38879598753931,68.73410298176171,134.22038814880693,91.33144341882185,64.24293659515216,70.04784412427314,3362900,6677000,1100500,7675928
2023-10-25,134.32208251953125,89.57950592041016,62.563446044921875,69.4881591796875,135.83859182476857,90.6038731781846,63.48476601232888,70.28105998909312,133.91522587017167,88.8327718657364,62.4578774455523,68.95177738365015,135.10808413247472,90.52728319718663,62.966522157787395,69.49592624969188,5461500,8157700,1630800,4618593
2023-10-26,134.2666015625,89.97200775146484,66.33509826660156,68.91289520263672,134.9601274115933,90.70916609860234,67.29480740477693,70.38987957244585,133.36964033555375,89.08166947015677,62.57303288023437,68.6408208144856,133.9522065639344,89.09123773802646,63.76307748341158,69.7757633387115,5569400,6838100,2186400,4623975
2023-10-27,128.46873474121094,88.89019012451172,65.07786560058594,68.03446960449219,132.23227550918645,91.25485228632394,67.02607371863347,69.37152583366071,125.78710682586211,88.44023322032612,64.74196891161199,67.60691917281991,128.32079326830095,90.70916158006119,66.85333312601716,69.27824300588644,9427200,5934100,1586700,3962109
2023-10-30,131.20584106445312,89.0337905883789,67.00638580322266,69.58918762207031,134.73820610781402,89.84753882650084,67.5078048271252,69.75243790603369,130.07770457174345,87.73179048577559,65.54071470499382,68.23658294473037,130.07770457174345,89.54118629083068,66.25426462408446,68.45424526120661,9258500,7168900,1683300,3161626
2023-10-31,130.54928588867188,90.51770782470703,67.26675415039062,70.70081329345703,131.51098287054853,90.85277983525201,67.79709253523905,71.18277578924084,129.16223433043362,89.1486930638901,66.89069348154126,69.5036776680663,131.39076722035944,89.89542705996806,67.07389780949532,69.55809679279076,10394000,7452300,1358400,5555659
2023-11-01,131.74217224121094,90.95809173583984,68.27922058105469,70.39765167236328,132.88880673170556,91.89629339126573,68.48171421620364,71.01176788810953,131.07638629315852,90.52727859265583,66.6978354103245,69.62806640885978,131.1781039827171,90.80491178163516,67.57531518602029,70.86406590884825,4207800,6985000,1152100,4181934
2023-11-02,132.47267150878906,91.86756134033203,68.7999267578125,71.75801086425781,132.94427808940142,92.0686045245574,69.90882686214171,71.8279712071211,129.92974354133207,90.41238849564411,68.75171818780017,70.77076353176281,130.66950722655602,90.929359813947,69.36884379501133,71.20608809449278,4066800,4683100,1086100,3144404
2023-11-03,130.77125549316406,91.75267028808594,69.0024185180664,72.96293640136719,133.11074864157703,93.02595100751628,70.2270323989756,73.7091991366682,130.28116493542203,91.58035383080016,68.9831365619331,72.34882022106824,133.11074864157703,92.86320281739923,69.66776003378428,72.69862910493738,5414500,5652600,1206700,3266396
2023-11-06,130.5677947998047,90.94850158691406,68.54920959472656,72.6986312866211,131.6496934126991,91.7239548947368,69.87989251534502,73.00957646673224,130.3643594254328,90.38366703035702,68.36600527820643,72.27108787052967,131.20584082762377,91.4750484650783,68.95420420697207,72.93961610650148,4377000,6137400,1335700,2578217
2023-11-07,131.45550537109375,90.75703430175781,68.12493896484375,72.4110107421875,131.47398923312537,91.36973941451731,68.91563150489455,72.64422140750239,129.98523407993375,90.46982558464258,67.78744959227022,71.96014482822042,130.86369726025976,90.88148751702984,68.20208149477958,72.23221920894561,5024400,4466500,1101600,2636223
2023-11-08,131.33529663085938,90.69959259033203,68.59741973876953,71.76580047607422,133.05524124814897,91.64737702052896,69.06026753233282,72.60534605083427,131.23357894505872,89.79011044857049,67.92244103640235,70.94957029181457,132.63912857344422,91.15912509927794,68.37564417515578,72.60534605083427,5299100,4416000,744800,4142466
2023-11-09,127.645751953125,89.56034851074219,68.81920623779297,71.28382110595703,130.9377001937748,91.1304063632583,69.407405147607,72.45763405701035,125.62066810576901,89.40716857194964,68.43350094921904,71.24495030895085,130.38287381022838,90.83362205785312,68.8674148009169,71.96789748078803,14970300,5007900,832900,2540543
2023-11-10,128.15431213378906,89.96243286132812,70.21737670898438,72.1467056274414,128.8663358763738,90.20177103226749,70.3620171057669,72.34104547094516,126.12921462411401,88.48810885185914,69.14704807219645,71.25274092868153,128.20979193791968,89.70394354646169,69.33025973190205,71.51704822295984,4586400,5479100,846600,2864420
2023-11-13,128.2005615234375,91.70481872558594,70.75736236572266,72.05342102050781,128.68141005212738,92.62387646832391,71.00807190589322,72.39545573195022,127.08166697029395,90.46983282952569,69.82203679197505,71.45485318227101,128.15432364590245,91.58993376873556,69.82203679197505,72.06119518151448,4454700,6894800,1036400,2551307
2023-11-14,127.66423034667969,92.93980407714844,73.30300903320312,73.82579803466797,129.55062847353443,93.66738688753983,73.53443662607751,74.23002601216591,127.57176870348493,92.0973290065581,71.78912180755403,73.01734207967209,128.4687157805866,92.2122139627354,71.92411755837242,73.07176120375723,4509200,5527100,1191900,3972394
2023-11-15,127.23888397216797,93.82056427001953,72.31946563720703,75.26392364501953,127.83993407615688,94.13649241287352,74.22870276698454,75.55932051583683,126.03676965437035,92.78662160469091,72.16518057929042,74.19116733449493,127.83993407615688,93.21743470058856,73.28372517903645,74.19116733449493,6473200,5370500,1082200,4533079
2023-11-16,127.86769104003906,95.98419189453125,72.93658447265625,75.57185363769531,128.3670376294996,96.07035013891429,73.19693864485657,76.15615129619681,126.7303124237682,93.47592497817485,72.35803027191167,74.9401769883148,127.86769104003906,93.55251495364116,72.40623883055618,75.71397620066358,5257000,7603200,833900,3661913
2023-11-17,127.88617706298828,95.3044662475586,73.65013885498047,75.27970886230469,128.42250544495772,96.45328659055207,73.70799942824932,76.07719761303824,127.03545366360171,95.01725750979942,73.1487271458533,75.01913880810703,127.94165687667127,96.14693401215237,73.40907397705628,76.00612912289265,4332300,6069100,669800,9073693
2023-11-20,127.89540100097656,96.88410186767578,73.38980102539062,74.9954605102539,128.2467919179567,96.98941126155114,73.54407874069257,75.20864437753991,126.81350245691596,94.73005803589821,72.38697012741801,74.58487136466282,127.17413530493616,94.73005803589821,73.31265848938108,75.02703930272119,4490000,6869100,895200,3986627
2023-11-21,128.28378295898438,97.5638198852539,73.15837097167969,74.21376037597656,128.8663491821431,98.20524445918643,73.54406888661393,74.8217403546502,127.45155759145996,96.68304982562148,72.72444978230443,74.01636231404967,128.28378295898438,97.14258234821325,73.19694223451634,74.71119657539099,4690800,7111600,497200,3239605
2023-11-22,128.04335021972656,98.32011413574219,73.16802215576172,75.30339813232422,129.31018609062224,98.81794160349955,73.69836792452016,75.62712576711832,127.91389264248042,97.72656016790518,72.96552850497692,74.71909323928216,128.58892043027691,97.91802777610658,73.438021046859,74.98755979157669,3428500,6470600,654900,2863463
2023-11-24,128.2283172607422,98.48287963867188,73.29336547851562,75.7613525390625,129.5321493751949,98.7796566527299,73.60192821929452,75.78504203367261,128.03413790486596,97.83187947904457,72.98480273773673,75.10599362202164,129.4581715839684,98.3009802795928,73.07158256012015,75.24811618001405,1636500,2166800,238200,1267640
2023-11-27,128.61668395996094,98.3296890258789,73.24515533447266,76.64569091796875,128.88485520411925,99.05727907923958,73.41872234963535,76.95363271501122,127.41456960193956,97.8893076868509,72.66660106950256,75.7534515177689,128.25605106353655,98.22437965089166,72.83052342917938,75.80082329932651,5529400,4572500,580300,3939504
2023-11-28,127.68272399902344,97.70741271972656,72.4351806640625,77.78271484375,129.14375336632705,98.1190746665466,73.56336258160152,78.24857947870157,127.53476844313533,97.02769318967886,72.41589135313623,76.22721977372981,128.57968515559477,98.09035525463239,72.96551900706933,76.52726512978546,5347200,3607600,583200,5184182
2023-11-29,128.07110595703125,99.21045684814453,72.41588592529297,77.75113677978516,128.61667623504027,99.41150003699337,73.34157414902194,78.52493607242886,127.28510435596647,97.87016892248556,72.28089018579391,77.4747737139823,127.62725336727979,97.95632715884018,73.03301140777894,78.36701329127935,3996500,5458700,641600,3087594
2023-11-30,131.668212890625,99.84232330322266,72.66659545898438,78.22489166259766,131.95486802592563,100.25398529490889,73.13908054727956,79.0223804628143,127.6180168245798,98.71264671934105,71.76983384266802,77.58531844061126,127.6180168245798,99.32535192035932,72.41588593272495,77.88536380311687,9297400,16766200,955500,7190950
2023-12-01,132.61141967773438,100.40715026855469,73.99727630615234,78.84078216552734,133.24946584605868,100.50289138341383,74.10334544590499,79.12503455368434,131.5665026710686,99.46894869671635,72.50267840760279,77.5063673158848,131.80691993471473,99.7753012738095,72.77266990634895,78.0432932967386,4903400,4682300,696600,3329425
2023-12-04,133.295654296875,100.70393371582031,74.33475494384766,81.67539978027344,134.5347644606471,101.0102862902925,74.57581979815778,81.9438591124984,132.4819269456765,99.85189038981886,73.19693589395075,79.14081110891668,132.6113845317639,99.9571997720457,73.3801401806599,79.22766538684728,4845300,4717700,1238800,6016119
2023-12-05,133.68405151367188,99.8997573852539,73.58265686035156,80.29361724853516,134.15564401882162,100.76137631574157,74.29621434980707,81.32797933939597,131.91786893761306,99.51681482681252,73.2162408152631,80.09621918796744,133.25868277798838,100.52203812971842,73.93943560507932,81.13058127882825,3961700,4315500,874500,3675786
2023-12-06,135.35775756835938,100.46459197998047,74.51797485351562,81.16217041015625,135.99580361337908,100.77094454360065,74.99045996049567,81.78595061120008,133.8319922194384,99.44979317847132,73.88156739303258,80.24624135637701,133.88747203034106,100.16780768420813,74.09369830871603,80.27782735283542,4978800,4296000,820600,4285029
2023-12-07,136.82803344726562,99.612548828125,75.22189331054688,81.54906463623047,137.20716431385884,100.72307413384517,75.23153060969207,81.82542047239903,134.26660725199218,99.526383289221,73.89121035681902,80.85422319409649,136.5228803675555,100.70393029410054,74.42155607848112,81.36745957831496,7225100,5199000,1180500,2831650
2023-12-08,138.03941345214844,100.05293273925781,75.20260620117188,81.6201400756836,138.769935404553,100.3880047235109,76.45614665814733,82.83611461153684,136.85579687820382,99.6795657705156,75.000112562439,81.32799119166069,136.9205327440367,99.6795657705156,75.3279646608997,81.6201400756836,5695200,3426800,827900,4119024
2023-12-11,139.851806640625,101.69001007080078,75.25081634521484,81.45433044433594,141.21111845636378,101.7187294846,75.84865991606608,82.28340532649874,139.29698030814478,99.76572900201306,74.88440036375434,81.10691325494243,139.3247202137868,99.76572900201306,75.52080784278748,81.8807126357152,6343500,5208200,818900,4169136
2023-12-12,141.70120239257812,102.13038635253906,76.63935089111328,80.9805679321289,142.02483931339748,102.64735768714505,77.16968922003495,81.90438630975638,138.86236322785868,101.05814869883541,75.54008825572558,80.80685935571769,140.30489469391296,101.83360935275509,75.55937756613955,81.79384252344873,5882200,5354500,986700,5590463
2023-12-13,142.681396484375,102.67608642578125,76.68756103515625,82.26759338378906,143.11600717259896,102.70480584075331,77.23718868582625,82.28338638054983,141.22960884289915,101.38366162388353,75.45330998500023,78.73022148340998,141.46078414047273,101.48897101479584,76.42721419293007,80.53838272066717,8104500,6534800,1191500,7142512
2023-12-14,143.2177276611328,103.96849060058594,77.70967102050781,84.51793670654297,143.47664287067929,104.03550499023264,77.95073589999575,84.9837941253733,141.25735150479736,102.1303753668302,76.80327207620024,82.87558018483354,142.73687908205196,103.23133231447225,76.99612103710407,82.89137318290149,7869600,6611600,1450200,6894342
2023-12-15,142.4409637451172,102.71437072753906,76.36934661865234,84.4705581665039,144.151666574282,103.3653708472581,77.5071730806278,84.90483679636814,141.58099841930652,101.96763679986573,76.15721571617885,83.66518010422183,143.08826585981973,103.26006146730198,76.88041031429759,83.97311474886311,15203000,13316300,2910400,13255507
2023-12-18,141.86766052246094,103.45153045654297,76.55256652832031,83.5941162109375,142.72764000049176,103.98765293544251,77.00576970243394,84.723236387795,140.32341116688363,102.58991886949504,76.04151013426595,83.4283041308811,141.4792877003835,103.04944407538441,76.50435060722525,84.4863558121413,5379600,5142800,926300,3616704
2023-12-19,142.0341033935547,103.79618072509766,78.00860595703125,83.8941650390625,142.8478308172344,104.08338946429919,78.03753256901176,84.28896121154989,140.970688596855,102.84840357216724,76.82256336880998,83.60991265945185,142.0248473516977,103.5376987030336,76.82256336880998,83.98891583226604,5476700,4675100,913600,3151101
2023-12-20,140.26791381835938,102.8196792602539,77.36254119873047,81.85701751708984,142.59816456938026,104.17911831245843,78.44250710637625,83.9099561262667,140.12920018578504,102.72394545308848,77.35289654406478,81.82543151846336,142.39472919612658,103.250485044509,77.81573697399412,83.53884946174735,4716400,5666200,790100,3883890
2023-12-21,141.10015869140625,103.85363006591797,78.64501953125,83.34934997558594,141.39606986063973,104.04509769529032,78.65466418822335,83.40461826973662,139.89804425858225,102.60906856293208,77.93146940629532,82.20443674977561,140.6008262306012,102.83883117898327,78.13396306242903,82.29129104334704,4036100,3555600,621600,2624263
2023-12-22,143.27320861816406,104.38017272949219,78.8089370727539,83.95733642578125,143.754057201078,104.67694975484312,79.09821052671292,84.81010083641326,141.56250572519033,103.872776923303,78.33644459153594,83.4993754234747,141.7474431463662,104.21742450939793,79.02106799630387,83.60202272457536,3373400,2565700,449400,2728913
2023-12-26,142.977294921875,104.57164001464844,78.92464447021484,85.36279296875,143.58760109977527,105.05031637096484,79.12713809746049,85.74179608399017,142.52420036449917,103.88234489290939,78.51001256012614,83.90994529205118,142.63515999327356,103.88234489290939,78.78000406312033,83.93363478796232,2073400,2513400,420400,3332176
2023-12-27,143.2177276611328,105.10774993896484,79.22357177734375,85.86024475097656,143.30094738352545,105.11732551073824,79.45499202003202,86.14449711519046,142.14507087311426,104.38973544040522,78.77036859107143,85.02328065715264,142.4502239650413,104.38973544040522,79.05000475614833,85.27594702373102,3747400,2471800,441700,2922785
2023-12-28,143.09750366210938,105.6917495727539,79.30070495605469,86.6103515625,143.91124519323012,105.98852660063625,79.49356128403396,86.99725116863618,142.90331021133923,105.04074938280203,78.90536235795138,85.78917335935333,143.55985423936983,105.16520261616705,79.00178684358268,85.79706985783238,2601200,3206100,452800,3360282
2023-12-29,143.30096435546875,105.37582397460938,79.49356079101562,86.31819915771484,143.52289775128799,106.00768033795872,79.81176085595375,86.82353905744961,142.78313387504625,105.14606134431067,79.09821083864759,85.86813474965753,142.9033354516871,105.69175215628404,79.09821083864759,86.46032893147934,3712000,3550200,610900,2887622
2024-01-02,147.78573608398438,105.16519927978516,78.529296875,86.8551254272461,148.08163309789595,106.26615641516102,79.67676068971946,87.37625832685032,143.11599272252664,104.88756610275841,78.2882319974188,85.63126176910409,143.23619427045057,104.88756610275841,78.77999905084876,85.76548783980166,8059900,5058600,613800,3321053
2024-01-03,148.37754821777344,104.8492660522461,75.8968734741211,85.11013793945312,149.5704064566185,105.54813674742711,77.97967777539942,86.42875251942297,147.8042239275593,104.62907901821782,75.29902986392815,84.32844210916097,148.49774976893465,105.44282736453653,77.97967777539942,86.24714743630153,5301400,4239600,1276800,3547575
2024-01-04,149.30226135253906,106.24699401855469,76.54292297363281,85.41017150878906,150.06975092877266,106.29485726580747,77.58432508784418,86.33398979609173,147.4251049431457,104.83968453775573,75.53045482652465,85.04695418790972,148.2388465109757,105.00243272565231,75.9065154749815,85.33910302143155,8332200,5296100,880600,3319976
2024-01-05,149.93104553222656,106.07469177246094,76.215087890625,85.74180603027344,150.75402900031182,106.31402996932658,76.82256885575579,86.45244055620155,148.51625388607798,105.33752603586238,75.89688042267747,84.92063492027316,149.18203985012673,105.98852622349781,76.27294111871811,85.26015558171342,5607600,4127700,650300,1991579
2024-01-08,149.2744903564453,107.6064453125,76.43685150146484,85.95498657226562,150.5136005419226,107.72132296232307,76.65863443552921,86.03394435328234,147.7487392001306,106.18956009783633,75.63652166387145,84.95220330030037,149.96801617473727,106.3906032890482,76.43685150146484,85.48123268133091,6001600,5030400,790000,2535042
2024-01-09,150.08824157714844,107.92237091064453,76.98649597167969,86.14449310302734,151.1608982987789,108.69782424473595,77.00578528670812,86.30241587901443,148.72892975624876,107.28093906351005,75.98367229174623,84.76270663852347,149.27450004903983,107.36710460286537,76.02223620836676,85.43385862317265,4454000,3802100,662300,2939768
2024-01-10,152.4739532470703,109.52115631103516,77.60362243652344,85.51282501220703,152.6496487014644,109.53073188368315,78.11467889085732,86.16028751032263,149.6906082085109,107.99896163696594,76.81292979163153,85.14960766488046,150.0512410481237,108.22873155638663,76.98648947192527,86.08132972345513,6609900,4672100,838600,2391761
2024-01-11,151.44757080078125,109.1844482421875,77.77718353271484,86.00237274169922,152.68666709927953,109.40570630051917,77.95074319975164,86.06553753081754,150.80952467563503,108.309045178348,77.0057729034276,84.65216503380125,151.88218152052372,108.95357569298062,77.60361650896105,85.51282581273574,4591500,5163900,670800,3212217
2024-01-12,151.60626220703125,109.58848571777344,78.21109008789062,85.37068939208984,152.44645327298713,110.56970697340303,78.62572197486945,86.98145983527438,151.40088311832855,109.13635507442515,77.14076143445033,85.18908433326699,151.93300555123037,109.8289801162092,78.35573048692348,86.39716216565539,4971400,3884800,600300,3490526
2024-01-16,150.74740600585938,109.43457794189453,78.08573150634766,84.99168395996094,151.51291244815798,109.73278866051864,78.22072723736729,85.331211777294,150.3179873752391,108.61689841903988,77.43967210022167,84.23367775081553,151.214174057613,109.1940835328604,77.67109965915438,85.0153734552053,4747700,5876000,695800,3631534
2024-01-17,151.27017211914062,109.59811401367188,77.2564697265625,83.75991821289062,152.11969332563226,110.14644098087777,78.78963871973048,85.00747852746687,150.78474363939915,109.12674701993872,77.1600378962596,83.3256468162247,150.9994529379244,109.29990329059885,77.9507303504193,84.36790537305735,4423100,4672000,618700,3156842
2024-01-18,152.44642639160156,109.6846923828125,77.70004272460938,84.04418182373047,152.78249990979677,110.21378304513303,78.07610339164421,84.28105517752553,150.2992908167227,109.09789274729422,76.98648530181549,83.17562457864416,150.44865999028244,109.85784865963491,77.86396509604155,83.957320335354,5074300,5098000,569900,2981748
2024-01-19,153.81874084472656,110.32921600341797,78.30752563476562,85.0864486694336,153.9120859041004,110.49275043800249,78.71251292391742,85.56020262772904,151.79296930058928,109.1459802970504,77.20827021751516,82.98613104868237,153.01589926203636,109.30951473163492,77.68075538819224,84.2810633379136,5863000,6843100,772300,3910322
2024-01-22,154.3975372314453,109.84823608398438,79.18498992919922,85.29173278808594,154.4535471191106,111.24310081545065,79.46462605690803,86.38926685963929,152.87586880826234,109.80013426318592,78.48107728266105,84.80218589043517,153.51068077260695,110.56009752809557,78.72214214895666,85.670735908224,4864000,5062500,889100,5879656
2024-01-23,156.36727905273438,109.66545104980469,78.92464447021484,75.87979888916016,156.3952839929944,111.10841751098633,79.40677425605209,79.63825134667925,153.15591295304804,108.57841895786501,78.41358807430203,74.30851089809433,153.5199914210573,110.09833805243639,79.14642740865533,79.63825134667925,5784700,5037300,1234200,32544236
2024-01-24,153.30531311035156,106.55826568603516,77.4589614868164,73.62156677246094,156.7873990844111,109.04016989218817,79.29105586828388,76.622013014579,153.1559439023614,105.56742983782013,77.43003488109947,73.21887414655845,156.61936940889592,106.53902936149535,79.29105586828388,76.3061746720311,5422200,8710800,803800,11202454
2024-01-25,154.15484619140625,108.17438507080078,78.36537170410156,75.7850570678711,154.22953080108707,108.28982503230023,78.5485833758195,76.02193044646064,152.3531138138591,106.57750596958081,77.9218131864783,73.91372351428656,153.0999456660346,107.17393476170065,78.00860037292452,74.0479496007033,4465800,5648600,1034400,7322988
2024-01-26,153.47332763671875,107.75110626220703,78.02788543701172,75.7929458618164,154.8362965969867,109.09787628546584,78.7800067515095,76.51147690227657,152.63315085281226,107.2989756443203,77.70004070267862,75.63503027713386,154.28551372210066,108.92472003477104,78.4328727053233,75.9745581504875,4654300,5176600,846600,4449359
2024-01-29,153.01588439941406,109.13634490966797,78.73179626464844,76.10088348388672,155.67645336953652,109.1555885697622,78.87643667315034,76.50357612764437,152.8011608699879,107.77033861521373,77.72896541754312,75.3586701905829,154.826946461988,107.8857785578614,78.05681014387847,75.8008381258876,4704100,6480600,962700,4544800
2024-01-30,153.95877075195312,109.16522216796875,77.17322540283203,75.60343933105469,154.01478063839363,109.58848732469363,77.78309644268047,76.20353004131746,152.4090974188241,108.10704092788978,74.47235527951118,74.8375365472418,153.30529833576327,109.5692510018316,76.24389493873163,75.93507068298992,3819600,4768400,2496500,3827798
2024-01-31,153.47332763671875,108.8477783203125,75.13063049316406,74.49800109863281,154.8362965969867,110.18492673736505,77.30875080343593,75.75345055927976,153.0532392447655,108.33793131314522,74.6272385521528,74.34797484845892,154.73360705720876,109.66545789818308,77.30875080343593,75.75345055927976,4993900,8325200,2569400,8260533
2024-02-01,156.4512939453125,110.13681030273438,77.02801513671875,75.72978210449219,156.53530876613115,110.18491211711785,77.15385943032709,75.81663639773885,151.85829856038433,107.74148820042711,75.45976583969929,74.1742869162068,152.8198394954303,108.46297138034068,75.7985904663544,74.52960058901908,5584400,4520300,1200000,3943571
2024-02-02,157.4595184326172,107.84730529785156,75.82762908935547,74.9085922241211,161.36170639471524,109.72315861211456,76.57302700184907,75.32707783108482,154.24815225184383,107.72225085666949,74.7821295828232,74.45063132894452,158.15967044605455,108.66498475947117,76.48590573580226,75.23232705260573,7870400,7575700,1058100,4440030
2024-02-05,159.8773651123047,107.40480041503906,74.62724304199219,73.21887969970703,161.62308706275044,108.18399992178753,75.54689832638937,74.41906116951368,157.2541313154471,106.92381161545475,74.43363529036242,73.10043941166434,158.55174574410944,107.76072742957521,75.54689832638937,74.41906116951368,6486700,5670000,999900,5354372
2024-02-06,161.77244567871094,109.66545104980469,75.72115325927734,74.03215026855469,162.39792732820928,110.15606170161239,75.95348405371335,74.10321876040445,158.48640924518386,107.4721432030977,74.63693057580463,72.95830564489816,160.24144722263188,107.56833949931509,74.70469403191775,73.22677220443849,7037400,4734600,974200,4453186
2024-02-07,163.3781280517578,109.0016860961914,77.28939056396484,74.09532165527344,163.89157569383198,110.24263815591941,77.84118816825601,74.7822666370246,161.800464198299,108.59765724120288,76.39878308576785,73.8268623027638,162.44459206421524,110.24263815591941,76.49558696197842,74.69541235253135,6409100,4757500,878200,4521956
2024-02-08,163.17276000976562,108.15514373779297,77.68629455566406,73.58997344970703,164.21833007274114,109.04016138371222,78.2380847636236,74.52168818189635,162.71533646155416,107.27974058373974,77.18290997770502,73.20307386017916,162.7620161130081,109.04016138371222,77.65725413192865,74.34008313434254,5709100,6980500,835500,4741303
2024-02-09,162.50997924804688,107.55870819091797,77.96703338623047,73.35309600830078,163.74223959331474,108.34752949328872,78.21872937586963,73.66893433272013,161.54843812621547,106.96228680333661,77.42492576454221,72.95040340551212,163.43418519047148,107.98198066414832,77.72502000002501,73.58997655282388,3502700,5947500,707600,4388244
2024-02-12,161.56710815429688,108.2513427734375,78.68338775634766,74.7190933227539,163.1447722807089,108.34753906968143,79.00284718576629,75.05862116052464,160.78292696317132,106.98153258081943,77.86054375368991,73.4715401609674,162.00585703929184,107.26050697744172,78.18000318310854,73.52681565319821,3477100,4232100,654000,4893673
2024-02-13,161.77244567871094,107.10657501220703,76.7182388305664,73.1635971069336,163.5555028409588,108.80927935580101,77.73469794599328,74.21375939357742,160.54018557729546,106.37547737135336,76.24389469000945,72.16081381284572,162.86469532389958,108.1936143217631,77.08609649672009,73.6689370033572,5480400,4263400,1136000,5496338
2024-02-14,162.82736206054688,107.79920959472656,78.576904296875,72.9740982055664,163.23812021664423,108.10704213911482,78.86732331398129,73.62156789841711,161.20300414633377,106.8949556239461,77.18291221748709,72.77670013905934,161.55775241653242,107.395180756337,77.44428342435282,73.43205912612223,4348500,3991100,1050600,6024132
2024-02-15,164.8531494140625,109.31913757324219,78.4123306274414,74.15409088134766,164.9931883868277,109.92518083958382,79.5352761914212,74.2985741031,162.25791999202076,108.00122557452949,77.49268279039663,73.13465137156692,162.4539688560394,108.00122557452949,79.18677635333518,73.44770811803944,5276200,5450700,906700,4559391
2024-02-16,165.69332885742188,109.6750717163086,77.53140258789062,73.24702453613281,167.02827865379817,111.09879449954056,78.76083468976132,73.88918596442217,164.3677092940541,109.13635925246064,77.44428131652738,73.21491390114119,165.13320149503863,109.1844610697119,78.16063885071985,73.73667509722428,6689900,7161100,752000,5345522
2024-02-20,164.0689697265625,112.20507049560547,77.09577941894531,73.70455932617188,166.80422366466664,112.73416112933502,77.80246171694338,74.24237580227334,163.85426041186068,109.62697014629099,76.53430662170433,72.66103700672296,164.14365432398714,109.98290451255514,77.00865814988828,73.12661188363354,5484100,9601100,1040500,5174614
2024-02-21,163.49949645996094,113.38831329345703,77.66693115234375,73.61626434326172,164.89047024495514,113.49413142681053,77.90894451362585,73.82496881263064,161.96849797111426,111.55093237732578,77.05705275508939,73.0302892271512,164.57305717517434,111.55093237732578,77.35715434532912,73.55204307606768,3818500,6144600,781200,4061855
2024-02-22,165.0024871826172,114.49458312988281,78.03480529785156,74.0336685180664,165.55327000117782,114.71584123115431,78.36393999365096,74.18617936882676,161.63242166952654,112.35899879147831,77.3571706972862,73.15871240489628,163.16342013215717,113.60956540341166,78.23809567802117,73.4958520624531,4852300,4916100,843000,5083837
2024-02-23,166.25343322753906,114.91783905029297,78.79955291748047,74.31461334228516,167.01893963287603,115.58160591881406,78.9060393886582,74.60358704777013,165.24521257507635,114.34065397907334,78.03478979977753,73.77679689556007,165.47859658968449,114.84087908364866,78.37360703276953,74.16209516954002,3941800,4261300,788500,3774217
2024-02-26,166.9255828857422,114.17713928222656,78.98348999023438,73.70455932617188,167.84044424852135,115.38922593942306,79.28359162966811,74.25040346046184,166.16942094597155,113.88854302709923,78.50914579235011,73.39953028852571,166.9535878283537,114.95633889603968,78.79956482776008,73.99353304744105,4327400,3483100,681300,3914388
2024-02-27,167.0936279296875,114.86012268066406,79.67080688476562,74.0898666381836,167.59773114477485,114.95631896926241,79.76761075870306,74.13000493401108,165.2172112940938,113.34981819782006,78.84795549214202,73.43164985815869,166.88824885271077,113.66727255557038,79.30294182387634,73.84905883673832,3888500,3203300,751300,2736807
2024-02-28,166.16940307617188,115.48541259765625,80.24195098876953,73.41558837890625,167.93378549410562,115.54312890446937,80.7647007452745,74.35475850189675,165.1331775770915,114.73506391255287,79.40942441940922,73.38347774493894,167.89645032284864,114.94670015660974,79.70951862964546,73.84905263944124,4331300,3383800,870700,3543030
2024-02-29,164.34902954101562,114.1290283203125,80.25164031982422,73.94537353515625,166.18809675603856,115.87020552603715,80.81311314821868,74.08182907371146,163.73289231022386,114.02321019119373,79.87410002830508,73.3353154671872,166.048057797424,115.74515107312726,80.80343054478776,73.84904896255617,7485700,6135200,1464800,6169446
2024-03-01,167.01895141601562,114.10977935791016,81.25841522216797,73.7366714477539,167.28034039124728,114.91783697516489,81.39394212476537,73.88115464905295,164.0689738445376,113.34981621445989,79.8740983864982,72.9580398592872,164.34903753075173,114.06167754479947,79.9031388105316,73.88115464905295,4028700,3899400,1221800,4064128
2024-03-04,165.2825469970703,115.47579956054688,82.38135528564453,73.39952850341797,168.0178005626651,115.70667214468749,82.90410508675247,73.7286405076255,164.5637203088055,113.67689868837896,81.28745743752722,72.6289319321081,166.4961466118395,113.80196048173994,81.31649786220059,73.12661010516331,4723600,3164000,1016500,6678703
2024-03-05,167.25233459472656,113.97511291503906,81.01641082763672,74.40291595458984,167.65374828870415,116.01450079497396,82.26520089922934,74.96480809311804,165.97338042461377,113.59032039489631,80.49366098006331,73.50388413824126,165.97338042461377,115.86058819050098,82.14903180454756,73.58415339738733,5309800,3502300,990000,5251636
2024-03-06,169.02603149414062,114.80240631103516,81.8005142211914,74.2664566040039,170.05292682609493,115.03328622546962,82.45879084407834,75.2056267566557,166.26277281936618,113.9173886569569,81.41329137496471,73.79286136055839,166.54282223296337,114.09054492312933,81.4616970003661,75.04508823076081,6047100,3388700,674700,3591349
2024-03-07,168.568603515625,116.32234191894531,83.88184356689453,74.34672546386719,170.29563658071376,116.88029074732104,84.03672829801023,74.89256225478057,167.60704832395973,115.38922237408082,82.16838460693178,73.93734420842945,170.08092728773462,115.5335204971859,82.42976320757955,74.69188545601719,6125200,4200800,914100,3751613
2024-03-08,166.9629364013672,116.36080932617188,83.0783462524414,75.37419128417969,170.0342638883542,117.01495438611884,84.80148020071928,76.0484706569289,166.8042227298353,116.02411863486975,82.92346154197568,74.79624381425694,167.79378295669312,116.37043115715383,84.2593726355968,75.04508658087995,6195600,3357400,627400,4925846
2024-03-11,167.69110107421875,115.62008666992188,82.58464813232422,75.49459838867188,169.2127552932361,116.80331497288351,83.08804012737141,75.82371041451789,166.39348641182033,115.07175974772605,81.91669618772383,75.02100315845848,166.5521858459691,116.33194801784306,82.90410758468155,75.43841210353034,5134800,3886000,699400,4206571
2024-03-12,168.89535522460938,116.16841888427734,83.18485260009766,79.24325561523438,170.73442254348512,116.47625142761602,83.320379523764,80.95301529164054,167.74710977120475,114.53305253460384,82.30392021060298,77.98300093536271,167.7751147155831,115.38921202511789,82.67178533398028,80.43126135774551,5391100,3079700,658700,16737302
2024-03-13,167.9058074951172,115.59122467041016,83.40750122070312,83.53772735595703,170.3796725208951,116.33194414653828,83.785041531585,83.5537826732086,167.49504932224144,115.07175591835792,82.80730533346546,79.62854326093736,170.37034228774093,115.93752983247214,83.22356867439454,80.0459522114538,5987900,3421700,810300,12935338
2024-03-14,169.15672302246094,114.33103942871094,83.85279846191406,82.775146484375,169.94088985613388,115.76438403702764,84.11416966231307,83.91499337668809,166.78554781265117,113.36906180231992,83.24292001821263,82.06876383587918,168.1858518347653,115.4469369981918,83.50429860427388,82.96779563173698,6999400,4952200,941300,8282539
2024-03-15,166.0574188232422,111.0987777709961,84.30776977539062,84.28424835205078,168.57796363855803,111.0987777709961,85.1015806791843,84.71771265756729,165.7400056988621,107.99159460212616,83.29131810406011,82.5022398230489,167.88714174325395,108.72269220697451,83.29131810406011,82.67883367918277,20957800,22415700,2636400,32098966
2024-03-18,166.62684631347656,108.16476440429688,83.11708068847656,84.12371063232422,167.9244607879388,111.35852976373943,84.6853301416099,85.31974398927687,165.7679949000208,108.02046629548607,82.94283074923952,83.81868154853387,167.1122747789327,110.964115422277,84.32714765938303,83.90697847745913,8569000,12991000,1064200,6622491
2024-03-19,167.71910095214844,108.8573989868164,84.00769805908203,84.5411148071289,167.97114544573068,110.06948559262273,84.04642109297207,85.88965896689979,166.3468017307893,107.77998133123678,82.96219830104167,83.92302901535628,166.3468017307893,108.1647738753229,83.22357693338353,84.91838547954642,7625600,8299200,773200,6987869
2024-03-20,164.5543975830078,107.26051330566406,84.84020233154297,86.78065490722656,167.31765621428548,108.93435244484503,84.9176483787913,87.5753344709478,164.05028015720947,106.51979370764666,83.65917596082157,83.83472409053462,167.3083259821889,108.70347985237703,84.15288527995266,84.27620866787662,7326600,8317300,563900,8390299
2024-03-21,165.70265197753906,107.27013397216797,87.00865173339844,86.58802032470703,165.92670576180083,107.87617727305215,87.08609779113078,87.64759813756831,164.19032810650452,106.78914512848954,85.02414635722938,86.52380637297571,165.0585098118377,107.69339916387601,85.02414635722938,86.85291111566892,5743600,9722700,758300,7886663
2024-03-22,166.5895233154297,106.3658676147461,86.42781829833984,85.71306610107422,167.09364081401887,107.72225961324632,86.95056809276477,86.78869184253676,165.0305196524432,106.33700945976642,86.09868364203287,85.68898312396153,165.45060807151336,107.2797434392015,86.679514285062,86.37128287060928,4084400,5387700,1008400,5321243
2024-03-25,166.66419982910156,105.82715606689453,85.22743225097656,84.15580749511719,167.28966731063264,106.58711923894293,86.98928935086754,85.737146408684,166.29079108463333,104.96137477346555,85.1983918272652,84.1076488668977,167.10296293839855,106.25042121311029,86.52462041449904,85.00668073055459,4366400,6622400,747900,6680019
2024-03-26,167.2803192138672,107.26051330566406,85.07254791259766,82.38182830810547,167.82177180676607,107.645305852649,85.86635157106939,84.0193535397662,166.5241573280593,105.75020861367678,84.81117668966428,82.1972068014979,167.3176543864748,106.28891377587126,85.20807482606871,83.52970296695725,4392400,7770600,892400,7279693
2024-03-27,168.3632354736328,109.16522216796875,86.01155853271484,83.95513153076172,168.57794478066418,109.37685107667784,86.03092374015691,84.09158707062576,166.92558195267165,107.6837757711649,85.18871447233055,82.67079411776764,167.84978778757525,107.74149207905768,85.59529520066218,82.67882177593678,5073500,7533400,776300,4641676
2024-03-28,169.99691772460938,109.33837127685547,86.60206604003906,85.14313507080078,170.18362208274198,109.68467644085982,86.75695814661688,85.29564592346554,168.31655001215705,108.63612443977954,85.89539111434864,83.95512958339253,168.97002238793587,108.9728151126353,86.2245257623333,83.97117757485294,5418700,5278000,1003700,5245776
2024-04-01,168.74595642089844,107.82807159423828,86.23422241210938,90.26274108886719,169.8101868544648,109.3383835550757,86.90217441995809,90.56995285906208,167.32699200589553,107.56834085724185,85.84699946825218,84.70412926635734,169.79152639124024,109.3383835550757,86.4762358288122,87.41143528010812,3502100,3964000,676200,13004800
2024-04-02,168.6806182861328,107.76072692871094,85.72113800048828,89.12989807128906,168.99801710020947,108.14551943445123,86.05995523895362,90.64675942102265,166.64550244517065,106.95266927203227,85.08221916310059,88.22746759857316,167.4670186647842,107.63567248355065,85.87602271564592,89.37950992840501,4523800,4560700,921100,8912000
2024-04-03,165.5439453125,107.04887390136719,85.81793975830078,89.4659194946289,169.5301481347267,108.27058965180052,86.56333766457692,90.91557121097966,164.86246800155283,106.8276231473659,85.4694399256969,88.8034911090007,168.7086318730067,107.87617528438761,85.7211358905023,89.60991929628139,5893000,4409900,899000,6060200
2024-04-04,156.74069213867188,105.92335510253906,84.35618591308594,86.92181396484375,165.889347988181,107.74149219620548,86.82472542444347,91.84680471360444,156.32060377838727,105.66361703812574,84.18193597833526,86.62420462261743,165.84266833823176,107.58757225591512,86.53430640463817,90.7139599381704,10539000,4799700,1036500,5864200
2024-04-05,158.70114135742188,106.9719009399414,84.74341583251953,87.39221954345703,159.67201266044148,107.02962458384,85.21776004421923,87.7666336128739,156.17125218932188,105.37502201866843,84.0173756085113,85.96176560326161,156.8340691061581,105.52893461068335,84.59820631058527,86.81619846162378,7030100,5591200,921500,3514000
2024-04-08,158.51443481445312,106.31776428222656,84.1916275024414,88.25627136230469,160.54020647002793,107.24126926426086,85.23712722172237,89.17790673079726,157.20747570965509,105.95221542551367,84.17226229338253,87.55544057636921,157.9636519265705,107.0681129975428,85.23712722172237,87.55544057636921,4745000,5810500,902700,3706700
2024-04-09,158.83181762695312,108.16476440429688,83.70758056640625,88.90908813476562,159.21457081327117,108.28981885096933,84.31745156331417,89.47550683748662,156.2739238080493,106.37548546937897,82.4587907659802,88.32346457715228,158.44906444063508,106.38509996114145,84.31745156331417,88.4194668780958,5933200,4235700,1251600,4236600
2024-04-10,157.7956085205078,106.94305419921875,82.79761505126953,88.92828369140625,158.663804515445,107.42404302696299,83.32036482993536,89.00508846025882,156.23660491641422,106.1542328152905,81.19065007447793,86.95060850274085,157.38485035039824,106.99115601771601,82.09094012901429,88.11225316473889,3231700,3965500,1002800,3494900
2024-04-11,156.38597106933594,107.21240234375,83.39781188964844,89.45631408691406,158.11300430323794,107.72225664513485,83.62046006238194,89.8211257797944,156.11523762402007,106.11574844889725,82.37167014032597,88.78429061989593,157.95430487599054,107.40480227049149,83.21387935817643,89.12989745685779,3307000,4321500,901800,2993700
2024-04-12,152.90904235839844,105.48192596435547,83.73664093017578,87.6610336303711,154.95373267408038,106.82570574521165,83.81408699492472,89.10109007502469,150.76070348396482,104.88253925876637,82.60401992945975,87.50743141835109,154.95373267408038,106.60335035219627,82.60401992945975,89.05309258823974,7029400,4041500,1178400,3590800
2024-04-15,152.33428955078125,105.26924133300781,82.42975616455078,87.65144348144531,155.189319652913,107.20273829182982,85.17902453149723,89.07229515208141,152.17410800451714,105.21123878446893,82.27486406100687,87.12341982542809,155.01972073722038,106.42933655801879,85.13062628838627,88.30426939956375,5433700,4595600,770900,3674800
2024-04-16,153.1540069580078,105.5785903930664,82.67176818847656,87.41143798828125,154.28472361542654,106.66135124108207,83.01058542737428,87.68024737996672,152.72057803330225,104.5441699146524,81.90700505744348,86.56660010069082,152.81479483631412,105.22089083484667,82.26518750179929,87.30583325233245,4881300,7283900,886900,3037000
2024-04-17,154.76527404785156,102.37866973876953,83.69790649414062,87.32502746582031,155.22698384653947,105.10490027002488,84.02704853164708,88.42907227501,153.80417060336208,100.78353320569647,82.48783959354468,86.72020635751066,154.67104286357727,103.95446717104812,83.08803543507867,88.06426058937176,4792200,12002900,1686700,3421600
2024-04-18,155.15162658691406,101.76960754394531,83.92056274414062,87.8242416381836,157.7710928988585,103.47108690551492,85.12094705142458,88.73627441558112,154.93489770395533,100.99621319829036,83.74631281359439,87.23861812444228,155.4343058072837,102.95871139978847,84.22065697454605,87.7474368733802,4480100,7306400,1199500,3069400
2024-04-19,156.80056762695312,103.7127685546875,83.32036590576172,88.58267211914062,156.97959827419413,104.18647321180602,84.64660188277867,88.70748170326378,153.82304009244217,101.87594509505618,83.10739295033366,87.4594298090688,155.49083450693865,102.45600004335401,84.0367234402961,87.59383449619673,5532400,10533600,1134600,3588500
2024-04-22,158.19508361816406,103.50975799560547,84.12385559082031,88.91869354248047,159.79691315152206,104.31216099283395,85.09190914793986,89.00509341887366,157.2810957405257,102.7363562722542,83.03963294800793,88.03545330048097,157.9972038767776,103.90612840714199,83.49461930156012,88.84188876934897,5580700,4948300,1268000,2992900
2024-04-23,159.74981689453125,104.0124740600586,85.11125946044922,89.28350830078125,160.5318898317959,104.51518744179903,85.41136105893032,90.28194841233292,158.50604846758114,103.74178564329351,84.14320598873621,89.08190125775253,158.85467802145178,104.08981571505038,84.4529828042579,89.26431076909086,4084100,3849600,695200,3729800
2024-04-24,158.11029052734375,103.33574676513672,84.22064971923828,88.34266662597656,159.3446414857015,103.54843261564109,85.93410106728338,89.50431869767783,157.1115031679905,102.04996948760083,83.54301526196883,87.7666454663478,158.78871484268956,103.16173173978821,84.96604762223465,88.88988782629986,4074700,5052700,1267300,3813400
2024-04-25,157.62973022460938,103.30674743652344,80.1741943359375,87.75704956054688,159.51423900039728,103.88679507337815,81.22937654098554,88.32346828705953,156.00906590487983,102.61068732201544,78.06383731150383,87.02741885861808,157.9783741249396,103.10373113240958,81.2196939375459,87.9298493147998,5503700,3112300,2381000,2954800
2024-04-26,150.4026336669922,103.9544677734375,80.55171966552734,88.1602554321289,157.78991864500944,104.27349655704197,81.42296917170205,88.5058695574853,148.54639146059813,102.85237504435469,79.69983536263489,87.44022722505403,157.44127476120195,102.96838752267611,79.69983536263489,87.8434412631346,10721700,3575600,1316200,4520900
2024-04-29,152.1929168701172,103.7031021118164,81.93167114257812,88.47708129882812,152.22118334859024,104.59251628385336,81.96082367716718,88.91869777861356,149.40383784694762,103.05538242594693,80.56145011767006,87.90105279740598,150.3743586149475,103.81911458009216,80.56145011767006,87.90105279740598,6219000,3305100,1479000,4905000
2024-04-30,153.2482452392578,102.44634246826172,80.50314331054688,92.65325164794922,153.63457296918727,103.31641761670039,82.54390984576962,93.93009637625816,150.46859781257407,102.37867036647793,80.33794066011079,90.03234518819526,151.95736139467328,102.97804973207552,81.64014413891174,91.90442332359302,5484800,5074000,1545500,16731900
2024-05-01,152.38137817382812,102.75569152832031,80.45455932617188,94.5061264038086,154.23762043668336,103.5967653178259,81.61099272346216,95.71576879692026,151.83486891280702,102.38832978010791,80.23104418520077,93.39247900436402,152.73000769057958,102.40766150340112,80.49343184695708,94.17970973260653,5176400,4096800,973900,11062600
2024-05-02,151.52392578125,102.39800262451172,81.193115234375,92.94124603271484,153.0598050340083,103.11340184789826,81.56239302801431,94.4677097621143,148.9892591779842,101.6536095010166,80.48370476739666,92.78764381170654,152.80539232359155,103.11340184789826,80.74608499184507,94.04529083645548,5904300,3708500,734400,6317100
2024-05-03,154.33184814453125,102.37866973876953,81.93167114257812,93.26765441894531,154.7652915123809,103.09406157834134,82.48559154229407,94.26609440310683,151.45798360944443,101.97263713055628,81.65957093418075,92.97003778191757,151.85372874826626,102.58168604287616,82.09688119554048,93.6804708804303,5849900,3610300,558200,4818500
2024-05-06,153.33306884765625,102.12730407714844,82.74798583984375,92.73003387451172,155.12336100193434,102.63967956755452,83.05895859077225,93.84368107360332,151.70297260872414,101.64392985967777,82.38842058457399,92.68203638631326,154.91606386430567,102.58167702168372,82.58278318776381,93.21005270353271,5834600,3789500,567900,4329500
2024-05-07,153.16343688964844,102.63967895507812,82.8160171508789,91.72200775146484,154.520285360362,103.05538107465053,83.40881016056322,93.29646907958154,152.5415456109615,102.27231720724643,82.50504437646876,91.70280289469133,153.92666056001,102.97803943014748,83.02981232344385,92.7300429968712,5301700,6556400,559200,4409000
2024-05-08,151.18470764160156,101.45059204101562,83.16584777832031,92.49961853027344,153.49322792448007,102.80403406834407,83.29217789701674,92.58602572043364,150.63819839306674,100.8125344775272,82.63135994119219,91.21317170048819,152.77711979415534,102.80403406834407,82.82572252477262,91.5779833407619,5906700,6234700,500200,3489900
2024-05-09,151.13758850097656,101.18956756591797,83.95299530029297,93.44046783447266,152.00447513531165,101.51826590376211,84.07932541815795,93.488465323092,150.77954163304864,101.0252220848489,83.0881021980322,92.06761367845404,151.52391622619936,101.24757749359988,83.27274479767475,92.25001585441734,3570000,5902000,674100,2584200
2024-05-10,151.46737670898438,101.25724029541016,83.94328308105469,94.97652435302734,152.11753446775637,102.1563167351335,84.89564128697262,95.67735505548079,151.09048074506467,100.94788105677988,83.8461054880039,94.24689369319331,151.4296928636562,101.02522271036395,84.20567073788442,94.6117126853633,3509500,7349600,459800,4157900
2024-05-13,151.966796875,101.28624725341797,83.63231658935547,95.64854431152344,153.18231316962388,101.99197697447637,84.46805729760952,97.6742242517046,151.51451876376552,100.92855499301176,83.56429152771506,95.04372325490519,151.966796875,101.49893312485219,84.25426212840374,95.04372325490519,3505900,5459200,514600,5578700
2024-05-14,152.2588653564453,100.551513671875,83.96272277832031,96.08057403564453,152.8807566306659,101.63426727273358,84.33200059639651,97.15581156369885,150.49685445714624,99.92312567097343,83.70033512233388,95.81176465363096,152.31539831270914,101.36357887251893,84.09877289098918,95.93656691684974,4025000,7035100,508800,2973100
2024-05-15,154.33184814453125,101.11221313476562,84.32228088378906,97.1942138671875,154.92547304159487,101.34423806475912,85.3523841298166,97.60703036764268,152.5227213480621,100.6385084768461,83.98215560102412,96.14777629888619,152.93731560139784,100.6385084768461,84.63325363005632,96.18617868549903,5261300,5443200,691300,4203300
2024-05-16,154.85951232910156,101.38291931152344,82.95206451416016,100.6695556640625,155.40600721442522,101.69227854095412,84.74987603804831,101.0151698283953,152.81480768239234,100.69652875171492,82.95206451416016,97.53022822545736,154.0114747647489,100.9768793301347,84.05990544949343,97.65503781644263,4642000,8708300,770700,8384500
2024-05-17,156.8099822998047,100.62884521484375,83.26302337646484,101.05355834960938,156.87594701193294,101.31524312266299,83.30189589225348,101.49517476021292,154.99143813048693,100.48383884416907,82.44671537325208,100.49673479186795,155.83946137607293,100.9382118074978,83.0783807800124,101.00555354050888,5152200,7004600,634900,5396500
2024-05-20,155.057373046875,99.77811431884766,83.38935852050781,101.00556945800781,156.8099667074577,100.3484997836142,84.00159141337848,101.80240253781383,154.91604064588458,99.59442973898464,83.20472332709619,100.44874581251639,156.42363897453683,100.32916068273077,83.4087984866615,101.01517188624227,3058700,7165900,664700,3962700
2024-05-21,153.52149963378906,99.53642272949219,83.32133483886719,99.01828002929688,156.1409800444905,100.40649783762785,83.47682491395726,100.84235298119619,153.11633715060623,99.00471549030775,82.64108429578526,98.54786364403793,155.82060262743008,100.07779951868524,83.02008208609874,100.69834587258464,3645200,4391600,717100,4603000
2024-05-22,150.39321899414062,101.33457946777344,82.67023468017578,97.43421936035156,152.58867337854358,101.64393869882893,84.31256333824942,98.9894829951653,149.9880421429048,99.51709490728564,82.45643953957749,96.91579814874697,152.2400438661499,99.52675708196753,83.15613003092659,98.53826412629617,6904900,5933400,791000,3807800
2024-05-23,149.12118530273438,100.76419830322266,81.69844055175781,96.19683837890625,150.79839708726217,101.42158757109344,82.97148394479007,97.17320533953267,148.6500580738746,100.00046611145324,81.51379795368162,95.61681672275553,149.84672526092376,100.50317208066942,82.86458637897483,97.0765362927368,5672900,5862200,635000,3845500
2024-05-24,147.99046325683594,100.4935073852539,82.38841247558594,96.35150146484375,149.61114185998704,100.89954737598455,82.60220761096458,97.17319937523772,147.3308880991954,100.13581514732049,81.81505953450181,96.03248699215989,149.21539676540272,100.68686151791279,81.97054218757526,96.48683959712628,3691700,4455600,590100,2602000
2024-05-28,146.36981201171875,98.55999755859375,80.21160888671875,95.39447021484375,147.32149826773593,100.1454643626968,82.42729059641877,96.77685895721746,145.06007881900837,98.18296626833175,80.11443129516918,94.56310314598262,147.32149826773593,100.12613263978557,82.30096046882184,96.24516814269856,5533500,4771100,872500,4360900
2024-05-29,145.85154724121094,97.38057708740234,78.82194519042969,94.311767578125,147.34974261278458,98.3859890103204,80.00753104454009,94.64045121835346,144.80564431802134,97.29356588932538,78.64702256582038,93.53840775621464,145.94577842903945,97.72859975259367,79.4536106356397,94.54378216253669,4254500,4960900,1391100,4826600
2024-05-30,147.2837677001953,98.35699462890625,79.74514770507812,94.93045043945312,147.39683361562646,99.19806851596572,80.11443294039508,94.95945779160861,144.7114174805194,97.50625856693209,78.88025451842812,93.66406895089327,145.7196221076529,97.9122911845307,78.96771954254139,94.43743608344353,4311100,5124000,864600,4520300
2024-05-31,151.92909240722656,98.79202270507812,81.28057861328125,96.80585479736328,152.30598838583578,98.89836562058646,81.4069087430404,96.91219295572375,147.18012256185457,98.01862102423654,79.76458739947094,94.17641556404074,147.60413413220496,98.47299395855309,79.8909175292301,94.79510628066073,15664400,7915700,2391400,21754400
2024-06-03,150.9397430419922,99.44941711425781,79.88119506835938,96.43851470947266,153.76650639940962,100.66751486798965,81.38747366605786,97.43421990495085,149.65827641152313,98.5310016483363,78.93856428783552,95.67481670144193,150.7607123955965,98.7726887642569,81.16395853584248,97.02820548307392,4467800,4915100,755300,4508100
2024-06-04,152.77711486816406,99.99079895019531,78.95800018310547,95.3268051147461,153.40842353723855,100.04880150072368,79.86176589715295,96.09050314586689,150.54397673063758,99.13039336406403,78.78307754767127,94.42776893890776,150.93972181971444,99.38175004252999,79.62853818796575,95.7038195715129,4215500,3880400,814200,4988100
2024-06-05,155.88656616210938,99.7974624633789,79.76458740234375,95.76182556152344,156.39537719863998,99.98113968418083,80.02696764544532,96.33218552910115,152.7959729610993,98.58902669836306,78.38464630181672,94.61145125892385,153.49323199717233,99.50743492949248,79.07461685208023,95.52981835243945,5100500,3302300,520300,3115400
2024-06-06,158.8358154296875,100.80286407470703,78.59843444824219,94.94979095458984,159.1279119644272,101.508593733594,80.08528054743441,96.23551070879857,154.8595011039993,99.39141213263889,78.11253906546928,94.89179099963707,155.93367043885547,99.85545466358873,79.60909773411085,95.51048177038585,5186700,9835500,568200,2510000
2024-06-07,159.63673400878906,104.0028076171875,78.79280853271484,97.50189971923828,160.50360630587195,104.53451487809842,79.07462878549518,98.56527410220514,158.10085478129025,99.93279723051215,77.96678774445591,95.12380550357105,159.2409888977943,100.40650194041247,78.23888801219522,96.1968490048982,3781700,8666600,526300,5636700
2024-06-10,160.61668395996094,103.9157943725586,79.18151092529297,97.30856323242188,160.8899313972175,105.35625495046143,79.23009601266381,98.44926845522804,158.006635366308,103.48076049711766,78.31661036566454,96.94121048234734,159.2409862730879,104.05113857272714,78.43322792086917,97.08621775867275,4247500,8555900,450300,3506200
2024-06-11,158.01605224609375,102.29166412353516,79.28841400146484,97.94657897949219,160.78628234650498,103.75145653360087,79.33700651092754,98.0915862470188,157.75222217726034,102.0209757032753,78.10283536084064,95.92616847818313,160.41880372365412,103.75145653360087,78.90941615301901,96.76719735416063,3790200,7536000,466600,2831500
2024-06-12,156.49900817871094,100.9092025756836,81.23198699951172,97.8402328491211,158.8075282635735,102.38833392938442,81.92196497148444,100.22799588397208,155.50022095341473,100.82219875378057,80.76553158130996,97.4052184573053,158.1856513726923,102.38833392938442,81.27085952005773,99.2032907274613,4725600,4569000,712000,3704600
2024-06-13,156.94189453125,100.01013946533203,81.30973052978516,98.15926361083984,157.26225758471048,100.25182661471727,81.46522060908003,99.3773144353948,155.4719799305146,99.18840463256349,79.99781449597856,97.38589636897524,156.41423435433592,100.19382405909089,80.98903780187075,98.62327805565731,3690800,4719500,687900,5034700
2024-06-14,158.8546600341797,100.23249816894531,80.13386535644531,97.54056549072266,159.467133998371,100.27116899919753,80.55173568073295,98.04324899766954,156.41422467809377,99.02406238246387,78.70533174983004,96.00350024041433,156.85708538010604,99.85546679361964,80.26991547001104,97.15388189863793,4377600,3683100,699600,2685000
2024-06-17,159.8817138671875,100.01013946533203,81.31945037841797,97.18286895751953,160.56013816068946,100.48385158863577,81.33888293121008,98.06257419694555,157.69569121519504,99.1304020769371,79.84233169844164,96.59317821744553,158.67562942933085,99.4881017132816,79.84233169844164,96.65118554254099,4076000,3936200,714800,3490000
2024-06-18,161.46470642089844,100.53216552734375,81.84422302246094,97.41487884521484,163.0194203514727,100.62883889362261,82.26209336639869,98.09157690409356,160.0607422597036,99.81677376603399,80.85299224652698,96.72851904469702,160.59783414191023,99.8264433153734,81.18340497656347,96.73818816171143,4250900,4501000,782100,3446200
2024-06-20,162.19024658203125,103.02638244628906,81.55267333984375,98.27526092529297,162.83097264158155,103.287401283555,82.15518623980853,98.93261342610344,160.20208931965192,100.02946371407268,81.13480304445318,96.85420300358305,161.295093443453,100.08746626108613,81.52352080526353,96.92187207721801,5847500,9154900,643900,3476600
2024-06-21,160.55072021484375,102.20465087890625,81.7664794921875,98.98094940185547,162.94403996888013,103.37441565912181,81.8830970603903,99.02928761423442,159.79691384948265,101.74060836141057,80.4156908374181,97.58889148954933,162.72732549129924,103.11339681382807,81.59155684697112,98.53626587439672,12228100,10324700,1486400,7865800
2024-06-24,162.7650146484375,101.79861450195312,82.04829406738281,99.56097412109375,163.39632331067514,102.75569340006194,83.17556749229301,100.0539958760229,160.84280780498406,101.45058447069441,81.55267870439359,98.29459257205859,161.24798463457523,102.75569340006194,81.95111647433153,98.77794520914082,6249900,5201300,928600,2948000
2024-06-25,160.8899383544922,101.98229217529297,80.59060668945312,98.65226745605469,163.3963385021906,102.45600422746203,81.84421763880471,99.74464166414027,160.76744068197982,101.33457248237448,79.70627355368632,97.91756944754454,162.16198754203432,101.89528835491826,81.5623974333683,99.4546271573829,4844600,4637400,922500,5115700
2024-06-26,161.266845703125,101.39259338378906,80.05612182617188,98.07223510742188,162.39756256163813,102.13699395726321,80.23104446322382,98.41058781225763,160.3245912394721,100.85121651268545,79.46332885695,97.22153722543848,160.45650628927706,101.59560971045292,80.1727393889316,98.23658058919568,5576100,5406600,876900,2356100
2024-06-27,159.2315673828125,101.17023468017578,79.70626831054688,99.73497009277344,161.6531535798513,101.81795442216473,80.3379337353753,100.57600624137258,158.06316681578727,100.46450501117025,79.36614305538525,98.25591237053452,161.39874088024496,101.7502823204003,79.38558302092278,98.56525772828792,5382000,4137600,868500,4338300
2024-06-28,161.61546325683594,100.454833984375,79.47303771972656,98.78760528564453,161.89814242533274,101.66326953489994,81.01818869982853,100.50833933611031,159.28809396121275,100.08746485656405,78.96770984683096,98.27525271728959,160.1738153129281,101.21855876168613,79.82288294487515,99.58030324289423,24463400,8283600,1378400,6196500
2024-07-01,160.53189086914062,99.76844024658203,77.91818237304688,97.26020050048828,163.83921328971917,102.00163425222418,79.92006893886892,100.00563943864762,159.74981792682232,99.19806218337274,77.90846238961011,96.87351698621066,161.37992852621872,100.69652527856911,79.87148385003513,99.43528697100345,5194500,4588900,623200,2705600
2024-07-02,156.37652587890625,99.76844024658203,78.608154296875,98.23658752441406,158.8923430690234,99.95212481811987,78.81222946758815,98.53626378375341,155.89596699672774,99.28506600628714,77.43228836228488,97.11520592432075,158.8923430690234,99.28506600628714,77.7432611101585,97.21187497165194,5965500,3650500,1028800,2291300
2024-07-03,154.3789520263672,98.92737579345703,78.75392150878906,98.23658752441406,157.45071046424576,100.21315306886409,79.37586698174856,98.74894011310735,154.07743810533466,98.78236204328908,78.25830616140185,97.3278822536747,156.4990243519486,99.92312556852819,78.49153386021794,97.91757303038315,3527600,2017800,539800,1230800
2024-07-05,157.59205627441406,100.5611801147461,78.20972442626953,97.94657897949219,157.64858924081307,100.60952049213871,78.38464706142409,98.27526261091089,154.1810997768301,98.37633371987347,76.93667347602103,97.28921909203079,155.2081536735103,98.6373525809579,78.10282684844313,98.02391717222318,5978300,6582700,1190100,3059600
2024-07-08,156.90420532226562,98.72434997558594,78.77335357666016,97.73390197753906,158.03490771670596,100.39682058925864,79.05517377582655,99.31929804094408,156.05616774318963,98.55033496730215,78.16112809071753,97.26988757503689,156.92304005818258,100.32914849579856,78.44294828988392,98.1302546810783,3500200,4542000,726800,2338700
2024-07-09,158.3458709716797,98.26031494140625,78.45266723632812,96.37084197998047,158.79814910413796,99.1787230473508,79.02602019610117,98.08190690742197,155.34007682819083,97.39990938405025,77.93761193241158,96.15816565982243,157.37534999074703,98.98537630158529,78.55955739332714,97.49221615621114,4224600,6268500,968600,2809300
2024-07-10,158.4306640625,99.6234359741211,80.6489028930664,98.28491973876953,158.7227606441822,99.65243724903695,80.7849529891199,98.4395961169691,156.51788866213403,97.90261744682103,78.79278663166559,94.98845871367952,157.78050618576893,98.04763119710604,78.88996421253606,96.48684740676565,3887800,6598900,1014100,4519500
2024-07-11,160.09844970703125,100.71585845947266,83.65174865722656,99.79298400878906,160.5130439464413,101.1605618818908,83.94328143064709,100.79835095635615,157.68628072609417,99.63309749029868,81.40690700676122,98.41059523666485,157.84646224992784,99.94245671353329,81.81506475222989,98.97127866405306,3689500,5025300,1004700,4581100
2024-07-12,160.4470672607422,100.75453186035156,85.3523941040039,100.57601928710938,161.71911636601573,101.44092242396164,86.13954233812737,101.79407001798361,160.08900601203936,100.64818893317336,84.2056805779819,100.2376739105821,160.77686202956426,101.189565743749,84.48750082068466,100.33434296453618,4133500,4277600,999000,3381000
2024-07-15,159.78143310546875,100.06449127197266,85.32322692871094,99.29996490478516,162.00655939866598,101.23074854327217,86.67401541654083,101.50405170459626,159.20137732718356,99.69518054755414,85.22604192679825,99.15495764156059,160.61823868981134,101.0072134897848,85.73137724571536,101.40738265423848,2395100,4970800,1154700,3316600
2024-07-16,160.8939971923828,99.83124542236328,89.38532257080078,99.87031555175781,161.5120975061528,100.9489058896703,89.54080524608149,100.2376682616073,159.04922914870303,99.62715206282937,86.00348726688273,97.51155979162866,160.3234597986001,100.02561793196627,86.26586752512073,97.51155979162866,3829500,7656900,1338300,3609000
2024-07-17,166.66603088378906,101.73612213134766,87.59722137451172,101.15604400634766,167.11295982802162,102.67884435497503,89.53108297410968,101.31072039759307,161.1887789748073,99.61742919432851,87.59722137451172,99.27097158414594,161.1887789748073,99.7632122809947,88.88970490693099,99.43530971831198,6983200,13438300,850900,3567900
2024-07-18,162.73876953125,97.25576782226562,86.5088119506836,100.55667114257812,168.00680560587892,101.22102925931543,89.84205462177675,102.00672893513355,162.3393889921399,96.90589137694735,86.33388931376244,99.99598773474195,165.88627994236415,99.51052301718566,87.2668149867921,100.75001660681072,5957800,13078800,1025900,3023800
2024-07-19,163.86085510253906,99.16065216064453,85.50786590576172,100.46001434326172,165.315746569725,99.52024947605436,87.1501946436702,101.26238152303333,162.81484806285187,97.26549415405444,85.09971557069245,99.69631626105001,165.14457518607693,97.7805880012386,86.83922190064006,101.26238152303333,4293600,11963600,1038600,2884900
2024-07-22,165.0875244140625,100.80311584472656,86.30473327636719,101.47505187988281,166.15253922082644,100.91002294208249,86.56712092819487,101.54272095277278,163.5565583744701,99.43276527761984,84.22510168519027,98.99061966752865,164.81176683364632,99.61742433938653,85.66335524311891,100.59534655693747,4066900,7880300,1138800,2686600
2024-07-23,164.6500701904297,100.99748992919922,78.20000457763672,101.2430419921875,166.01938299094687,101.39596319194415,82.67024064420265,101.765056326104,164.2887342362136,100.46296184884903,77.57805907694103,100.70168204808331,164.81173766831893,101.08496274424579,78.63730745919065,101.50404915914575,2933800,5894500,2721300,2172600
2024-07-24,167.55987548828125,104.24357604980469,78.48182678222656,99.81230163574219,167.93072984773946,104.29216547279061,80.17274069175632,101.60070459675562,164.45989926896408,100.62819079498055,78.37492920150352,99.64796353873209,164.69762679450747,101.28906774924772,78.59843693270597,101.07868295739299,6117700,8680900,2167100,3252000
2024-07-25,173.227294921875,102.9801254272461,79.86175537109375,99.94764709472656,176.9738831184529,105.6527881997246,80.9793160938374,101.30103580994725,163.36636161474786,102.94124944259336,78.82193967922383,98.38158206170868,168.3110913397304,104.01031306861759,78.88024474529202,99.29995639988975,9442200,6356600,1505600,4598100
2024-07-26,176.07052612304688,102.2803726196289,82.1163101196289,122.92625427246094,177.67756659141193,104.12694111059673,82.51474784587691,123.76728319595298,173.17024727567835,101.71668937877769,80.95016430253466,108.93802685698002,174.44446338903455,103.4660642006136,81.19311196561048,108.93802685698002,6948800,8611600,1149800,32748900
2024-07-29,173.0086212158203,101.8235855102539,82.1163101196289,120.99283599853516,176.9929376693285,102.222058778231,82.88402562464942,124.36662797447818,171.6678342189126,97.10998190065646,81.45549217949569,119.99712336799959,175.0055241274216,97.76113793800688,82.1163101196289,123.73827544478588,5458500,19452700,1059000,10816700
2024-07-30,177.6110076904297,102.3581314086914,83.03952026367188,122.5298843383789,178.49536172993425,102.70800787933656,83.55457561166754,123.43858958826688,173.63620998116653,99.88956182795562,82.59249738876792,119.97778319544388,174.57760180191923,101.813882416504,82.81601253330757,121.6598481816112,6032200,9126300,881100,6746500
2024-07-31,176.22267150878906,102.96068572998047,82.95172882080078,123.3032455444336,178.2956486187223,103.82565595223573,83.74183579519654,124.31828890794306,174.4444597066105,100.63789952664298,82.6786057897526,121.15715891898503,177.24013779850998,102.53305733611565,83.517487923426,122.41387119601458,6473900,8238400,1746400,6889900
2024-08-01,180.39715576171875,107.05229187011719,80.51312255859375,122.25920867919922,181.59529722639869,107.5673856806131,83.76135181192795,123.68026651319884,177.60147783439606,103.33972067983896,79.36209871396082,120.28712917236052,178.55238790438412,103.65072113607248,82.93221872701382,123.2549138621036,6595500,9069200,874700,5563700
2024-08-02,179.99777221679688,108.17967224121094,80.3765640258789,121.0701675415039,184.39098688629727,108.88914601373966,80.4350882676314,123.49659986621147,177.30670931606943,105.35151283103214,78.29886413912533,120.6254839965024,181.60481265888853,107.08145343616715,79.69374895657147,121.6211892576336,6303900,9885700,1106000,4021400
2024-08-05,175.30978393554688,105.57502746582031,79.64497375488281,120.46114349365234,179.99776369218458,108.85025660626009,80.53262358694865,121.14750334579985,174.054575658068,105.32234470880861,77.71359209596669,115.33760264614867,178.2480926172774,108.20881403499511,78.74756740275966,115.58894807980332,6459300,7121400,1243300,6669700
2024-08-06,176.59353637695312,106.42057800292969,79.65473175048828,120.73181915283203,178.5999574424244,107.52851767388287,81.38126373040465,121.93053160835414,174.0926379538536,105.57504197411329,79.29381492212411,118.63407051182438,176.32726817689337,105.88604245341881,79.7912932656435,119.25276128727938,4273200,5634800,860000,4334300
2024-08-07,178.30514526367188,106.84819793701172,78.29886627197266,118.74040222167969,180.28303998661897,109.19041848833622,81.56660877700638,122.35587762697223,176.85025399073854,106.3233832796791,77.99648109195451,118.6050640828713,178.67599961736593,106.52747663283583,79.97663070699953,121.21516518889057,6351000,6365100,1291700,3410100
2024-08-08,181.0532989501953,106.67325592041016,78.51345825195312,120.96382141113281,181.3480933047294,108.09219590720255,79.48890191372136,121.55351218481523,177.7441354680469,106.14844128176057,77.83065066553317,118.11204396493129,177.7441354680469,106.85790756773903,78.81585084769156,118.37305112892369,5744600,5476600,1075100,2932900
2024-08-09,180.60638427734375,105.65278625488281,78.29886627197266,120.0357894897461,181.6333691309296,106.2067560500239,79.2743100186585,120.49014213869663,178.8662312165411,104.66147461641197,77.6550772690235,119.23342235970048,181.41466382712338,106.2067560500239,78.55248372988362,120.49014213869663,3206500,5435000,628000,3247700
2024-08-12,180.84410095214844,104.76837921142578,76.93324279785156,119.25276184082031,181.2149698719674,105.35150412685657,78.43542690102522,119.95845255264192,178.48584763957965,104.0977814805208,76.82594340176456,118.46006382012808,180.74901863479423,105.35150412685657,78.2403337072105,119.87145261914714,4808300,4795900,698800,2585800
2024-08-13,181.84254455566406,105.19600677490234,77.61605072021484,121.17650604248047,182.51769714880206,105.5070072435744,77.83064951335413,121.22484425689795,180.08336947787413,104.57400583755822,76.69913131027222,118.6534046577091,181.20543649411164,104.76838576475079,77.55752648282937,119.32043366471505,3477300,4920400,679900,3056600
2024-08-14,183.52566528320312,106.79960632324219,77.80139923095703,121.96919250488281,183.85848965108337,107.08145165751942,78.37690749825408,122.81022867843932,181.11986368146142,104.6809133059479,77.22588352161442,120.48046562171255,181.62384491757408,105.03078976126888,77.98672849155417,120.80914922272757,4153400,5822900,652200,3252800
2024-08-15,183.90602111816406,107.82007598876953,78.27935791015625,122.92625427246094,185.41797931622693,108.19910756351352,79.25480162243234,123.6802832557475,181.89960007859386,106.67326041484685,77.89893545773218,121.96921067794206,184.94252423111303,107.36329244617144,78.87437917000827,123.08092329128505,4719900,7458500,735100,3359900
2024-08-16,184.38148498535156,107.87838745117188,77.69408416748047,122.81990814208984,184.71430936467877,108.4615123868597,78.54271533590676,123.1002461815163,182.83151120067677,107.4604798878757,77.47948538492172,121.8241955134982,184.36247722805282,108.22826389555173,78.19156248686268,122.52022449157643,3674900,4643300,834200,3812600
2024-08-19,187.20567321777344,108.75308227539062,78.71829986572266,122.84891510009766,187.50045303740959,109.09323788158648,78.72805638603074,123.59327495899332,183.85847999703222,107.72288719183676,77.63555681490408,122.31722421847478,183.9060138958867,107.8783911345755,77.94770592840696,122.84891510009766,4309300,3495800,584900,2243600
2024-08-20,186.52101135253906,107.65484619140625,78.81585693359375,123.4482650756836,187.78572353376893,108.93772394193022,79.11824211063684,123.80595607071801,184.60018338682454,107.22722521778854,78.40616490806217,122.65556701689141,187.44339531546808,108.67532033118378,78.65002584233437,122.76190519096882,3631800,5822400,605300,2792900
2024-08-21,186.8823699951172,108.2574234008789,79.86933135986328,124.92730712890625,187.65260489248902,108.31573367235114,79.92786304529939,125.662012511172,186.06458668845653,107.56739133405823,79.03044914171583,123.40958765639772,186.79679156423973,107.84923667090095,79.1962802347321,123.58358750961821,4250400,4081400,573100,3664600
2024-08-22,186.73023986816406,108.94744873046875,79.13774108886719,124.31829833984375,187.8428031118617,108.99604556358119,80.08392262539688,125.43000345280514,185.76032186683102,107.9269819686288,78.89388017500055,124.0282838210165,187.33882184359882,108.64616912671157,79.81079959259336,124.80165095430543,3676700,3690400,627700,2300400
2024-08-23,187.85231018066406,109.52085876464844,80.51312255859375,126.20337677001953,188.26119459604476,109.60832416528662,81.04961211948822,126.30003844719757,186.59710177023987,108.74335393418744,79.1865185531848,124.55998075047418,187.5670342228642,109.23901344897722,79.81080191548963,124.92731872495371,4720300,4511600,562300,2618800
2024-08-26,187.74769592285156,109.53057098388672,80.3375473022461,128.14720153808594,188.25167712435325,110.07482732510441,81.1764295169385,128.21522798404334,186.44495370497785,108.90857009235408,80.1034428876014,125.96038932637983,187.86180049383702,109.56944696646195,80.9228120598804,125.96038932637983,4182300,3212700,562100,3915800
2024-08-27,186.3023223876953,109.9193344116211,79.75227355957031,127.70983123779297,188.5654932794165,109.98736553423738,80.36680036954581,128.8955706384252,185.5986436247074,108.98633298081077,79.0011777942226,127.27247174778564,188.2707134425428,109.88045842514947,79.84005991440496,127.63209096290848,2504500,2705300,702400,2878500
2024-08-28,185.80783081054688,109.7249526977539,79.83031463623047,127.9139633178711,186.59708794777458,110.2303256498559,80.62042915123008,128.89559389077226,184.50508859510697,109.20985889613969,79.58645369351171,127.46687509014751,185.92194989105604,109.91932519898492,79.7132661466345,127.70985427623644,3910200,3836700,577000,3274000
2024-08-29,185.59864807128906,109.5888900756836,80.08392333984375,129.1774139404297,186.79680422372363,110.3080772254932,80.90329988760865,129.43982069400352,184.33395025886776,109.35563417722999,79.13774179487295,127.651498054326,186.37840140920605,110.1137047249508,80.37655941591218,127.95278976934839,4538300,3375800,603700,2992600
2024-08-30,186.6731719970703,110.08454132080078,81.66414642333984,130.90744018554688,186.85384724981134,110.27892123466782,81.80070794374987,131.19901811146275,184.6382248262405,108.74335328187819,80.40582317780917,128.8858520175381,185.6652095446599,109.82213770562471,80.4545983388319,129.33294014797835,3820800,4320100,1007100,6092800
2024-09-03,187.9854278564453,111.43546295166016,79.26456451416016,127.17529296875,190.13447954886306,111.60068032521947,81.6153801798273,130.02300148657758,186.47348421651773,110.17201940304395,78.66954320648374,126.55326693831961,186.5115142378249,110.17201940304395,81.4788186444962,129.27462155253355,4872400,4436900,740800,4024100
2024-09-04,187.3388214111328,111.18277740478516,78.37689971923828,128.43878173828125,190.06794367022974,112.3393064828623,79.2645570574305,129.12884909784947,186.7968101186672,110.37611737334414,77.80139150906122,127.17530193415556,188.9268397729023,111.46462274401766,79.09872597266124,127.50575004199546,4214300,3659200,625100,3300700
2024-09-05,183.3925323486328,109.9193344116211,75.94804382324219,127.70983123779297,187.45292275715622,111.26052999296539,77.98671749671027,129.21630488583588,182.72689814471192,109.35564373003686,75.05063744378383,127.02949260552937,187.29126977261384,111.04671577478955,77.90868766000766,128.2152320061616,5902800,2928000,1561800,2726000
2024-09-06,183.90602111816406,110.65796661376953,75.0213851928711,124.98847961425781,185.18025177367,111.1244636356213,76.69914225435467,128.39018768492284,183.36400986619782,109.83187226749482,74.89457273771534,124.4247662114866,183.9725917947541,110.43443153862306,76.12363399249404,126.83511520622501,4312600,3802200,864900,3562200
2024-09-09,186.7777862548828,113.15568542480469,75.9773178100586,124.8524169921875,186.9584615207402,113.4472516093122,76.07486070270662,127.30163622546603,184.41953293938843,111.10502352765383,74.91408762871747,124.5899953492395,185.39896931875765,111.24108576980105,75.43107165759311,125.7562923408394,3606900,5101000,830900,3616300
2024-09-10,189.56394958496094,113.81655883789062,76.74791717529297,126.43663787841797,189.6780541630825,113.95262107583908,76.8747221879981,126.50467916483706,183.44008572364837,112.18380456767322,75.8017355146714,124.8524237678807,186.49249926630264,112.88355745702866,76.22117663921358,125.23147068147816,6333300,4963700,556700,2732500
2024-09-11,185.03759765625,113.3208999633789,76.5333023071289,126.57269287109375,187.97590645881078,113.43752791722723,76.64060169617098,126.71848925718902,183.9250345516805,111.49377317543741,74.74823877165883,123.55003910987051,187.97590645881078,113.1168066052713,76.5528153462514,125.86319791562802,4909300,6535600,593100,3283800
2024-09-12,184.49560546875,113.54443359375,77.45022583007812,128.32215881347656,185.49406410452065,114.01093057360673,77.46973142820877,128.99278369938472,181.88060235635663,112.33930033030921,75.96754734264242,126.44636672879707,185.21829201448742,113.22371228582612,76.47478219857096,126.64074709986293,4165200,4349300,982200,3978800
2024-09-13,184.67626953125,113.12652587890625,78.00623321533203,129.43984985351562,185.03760552733294,113.75824764415314,78.61100354127238,129.62451638632808,182.3940764293788,112.67946318430397,77.46973620808356,127.66125546866184,184.34344516960078,112.75720773761704,77.79163441243264,128.1763700968909,2718100,3350100,986200,2670100
2024-09-16,186.12164306640625,114.32193756103516,79.69374084472656,130.8296661376953,186.5305419835923,114.37053439767881,79.91809615201618,131.48084834078966,184.91399760040457,113.14596677965376,78.47443631869315,130.07157253825608,186.20723600890227,113.70965745944075,78.83535313753497,130.21735406496853,3235700,3637100,821000,3069300
2024-09-17,183.95358276367188,114.80787658691406,80.44483947753906,129.81890869140625,186.45448133442116,115.20634988695703,81.2056843382696,130.65474273878672,182.40360894130504,113.96234797972203,79.91809901040764,128.59428427166728,185.23731738973635,114.48716267461859,80.0741661254589,130.32429465071482,3534100,4982500,583600,3969000
2024-09-18,183.4686279296875,111.64927673339844,80.85453033447266,129.6147918701172,185.97903043629628,114.19559827491203,82.22015304741745,130.50895331765005,182.3655685454872,111.29940026464584,80.27902210488564,128.05971945598287,183.6493032006888,114.19559827491203,80.86428685556339,129.51759428288267,3236800,5990200,904200,2960900
2024-09-19,184.11521911621094,110.9397964477539,82.22014617919922,130.081298828125,184.62871872410392,112.40733326238201,82.42498845272277,131.51974590410532,182.53671929018466,110.06510538556378,81.31298328671232,129.57591293358246,183.93454386564628,112.24210848436495,82.42498845272277,130.62556968702842,3929300,8144100,679500,2691500
2024-09-20,183.9725799560547,110.50244903564453,80.85453033447266,130.98519897460938,184.30540429811217,110.94951913080295,82.12261016264533,131.1601368369212,182.6983638922827,110.01651037248895,80.59116380138344,129.0413658541503,183.52565104402865,110.5510458678943,81.95677907228317,129.27461633723274,11661200,8403400,2338900,11579600
2024-09-23,184.31491088867188,111.58123779296875,81.91776275634766,131.83074951171875,184.7618398072764,111.66871061144721,82.13235411262731,132.2681089575437,182.76492274501211,109.78326615245734,81.03986196413231,130.9074318304731,184.19128792956175,110.58992614417319,81.25446076245657,130.91714565628487,3178000,5005200,668400,2638400
2024-09-24,184.0106201171875,110.15257263183594,83.63453674316406,133.36639404296875,185.62717899942942,111.1924884894845,83.66379886203349,134.06617516567306,182.18487434838687,109.99707611530275,81.7811923136404,132.5208313656469,183.47811274833785,110.99810857527355,81.97628550951075,132.63745660934092,4286500,5029800,940700,3145300
2024-09-25,181.87109375,109.44310760498047,83.7320785522461,132.76380920410156,185.0186189445718,110.97867557829498,84.00520902298135,134.01757505228846,181.5858322756412,108.70447875208407,83.0687840208793,132.21952346825378,184.4765931238115,110.61907829396114,83.8588909884557,133.3761065577417,5589300,5159100,805800,3579900
2024-09-26,182.4796600341797,109.55973052978516,87.11687469482422,135.5240478515625,183.40204408116475,109.75410302249959,87.70214687000043,136.76809986517506,180.31158595727862,108.9474430895476,84.61974119770647,133.68712614159787,180.7680332964332,109.15153643134836,84.79532136185037,133.696839968326,6215700,3508700,1799400,4111100
2024-09-27,185.22779846191406,109.26818084716797,88.36544036865234,133.44415283203125,186.50202920538874,110.19146144899152,89.79934378471371,135.37825738460057,180.92969464276842,109.16127373560906,87.61435200131031,133.2011736807822,183.14531723352712,109.75411956704066,87.7606700433248,135.0964080944707,4891900,3566400,1631300,2956100
2024-09-30,187.78573608398438,110.8037338256836,87.62411499023438,132.86099243164062,187.91886292723544,110.88147837495357,88.60930783229777,134.07588814668904,184.82840487843652,108.94744461055346,87.2827111616953,131.4322738843221,185.28485220650103,109.40422813112833,88.37520341302032,133.95926290373077,4550200,5035600,1065800,3814000
2024-10-01,187.29127502441406,110.36638641357422,86.75596618652344,133.21087646484375,189.2025992584971,111.00782900579648,87.93625218581145,133.4830119052612,186.77777540289227,109.62776498686655,86.06340204357154,131.1115332128212,187.9473908589886,110.99810815641372,87.75091549894935,132.18064732179636,3924600,4264000,847600,3050500
2024-10-02,187.15814208984375,110.44413757324219,85.8683090209961,131.62664794921875,187.3292989516231,110.58992065357785,86.3657873993044,133.3663868350694,184.9044751749211,108.8794145016327,84.99040818928879,131.56833533052327,186.05508283703023,110.19144739498273,86.2487314743951,133.3663868350694,2946900,3454000,981900,2624900
2024-10-03,185.85536193847656,109.07379913330078,85.361083984375,130.99490356445312,187.37682378608875,110.31780096496671,85.85855493474502,131.79188220617337,185.18022394452862,108.6461707231022,84.43440796383341,130.0812996894153,187.205652436108,110.31780096496671,85.48788899175547,131.2087263790479,3453800,3472100,886000,2504900
2024-10-04,184.75233459472656,109.4722671508789,85.25377655029297,131.47116088867188,186.03606915626068,109.5791742555346,85.97560276795981,132.11261456514853,183.5732152443128,108.53926575874956,84.60998016871983,130.28542146599565,185.52258403748985,108.97660761246034,85.91707853037842,132.0251456315749,4749700,4366300,653500,2387300
2024-10-07,184.105712890625,110.17201232910156,85.98535919189453,131.0629425048828,185.51305583589993,110.41498165632439,86.23897662453716,131.4711456444984,183.37350801968162,108.65588609997852,84.17103340845969,130.07158354852012,184.87594778290563,109.14182475442415,84.74654158948377,130.93658861752496,5033800,6912900,629900,2254200
2024-10-08,183.53518676757812,111.40629577636719,84.32710266113281,130.90744018554688,185.4275034364097,112.05745922337236,85.71223833450594,131.2476020738909,182.8125001828193,110.55104639448037,83.81987522502824,129.55647679806378,184.79989917321058,110.55104639448037,85.5951824144612,130.70333118832497,4419000,4341500,1536800,2882100
2024-10-09,185.1897735595703,112.68917846679688,85.52690124511719,131.2184600830078,185.32290041588598,113.00017892965556,85.7219870022123,131.7335747152189,182.52722192351828,111.33826951111357,84.71728121328776,130.46036629106428,183.3830498653238,111.74646364316978,84.84409365323972,130.81025687428985,4478900,4256900,635500,2671400
2024-10-10,184.8094024658203,112.36845397949219,84.14177703857422,129.71197509765625,185.25633141888702,113.56385888367544,85.24402575868365,130.713047848216,183.79192159104434,112.20322920632843,84.04423415536856,129.19684573866402,184.99006321494807,112.95157886554513,84.86360330475009,130.6547204041706,3562500,4068300,808400,3060100
2024-10-11,184.6572265625,112.85440826416016,78.88414001464844,130.96575927734375,185.65568502576855,113.9817822114938,81.1569183328716,131.07267069445442,184.07717084648579,112.68918346809302,77.54777937644631,129.3621028509537,185.42746138824728,112.94187367251665,78.36714856748739,129.65366596101,2973000,3471300,2379100,3103600
2024-10-14,186.0455780029297,113.95262908935547,80.5911636352539,131.9473876953125,186.70170837369156,114.27335042200352,80.67894999875432,132.0834554213768,184.15327595885006,112.71834801121412,78.6695382968197,130.26597618817416,184.7048056254363,112.99047250624773,79.04020423500768,130.62558057200062,3623900,3674100,1345400,2207900
2024-10-15,183.89852905273438,113.31792449951172,78.96216583251953,131.91824340820312,188.10635990716204,115.57353951075852,80.97158494804815,133.10398291352286,183.28508724111873,113.08356927642996,78.91339811194703,131.20874840264992,186.64943011997244,114.00144194238003,80.47410656912099,132.18066505748436,6553500,6544900,1379200,2465800
2024-10-16,182.55662536621094,115.04624938964844,78.25984191894531,132.5208282470703,183.1125446545558,116.70622454985634,79.90833651321164,133.20116686972537,180.89840339636189,113.89402897086772,78.23057236014574,131.52946920819022,182.54703096860098,115.23177874218013,79.36209048832282,131.79189083059637,5576000,7356200,1158100,2021100
2024-10-17,180.7450714111328,115.1146011352539,76.81619262695312,131.86961364746094,183.6684963463368,115.96412204184371,78.25985260098167,132.8221024233571,180.63963540646068,114.43108370451355,76.29920864825448,131.32534282138755,182.63331047108514,115.915296175456,77.90869226789486,132.77350363597176,4419000,5046900,1772800,2328500
2024-10-18,181.0230255126953,116.57928466796875,76.81619262695312,131.3448028564453,181.818585409725,117.02845431777104,77.22587720153942,132.29727692937058,180.35207578797363,114.89977622536306,76.35773288975396,130.51866785128573,181.12846151412353,115.12436477515473,77.06005355592758,131.87935992859155,5607900,6741800,1032200,2791400
2024-10-21,178.79928588867188,114.23579406738281,76.66987609863281,131.05322265625,181.52144769674578,116.12035788854624,77.64531983383691,132.02513919596754,178.17626429166165,113.85497612759481,76.19191075215544,129.99383718722254,180.8792519292656,116.09106534699049,76.8942314322296,131.48086830656882,4496500,8303300,1196600,5940600
2024-10-22,180.9271697998047,113.38627624511719,76.2894515991211,128.0305938720703,181.253072203262,114.44084494987179,78.28911417968463,137.37071476449853,178.5021563856484,113.1128618181853,76.0846093132462,127.14616086916664,178.5884328420499,114.11861955524806,77.7038494426071,136.2530163944122,4210400,5360000,1549900,13082300
2024-10-23,180.08367919921875,114.25531768798828,75.40178680419922,124.31786346435547,181.41599875248195,114.39202117015542,78.26958568219315,128.43878060887883,179.71944311431324,113.20074158288662,75.3335060557242,122.37403014553614,180.8696446251237,113.42533013203608,76.07483777001192,127.53490523415806,4266700,3655600,1396300,8116200
2024-10-24,181.78024291992188,113.79638671875,75.44081115722656,122.91828918457031,182.56622306961785,114.64590764048214,76.08460756263028,125.31892428698326,180.36166136689877,113.4741538743225,74.65070415245356,122.33514072849009,180.6108670939302,114.4506116212315,75.30424963645208,124.44419048016053,6741800,3768000,851400,5084900
2024-10-25,180.05491638183594,111.531005859375,74.98236083984375,121.24658966064453,182.00067761998096,113.64991739771251,76.19190895926198,123.47227945084448,179.403126294959,110.53501477836801,74.7775185533165,121.00361052304804,181.8089651896257,113.4155696226797,75.47008269596907,123.04463379583153,4017400,5989600,822000,3774600
2024-10-28,181.80897521972656,111.38453674316406,75.10916137695312,126.63101196289062,182.2498933580214,112.1266467290878,76.32846594476081,127.12669893856048,179.73861833835844,110.87678198423616,75.05063713915258,122.5198087456134,180.2849578433176,112.06805419744808,75.43105956894503,123.09324341665035,5383700,4104700,710300,5239200
2024-10-29,181.58853149414062,110.73030853271484,74.4751205444336,125.6396713256836,183.22757933271672,112.03875832046441,75.14817903856182,126.55327536281737,180.69713003193021,110.68148266609917,73.6557514577074,124.18178891433989,182.58538357889054,111.45288516998279,74.19224099533687,125.38696350163387,6131500,4543600,877300,2820400
2024-10-30,193.13848876953125,111.7555923461914,74.04593658447266,123.97767639160156,193.9532227361709,112.03876600245943,75.02138030746424,125.81459813191852,180.7258692154194,109.85150261412595,73.85084337464734,123.8416086638103,183.66846786579927,109.98820611028543,74.20200371028791,125.37723863760878,10396400,5188000,917400,2737200
2024-10-31,195.41017150878906,110.7010269165039,73.58541107177734,124.86212158203125,198.7170214289839,111.77512904000821,74.30069200646666,125.523017723944,193.0618400460016,110.6033751736364,73.30125878131325,123.40424674282042,193.58902007861295,110.89631550267485,73.8891641963578,123.43340305318306,8829300,5323200,1977500,3408800
2024-11-01,195.1034393310547,115.8078842163086,73.87936401367188,123.64722442626953,196.23446672471107,117.0968081099891,74.77100760506971,124.91071890475705,193.92448382524537,114.33343097171506,73.51682333664802,123.28761263405144,195.8894047930588,116.9308120853728,73.88916443076114,124.86212011130183,4493900,10149300,811300,3068700
2024-11-04,192.1512451171875,114.88025665283203,73.62460327148438,122.3156967163086,195.76480829691212,117.73151151661077,74.74161156898728,125.19256882347321,191.91161918319844,114.7142606220147,73.29146385580314,121.95609233737228,195.33346991524678,116.78434629992843,73.87936177940557,123.66666013181514,3531800,5604000,716400,3642900
2024-11-05,193.31103515625,114.95838165283203,74.38887023925781,122.96688079833984,194.0203332180306,115.46613643791076,74.45745820475642,124.30813040653157,190.11923044225477,113.59133922407585,73.29146279128,121.32434684234605,192.17042794458573,114.8216707051527,73.4874262711253,121.97552916262569,5109300,4059200,709000,3943800
2024-11-06,192.8509521484375,114.05026245117188,74.67302703857422,130.1590576171875,197.5955427999271,118.15138181526024,76.34853956192734,130.62557339086564,192.5154846103037,112.78086446002114,73.94795314861786,125.96038599354613,197.2504808638766,118.15138181526024,75.4470955392218,127.0294852594864,7194800,5256100,1422200,4803200
2024-11-07,192.1895751953125,112.58558654785156,74.49665069580078,129.33294677734375,193.92447921007977,114.7240240493355,75.11394984672897,131.01435831292514,190.95311183458853,111.84347653900171,74.1341175188073,128.75950472255022,193.56982288907346,114.7240240493355,74.72201542045482,129.61479606100556,4520200,5519000,1299000,3906400
2024-11-08,191.22149658203125,113.84520721435547,73.35025024414062,130.5672607421875,193.5123199410223,114.48967291497455,74.74161038559322,131.22817168248918,191.20232241201614,111.98994342118749,73.30125563647962,129.45927651104472,192.81261630433806,112.61487579463426,74.4770589405955,129.70225563919243,4596900,5685700,1289400,3465700
2024-11-11,167.19178771972656,114.05026245117188,73.58541107177734,129.26490783691406,171.16000694418466,115.06577190435523,74.18310942835218,131.53918912229864,165.5335804699426,113.5913261397592,73.18368367872665,129.05108499843138,171.16000694418466,114.18696593332275,73.56581771318888,131.0629594795357,20760300,5301100,1215100,3791300
2024-11-12,163.9904022216797,113.69873809814453,71.6649398803711,126.6893539428711,169.30052115931204,114.53849232444499,73.56581709518318,129.45930777451704,163.9328943370768,113.67920477207367,71.57675855417193,124.86214571225688,168.70623889200044,113.93308586252712,73.20327642235503,129.07054700770547,10557000,4598900,1323800,3144600
2024-11-13,163.28111267089844,113.01522064208984,71.63554382324219,127.75841522216797,165.4760797291411,114.0600301619575,72.01767784232251,129.33292996604985,162.6101483741445,112.82969873093835,71.15542806410777,127.14611793924497,164.5463299614053,113.34722015903425,71.90009526894103,128.30268606488536,8483500,4760800,1066400,2675500
2024-11-14,162.59100341796875,112.32192993164062,71.52775573730469,128.60401916503906,164.4984166095354,113.35697272715099,72.3116245438147,129.56620716403762,161.59415128087824,112.22428564995154,71.43957442122397,128.06946203766694,162.94564514190682,113.2495692321398,71.52775573730469,128.16664480519836,8442500,3812300,1002400,2283900
2024-11-15,158.14352416992188,113.17145538330078,70.77330017089844,126.81592559814453,162.59098056845926,113.61085839348314,71.80211974380867,128.24247704568478,157.88472408648482,111.7360612903589,70.69491178185912,126.73777187503796,162.59098056845926,112.16570508682625,71.31220352560526,127.12860012713939,11265400,6898600,1214400,1928800
2024-11-18,159.37998962402344,114.59707641601562,70.69490051269531,127.18721771240234,159.82090774900158,115.16342367069467,71.16521582090388,127.39241222737057,157.961408282729,112.79063115863832,70.19518395663754,125.62388985829904,158.7473736895091,112.85898289973538,70.5479241755575,126.80615496386837,8336900,6086500,801700,2433000
2024-11-19,159.657958984375,114.37249755859375,69.96983337402344,125.25260162353516,160.16596474559253,114.78261548970995,70.54793088608666,126.29807543084604,157.01247956682946,112.73204818347394,69.60729270466884,125.06695297974304,158.41190132218665,113.79639104192596,70.07760805761387,126.05380403830748,5246000,4542800,914200,2600500
2024-11-20,160.79856872558594,113.20075225830078,70.30297088623047,124.91061401367188,160.94235304993938,114.02097322865467,70.47934100768393,125.25259992223774,158.7761254180975,112.81016765108295,69.30354518167925,124.18757278885872,159.98384939000374,113.94286226703649,70.05801279951886,125.06695128096726,7135600,5624400,849600,1700600
2024-11-21,164.60382080078125,114.49943542480469,71.49836730957031,124.40253448486328,165.30353896630663,114.87048668002116,72.08626522063298,125.63366439044862,159.99342077816019,112.42934235674669,70.24418310582928,123.42544891477966,161.59412005130775,112.95663042454773,70.30297065427729,124.8031431467918,6847700,5561900,975900,2544800
2024-11-22,169.6072235107422,114.9876708984375,71.9588851928711,125.47733306884766,171.43796905249246,115.22201868100235,72.31162541248533,125.53595582036866,166.3003887347967,113.64015438668075,71.52775659655879,123.47431202797294,167.105528317085,114.4603828003303,71.62573832966785,124.7640647434366,11328600,5349500,716600,3052400
2024-11-25,169.71267700195312,115.34895324707031,73.90875244140625,127.33380126953125,172.71279851452405,115.85671545740625,74.37907524579599,127.60738404205212,169.4155431701535,114.811905945493,72.51739233652464,124.62727001015381,169.67434328600774,115.4954234019665,72.6153740737437,126.24923566805819,12465000,6879000,1303100,5074700
2024-11-26,173.6233673095703,115.1829605102539,72.40960693359375,129.9035186767578,174.11219895296546,116.1984775101992,73.08568612293574,130.17710143336382,169.33885441108612,114.25532858567342,72.26263059659696,126.67913343488175,169.74142422781267,115.84695210830346,73.02689857834783,127.01135384716795,6947500,4056800,850800,3080300
2024-11-27,175.4828643798828,116.14964294433594,72.60557556152344,129.4442901611328,176.5947322151582,117.6924479316135,73.41883820527221,132.4439499715865,173.38373887423887,115.31965537136145,72.51739423837186,129.32704466544996,173.62336480637893,115.56376980163519,72.73295855122359,130.84153025763717,5271500,3510300,609100,2579600
2024-11-29,175.33908081054688,115.973876953125,72.98770904541016,130.47023010253906,175.9237686725449,116.38399484613673,73.16407916595013,130.67542462460761,174.926931225758,115.08530432612505,72.55658789838941,129.01436729025465,175.54037302968985,115.91529187545802,72.70355676923313,129.8155845841559,2710700,2523200,381300,1618300
2024-12-02,174.22720336914062,114.0600357055664,73.14449310302734,129.8448944091797,175.11860469634902,116.01295134788293,73.35025701825684,130.70473443937877,171.43795438456496,113.84521379294647,72.26264241238077,129.3465861603008,174.71603493964804,115.95436626254366,73.12489226794172,130.47022854683124,3936600,5338900,841200,3001900
2024-12-03,173.9684295654297,113.55227661132812,72.52718353271484,128.14476013183594,175.89501682597728,114.67520455304263,73.14448266584752,130.17709980487217,173.94925539537664,113.3374547068528,71.76291553505266,127.74416639912268,174.71606131582763,114.34320503254939,73.14448266584752,129.84489430588383,4107600,4794900,1134100,2378400
2024-12-04,169.13758850097656,113.23979949951172,72.11566925048828,127.4608154296875,172.96200933690528,114.25531639106971,72.6447796883482,128.37927829278036,168.6104084811246,112.57580797233076,71.7531360161327,126.01473289478773,172.6265417792594,114.25531639106971,72.30183981441915,127.92981235008735,6125500,3557100,865200,2503400
2024-12-05,168.85960388183594,112.86874389648438,70.86148071289062,130.27481079101562,169.3867838694554,113.55226876803718,72.09607166216418,132.47325315398209,166.32915456686905,112.18522647471274,70.5283412764753,127.4607997954933,167.7189820792429,112.54651851180984,72.0470770506781,127.82233156673065,5444200,3269800,939100,4171800
2024-12-06,168.87876892089844,112.8785171508789,71.1456298828125,130.0598602294922,169.4059488800138,113.46439032514837,71.76292159252326,131.14442580364147,166.93300758365916,112.39028826402408,70.85167717788671,129.17070878662858,168.69665087814897,112.41958080527031,71.76292159252326,130.1966516123064,4839600,5300300,1066700,1912300
2024-12-09,169.24302673339844,112.19499206542969,72.39981079101562,128.4770050048828,170.73829035440698,113.14215723353226,72.91912073359953,130.78292787020223,167.1439010248258,111.169708492791,71.31219629878133,128.2620449565708,168.30368245816373,112.94686122219194,71.31219629878133,130.05011358981443,4394500,4868000,1313900,3442400
2024-12-10,168.38035583496094,112.7808609008789,71.5081787109375,126.79639434814453,169.57848554969618,113.6499076313188,72.36062819649341,127.60737713318885,166.6167124050163,111.57981468870625,70.62632797111357,124.67611306676024,168.24616589193485,112.37075046736857,72.11567007296058,127.13836534070931,4089600,4072100,954600,3225700
2024-12-11,167.13429260253906,111.45288848876953,71.4101791381836,126.79639434814453,168.69665838023184,112.86874926540932,72.20384842683588,127.67576536804495,166.62628678996526,111.32595166148273,70.99865134438024,126.2980711822778,168.6583246658668,112.59534228369527,71.91969614763045,127.28493711678746,9492200,4747700,1084800,4089500
2024-12-12,166.00326538085938,111.17948913574219,71.16521453857422,126.77685546875,168.61039672857908,112.07782855152345,71.6747315014007,127.67577242363166,164.8530638158316,110.63267513479394,70.73409342640592,125.81931576385433,167.6518929867882,111.70677725799172,71.20440872613986,126.6791409459647,4999500,3764700,864800,2915300
2024-12-13,166.17579650878906,110.71077728271484,71.02804565429688,126.94295501708984,167.66148030051326,111.59935741327406,71.35139212709169,127.17746092035318,165.23646689475214,109.49997175570472,70.62631827413502,125.95610396216557,166.06078073479472,111.1697136182976,70.82228175584407,126.72799499971742,5471600,4550500,981500,2382000
2024-12-16,164.50799560546875,109.96868133544922,70.44013977050781,126.50326538085938,166.1470287510394,110.97443168861939,71.919688559392,127.21653364668991,163.45363567949488,109.74409276105868,70.35195845636578,125.90724260827713,164.54632931841059,110.04679229847987,70.67529741708005,126.92340500442712,8157900,5047200,767900,3097800
2024-12-17,168.10240173339844,110.62290954589844,69.38192749023438,125.11581420898438,169.17592131309456,111.15995688782685,70.75369429864827,126.39579396102695,163.1469388245127,109.55856662681272,69.33294035721855,124.72497847761039,163.50158055160358,109.56833329114802,70.21479098230803,125.46756562176382,7664700,5805600,1148900,2693200
2024-12-18,165.84033203125,109.29491424560547,67.52025604248047,122.65354919433594,169.17592116933366,111.46265160270676,70.25398193168792,126.40555416777353,165.64863419583966,109.2167958390945,67.50065520767092,122.49721938106165,168.7254232120353,110.36901626089693,69.64649061209877,125.27214624874969,5471600,6454600,812600,3748900
2024-12-19,164.40255737304688,109.77338409423828,67.05973052978516,124.21688079833984,166.66462667154934,110.63267172614705,68.50987826697983,124.81290356826024,163.2715154109928,108.6602227981581,67.00093550358206,122.82942113424393,165.7540364635206,108.9141039121113,67.54964672015348,123.74788391829917,6110500,7738700,1300000,3038100
2024-12-20,168.29408264160156,111.54076385498047,67.33407592773438,126.317626953125,169.46345833426972,112.40004392984677,68.01016259762189,127.36311571622839,163.5782461579129,109.87101466950682,66.69718344637208,122.86851592931195,164.6613454014847,109.98819227280804,66.86375314095892,123.47431169348398,18950900,12311900,2859700,8351300
2024-12-23,170.9874725341797,111.61888885498047,67.17730712890625,126.02449798583984,171.23667822815776,111.8141848850611,67.29488970840626,126.22969252426017,167.38350392794635,110.30067231350887,66.72658512078154,124.82268685835862,168.0161052473685,111.31618932058275,66.84416770028153,125.55550106692041,6945600,4028200,574400,2067400
2024-12-24,172.5306854248047,112.05829620361328,67.50064849853516,127.37287139892578,172.69362931707747,112.1266479497858,67.50064849853516,127.37287139892578,170.46031368956125,110.9158349464701,66.77557466874093,125.15488305190655,171.00666788036472,111.45288970195543,67.09892113120647,125.78999759743527,2692800,1480000,381800,803200
2024-12-26,171.76385498046875,112.55628204345703,67.50064849853516,128.17410278320312,172.86614297788233,113.0835701246741,67.84358831833462,128.38906284303883,171.2175154931151,111.14042127984594,67.08912071477579,126.26878853388261,171.59133133991665,111.51147254450323,67.25569041646018,127.3435888330611,2759300,2960500,670600,1484900
2024-12-27,170.62322998046875,112.28288269042969,67.0499267578125,127.19698333740234,172.20476978305152,113.22028130411142,67.67701885206354,128.17406883819964,169.93310618036082,111.8141871084798,66.85396328168183,126.24922411803921,170.53696816185652,112.30241601871707,67.2164964600763,126.933180986769,2745400,2829500,517900,1842600
2024-12-30,168.8883514404297,110.14443969726562,66.648193359375,126.17106628417969,169.98104508909856,111.94111842243368,66.85396473196171,126.9429573358309,168.22698153783426,109.87102526320035,66.03090166819764,124.98878616703583,169.6743315060086,111.44312287261317,66.77557634959797,126.16128588648431,3405700,3475800,838900,2154000
2024-12-31,170.32611083984375,110.4471435546875,66.83435821533203,126.13197326660156,170.4603007777632,111.10136849985214,67.29488057814888,127.0699819783867,168.61997536103667,109.90032956467309,66.3150483085052,125.71183362584648,169.03213957253618,110.39831768424398,66.97153413503999,126.23945327619003,3326400,3519900,792000,2220300
2025-01-02,171.99392700195312,110.76936340332031,65.97210693359375,126.72799682617188,172.3198147890935,111.27711812726861,67.92197101046764,128.60399935188863,170.51782293566964,110.1053718721381,65.93291274668086,126.02449401538524,171.24629519587464,111.01347782728759,67.12830928318027,127.30447374055062,4092000,3569100,815300,3248900
2025-01-03,173.70004272460938,111.15018463134766,67.21649932861328,126.89409637451172,174.0355248718614,111.54076921132727,67.39286945486863,127.86141644214935,171.3804655117865,110.61312990265303,65.81533873545342,126.33716536039968,172.20477928374882,111.25759557708658,66.0994910208386,126.72799361910488,4380200,4416700,932800,2273700
2025-01-06,172.6265411376953,110.3787841796875,67.51045227050781,127.30448150634766,174.42851834575487,111.57006381829592,68.13754439374654,128.39882756162987,171.8213868260013,110.13466974389992,67.01073566508929,126.90388772480001,173.27831670483002,110.83772051093318,67.48105849528221,127.822350612085,6302100,6037200,1531100,3067000
2025-01-07,172.0801544189453,110.73030853271484,66.92254638671875,129.7276611328125,174.6106034008734,111.98993990363003,67.93177241901518,129.7569725084982,170.98746087278556,110.50571997597656,66.58939953085307,127.03089529658122,172.17601063157173,110.70101599265796,67.3340741420291,127.10906393479087,5905200,5300100,943900,3414500
2025-01-08,171.0928955078125,111.56029510498047,67.29488372802734,131.44729614257812,171.8021934490849,111.61888018456293,67.37327210739444,131.59385298721995,168.86916009772892,109.61714631775587,65.93291740751509,128.64306584807258,171.7638451140948,110.86701101405674,66.50122194463559,129.00458267094893,4488500,4455800,977700,4676000
2025-01-10,167.90109252929688,109.66596984863281,66.21707916259766,128.20339965820312,170.1727416337348,111.15994904591022,67.49085686992656,130.83174722471588,166.13744921930618,109.15821508574841,65.84473804502453,127.63668825858139,169.52096613354055,111.09159729994921,66.51102441404507,130.76335898999264,5372200,5108700,1343700,4661700
2025-01-13,169.4059600830078,110.5252456665039,67.24589538574219,131.5157012939453,170.59449538695162,110.72053421991181,67.39287174186396,131.6427122582036,167.1055422799042,109.34373278389032,66.02110487727408,126.57163662783627,167.8915223846731,109.94913176932327,66.21707584394579,127.73437064363334,4734100,4409700,1039600,4207200
2025-01-14,168.2653350830078,110.3592529296875,69.81305694580078,134.06590270996094,169.44429059224817,111.13065545526628,69.9110386885139,134.54466504416547,166.86591318234358,109.64644293565166,68.0199618995925,131.38868317860903,169.28134671093903,110.88654101488494,68.0199618995925,131.53524003415308,4779100,3972400,1716800,4629000
2025-01-15,165.78842163085938,109.05374908447266,69.51910400390625,134.6228485107422,168.797479547961,110.6831786554294,71.61594468799808,135.6683372260123,163.243780003362,108.81817152213426,69.47011687048145,133.9779684569761,167.88798718998729,110.08441308912609,71.15542975127177,135.0430030581871,8048700,6543700,1702400,4114300
2025-01-16,168.06214904785156,111.81199645996094,69.96002960205078,135.99078369140625,168.3137195760732,111.85125314527163,70.02861756587963,136.30345827897338,164.98537062276344,108.97521791379377,69.25454913093839,133.31357835380103,165.88517816701534,108.97521791379377,69.87184080539804,134.86714107426982,5236000,5598700,969000,4122700
2025-01-17,165.99160766601562,111.3899154663086,70.36176300048828,137.79837036132812,168.3427438833191,112.6757853376185,70.81248501222066,138.41393901283965,165.71102680531064,111.30156920255327,69.84245301904723,136.30343070120753,167.26877099660587,111.52733633092757,70.48914599818154,136.44998756626174,7852500,6459800,1285700,5724500
2025-01-21,167.0075225830078,114.63894653320312,71.22401428222656,143.52407836914062,169.95853035627434,114.74692113710636,71.68453667226235,146.5628146560415,165.66263900942442,112.03775310177342,70.83207985609862,141.67738750084013,166.57213138186015,112.14572770567666,71.03784374782212,142.16593021636027,7548500,8486300,973600,11368500
2025-01-22,163.7082061767578,115.61071014404297,69.53870391845703,145.70298767089844,165.32400055907175,117.73093055394583,70.58712424664374,148.59516736415446,162.60520819515008,111.4095409861339,68.94100557967018,144.03217978426463,164.77250895003218,112.02793486125127,70.47934208879512,144.49141117044863,9465000,13200700,1701500,7077700
2025-01-23,165.13047790527344,120.95052337646484,69.83264923095703,146.20130920410156,165.14983288920183,120.96034129238735,70.40095379569837,147.01229196412376,163.01155745268665,115.61071542370544,68.87241770138631,145.0092636926609,164.9273022463697,115.95426759223763,69.70527371494025,146.02542606006293,7116200,13089400,1932600,4439100
2025-01-24,164.7725067138672,122.72718811035156,69.14676666259766,146.00587463378906,165.55621385285673,123.3553999495162,69.90123426128466,146.66053501876945,163.75658403744325,119.9296810939347,68.98019696198885,144.99947779236467,163.82431910551807,120.332125792989,69.64648323995144,145.4880205273917,5584900,9960200,1458400,4858400
2025-01-27,171.1582794189453,127.04612731933594,69.98943328857422,148.0480194091797,171.6904307997369,127.37005111610853,70.38136776976168,148.51701633884744,166.98817319010942,123.15907171356461,69.25455893967089,145.49782530857453,167.05590825835944,124.39586689923046,69.49951705597199,145.5857594374228,6985200,11845100,1112200,4929600
2025-01-28,169.1361083984375,125.0437240600586,68.46089172363281,147.93075561523438,171.40983926401904,127.45842224820927,70.44014986055676,149.45502169283193,168.091160687672,124.33698385756337,68.17673943370546,146.35764718437713,171.06152336043056,127.3602580620703,69.56809963222324,147.85260188636158,5603700,11948500,1397000,4286800
2025-01-29,169.57151794433594,125.50506591796875,67.82400512695312,148.06753540039062,171.17764227161967,126.91854629078281,68.45109731301595,149.2791268309714,168.64268527656566,125.2792987794148,67.45166400205245,147.18816438262755,168.83619085205706,125.79954349193028,68.33351472480598,148.0284585390167,3748300,7609800,1513000,3996100
2025-01-30,169.94883728027344,126.43756866455078,65.95252227783203,150.86199951171875,170.40358344454532,126.8105745986718,66.29546962854909,151.10627089364132,168.3330430477971,124.8474106974065,64.20842164784912,148.3508974583086,170.2971531770875,125.63267176458704,65.16866077390539,148.51700020891892,5209200,6340400,3225300,3962300
2025-01-31,177.9310760498047,125.57376861572266,66.27749633789062,148.71243286132812,185.54564625750606,126.38847587424712,67.77439927067302,151.44827566155925,177.70854538832506,125.32837314883419,65.73584962770144,148.64404461862287,181.22072970752868,126.00565954501113,66.72065636369696,151.43851017235673,11926500,7129400,2674700,4164200
2025-02-03,183.96853637695312,126.08419036865234,66.02144622802734,146.60189819335938,185.4392051588453,126.5749813120708,66.55324278114041,148.15547543045088,176.23786623421813,123.68913565720558,64.58362925708283,144.7552072409121,177.23443386073305,124.31734746567118,65.6964581933228,145.76160408801007,9830000,5720600,2475400,3556300
2025-02-04,183.7847137451172,126.72222900390625,64.66242980957031,148.20431518554688,184.94576191132379,126.82037820704086,66.73052296155747,149.25956926979998,180.97884611315723,123.6793191294619,64.65257963601142,145.8984078163142,181.5400225922549,124.11121756095734,66.04115356857443,146.03519918413548,7377800,6957400,2227100,3110400
2025-02-05,185.5262908935547,129.62771606445312,64.6427230834961,148.95668029785156,187.10339003330222,130.05961453936388,65.14497669670281,150.09986853458093,183.75568618928355,126.57499545615492,63.95336127202039,147.2858724553784,184.33621764638264,127.04615062071547,64.9972541618208,148.96646069462366,6449600,8680100,1508400,2841400
2025-02-06,186.70669555664062,125.85842895507812,64.51470184326172,148.82968139648438,188.1773644333982,129.47064305842068,65.0957343052738,149.95332383997092,184.37491436171172,125.77990060790755,64.4457656610996,148.0968672179125,185.67141789450392,129.3724938577705,64.9874049456647,149.2009637754105,4586400,6469200,1239000,2760200
2025-02-07,184.41363525390625,126.69277954101562,64.17001342773438,146.43580627441406,187.56781898245697,127.1050421303572,65.24344921207421,149.396374291447,184.25882488644223,125.71119766798785,64.06168408079446,146.11336625455058,186.89054207921347,125.71119766798785,64.41621512287428,149.0055460359931,3805900,6455200,1263800,3356600
2025-02-10,184.1620330810547,128.89149475097656,64.73136138916016,146.25994873046875,185.24569070362583,129.00927976586254,65.00710612133014,147.14910022217745,182.9526049746116,126.23141664647787,64.01244904016232,144.73569754990717,185.24569070362583,126.69276125844603,64.5540958451251,146.71918016424607,3685700,5503600,972700,3531400
2025-02-11,185.6036834716797,129.0191192626953,64.96771240234375,146.6312255859375,185.70042886560947,129.61788478335444,65.06619158965857,146.93411970019608,182.14954958714043,128.06698368102835,64.38667242426968,145.16559736148008,183.6395733362258,128.78353422944,64.89877621987534,145.88863107702866,3977000,5314100,769500,2187700
2025-02-12,186.7357177734375,128.0866241455078,64.25865173339844,145.45872497558594,188.06124638252615,128.39091213004394,64.68211901087805,146.6312395944821,184.21043105134885,126.85964680286166,63.5692898926086,144.76500256551984,184.31686132559503,128.0866241455078,63.854877288449714,145.29262221670896,4525000,4703700,863800,2102900
2025-02-13,187.17112731933594,129.3626708984375,64.99725341796875,145.31216430664062,187.97418951032262,129.60806637132742,65.09573260226965,146.28924985743345,185.2166869842061,128.1455189386642,64.2487980930177,144.1494301157344,187.97418951032262,128.51850987258615,64.42606363015136,145.69322707508414,4108900,4168400,1350200,2047000
2025-02-14,186.6099395751953,128.2044219970703,65.21390533447266,145.93075561523438,188.84496065541109,130.20684263028662,66.05098958400373,146.84393530221388,186.52286428302477,128.1160832142267,64.91846029888316,145.06668917070215,187.65488737182775,129.88293375986007,65.34192750937244,145.21396896730272,3976900,3733900,1719900,2388300
2025-02-18,189.88021850585938,127.78233337402344,64.72150421142578,146.29408264160156,190.62523037595022,128.41056021203366,65.69646084135776,146.7850353137535,184.4813295023243,125.88788736556253,64.55408885836789,145.3219909569736,185.76816281847135,127.37007074489337,65.05633491754155,145.49872672725874,6065500,5116200,1488200,2601400
2025-02-19,190.9445343017578,129.69644165039062,66.33659362792969,147.482177734375,191.67986134858631,129.82403713259973,66.6123383587823,147.6392861831954,189.648016022692,127.60566708148214,64.05184191210466,145.39072956736308,190.40269805493202,127.86087302365384,64.406372998481,145.39072956736308,4888700,3806800,2437500,3216900
2025-02-20,194.35995483398438,130.71725463867188,65.7752456665039,146.38243103027344,194.8243711305661,130.8252292424974,66.74035210230903,147.37414990216757,190.44140450003573,128.93078343999153,65.63737331853174,145.3612412179038,191.57342752743816,129.30377436232007,66.27749922753361,147.27596837042574,5067000,5046900,1275200,2231500
2025-02-21,195.52099609375,132.4350128173828,64.97755432128906,142.3566436767578,197.35932099402018,132.91599328468544,66.41537131119053,146.83412999725377,193.52786084554432,129.9712479256272,64.61317310968165,141.9442451980477,193.81812655704155,129.9712479256272,66.10023344372554,146.38246189410404,5889400,7160100,1097800,4278500
2025-02-24,197.45608520507812,132.46446228027344,65.22376251220703,142.84759521484375,198.82999385326812,134.0742558497618,65.63737959567926,143.75094639641807,194.74696311471249,131.82644009479472,64.21925529408284,141.26672690141683,195.2791144694584,132.01294303515766,64.94801027641203,142.35664250859548,6305000,5947200,926800,3447500
2025-02-25,197.51412963867188,133.31845092773438,65.97220611572266,143.88841247558594,199.32342942854237,133.93683729385242,66.55324604078707,144.88996019093312,195.78223502210162,131.88533487015516,65.430566878166,142.71012897777678,198.52036736452052,132.88655252742967,65.51919588461939,142.79849686900775,7746800,6385700,1316600,4358800
2025-02-26,196.42080688476562,133.45587158203125,65.15483093261719,144.76226806640625,197.21419885872106,133.7994162342981,66.41538261706044,146.55915627633607,194.89208789095903,131.7969959005355,65.09573740689092,139.19486770253354,196.98198333288659,132.66077772208504,65.99191533117897,141.777283023539,4766700,5388000,1091100,5783400
2025-02-27,198.36558532714844,133.36752319335938,64.93816375732422,147.79638671875,200.08780995098365,134.46690506693656,65.68661152669507,149.79946689455957,195.68548822728107,132.72950097226374,64.56393235915907,145.5281879225867,196.46919536061273,133.22029190472213,64.71165488404112,146.07805248133107,5696900,4890700,795100,6576000
2025-02-28,202.24542236328125,135.46810913085938,65.46996307373047,152.31314086914062,202.79692871504898,135.82147920484968,65.97220916043847,152.68626966664385,197.7753804111764,132.26815761143388,64.6328712355904,148.26769594638728,198.46232736876695,133.88776171353481,65.21391118747069,148.75864858197133,13136400,8756100,1386900,8323100
2025-03-03,204.61590576171875,137.63742065429688,65.37147521972656,150.64390563964844,205.4092977834986,138.24599666346143,66.26765304902558,153.52089588920364,202.1293289464543,135.46811797937687,65.09573050716683,149.1514054250394,203.1645918557075,135.62517468424247,66.01160116730017,152.6862704115646,7016400,7589800,1633400,5672700
2025-03-04,201.01663208007812,135.04605102539062,64.6131820678711,143.22071838378906,208.6602269769898,138.62881927242324,65.7358613459596,148.30698102703428,200.92955679503464,134.99696893068761,64.14047144439571,142.98505570037224,207.50884899632334,138.40305961009236,64.8101404447889,147.77675871770518,7554000,8356300,1652500,6787400
2025-03-05,204.6739501953125,135.1736297607422,65.48965454101562,144.9390411376953,205.29317685390822,135.9490727552013,65.98205795861725,146.34315851730818,199.313770815924,133.53437505323876,64.64272006166244,143.3581730140548,200.34904845956814,134.37853595970955,65.15482382351686,144.1044156441967,5752800,8156700,1473100,3909700
2025-03-06,203.90960693359375,132.5920867919922,67.19337463378906,144.28115844726562,205.09968022105517,135.18346244684946,67.35093982266774,145.44962808077904,201.7326360410643,131.0019288835745,65.11543158068399,143.11268881375224,204.5868838141194,134.5356147886973,65.48965547856585,143.7411075684126,4346000,9184200,1624800,4492400
2025-03-07,207.33468627929688,134.6141357421875,68.35545349121094,143.6527557373047,208.0119778742558,134.94786998007834,68.91679314794446,144.55610686160722,202.2163926922724,131.4927126152957,66.98656492861724,138.2326340088029,204.25790806071154,132.03257065633946,66.98656492861724,142.0718875241036,6806100,8254800,1389400,5891100
2025-03-10,209.62779235839844,134.83009338378906,68.55240631103516,144.9488525390625,211.56287764239318,136.5871184336816,69.87204390053284,146.48062237757523,202.4099177531452,133.9172144080421,67.99106669985656,140.53027878211324,203.17428470789943,133.9172144080421,68.33574759909253,140.8739516229502,8604000,7028000,1491100,4966500
2025-03-11,206.65740966796875,130.21665954589844,66.09038543701172,144.87030029296875,209.62777238233988,134.53561395119058,68.92662633709851,146.78502759988754,205.51571654570117,129.87309988690305,65.4699598532839,142.99487257074784,209.62777238233988,134.53561395119058,68.40467993140182,143.09305411040665,7144500,9313500,1966900,5818300
2025-03-12,205.1770782470703,127.8804931640625,64.6427230834961,147.52145385742188,206.92832796404716,130.16758086762633,66.54340066482794,148.50335913207346,202.51633613787766,127.05596793415799,64.6230302518026,144.53645343217718,205.11902805412518,129.85346745942365,66.19871975909008,145.62636888634785,6139800,6771000,1384400,4196600
2025-03-13,204.6836395263672,127.4976577758789,64.45560455322266,143.4563751220703,206.86061037151367,128.43998288206365,64.97755848877901,148.50336793359816,203.84186742704455,126.62405058413708,64.0321373122678,143.2698107115995,205.1190307426908,127.88047407388376,64.10107349040092,147.5607322216827,5559500,9012900,1171800,3295000
2025-03-14,204.896484375,124.3762435913086,65.83434295654297,147.68836975097656,205.91240697757686,126.12346569123063,65.9032791423485,148.06148355144146,201.52942576282933,122.20694845712038,64.45561172695176,144.39898122602514,202.9710694379929,122.69773941477949,65.21391728429326,145.24342032605333,4511600,9537900,1152700,4094400
2025-03-17,207.5088653564453,125.28911590576172,66.46460723876953,150.43771362304688,208.50543306658616,125.51488304289244,66.69111610328375,151.193769896499,202.71953237560302,123.87563554185819,65.14496976479798,147.2857911011017,205.33189447755984,124.38606233499034,65.164662594396,147.64909125802507,5075400,6662800,1139600,4562100
2025-03-18,206.90896606445312,123.97379302978516,66.63203430175781,148.18914794921875,208.19578457599377,126.25105517705887,66.92747184523041,150.43771950491487,205.38024716843765,122.59957691563693,66.06084453217225,147.7767495159338,207.50883768007597,125.59339712226752,66.19871688848878,149.80930070428744,5088200,7959600,1032300,3038500
2025-03-19,205.3609161376953,125.07315826416016,66.57294464111328,150.43771362304688,207.53788698014438,125.42652833134534,66.90778289263335,151.18395623752568,203.93862733954631,123.46336461981669,66.03130535661133,148.18914215526618,207.0831407786394,124.00323763603717,66.46461528151683,148.4542607744001,5412900,5098500,1217800,2344100
2025-03-20,205.08033752441406,124.4449462890625,65.69646453857422,148.53282165527344,206.4929414633938,125.40689980137486,66.28734715016564,150.86974612398538,204.25792040285717,124.0523120495702,65.50934883140292,148.3560709070292,206.09624545118268,124.98481930447382,65.97220925641822,148.9059354879026,5836100,5158500,1101800,2579000
2025-03-21,203.19363403320312,124.01304626464844,65.48965454101562,147.6392822265625,205.9704915793267,124.47439092838908,65.80479242774148,148.03203835540154,201.96486545256383,123.17870319712023,64.88892177046326,145.39072567098998,204.85780863306886,124.0032358382232,65.27299583511413,147.18759919398025,16657700,8857100,4061300,5538500
2025-03-24,202.38088989257812,124.86702728271484,65.36162567138672,150.37879943847656,204.17084966125293,125.48542115738455,66.79944260209015,151.24288094713654,200.76509547412073,124.26826175010397,65.23359598727946,147.9731343102519,202.59375045199445,124.86702728271484,66.13962389323267,148.95503966729763,7393800,5283000,1018600,3207800
2025-03-25,194.80502319335938,123.28668212890625,65.71617126464844,150.7224578857422,202.46795880007073,126.41792322093845,66.2775109271913,152.19531578039113,192.9086479683171,122.20694356307186,64.93817287033801,149.9172883783118,202.42926359209224,125.32837422833425,65.36164016057076,150.35915773285473,10089100,6726800,1036300,4118900
2025-03-26,194.76632690429688,124.27808380126953,66.32673645019531,149.91729736328125,196.52724674634757,124.99463438782921,66.98655520269052,151.63563167668968,190.11244939459277,122.82533930768713,65.64722486763918,149.30852085813328,196.52724674634757,123.42410486022358,65.64722486763918,150.6733686563331,6742900,6053700,985000,3836700
2025-03-27,196.14022827148438,128.9307861328125,65.88358306884766,145.7540283203125,197.06906085832273,129.50009044369125,66.48431587852627,149.90748363509462,194.7663196126205,124.32716471189858,65.50935163846928,145.43981142574395,195.46295143451314,124.82776607949923,66.48431587852627,149.90748363509462,4995300,8441400,764800,2825300
2025-03-28,198.62681579589844,128.41053771972656,64.6131820678711,142.21917724609375,199.33313253052992,131.00191306160627,66.22826480173458,146.15662756392973,195.04691109367772,128.3418198046987,64.54424588460182,141.71841087633337,196.1499090778977,128.84242112858186,65.97221290095708,145.18453580566674,6478100,6708300,762100,2581500
2025-03-31,202.71954345703125,130.2068328857422,64.36697387695312,144.20260620117188,203.96766699986688,130.74670592563666,64.91846328773279,145.06668761914767,197.79474006819547,128.2338586611291,63.71699777412306,139.60728182147395,197.79474006819547,128.40072578659627,64.34727353315117,141.38454291666238,11093700,9669600,1619600,4508600
2025-04-01,199.57501220703125,129.26451110839844,64.60332489013672,144.99794006347656,205.26415254098706,130.18720040733092,64.71165423973966,145.99948756937937,198.92676044974073,128.66574560447947,63.75639043695718,141.57108549861053,203.6870681740225,130.03995414900672,64.34727301712253,143.06358560782274,7853200,4228800,1810200,3641300
2025-04-02,198.53005981445312,129.5000762939453,65.11543273925781,145.08631896972656,200.49417002587612,129.6964046310045,65.24345492709209,145.48890373090023,193.83747250330293,127.37004564104643,63.93365999098091,142.95558630724832,200.49417002587612,128.2338423953093,64.02229651600473,143.07342512922938,9262800,4236200,1437900,4411100
2025-04-03,195.09527587890625,129.20562744140625,62.69280242919922,137.21145629882812,203.85153876043785,131.17860162491954,63.81548536715095,141.87550661941665,194.70826477088843,129.05838117300175,62.06252666127258,136.33756115385688,203.4741977628859,129.480469169127,63.51019014174786,140.25535383423198,7593100,6239200,1649800,6712300
2025-04-04,180.89178466796875,122.1480484008789,61.048179626464844,124.61360931396484,193.5085346298842,129.961431577107,62.77159165184997,132.8616081119407,180.12741768860417,121.71614998835113,60.94969668525593,124.14229145828526,193.5085346298842,128.81298260438567,61.68830183899241,131.7618789342603,13505200,10776900,1853100,9609100
2025-04-07,180.4950714111328,122.5603256225586,59.71868896484375,126.22393035888672,182.09151076413164,124.1701194575223,61.83602527240017,131.93861146130794,170.5584049719681,118.25118136460526,58.822514848870135,119.77281278401195,175.1542322310275,120.03766025408333,59.8762579163312,122.47305238141733,12581100,10371300,2295500,7174700
2025-04-08,169.9682159423828,121.66707611083984,58.72403335571289,124.85908508300781,182.27535965959632,125.60322171088458,61.49133819228057,131.44766144245864,166.72695691559161,119.81188687928368,58.22177975982125,122.56142272038166,181.51100746030204,124.72961440031584,60.43759516622085,129.84716594631857,12517100,9880100,2144300,5496800
2025-04-09,174.00286865234375,124.70016479492188,61.60951614379883,135.817138671875,174.7382105235373,125.40690495728951,62.0329833778465,136.71066104477262,159.05433748904719,118.62417047060205,57.93618714812713,121.20638404785274,162.83743283770326,119.38980315020848,58.28086803317063,122.73815381017414,18977800,10179200,2579200,6428100
2025-04-10,168.54591369628906,122.20693969726562,61.9148063659668,130.56394958496094,172.22257843582693,124.48420927801308,62.27918760978266,133.3329147536506,159.61549985837647,119.77261342666482,60.02397899404249,126.35156743683606,171.9806927919564,123.67931246470256,61.45194969538076,133.29364513383828,13970000,11089400,1950700,4757100
2025-04-11,169.36834716796875,124.54310607910156,63.520042419433594,133.49002075195312,171.22602732089993,126.15290725000784,63.93365949706911,134.020257997161,163.8340019199838,121.7554171381275,61.60951846498092,129.27765366370943,168.16858894348988,123.73820923808611,62.111768310215474,130.7210556340071,9047700,7357000,1588900,3337600
2025-04-14,173.28689575195312,125.60321807861328,64.20940399169922,133.54893493652344,174.34151370470124,126.13327319928311,64.50484905382632,135.7876778299096,170.48101318889434,124.5038436629045,63.42156301516036,131.99752275905655,171.68077139829145,124.66090036038098,64.10107463648463,135.61094206696717,7164400,6988500,1598100,3815800
2025-04-15,172.6424102783203,124.46917724609375,62.879913330078125,132.8125,176.25539885377842,126.7076938156213,64.5934750760928,134.98251721577515,172.1639276542861,123.85777468698234,62.751891149601754,132.69467616332477,173.52124010209215,125.8497590586761,63.52003925941938,133.5489289445906,8078500,8639400,1478800,2541700
2025-04-16,167.6427764892578,127.90089416503906,61.90495681762695,128.09938049316406,172.6912121980648,132.29903495230005,63.047328812800075,132.04662927240204,165.75816940296252,127.22046292904498,61.49133600298716,127.52004494104948,172.37873014647104,127.90089416503906,62.98824280838,131.09417986986438,9459300,13483200,1448900,5635500
2025-04-17,168.9219970703125,129.16314697265625,62.18070602416992,127.85391235351562,171.08001867991857,130.86916064329517,62.722349058756116,130.54432363692095,167.8673924090706,127.86146477147118,61.97389748024903,127.72625985343424,168.51187551871269,128.57147871652901,62.013290657207335,127.9815498709092,8998100,10474500,1376100,4952000
2025-04-21,166.15853881835938,128.08827209472656,60.772430419921875,123.80843353271484,170.07423471390356,130.12956597900182,61.82617345942557,127.4905783438188,164.5766244368966,126.7274095052097,60.41789934929633,122.39449501936403,169.3906988206616,129.15329302820084,61.66860451211866,126.66578150197606,7364600,6046700,1272900,5971800
2025-04-22,169.6934051513672,129.90272521972656,62.98824691772461,133.8631591796875,170.55271592454736,130.19856682954625,63.04733292599945,134.78615261292455,166.89090056151582,128.12769060793784,61.07772292978951,128.0011829970695,167.05690106997747,128.12769060793784,61.35346765304568,130.8781585027214,6191900,5837100,1912500,7943800
2025-04-23,172.88650512695312,128.03895568847656,62.84052658081055,133.5980224609375,173.9606286487744,131.04665144177486,64.57378498742739,139.5778216828665,170.29881343809322,125.36654762871643,62.6534108746102,132.75358336847987,170.8847098317879,130.37609110182945,64.21925391961622,136.85795499827597,7119700,8777100,1449900,4655800
2025-04-24,176.12843322753906,127.5853500366211,64.30789184570312,136.3670196533203,177.22210555697043,128.3939678349421,64.57378639561999,137.23108617214842,171.9686163047773,126.25407012652505,62.33827434193973,132.67504595243864,173.43334246208335,128.21647187206605,63.26399145061425,133.18564092903247,8789400,6595500,1261000,2921100
2025-04-25,181.68463134765625,127.06270599365234,64.00260162353516,134.83523559570312,184.26254880525087,127.73326637663918,64.3472825535911,136.4848292175793,175.75738054059605,125.47503044903603,63.44126196216384,134.619215242931,182.71970212154397,127.47687829734394,64.09123815610998,136.4848292175793,10482100,4849100,1298800,2141300
2025-04-28,187.81695556640625,127.73326110839844,63.79578399658203,135.43417358398438,188.5786120022091,128.31507348384045,64.46545292841394,135.90549885547478,183.22748309683467,126.73727644634698,63.28368776093631,133.57837340270723,183.57901798258717,127.53603835960315,64.21925122573279,134.83522581066438,10408000,3843300,1689100,2499900
2025-04-29,188.9594268798828,128.68980407714844,66.00175476074219,135.87606811523438,190.9416883484978,129.4491274408386,67.14413436478573,136.7008650193856,186.09833570891323,127.01338818288761,65.28284993533576,134.3639254749371,188.06106332415283,127.10213616059494,65.3123929400127,135.01198660649308,6671400,4315300,2687800,1917200
2025-04-30,190.51206970214844,128.9363250732422,67.16975402832031,136.39646911621094,191.17607179334598,129.44911620068768,67.52609284691547,136.78922524399286,186.51823807727493,126.89503148043559,65.12080959729371,132.4099359867494,189.91641375564893,129.10396514339888,66.21951969599694,135.1396315280857,8400700,8510500,2030500,3062800
2025-05-01,188.79344177246094,129.06454467773438,66.72433471679688,135.4047393798828,191.21513318970983,129.80414129216734,67.78345078126391,137.71222290469376,185.3366944413375,126.22448886322958,66.39768953898589,135.1789053485246,188.3442674079474,127.70368209209555,67.53599368627823,135.77786820075087,5823600,6769100,1576800,2236300
2025-05-02,193.8028106689453,130.97763061523438,67.75375366210938,139.50912475585938,194.30081222203955,134.9024189114685,68.17938019316007,140.45174557472947,190.05311510455576,129.50829332915876,66.92230139780102,136.76960022638866,190.58040999018698,130.08024982211845,67.12026406498158,137.46675967139046,6424800,9801400,877200,2734200
2025-05-05,191.45925903320312,130.76068115234375,67.64486694335938,138.2522735595703,193.83210842261465,131.2142919609535,68.05070019849377,139.302904472426,190.44370714887194,129.62662403655753,67.06087183197023,137.3390938110193,193.80281508940953,131.0466518754124,67.27863528089199,138.07552280904682,5121500,5752000,1277500,2623500
2025-05-06,182.74900817871094,131.2142791748047,66.78372192382812,135.52256774902344,191.21513912441077,131.7467970860496,67.57558009576856,137.18199003037162,181.3721768100025,128.8870148983792,66.71443423938595,135.13962529814964,190.9026570350806,130.11967574294505,67.0113782219419,136.61248318346196,9392000,6290500,936700,2850000
2025-05-07,183.66690063476562,132.09194946289062,66.24921417236328,136.13136291503906,185.70774893713252,132.56528707266298,67.27863659994539,137.2605481224943,182.35841544664225,130.59302947695835,66.03145071917208,135.20836944954968,183.7450211549475,131.64819451328336,66.9222977768673,135.7680627145458,5771700,4924900,1515900,2555400
2025-05-08,181.21592712402344,132.14125061035156,67.31822967529297,138.5664825439453,182.27053177527455,133.34432887191772,67.88243154510268,139.78405060990386,177.3685772574126,131.2340139789809,66.54616475363665,136.69105465346072,179.80002811168308,131.41150992882,66.75402780548326,137.46675331190988,8816700,5994500,1185800,2899500
2025-05-09,180.2589874267578,131.39181518554688,67.59538269042969,140.0196990966797,185.3074089008594,133.0978139061508,67.74385846155283,140.0393264147707,179.89767814449525,131.342505732947,67.30833154673599,138.40937503476752,181.38193828522628,132.12154091434908,67.48650096172548,138.7039346329885,7806100,4976100,728900,2634100
2025-05-12,185.600341796875,130.15914916992188,69.7433090209961,147.6098175048828,188.15872539511767,131.80598250380265,70.16893554033572,148.09095646943643,175.76713966475782,128.29536629053518,68.96134366910276,142.6413793548017,175.76713966475782,129.9619113670025,69.27808845895146,143.44653386593885,12792700,5958300,1018700,4974800
2025-05-13,183.57901000976562,127.25992584228516,69.40676879882812,148.0124053955078,185.29761665438033,129.922470617816,69.99076391879588,149.004124321774,181.04991977764394,127.13172428200144,69.34737396074627,147.45271220142405,184.58478743643897,129.922470617816,69.83239530475714,148.08113097322658,7523800,6344700,846300,3455700
2025-05-14,173.267333984375,126.7767105102539,67.65476989746094,145.20416259765625,183.23722789264863,128.33479575096027,69.0900256142174,148.04186835520056,172.44709094999493,126.41184768548209,67.59538260979909,144.3008115068922,182.13381103686268,127.50645120692823,69.0900256142174,148.02222605377267,12212000,5266900,1747600,3778700
2025-05-15,177.4076385498047,131.50027465820312,68.7138900756836,146.04859924316406,177.82753449490158,131.57915171662435,68.77328491867053,146.48062498830993,172.4178186973645,127.06269528904619,67.14995929201731,142.72975454544414,173.83371777740868,127.06269528904619,67.57558583309631,143.68220388197693,12073300,8406400,1468000,4472100
2025-05-16,179.69261169433594,132.93014526367188,69.80269622802734,150.33950805664062,179.74143888026376,133.41333867286076,69.82249702525257,150.5064301452559,176.27491727890168,130.9283053044146,68.59511190998943,146.2547787667038,177.03657369948698,131.3030239600272,68.77328132605919,146.72608907471667,6152800,7128700,1580100,4204500
2025-05-19,181.34286499023438,133.66976928710938,69.79280853271484,151.3508758544922,181.43074498141257,133.80782672490594,69.86209622453445,151.46869969098177,178.21810401534051,132.66391364194456,68.95145583153614,148.3757041216485,179.88789834754897,133.12739540750422,69.02074352335575,149.200500942446,5216700,8012800,1194200,2613600
2025-05-20,180.5030975341797,133.32460021972656,68.91184997558594,151.36068725585938,181.6260483245875,133.94586612973697,70.00065961120072,151.93019409487388,179.3215451799543,132.67375165182332,68.75347382040304,150.476978529997,180.51285701149993,133.12737748473077,69.59482637738762,150.48679218866303,5505100,6455300,947600,2529700
2025-05-21,177.5248260498047,131.2044219970703,66.43728637695312,146.6966552734375,180.46403805347438,134.2811386193542,68.19917975912817,150.39844268796566,177.270930628248,131.174839340866,66.31850424771525,146.62792968900857,179.60472721121994,133.2259887714317,68.03091073988483,149.56383211883252,5140900,7209100,1385600,2661800
2025-05-22,178.24740600585938,129.67593383789062,66.68473815917969,147.0697784423828,179.24342398749732,131.03679636168957,66.9123944489733,147.84549203976675,176.01126391077244,129.35050953667215,65.64541537873997,145.00777126593206,177.14398907420653,130.62262408208358,66.16012279410064,147.01086652008757,4689200,6277100,1383900,2862800
2025-05-23,178.95046997070312,129.47872924804688,66.33829498291016,145.6587677001953,179.79024688880057,130.33665658702066,66.466977505996,146.71455928284752,177.44669101967347,128.62078686194005,65.5761304499032,145.05687134374548,178.08139972173896,129.85344800282562,65.70480542119779,145.49102806722618,4027000,6145000,1270500,2369800
2025-05-27,181.35264587402344,131.09596252441406,67.8725357055664,147.50392150878906,181.6163007786446,131.9834724082635,67.97151703902846,148.00714036584958,179.57543748727065,129.70551733220302,66.32840575854173,144.71151832049225,179.93674677137113,130.0210857646755,67.07077708719463,148.00714036584958,5726700,5591000,1739400,3155300
2025-05-28,178.7844696044922,130.18873596191406,63.576683044433594,146.68495178222656,181.72369627015047,131.7468213621993,67.80324709532466,148.0071453337524,178.08139986320256,130.01122494308044,62.962986702444084,146.22119485569556,180.99133319797087,131.25375693351913,67.55578998913735,147.66178930554747,4787800,3622100,3501900,2297500
2025-05-29,181.25497436523438,131.00721740722656,64.07160186767578,147.64207458496094,182.35840616921357,131.21429602932045,64.33885223880227,148.36237185245375,178.3938830964636,129.52802420374474,63.388617788875024,146.21132671733054,179.14578002749153,129.90274291657747,64.01220702269825,147.8788763956072,4925900,3078200,2027600,2621400
2025-05-30,181.73345947265625,131.72706604003906,63.655860900878906,146.3790740966797,182.29982204808132,132.26943980353664,64.17057588909636,147.4644508054177,178.70635275227235,129.9125929468189,63.20054075086577,145.6390383632406,180.64956150761196,131.03677899882803,63.67566169754409,146.75401529683094,11609000,14236800,10261000,5339800
2025-06-02,182.5927734375,131.71722412109375,62.36908721923828,144.45498657226562,182.5927734375,131.88486420263388,63.546981682292454,146.3297530234601,178.85283741921614,130.05066412907718,61.99295513746045,141.9980772767226,181.3623938936467,131.01706608912687,63.06196786993311,145.90545798927968,4435600,4464000,2434100,2825700
2025-06-03,182.84664916992188,131.85528564453125,63.34901809692383,146.1619873046875,184.29184147735214,132.1116737100724,63.566781554918634,146.3889273674742,180.4737999401539,129.78440919003478,62.01275125680013,143.28078348891273,182.50487377223507,131.27345822917357,62.26020835874124,144.36616013498377,5335600,5914900,2228600,2343300
2025-06-04,182.93453979492188,131.1156768798828,63.64596939086914,144.8595428466797,185.70775124601127,132.99917123674607,64.22996452430459,146.9711111215373,182.86619365139157,131.09595009294117,63.45789957755671,144.76088043746495,183.97938500288328,132.5455604669954,63.764743966189485,146.93164916906485,4382200,4057000,1452800,2346900
2025-06-05,183.0614776611328,132.08209228515625,63.15105056762695,144.3168487548828,184.16490947563642,132.5159913594596,63.83403079784584,145.30356319611806,180.6983878981855,130.35636690598778,62.41857967305522,142.96505478833214,183.0907709924944,131.53971844227706,63.83403079784584,145.08648481456092,4417900,5581500,2349400,3568300
2025-06-06,185.36599731445312,131.72706604003906,63.68555450439453,143.5669403076172,186.01048046189038,133.34431641393164,63.873624313640384,146.48762145675752,183.87197768173633,131.25372850422707,63.28962541693685,143.5077398546053,184.05751206357127,132.9202732726048,63.497492246939935,146.03372622355565,3607800,3867700,1316300,2297100
2025-06-09,184.7117462158203,131.54957580566406,64.17057800292969,142.31381225585938,187.27988940982559,132.4272298351418,64.51701643807,144.08990116909592,184.565264652686,129.0053767449863,63.7053574392592,140.77454021640995,186.02999088423465,131.17485709398537,63.715257837917925,143.6162824775884,4661500,6630100,1331800,3401900
2025-06-10,185.04373168945312,132.26947021484375,65.0713119506836,143.13278198242188,187.36776854937264,132.9794842053722,65.26928214669627,143.37946057126683,184.36019581887814,131.48056410901967,64.07159078003508,141.24815395019058,184.59454246023842,131.7073695360369,64.62589222528898,142.32368404016486,4087500,3579400,1276100,3129200
2025-06-11,186.9967041015625,133.40350341796875,64.76446533203125,145.22459411621094,188.18801588888033,133.47253965688043,65.49693615230248,146.0830457401787,184.6140805269268,131.0860947094275,64.54670189989346,142.50126824337187,184.88749488139666,132.23987865172685,65.49693615230248,143.11302625212466,3908000,4100500,1170900,2904400
2025-06-12,187.8950653076172,134.55726623535156,63.596473693847656,142.84664916992188,189.03754989578746,134.99116529710795,64.5566084349441,145.313435191788,183.0028854198166,133.5810083935304,63.15105016571552,142.57037033995823,187.68023761753753,133.6598854528218,64.3091513388591,144.4747219219267,5781400,5089100,1763600,2069700
2025-06-13,186.58657836914062,133.73880004882812,63.16094970703125,140.42919921875,188.92037470651516,135.1588281089578,63.774642239744125,142.53089063142994,185.81514760785308,133.37393716150962,62.903592216093365,139.8470262860101,187.05528655197028,133.89658428820547,63.34901573818157,141.22843546571937,4965700,3928900,2217100,2450400
2025-06-16,186.37176513671875,132.15110778808594,63.6657600402832,143.14266967773438,187.15295543533585,134.51782580593314,63.725147325521945,143.45841046637946,184.4871429825562,131.46082067555443,62.83430406388081,141.60338251886222,186.41081794666505,133.67961035327528,63.59647235690763,141.77112216534044,4203900,5084100,1551800,1681300
2025-06-17,181.11827087402344,130.4451141357422,62.58684539794922,140.32064819335938,186.1276391905677,132.1511127161451,63.77464015947447,142.9551735857624,180.67885599888007,130.31691257894465,62.37898235305355,140.08383133954607,184.7117401928989,131.84541520113353,63.25003234829146,142.14606062728268,4733900,5010800,1422100,1739900
2025-06-18,181.1280517578125,130.5733184814453,62.438377380371094,140.61666870117188,182.71971080272903,131.5199937064023,63.07186695320119,141.76126105914264,179.38013677172185,129.7745565581593,62.35918929581948,139.68916977943775,180.89369019600002,131.10582141459219,62.53735871016491,140.24172745402572,3573200,4950400,1198800,2629100
2025-06-20,180.94252014160156,131.145263671875,62.101837158203125,142.11648559570312,182.70019463206913,131.8256798479552,62.903595767329776,142.13622410103633,179.82932878096648,130.15913495351342,61.5673289015215,139.9358550225299,181.71393608188026,131.80596810752166,62.73532674720544,141.40604996438898,12158100,11338200,2773600,5566700
2025-06-23,179.438720703125,131.41151428222656,63.48759078979492,145.63905334472656,181.43075669826433,131.61860794436313,63.49749118795623,145.7574542563154,178.01306219872748,130.27747221722726,61.62671240450232,141.44551709052755,180.1515648552893,131.22416245578881,62.0721359243723,142.47169345512086,5157900,4887200,1386600,2904700
2025-06-24,181.18663024902344,136.16465759277344,64.27945709228516,147.87887573242188,181.76275230002577,137.13105954029083,64.32894397996292,148.29329395526057,178.88212714504903,130.54372681029213,63.39851044263443,146.04358642781267,180.1808528040651,131.47069022912999,63.73504846529148,146.66522129010383,4074400,9894700,911100,2700500
2025-06-25,181.03038024902344,135.4940948486328,64.3784408569336,145.78704833984375,182.6904001798485,136.91412276744884,64.61599756143832,147.8690162652476,180.29801720013316,134.7446423568718,63.814238963865186,145.1654134680676,180.94250025914806,135.95757660122226,64.47742218782794,147.71113835240504,4471100,5507500,1290200,2378000
2025-06-26,182.3974609375,131.81582641601562,64.01219940185547,148.75704956054688,184.54573790638085,135.632139811586,64.37843862041194,149.10240560448602,181.42097682435966,130.86915125527014,63.62616693852434,145.35288807399198,182.14358043207096,135.41520533289338,63.97260536051494,145.72784434386122,5734000,9452900,968000,2740100
2025-06-27,178.02281188964844,132.51597595214844,64.98223876953125,150.0003204345703,183.57900874030415,133.03862294530208,65.14060739342162,150.83901860252277,177.45644933000705,131.03678294198622,64.1309857047194,148.5597108518723,183.48135437141383,131.44108426227885,64.21017379256043,149.13200698439255,29264700,9513500,2027500,3938200
2025-06-30,181.25497436523438,134.1233673095703,64.90304565429688,150.21739196777344,181.87016411789037,134.36989949971542,65.1702959903195,150.43447032044884,177.47598565598162,132.14125391777083,64.51701319571356,148.99386080324533,178.139987693798,132.14125391777083,65.01192737869638,150.2568539155028,6482600,5749700,1431500,2302800
2025-07-01,185.52223205566406,134.36990356445312,67.07077026367188,151.76654052734375,187.25059830144653,135.17853639521323,68.25856124795853,154.01624817075384,180.05391476627412,132.94001982778323,64.60609226600116,149.40829369692412,180.6593301811833,133.65988963158662,64.63579345963059,149.98058985969573,5937600,5337600,1438000,3781900
2025-07-02,186.26434326171875,132.24972534179688,67.39741516113281,151.92442321777344,188.0610704411744,134.4487882091313,67.45681000302118,153.384756370261,185.07303146013155,131.98346636997107,66.47688195746804,151.17452566510525,185.23903197019337,133.3936382864785,67.07077751380959,152.16124010306905,4658200,4319600,1109700,2864700
2025-07-03,184.82891845703125,132.5751495361328,67.22914123535156,150.90809631347656,186.96742112648315,133.36405553353026,67.66466813574428,152.94072548187802,184.42855638010911,131.35234448781023,66.98168414227227,147.51379651316623,186.6549390469442,132.8019549319781,67.3974102462156,152.20068971341732,3706200,3114300,658900,3182900
2025-07-07,183.2177276611328,131.84542846679688,67.36772155761719,149.82269287109375,186.8893027377901,133.03865103432827,67.84284253405838,152.4177562490607,182.43653735334283,131.00722794567636,66.74413235584286,148.94451776290927,184.98516160627855,132.64419045338985,67.30833426748393,150.769945205886,11049100,8927400,1935500,3877000
2025-07-08,185.30740356445312,131.5101318359375,67.7636489868164,151.6974639892578,188.46144323520735,132.86112342000573,68.1001945579726,152.56576234707953,182.28029670276138,131.00721158606768,67.09056539629513,149.51681873158745,182.39747003419316,131.3918011999989,67.41721056929615,149.7141585830894,7106900,4782600,1200400,3252200
2025-07-09,186.13739013671875,131.3720703125,68.79307556152344,153.90769958496094,186.59633884526826,131.9144441221798,68.95145173443869,154.5687963905323,183.8914886778171,129.64634503896542,67.51619598661254,151.79613148523273,184.0672486598329,131.6186024944335,67.91212886710912,152.32896566385602,5594100,4613700,1346300,2855900
2025-07-10,190.41441345214844,131.746826171875,69.75321197509766,155.22991943359375,192.85562388102215,133.17671005782182,70.99049753574067,157.3513494094148,185.1023371749247,131.16499868897114,68.78317677276516,153.887987223157,186.02023468017578,131.87501269596163,68.86236486107633,154.03598836339862,6049400,4857100,1588200,4043400
2025-07-11,187.92437744140625,130.18873596191406,68.3773422241211,153.76956176757812,189.4379309002416,131.72709457185508,69.39686418642,154.4701355856542,186.66471940532273,129.43926840015556,68.19917282427726,152.76312396389645,189.33051704445415,131.42139703361454,69.0504257844433,153.97677840719862,4991000,4661200,1076900,2401300
2025-07-14,187.01625061035156,130.19857788085938,68.1496810913086,155.81207275390625,188.13920143505672,131.24387195010183,68.44663262009328,156.0094126204593,185.57104332468626,129.8830245048289,67.52609194301002,152.86179131111476,187.21154446247866,130.18872201030956,68.27836361128446,153.52288814490413,4072800,4881700,865000,2961300
2025-07-15,183.57887268066406,130.2481231689453,66.55606079101562,154.50961303710938,187.79432068512162,131.18914769062428,68.72378744558836,156.177162876564,182.21968097772873,129.06935993155474,66.44717906076275,153.95705535077198,187.34126680324758,130.65423935894182,68.56541127365998,155.81208334581987,6729200,5084800,1198600,3058900
2025-07-16,187.7056884765625,130.49575805664062,67.35782623291016,155.4667205810547,188.50346971247075,131.77356771765974,67.3875198768846,155.58512149273244,183.6872209284162,129.07925614630446,66.11064032344362,152.79273295188506,184.1008847163443,130.87215878514348,66.59565412920615,155.52592103689358,6202600,9893000,1711000,3194600
2025-07-17,188.5133056640625,119.37181854248047,70.03035736083984,156.9270477294922,189.22244785071436,125.66184303970783,70.07985180018588,157.35134274031358,185.42066363897496,118.63880219624757,67.51619238824281,154.7069403835612,186.1495083943273,125.35477332219814,67.78345027784553,155.1706973447521,4853100,27560600,2210400,5024200
2025-07-18,186.4055938720703,122.50196075439453,69.5849380493164,151.19422912597656,189.43914341824276,124.44344805511166,70.32730933340531,161.96914755739456,185.72601300832244,121.11518195178616,69.18900518744408,148.2538247052578,188.6216595932231,121.47178243123793,70.14913992315233,160.3805369200407,5332000,19571900,2486900,11701900
2025-07-21,182.06211853027344,123.24488067626953,68.36744689941406,150.78968811035156,187.03594295971402,124.83967521116469,70.01056565898458,151.6086477384727,181.8454353439173,120.45151521243307,68.32785285742294,147.35591147051852,186.76016709138037,123.08639576829,69.84228909257448,150.22725372663103,4954800,10308000,1761500,5194000
2025-07-22,184.28802490234375,124.54251861572266,70.37679290771484,149.1912078857422,185.36158201636974,125.18637350152265,70.42628734504024,152.01321155124734,182.11134930514976,123.05668569648508,68.31794816434844,148.32290948901723,182.1507544449008,123.15573971296685,68.41693703899924,150.94755823811258,4432100,7098400,1668100,4927800
2025-07-23,187.6761474609375,124.64157104492188,70.65394592285156,148.81626892089844,187.92237698659375,125.84014201096288,71.33692991077008,150.62194297364186,183.95315823530737,122.08593664261777,70.46588366885847,147.809816045023,184.22893410174976,125.12694100963736,70.88160976942144,149.90164569725314,4344500,6439600,1820000,4976700
2025-07-24,187.95191955566406,124.45336151123047,73.18791198730469,147.3164520263672,189.34065765937478,124.79015422741445,76.52362875617844,149.28000390113584,187.12459197293919,123.5222371540983,71.81205115916076,145.84624225901285,187.88296807610834,124.09676101519419,72.79197912952567,148.00714904402616,3462700,4708000,4191200,4860900
2025-07-25,187.41021728515625,125.34485626220703,71.32703399658203,149.26028442382812,188.5133207622268,125.53306416907621,73.62343564397638,149.38854705161876,185.68661058790465,124.26514716140025,70.76283209555213,147.2177784857983,188.5133207622268,124.58212452398513,73.40567973365263,148.00715297956924,3786800,4741200,1924100,2818000
2025-07-28,185.6767578125,125.15665435791016,70.30751037597656,150.02992248535156,188.32618981180207,125.79060911348469,71.19835745054485,151.83561158335,184.81002510617327,124.44345336855461,70.13924135961128,148.15515615476426,188.32618981180207,124.95854633079443,70.891513061668,148.59918966468388,3776900,8168400,1400300,3970300
2025-07-29,188.33604431152344,126.80097198486328,70.91130065917969,149.7733612060547,189.58689453329475,126.89013344442638,70.99048873767684,151.06596962268844,185.0267188236131,124.28496830282681,69.98085961631512,149.14186463844646,186.29725658717197,124.81986904417421,70.63414993623046,150.37525754831142,6715500,5834100,1382700,3918100
2025-07-30,186.45484924316406,127.33588409423828,70.10954284667969,144.67205810546875,189.79372111090933,128.47501661882373,70.95089542186594,150.47394349897718,185.1744526652911,125.87976662543919,69.60472828085157,144.55365719737807,188.87775446151795,126.76136021885658,70.89150813828294,150.45420499560655,5008400,5359700,1453900,3529500
2025-07-31,186.16921997070312,124.9981689453125,70.40792083740234,147.2375030517578,195.83126394550578,127.9302040100581,70.75603023901876,147.57298228663407,184.79032563942692,124.6217531150339,69.51277695594882,143.6261252474363,194.0879547332497,126.33541701631128,69.55256197159297,144.24776004905067,10347900,6722600,2465000,4390400
2025-08-01,192.2757110595703,126.08777618408203,70.02997589111328,142.49142456054688,194.0879567413791,126.56323846256393,70.40792216453282,144.77073232668727,186.92759800685974,124.28496596705341,69.1746170091811,142.33354664924778,187.05564216794818,124.28496596705341,70.11948648683791,144.55365396266757,8082000,5453300,1263000,4074400
2025-08-04,194.2159881591797,128.7028350830078,69.9603500366211,145.9054412841797,194.39326619029416,128.90095822275404,70.20900071077152,146.2113203135784,190.79832140301303,126.24626231982378,69.51278185843687,143.07357601141206,191.87187844562334,126.24626231982378,70.05981637685436,143.45839399292424,4217500,5671400,1111300,3641300
2025-08-05,195.55548095703125,129.45567321777344,69.94046020507812,148.09596252441406,196.87526753124024,130.23820524611045,70.4377615454408,149.21095462822262,193.51669338891094,128.02927118238392,69.36358882908551,146.03373301622216,194.57056291144426,128.68304130104983,70.12943714264514,146.4876282705367,4153400,5355400,1132600,3743900
2025-08-06,193.3394317626953,129.69338989257812,70.17916107177734,148.81626892089844,195.06303848875078,130.4759369938274,70.8753874848261,149.37868828419562,191.73401040297023,128.5839728641141,69.98024357560116,146.6652237592091,194.2553984090718,128.85142701014504,70.15927235744616,148.27357300468785,4057200,5170100,1020600,2636900
2025-08-07,195.86080932617188,130.81271362304688,70.23884582519531,149.7240447998047,196.8161810628267,131.24856031716467,71.18371536055112,150.4542038019933,193.53640206410304,129.49527343025352,70.00013571225402,147.98741786256363,194.07811001199863,129.92122001393133,70.88533151348274,149.96084661410734,4683300,4690600,861200,2293900
2025-08-08,195.0630340576172,133.01174926757812,70.44770812988281,151.26332092285156,197.30864613883026,133.43769585751028,70.5471668780997,151.64813893760524,194.16675497355067,130.50564585427514,69.90067363236581,149.4082930281073,196.07749850532932,130.55517663654717,70.12943558265913,150.37526892691216,4101700,4985400,1357300,2376400
2025-08-11,195.6441192626953,130.1193389892578,70.14932250976562,153.24659729003906,196.42219790327022,133.08110464499046,70.74608257207889,153.54261459466343,193.92051268918684,129.31699165051376,69.15471987650488,151.1251675430179,195.19105035076416,132.8136504938512,70.47754319991348,151.707325373271,6067800,7125600,1100700,3354500
2025-08-12,195.6441192626953,129.7825469970703,70.94500732421875,155.75286865234375,197.0033109698321,130.64432518743587,71.03451791845545,156.35476501767954,194.0781031827852,128.39576064334102,69.97029340930695,153.54262305293264,195.1024113338613,130.4957479527773,70.34824726465979,153.72022441185155,3049800,5657500,946100,2748200
2025-08-13,198.43145751953125,128.17784118652344,73.24253845214844,158.0716552734375,198.67768705285786,130.40659046220262,73.41161908127623,158.33807239635786,196.2055479485757,127.11795494616395,70.91517189625011,154.53921565984885,196.7472408989678,129.88159739754983,71.11408939072798,156.28570448955432,3558500,6723700,1250200,3132000
2025-08-14,201.59303283691406,128.05899047851562,72.12858581542969,154.5688018798828,201.96730653029041,128.91086865775773,72.78502725206212,157.94337831483202,197.83065344743093,127.31607398899081,71.8202614008871,154.54907843261563,198.7564788813675,127.8806977760735,72.10869709987259,157.47962135092067,4635400,9688300,908700,6344900
2025-08-15,203.57272338867188,130.5056610107422,71.82025909423828,150.3654022216797,203.72045509140705,131.10000023768555,72.33745674071056,155.27923556791515,201.2384723135117,128.4453041692595,71.49203838646352,149.5957662176693,202.80448847713416,128.6929429947068,72.20815353498435,155.27923556791515,4430900,6784500,1251600,3921100
2025-08-18,203.45452880859375,129.03964233398438,71.76058197021484,150.82916259765625,205.1978229365152,131.05046837089017,72.0490176463066,153.3650107565181,202.85372819692876,128.93068064709752,71.4423094290474,150.16806576159394,203.48407514780214,130.3867981379154,71.9197144466906,150.33580540154406,6083500,3831400,1066600,2585500
2025-08-19,203.08026123046875,130.0103759765625,72.42696380615234,152.28948974609375,204.66597993971763,130.47593815113817,72.98393885528415,153.6511603722258,202.00670413061866,127.46464174049241,71.69095997862588,150.02992050064904,203.41512977064374,128.69293568623917,71.90977377313222,150.8094182154515,3975500,4845700,764200,2146200
2025-08-20,205.99560546875,131.1891326904297,71.46220397949219,152.6940460205078,208.4973057478614,132.546188473432,72.64578364560028,153.27620387491686,203.53331032793943,130.47593173951697,71.46220397949219,151.1350355371246,203.53331032793943,130.80281676824137,72.24794103959435,152.07241116060916,5782100,3639800,847700,3258200
2025-08-21,206.34033203125,130.75328063964844,71.36273956298828,152.3289794921875,209.24583728085128,131.94194380434718,71.82025586771908,153.1479542810352,205.71982884890707,130.5056418505582,70.85549009087146,151.11530989518386,205.98576093114787,130.87214242171666,71.08425203734484,152.31910271194144,5323900,3980000,723300,2236900
2025-08-22,207.4237518310547,131.33770751953125,73.21270751953125,156.61131286621094,208.28062574393115,132.35797814444345,73.45141004989097,156.99613088511288,203.9962261222346,130.0995135461259,71.52188591480696,152.94073404465388,207.66012254983048,131.51601531133133,71.74069214117699,153.68076985454738,5516900,4130200,674100,1958200
2025-08-25,204.4197540283203,130.62451171875,72.14847564697266,154.48997497558594,208.11319689189395,131.70422839317266,73.02372322908344,156.54190317490526,203.92729497984382,130.24811101400937,71.96944687015274,154.44040827740028,207.128278794941,131.46648969964716,73.0137826663049,156.21478111763903,2796200,4705800,625000,1606300
2025-08-26,205.21754455566406,130.34716796875,71.98934173583984,155.20370483398438,205.43422774907782,131.09999966823145,72.64578316968162,155.35238981417126,203.45454769506102,130.13915982049542,71.80037238009284,153.23106505158034,204.390216923716,130.61462213118023,72.02912675500146,154.40076056407386,3702900,6076500,1132900,2960600
2025-08-27,204.9220428466797,130.21839904785156,72.02912139892578,155.16403198242188,207.24644999782586,130.5056534182019,72.67561463284989,155.84801308330506,204.67581333926444,129.32689025930262,71.51193136471608,154.3908399011537,205.67059016756215,130.2282991590107,71.6909601435225,154.6783025464939,3459100,4759200,1111900,2155000
2025-08-28,204.78416442871094,130.1292266845703,71.23344421386719,156.18505859375,204.87280344861705,130.39668081019107,72.43691250452886,157.0871211571505,202.390820719303,128.91084806845478,70.93506038488304,155.2136147469678,204.51823234033546,129.68347988498388,72.27777243887972,156.38331027922723,4523100,4674700,1081400,2982200
2025-08-29,207.2267608642578,131.4070587158203,70.90522766113281,154.17276000976562,207.81771773183024,131.59526662539955,71.68101655594548,156.85911774140033,204.76446563046835,129.93112600119588,70.63668068171832,153.9646010535388,204.8629634512829,130.76318875596115,71.66112784068564,156.22470333208318,4264700,4430700,886400,3279100
2025-09-02,208.72384643554688,130.21839904785156,70.00013732910156,152.92376708984375,208.96023219494523,132.140063525198,70.57700873304279,153.14184846990818,205.8380435542657,129.6042445184938,69.7017610633578,150.37618693437875,206.97069338215152,131.4367777660609,70.28857303107218,152.60655230951974,4335500,5779200,1311500,2745100
2025-09-03,208.6647491455078,130.9315948486328,70.40792083740234,150.67356872558594,210.20121897602695,130.94151007521748,70.77592654094875,152.74532666541086,208.2904754585556,128.98021477513333,69.62218385191625,149.1172621041034,209.21630087660108,129.91132407893866,69.62218385191625,152.16047894327264,3973500,4806500,1337100,3964400
2025-09-04,209.7875518798828,131.55564880371094,72.24794006347656,154.16285705566406,210.95960680436028,132.5759195677221,72.24794006347656,154.24216074976292,208.46776525427677,130.45613180083703,70.40792657230257,150.69339984841287,209.04886331692546,130.9315941193387,70.83560604004282,150.8718218159105,3531600,5073800,1185900,2741200
2025-09-05,209.35418701171875,131.68441772460938,73.2823257446289,153.9447784423828,211.10734001135043,133.05138881015887,73.69010889743794,156.18505111977555,207.8177171943928,131.19904020945845,72.54632188634338,152.9336752315094,209.34434324112573,131.25847110627822,72.64578063667122,154.440415195175,4465400,3286900,1445100,2053300
2025-09-08,206.62596130371094,130.95140075683594,73.5608139038086,152.6561279296875,208.8026369143424,131.83299432292975,73.69010952150815,153.62757178133523,204.478847062404,130.36697678806362,72.2777755255297,150.67358081371754,207.80787504502004,131.01083165336553,73.01378697826465,153.2608054050837,5525500,5070200,1165600,2715500
2025-09-09,207.2464599609375,130.70376586914062,71.61138916015625,151.744140625,207.54193838977184,131.91224451710448,73.16296683039724,152.80479534476797,205.9660634550935,130.4065962628968,70.87538534071064,150.22749346570657,206.36988347354517,131.05046626220408,73.08340438726333,152.80479534476797,3097100,4641400,1200300,1669200
2025-09-10,208.44805908203125,128.1382293701172,72.09874725341797,152.22988891601562,209.06856227336178,130.60471741518896,72.2578873270006,153.85557696056614,205.2963242736152,126.24626519109452,71.3030696501539,151.1295746518261,207.05932100079482,130.60471741518896,71.34285466854955,151.82346312346942,4520600,7397200,1105000,2811600
2025-09-11,216.89865112304688,131.39715576171875,73.89897918701172,158.07839965820312,218.42527708480927,131.42687121183033,74.31671047463834,158.1081366556738,213.48098433531698,128.17785100578462,72.108691399732,152.06136174272652,217.02669527691634,128.4651205097626,72.33745334574616,152.44795783547988,7647700,5578300,1673100,3663900
2025-09-12,215.04701232910156,132.46694946289062,72.17831420898438,156.49234008789062,217.05625365029488,133.68534330399038,73.7597363727828,160.6854378159079,214.93867073797196,130.1589539146697,72.13852919228711,156.4328660989485,215.81524723759978,130.57500042093582,73.41161937373568,157.7215246533493,4418800,5700300,766700,2865100
2025-09-15,214.32803344726562,130.08963012695312,72.85464477539062,155.29290771484375,216.28802592326775,133.08111138263496,73.03367355754821,156.99789931826646,211.07780063411622,129.723129500496,72.07885591544643,153.89520847152053,216.28802592326775,132.61554917972614,72.43691347976161,156.6212105539468,5162100,4057700,799600,3219500
2025-09-16,212.99838256835938,131.506103515625,73.21270751953125,155.13430786132812,215.41144393257716,132.3976122685295,73.31216627482975,156.1057516881577,212.584718770434,129.9608398148647,72.38718543294215,152.28935766279602,215.0371702459819,130.5155483110686,72.90438310164093,155.53081122413874,4251000,5401600,640100,2208600
2025-09-17,217.47976684570312,132.90280151367188,72.72534942626953,153.80599975585938,218.2086116620487,132.95233230113212,74.7941171975812,157.15649389750337,214.02270966796453,131.45659925374804,72.25788496069953,152.20012640183091,215.79556528295527,131.45659925374804,73.58070832322397,155.1343026145476,5258400,5113300,1083200,2757300
2025-09-18,218.6419677734375,133.2990264892578,72.67562103271484,154.0438995361328,218.72076302247774,133.50703462635732,73.1231892250361,155.55063952736754,216.6031801547465,130.85235382650208,72.29767472782615,152.963415025428,217.73584495246052,132.82354908939763,72.8645979792675,153.79608115520233,4445600,5891700,915800,1795000
2025-09-19,219.11473083496094,134.755126953125,72.69550323486328,155.2334442138672,220.11935150464424,135.43861248075288,72.99388706181968,156.03637337047408,218.24799809808457,132.4570466772045,72.07885445520343,153.3401081003657,219.06548192424614,133.42778657131996,72.48663759128019,154.54946304323641,14415100,11547400,2025700,6507100
2025-09-22,219.23291015625,135.32965087890625,71.8699951171875,152.51734924316406,221.76415681639222,136.19144420821317,72.42697021560907,154.35121136374497,218.0904015852444,133.67542545620785,71.7009068866953,152.29926785177713,219.1048810263087,134.05184128084014,72.38718519597658,154.2421706680515,5990700,4837000,769400,2484800
2025-09-23,219.2526092529297,134.60655212402344,71.78047180175781,154.92611694335938,221.01560596221407,135.5872072613934,72.93421452408765,156.75997882992598,218.58285715931999,133.76457411686678,71.35279235651018,152.49750007715133,218.66165240731272,134.99286806638003,72.09874434788051,152.49750007715133,4629900,5136400,622300,2254000
2025-09-24,216.67213439941406,132.6254425048828,71.57160949707031,153.25088500976562,218.88820008524283,135.5376773733153,72.30761337155907,155.13429855862682,215.24399115673194,132.52638093350023,71.34285512510185,153.11210732854042,218.65181433510446,134.03202915340776,71.44231387761928,154.63866182201778,5074500,3932400,820900,1739300
2025-09-25,215.24400329589844,132.05091857910156,71.01463317871094,151.694580078125,218.90789997206153,133.16033562761447,71.76058519195745,152.6561165678563,214.74170045576537,129.94103105000056,70.70630118658198,150.49514763258918,216.7804882154653,133.16033562761447,71.58155640524964,152.6561165678563,6666000,4963400,682400,2949300
2025-09-26,217.2827911376953,132.2886505126953,72.0589599609375,151.47650146484375,218.13966510902785,132.93250534940452,72.1584262978958,153.1517561038153,214.38712940589252,131.84290369384485,70.90522481673922,151.0403387037348,217.30249370848978,132.714581995358,71.23344551698291,152.67594905789338,4185600,4182100,637200,2104000
2025-09-29,219.7943115234375,131.85281372070312,72.35734558105469,152.73541259765625,219.8731067693988,132.23912967471645,73.0635125792323,153.05261223135673,216.47512753769007,130.4660423767255,72.13853177549221,151.20884303822396,217.42065546056912,131.7438520354853,72.79497319217964,152.16047219058987,4958400,4351900,671800,2043400
2025-09-30,228.0479278564453,132.6749725341797,73.01378631591797,153.8258056640625,228.84572413310426,133.22968105554273,73.1629706472117,153.86546507214686,219.21322641897913,130.93158562169745,72.47669995861182,151.09980369511027,219.69582666454892,131.60517105097657,72.58610686037137,152.50742529508938,9187300,7538300,751300,2177100
2025-10-01,240.6942901611328,132.20941162109375,72.70545196533203,154.63865661621094,241.11779773050733,134.17070680170409,73.16296827228604,155.17393761845037,228.50099927021554,127.8608746388947,72.0390700131305,152.91383538564864,230.1162643535656,133.52685192925674,72.88448074528934,153.10217975932085,12243100,10613900,1053400,2297900
2025-10-02,232.99221801757812,131.73394775390625,73.14308166503906,157.41424560546875,239.01006807247575,132.1301638068792,73.57076111902208,158.18743777836931,230.9829917520117,129.27735985851845,72.39712965843259,155.1739576616398,237.2569150967524,131.16932400801252,72.75518722866099,155.88767584056868,8107700,5916700,831500,2167500
2025-10-03,230.3822021484375,133.31883239746094,72.9541015625,157.2754669189453,235.2378412893048,134.09146431184362,73.5011360455584,158.99036594539393,230.1852215292351,131.5358298586262,72.86459096793547,156.3337600605202,233.32709772285975,131.9914919409239,72.99388657837842,157.53319259974177,6547300,5362200,649600,3411600
2025-10-06,226.71829223632812,132.47686767578125,72.02912139892578,154.56927490234375,229.43666069079987,133.96270058554458,72.75518466525628,157.82066600957359,224.48252401632251,132.18959818234293,71.81030760391616,153.2806314086005,228.21537190611954,133.05139154798394,72.48663770293867,157.3151068268083,11940300,6745900,704300,2421400
2025-10-07,229.31846618652344,131.76365661621094,71.01463317871094,153.97451782226562,230.54961372111458,132.82354281800787,72.20815336461884,156.56174231693728,224.15749031120106,130.68393996368093,70.98479631229569,153.8258177187449,227.80168400785956,132.82354281800787,72.11864276537308,155.46142810367155,4901000,4816100,808600,1696700
2025-10-08,227.75245666503906,133.00186157226562,70.68640899658203,154.63865661621094,229.48590703317058,133.44760842497743,71.15387344934933,154.72786759564545,226.2159718737066,130.92168944004516,70.30846272687582,151.44675492985138,227.98882738012338,131.5556442141556,71.06435526628825,154.3511939739334,5412800,6654800,806300,2084200
2025-10-09,227.21075439453125,132.05091857910156,69.35364532470703,151.5458984375,230.26399142687885,133.8537363976087,70.68640921801655,155.2334370898711,227.14180291514094,131.7438488685077,69.16466839515398,150.0490657630345,229.7518448456534,133.30892798461625,70.64662420188876,154.73780033687103,4607600,3237600,1093700,2512200
2025-10-10,227.0236053466797,131.3179168701172,67.38433074951172,147.45193481445312,231.1405554880184,133.22968124935832,69.77137867008967,152.9039391269203,227.0236053466797,130.7929086816274,67.30476071490868,147.1644721514381,228.01836714417314,132.92261153991947,69.37353608529067,151.90275832567707,6156900,5654100,1337900,3504400
2025-10-13,226.82662963867188,130.13914489746094,67.31471252441406,149.78143310546875,230.28368657955656,131.5061007732654,68.34910026581744,151.09981356051983,225.76291634255577,129.63395208028155,67.17546875039982,149.10735925471553,226.53115121830794,130.75328427478362,67.72249569453676,149.25605935629198,5411900,4008100,1028300,2724800
2025-10-14,225.67428588867188,132.0113067626953,68.44855499267578,151.19894409179688,227.1713505589863,132.08063777285648,68.736990675652,152.368654674337,224.07870836962223,129.99056552169085,66.87708096330857,147.96739796235735,224.63027512193827,130.21840411928613,67.0958947633744,147.96739796235735,5527600,8147900,927500,2604800
2025-10-15,224.41441345214844,128.79757690429688,68.8364486694336,152.1307373046875,227.1226195639716,130.81734461426953,69.204454382619,154.3016285763379,223.52160290798702,125.10627598763257,68.23968859557252,151.37737492928625,225.38658728821312,127.36483198686321,68.44855424201309,152.3488186733412,5459400,14906400,1072600,2381500
2025-10-16,225.05921936035156,126.98674011230469,68.98564147949219,150.08872985839844,226.28932767921452,130.49895523462587,69.16467026279359,153.12202446133668,223.66048485958822,126.23057598942432,68.37893324653834,149.29570800371883,224.41441342708478,128.87716560139015,69.13483339694605,153.12202446133668,4737500,9768100,1012100,4279200
2025-10-17,227.73768615722656,127.89215087890625,69.33375549316406,151.3079833984375,228.86858660125768,128.60852328874591,69.48294742051277,151.73423886021243,224.99970550757192,126.56885985672488,68.65742533230431,149.94994357089408,225.7040452776354,127.21558537066026,69.06521609450968,150.12836553700944,7150000,6806800,989400,4494000
2025-10-20,230.20779418945312,128.85726928710938,69.43321228027344,153.4293212890625,230.40619484783386,129.16571965222653,69.81116616393766,154.70807265917125,228.16423864783167,127.48423475588778,68.87623719472585,151.69459254908674,229.15625707673527,127.79266993911955,69.45310858373809,151.89284423709998,5246700,5810000,1074600,4230400
2025-10-21,229.54315185546875,126.89720153808594,70.61679077148438,165.18580627441406,230.951816258375,128.64833329428393,70.64662763797743,165.36424335984793,227.9956054730365,126.86735395211286,69.09504987460784,151.46658542538054,230.29708043903815,128.34984225266814,69.49289246702003,156.62120431439882,3298100,4934700,1151500,7302200
2025-10-22,226.85476684570312,127.30513000488281,67.83190155029297,165.77066040039062,230.30700187372864,128.290145878418,70.45765208848388,167.70364066797083,226.60676223870703,126.46936724169925,67.7523391008148,164.08549850367027,229.82090739469632,126.97679897131351,70.4477115249344,165.70127912187903,3523500,6186800,1554500,5275800
2025-10-23,226.42820739746094,125.7032470703125,68.66737365722656,170.1025390625,228.0253576805309,128.12100784786685,68.98564622853748,170.1322760575214,225.43618896417524,125.43461120110794,67.6329859034119,165.25521224077775,227.16230648741237,127.59368024432047,67.7921259831757,165.76075628177497,5818000,6700600,868700,4779100
2025-10-24,226.1702880859375,126.21067810058594,68.52812957763672,167.0295867919922,227.211895331434,127.46432986199511,69.81116800922985,171.34163261996167,224.4441705624576,124.37000356599769,68.50823327364616,166.2861316579032,226.95397598806343,126.33007603674862,69.49289543933038,170.49904408440744,3554700,5071100,1294900,3612300
2025-10-27,226.2099609375,126.53901672363281,68.23969268798828,166.93045043945312,226.77541870724903,127.01660087731007,69.16467351382077,169.14100122285464,225.30722053509365,124.51924908040262,68.07061204809395,165.93917694485867,226.13059764681594,125.42465875901429,68.65742400592129,168.49666437598836,2784400,6254200,1527800,2922300
2025-10-28,225.723876953125,125.97188568115234,66.47924041748047,165.37416076660156,226.57701344639412,127.80260842985396,69.2740791473076,167.02958570600046,222.51966151990524,125.5540043047238,65.14647645000737,164.89835371905556,225.18819363735167,126.33007188693176,67.90152257327645,166.85116373528322,3724200,4763000,3248700,2448100
2025-10-29,223.34303283691406,123.80287170410156,65.22604370117188,163.193359375,226.18020620443212,125.91218961299592,66.55880761172845,166.53394619356112,222.25180648902239,123.49443653668985,64.70884607303347,162.1822561807904,225.80323435025133,125.54405168441829,65.82280377437954,165.6913576774476,5469300,5182000,1841300,3163400
2025-10-30,226.3786163330078,124.04166412353516,66.33999633789062,164.99746704101562,227.8170401157417,125.79279588775607,66.9367640220155,167.78294308823703,224.60290989663994,123.70338135970043,65.1962093158227,163.1636201859516,225.2378011245984,124.50929654843584,65.22604618238567,163.57003081559597,5020700,4877400,1859300,2143700
2025-10-31,216.29969787597656,122.99695587158203,65.98999786376953,165.04702758789062,222.08316730132498,123.7033765488309,66.87000274658203,165.87969364647057,214.2759868823677,121.99204416295827,65.63999938964844,163.7682915069023,221.22011608688888,123.2158406915224,65.94999694824219,164.0458468597623,10825300,7044900,2236100,2096600
2025-11-03,210.2682342529297,123.2158432006836,65.66000366210938,160.77464294433594,217.2520373787048,123.43473561602373,66.0199966430664,164.82894771633053,210.00038503697948,121.82290526841435,65.20999908447266,160.08075455589216,214.95054734254026,123.08650113295643,65.66999816894531,164.56129965020492,8874300,5833000,1331200,3141200
2025-11-04,214.1668701171875,125.16596984863281,65.1500015258789,159.18861389160156,215.34737453623566,125.21571329359534,66.31999969482422,160.8143018894511,210.6749608116922,123.21584158710897,64.91999816894531,157.95944438446767,210.6749608116922,123.67352986279509,65.7300033569336,160.40789123421408,6184000,5607700,1303400,3520900
2025-11-05,215.0398406982422,123.91232299804688,66.02999877929688,162.88607788085938,215.69456136215058,126.0713844404657,66.19000244140625,163.3916219488765,210.90312563486623,123.2954450469518,65.11000061035156,158.7425465540282,214.01806291970328,125.25551751982648,65.1500015258789,159.28775003461573,4928200,4597100,1418300,2656200
2025-11-06,217.29171752929688,124.32025146484375,65.58000183105469,162.420166015625,217.9266087402948,124.37000250222165,66.80999755859375,164.04585392047585,213.92877554437027,122.72831695100382,65.56999969482422,158.1775167242915,214.16686542486966,123.2257969610127,66.37000274658203,162.76710265881636,6615300,4714700,1092700,5193100
2025-11-07,217.4107666015625,125.72314453125,66.26000213623047,163.40151977539062,219.2261621770493,125.98183625326523,66.38999938964844,163.8376825345992,215.35728114933966,124.02176386484433,65.33000183105469,161.24055081011775,217.5595633138974,125.00677212624923,65.33000183105469,162.47964268258153,4647900,5458500,1172800,2506400
2025-11-10,216.96437072753906,125.2555160522461,66.16999816894531,166.2068328857422,218.10518593686632,125.51420778237657,66.37000274658203,167.69374319796992,214.42479067666122,123.92227327184767,65.4000015258789,162.53912380737384,215.26801244842545,124.78788362925955,66.12000274658203,163.56013434505286,4530800,4251600,1062900,2754900
2025-11-11,223.37278747558594,126.35992431640625,65.79000091552734,167.19808959960938,223.6207920824297,126.5091698396929,66.62999725341797,168.69490705137687,217.25203559512227,125.13612013458693,65.44999694824219,164.55139132529644,217.25203559512227,125.96193878462275,66.41999816894531,166.2068161578907,4802400,5293900,1056400,2365800
2025-11-12,231.3684539794922,128.17076110839844,66.37000274658203,169.5870819091797,232.13231240825542,128.42944525628312,66.73999786376953,170.28097037379962,223.49182523055705,125.91219754079697,66.0199966430664,167.1882017168456,223.6009478632375,126.30023135356677,66.33000183105469,167.1882017168456,8583200,4979700,1149900,2694300
2025-11-13,230.4359588623047,128.6085205078125,66.08999633789062,169.13107299804688,237.38008800543653,128.93685912037967,67.37000274658203,171.05414593160612,230.30700675709244,127.35487640864328,65.8499984741211,167.7730331973022,231.87439772298222,127.8623005288556,66.51000213623047,168.93282133106433,7968500,5182400,1323300,3878900
2025-11-14,230.5054168701172,129.93182373046875,64.73999786376953,166.83140563964844,233.1243450774218,130.29996925691046,66.2699966430664,168.58353807958906,228.48170581142762,128.1210044114728,64.6500015258789,166.2440448728681,231.74543998223112,128.63837268439457,65.8499984741211,168.1554662229742,5461500,6998900,1168800,2748800
2025-11-17,232.13232421875,129.37464904785156,63.310001373291016,164.65118408203125,233.47155522096617,131.26506699646623,64.79000091552734,167.07033690404145,227.40039183285376,129.29505042512565,63.22999954223633,164.23306209107454,231.39822509454993,130.02136698240793,64.62000274658203,166.16439832832202,5023100,5816600,964200,2908400
2025-11-18,232.00335693359375,129.3448028564453,63.380001068115234,165.0493927001953,235.29686555096433,131.364570486499,63.810001373291016,165.84582205780464,230.25740985916886,128.63837456081527,62.959999084472656,162.58047536317025,233.12434265915675,130.08107873818372,63.189998626708984,163.25744563385746,6232600,6775000,1257600,2325700
2025-11-19,231.051025390625,125.51420593261719,63.61000061035156,165.83587646484375,236.24919248372083,130.82729629745023,64.0,166.56261124669837,228.52137526570976,123.95211903109711,63.11000061035156,163.82489570302317,231.67598673332128,129.23535421943998,63.650001525878906,164.850293400495,7618400,10296100,1270100,2219100
2025-11-20,227.61863708496094,123.3451919555664,63.25,163.8746795654297,233.07473872199728,125.08637194908724,64.69999694824219,168.9917183226252,226.18021331714243,121.48461402975062,62.970001220703125,163.2275892239504,231.3982250697878,121.88259954645814,64.23999786376953,167.97627045988827,4283600,11654000,1375300,3303500
2025-11-21,234.3941192626953,127.46432495117188,65.0999984741211,167.33912658691406,236.11030695094527,128.0712511524663,66.0999984741211,168.62337257358746,228.30312655639167,123.26559257799771,63.529998779296875,164.43217225368613,228.7098577556938,124.05161188116493,63.529998779296875,164.6213259409192,8017600,9401000,2023500,3183500
2025-11-24,227.6781463623047,126.54896545410156,64.0999984741211,168.8025665283203,235.72341650371897,128.86722408737714,65.01000213623047,169.99720304404352,226.65636858164788,126.08133303724124,64.0199966430664,165.89561210349711,234.11635147724908,126.81760131541365,64.72000122070312,167.48847091821304,10225900,14041300,1644400,7138100
2025-11-25,229.9498748779297,127.40463256835938,65.41000366210938,170.77371215820312,232.21167568517163,128.1607967119734,65.62999725341797,171.39095290453747,228.47176196934618,125.5938056502227,64.2699966430664,169.45961658949923,228.4816918413165,126.6484608338029,64.72000122070312,169.5292959954854,7134100,8035500,1435300,2605800
2025-11-26,225.84292602539062,127.89215087890625,66.33000183105469,170.0370330810547,230.62444712688125,128.36974260672247,66.48999786376953,171.60001193349396,224.83106295877627,126.37981502886656,65.18000030517578,169.91755879589434,230.18795658296915,127.43447778377154,65.18000030517578,170.3456458690163,5920800,5473800,2339100,2031600
2025-11-28,225.88259887695312,128.25033569335938,65.9800033569336,171.2814483642578,226.26948546841075,128.73787155034591,66.70999908447266,171.47060205667023,223.71007604146024,127.35487778171053,65.97000122070312,169.25055262434572,225.03939227352004,127.51407502258995,66.56999969482422,169.8976581610528,2655600,2572400,772900,1596300
2025-12-01,223.3132781982422,127.36482238769531,66.0199966430664,169.71844482421875,227.65832393700617,129.19556030081893,66.4800033569336,171.2117441767316,222.19229248425043,127.31507894294299,65.05000305175781,168.8523360607618,225.3766784305365,128.0015961716865,65.37000274658203,169.9175483664285,5208300,5766900,1559400,2244600
2025-12-02,222.5791778564453,125.683349609375,65.95999908447266,170.7936248779297,224.82114927208676,128.33989863583574,66.37000274658203,171.16196719636557,221.32924004150394,125.00677649113274,65.2300033569336,168.8921533599532,223.02559827471052,127.80261172238234,66.01000213623047,170.11666978560137,5096700,5479700,1164000,1928500
2025-12-03,228.40232849121094,124.65853881835938,67.31999969482422,172.31678771972656,228.947926517439,126.92704639484522,67.44999694824219,173.90964645173298,222.72798186763967,124.57894019684773,65.7699966430664,170.39541649522198,223.04541989360874,125.64354708900352,65.83999633789062,171.28144017736105,4872900,4918800,1187900,2883300
2025-12-04,226.88455200195312,124.76799011230469,67.19999694824219,168.5138702392578,229.09674896210603,124.93713149670651,68.91000366210938,171.2416208575487,225.7734810171628,123.43473971592267,66.80999755859375,167.9862389799259,228.27337181169025,124.55904941552431,67.69000244140625,171.1321116231235,3732900,5226900,1728700,2860400
2025-12-05,224.27552795410156,124.44960021972656,68.02999877929688,166.7318572998047,227.42022455351608,125.41471264666913,68.4000015258789,168.5835492287154,223.25375018451578,124.01181538500396,67.26000213623047,164.91999519638273,227.1027713908875,125.02667884896226,67.51000213623047,168.4441752207599,3985200,4361100,1931200,3021400
2025-12-08,221.3391571044922,121.47466278076172,67.1500015258789,163.2275848388672,224.3152125268882,123.99191795765924,67.87000274658203,165.07927668440567,220.614987856736,121.096580713425,66.5999984741211,161.56503148868788,224.2755384482032,123.99191795765924,67.87000274658203,165.02949700009984,4006100,6391900,1934500,3254000
2025-12-09,221.210205078125,120.63890075683594,66.43000030517578,164.35252380371094,223.02560070290048,122.60892490920966,67.23999786376953,164.99962930697873,218.47222440082396,120.4498559265484,66.18000030517578,162.67007076209197,222.10301565037494,122.2109393885244,66.91000366210938,162.67007076209197,4267900,5229100,1142600,2335000
2025-12-10,223.38270568847656,121.9323501586914,67.91999816894531,164.91998291015625,224.1763234701327,122.46962187479475,68.22000122070312,165.98519520789705,219.2360758632485,120.09166809918698,66.5999984741211,162.68003389805367,223.20414963452902,120.64885085701712,66.66000366210938,163.84480556147184,8735200,6716200,1146000,3382000
2025-12-11,222.19229125976562,122.6586685180664,68.58000183105469,167.84686279296875,224.1564987165196,123.61382921441574,69.12999725341797,169.24060285790048,220.4661888206188,122.01194299496065,68.01000213623047,165.47748949195736,223.7398376412078,122.40992851617516,68.70999908447266,165.8159670519226,4170600,5390000,1095400,2525200
2025-12-12,221.53756713867188,124.82768249511719,68.72000122070312,168.1455078125,222.03357636281862,124.94708042958392,69.5,169.08131120839658,219.3352849725002,122.29053901297475,68.19000244140625,167.0504306907743,221.9046091207004,122.8477141919345,68.88999938964844,167.71743593897935,5467600,4765300,1289700,2423500
2025-12-15,225.6345977783203,127.82251739501953,68.81999969482422,164.95980834960938,226.4778195318889,128.98661881855134,69.3499984741211,169.59899558659015,221.7756465388487,124.56899381732171,68.0999984741211,164.4520920088946,222.45022696910368,125.08637728840874,68.87999725341797,168.8025661808715,5971900,7716000,1195300,2576400
2025-12-16,221.884765625,126.22062683105469,67.94000244140625,162.47097778320312,225.02946230540516,127.95186270508893,68.98999786376953,166.25400611006057,220.1388185965764,125.6634516574027,67.61000061035156,162.1125853061192,224.60290163626203,127.76281787505312,68.91999816894531,165.25847313934165,6405900,5764200,1146700,2786500
2025-12-17,222.5196533203125,126.07138061523438,68.08000183105469,161.44557189941406,224.60289809411165,127.02654130376176,68.79000091552734,163.4963672852048,221.08122961316553,125.30526475569782,67.18000030517578,160.29075006584924,222.09309265789653,126.11117992612415,67.48999786376953,161.46548681120015,5243400,8048900,1185800,2638500
2025-12-18,221.04156494140625,124.4894027709961,68.19000244140625,161.0373992919922,224.45409579693967,126.93700355520855,69.13999938964844,163.49636681386156,221.01179046097067,124.30035793454734,68.0199966430664,160.7088716062893,222.2121394818449,125.94204351653961,68.30999755859375,162.64020789704924,4760400,5891700,984700,2606000
2025-12-19,225.00962829589844,124.81773376464844,68.01000213623047,161.2365264892578,227.6384710892153,125.49430689431004,68.5,163.2076775162887,220.5753046883036,123.13625646181244,67.70999908447266,160.95776328230778,221.17050666605456,124.40980409624775,68.41999816894531,160.95776328230778,18968800,14795700,2287800,3715700
2025-12-22,226.09092712402344,124.5689926147461,68.11000061035156,159.28526306152344,226.82501108464066,126.59871198515036,68.51000213623047,161.91346929441352,222.4601359874025,124.1411594985686,67.73999786376953,158.35942476147903,224.3052908980623,124.5292008936091,67.80000305175781,161.45551747923602,4828100,5058000,883700,2334600
2025-12-23,226.96389770507812,123.91232299804688,67.73999786376953,159.43458557128906,228.9479346329627,124.54909680971932,68.37999725341797,159.77307829730876,226.09093174996923,123.22579814851709,67.3499984741211,157.74218270369582,226.39845505187125,124.37000370075253,68.20999908447266,159.26534680359237,3612100,7534900,747600,1828900
2025-12-24,228.0551300048828,124.18095397949219,67.95999908447266,159.62374877929688,228.9578704634424,124.69833742545607,68.25,159.96222633489668,227.15238954632323,123.37503881632578,67.48999786376953,158.35943287621038,227.6285693200475,123.38499054169418,67.80000305175781,159.3947804552884,1744900,1632200,562100,854400
2025-12-26,228.14439392089844,124.21080780029297,67.76000213623047,161.35597229003906,228.76937037461897,124.55904988718827,68.01000213623047,161.455516464451,226.85476693660203,123.63373674597551,67.5,159.28526206037898,227.98568247647728,123.95212365526686,67.87000274658203,159.60383987600036,1593900,2120700,543200,1245700
2025-12-29,228.99754333496094,123.94216918945312,68.08000183105469,160.99758911132812,230.1681330179413,124.85753058456233,68.12999725341797,161.97320714423842,227.90633208418348,123.86257056615428,67.41999816894531,160.1016155369083,228.3130481587183,124.39984988700772,67.55000305175781,161.1469129768557,3803000,4468700,1059700,2185100
2025-12-30,227.9063262939453,125.14607238769531,67.73999786376953,160.45004272460938,229.36459464010863,125.56395378190456,68.25,160.95775905730653,226.79525532634446,123.73323095530635,67.62999725341797,159.9224114796612,228.9281040960869,123.80287785434122,67.88999938964844,160.75865550667785,2348000,5271100,695200,1293600
2025-12-31,226.6663055419922,124.65853881835938,66.87999725341797,159.38482666015625,228.41225259896592,125.6037477782477,67.75,160.6192777596669,226.6067717187426,124.60878778217901,66.83999633789062,159.32508192479526,227.90632862884868,125.24556157238757,67.54000091552734,160.45003898604452,3196900,3157100,666900,1201700
2026-01-02,227.47975158691406,123.5640869140625,68.31999969482422,161.09715270996094,228.89834586185512,124.61874210275667,68.52999877929688,161.16683211882676,223.90849419825918,123.01685586845183,66.6500015258789,158.34947198712533,226.91430893360226,124.07151105714601,67.05999755859375,159.3848347840461,3336800,5014200,1318800,1961200
