timestamp,Open,High,Low,Close,Volume,VWAP
2017-01-11 17:47:00,226.41,227.02,225.59,225.915,38502009.0,226.44496077066543
2017-01-12 11:34:00,225.91,227.22,225.64,226.55,38584359.0,226.61422298618513
2017-01-12 17:38:00,226.55,226.66,224.955,225.99,39156641.0,225.63908599386372
2017-01-13 14:46:00,225.99,227.4,225.8,227.34,39665555.0,226.49020467213623
2017-01-13 20:56:00,227.34,227.38,226.69,227.005,39661600.0,227.08476806175523
2017-01-17 17:17:00,227.01,227.32,225.82,226.4635,39882578.0,226.71510822640613
2017-01-17 21:19:00,226.46,226.72,225.8,226.25,40294136.0,226.23431900351173
2017-01-18 20:44:00,226.25,226.86,225.9,226.655,41025726.0,226.4066801280395
2017-01-19 17:52:00,226.66,227.0,226.06,226.32,40899840.0,226.60299037016568
2017-01-19 21:10:00,226.32,226.43,225.41,226.16,41174423.0,225.92531176578902
2017-01-20 16:02:00,226.16,227.31,225.91,227.028,42284973.0,226.9025023035028
2017-01-20 19:35:00,227.02,227.11,226.05,226.205,42355205.0,226.5697156729919
2017-01-20 21:16:00,226.205,226.77,226.13,226.71,43820212.0,226.5874669880647
2017-01-23 18:29:00,226.71,227.5,225.27,225.73,45618210.0,226.08005910123148
2017-01-24 14:59:00,225.73,226.58,225.695,226.445,45804074.0,226.11133147088086
2017-01-24 19:39:00,226.45,227.85,226.27,227.7,46452552.0,227.23449208983988
2017-01-24 21:44:00,227.7,228.08,227.1819,227.6,46413749.0,227.7047330062435
2017-01-25 20:14:00,227.6,229.49,227.56,229.31,48305251.0,229.0197258623893
2017-01-26 15:09:00,229.31,229.78,229.09,229.59,48103868.0,229.46056202022632
2017-01-26 21:02:00,229.59,229.71,229.01,229.41,48553774.0,229.32570424206563
2017-01-27 20:59:00,229.41,229.59,228.76,228.99,49750672.0,229.03617138459043
2017-01-30 16:39:00,229.0,229.0807,226.41,227.0102,49325948.0,227.7576383537807
2017-01-31 13:30:00,227.01,227.76,226.71,227.29,49933729.0,227.3230476066063
2017-01-31 20:14:00,227.26,227.31,226.32,227.21,50415732.0,226.78707721222213
2017-02-01 16:26:00,227.2001,228.59,227.11,227.3,50388108.0,227.67798185425693
2017-02-01 21:04:00,227.29,227.9,226.94,227.69,50690913.0,227.4857736539705
2017-02-02 18:55:00,227.7,228.1,226.68,227.83,51534789.0,227.48317553076927
2017-02-03 15:52:00,227.83,229.4,227.18,229.32,51368261.0,228.194151938025
2017-02-03 21:11:00,229.32,229.55,229.08,229.36,52494193.0,229.35934097601054
2017-02-06 20:53:00,227.7907,229.54,227.7907,228.865,52020261.0,228.87345986967063
2017-02-07 18:19:00,228.86,229.6556,228.62,228.94,52007614.0,229.15167036076568
2017-02-08 17:30:00,228.94,229.28,228.31,228.9737,52282988.0,228.88471223551454
2017-02-09 16:50:00,228.98,230.79,228.82,230.59,52308318.0,229.65239826325495
2017-02-10 15:17:00,230.6,231.2,230.38,231.08,52093856.0,230.7562515210361
2017-02-10 21:14:00,231.085,231.77,230.915,231.48,54049913.0,231.43267238901035
2017-02-13 21:00:00,231.48,233.07,231.4421,232.76,53238294.0,232.56003618152485
2017-02-14 19:49:00,232.77,233.67,232.16,233.39,52473294.0,232.87758396661593
2017-02-15 16:30:00,233.395,234.46,232.7772,234.42,52289486.0,233.71601966122554
2017-02-15 21:00:00,234.43,235.14,233.9034,234.99,53254461.0,234.6387165002717
2017-02-16 17:12:00,235.0,235.3,233.85,234.3,53184047.0,234.6517806736928
2017-02-17 14:38:00,234.295,234.89,233.85,234.24,53372438.0,234.44017403338856
2017-02-17 20:58:00,234.24,234.94,233.98,234.93,53928806.0,234.45963564249394
2017-02-21 17:26:00,234.93,236.65,234.92,236.1179,53655057.0,235.77197093509915
2017-02-21 21:26:00,236.12,236.69,235.95,236.22,54439279.0,236.40934794458565
2017-02-22 20:59:00,236.2,236.5411,235.76,236.3,56515792.0,236.23550079452565
2017-02-23 18:40:00,236.31,236.99,235.56,236.34,54990505.0,236.26789483969827
2017-02-24 16:14:00,236.34,236.71,235.21,236.07,55147183.0,236.13165943719883
2017-02-24 21:12:00,236.07,236.8399,235.805,236.71,55245080.0,236.3610362344028
2017-02-27 21:00:00,236.71,237.31,236.35,237.02,56472335.0,236.90885648745822
2017-02-28 20:25:00,237.02,237.13,236.015,236.5,56068400.0,236.64434223392664
2017-03-01 14:30:00,236.49,238.53,236.16,238.47,56390732.0,236.6229589738278
2017-03-01 17:53:00,238.47,240.11,238.37,239.8,56129684.0,239.22730860443798
2017-03-01 20:59:00,239.7953,240.32,239.68,239.75,58976778.0,240.01627189704416
2017-03-02 16:33:00,239.74,239.7962,238.66,238.66,58494242.0,239.46509071537545
2017-03-03 15:04:00,238.66,239.08,237.66,238.045,58969942.0,238.53438292988434
2017-03-03 21:00:00,238.04,238.61,237.73,238.4,59563982.0,238.23330791436794
2017-03-06 20:48:00,238.4,238.5167,237.01,238.07,59993856.0,237.850437786822
2017-03-07 20:59:00,238.07,238.1,236.76,237.05,60857628.0,237.36327643311645
2017-03-08 19:04:00,237.05,237.71,236.36,237.34,60166337.0,237.21216117894187
2017-03-09 15:02:00,237.33,237.34,236.2,237.071,60527132.0,236.6988791480801
2017-03-09 21:00:00,237.07,237.24,235.74,236.84,77962003.0,236.69291386266858
2017-03-10 20:32:00,236.83,238.32,236.59,237.56,61483949.0,237.34595712842057
2017-03-13 18:27:00,237.5607,237.86,237.22,237.59,61343494.0,237.54026368027922
2017-03-14 17:19:00,237.6,237.89,236.19,236.75,61601285.0,237.14401344534406
2017-03-15 18:13:00,236.75,238.79,236.6,238.65,61801401.0,237.4565182105246
2017-03-16 12:15:00,238.65,239.75,238.22,239.12,61281726.0,238.91640246947432
2017-03-16 19:33:00,239.13,239.26,238.1,238.365,61830175.0,238.6427751360684
2017-03-17 18:05:00,238.3656,238.8,237.13,237.755,62540465.0,237.8137817709635
2017-03-20 15:03:00,237.76,238.2285,236.7,237.195,62808634.0,237.35423360426765
2017-03-21 15:07:00,237.2,237.61,235.05,235.15,63421062.0,236.61159811472822
2017-03-21 18:40:00,235.15,235.42,233.81,234.4856,64007986.0,234.6138917648037
2017-03-22 14:31:00,234.49,234.65,233.05,233.14,65494365.0,233.81031695434515
2017-03-22 19:59:00,233.15,234.61,233.14,234.27,65606976.0,234.05830784034265
2017-03-23 17:54:00,234.26,235.34,233.72,234.835,66046469.0,234.5994540116461
2017-03-24 15:05:00,234.84,235.04,233.6,235.04,66562078.0,234.2095918793714
2017-03-24 19:55:00,235.04,235.04,232.96,234.095,67872434.0,234.03208626523175
2017-03-27 15:39:00,234.08,234.26,231.61,233.24,67983499.0,233.08441201272854
2017-03-28 14:27:00,233.23,234.03,232.94,233.53,68055226.0,233.5210058774808
2017-03-28 20:02:00,233.5301,235.81,233.49,235.1,67930908.0,235.06439817890652
2017-03-29 20:15:00,235.11,235.81,233.5702,235.55,70705282.0,235.34982424803147
2017-03-30 20:14:00,235.54,236.52,235.2,236.29,68215505.0,236.0206790060029
2017-03-31 20:11:00,236.27,236.51,235.6,235.85,70159831.0,236.04134824473167
2017-04-03 19:18:00,235.85,236.2644,233.91,235.43,68663914.0,235.10939188041198
2017-04-04 19:45:00,235.4367,235.6,234.41,235.461,68780290.0,235.2344634519593
2017-04-05 18:38:00,235.46,237.39,235.2,236.6,68612203.0,236.51780752364724
2017-04-06 13:34:00,236.6,236.63,234.15,234.71,69101745.0,235.10378023331788
2017-04-07 13:02:00,234.7,236.04,234.425,235.05,69282407.0,235.31973315123972
2017-04-07 20:15:00,235.03,236.0,234.64,235.17,73386222.0,235.30107991848138
2017-04-10 20:15:00,235.17,236.255,234.73,235.2,70817258.0,235.5154681195441
2017-04-11 19:07:00,235.19,235.51,233.34,234.515,70316722.0,234.28708567144935
2017-04-12 19:19:00,234.52,235.48,233.77,233.89,70457545.0,234.4957538241581
2017-04-13 17:19:00,233.88,235.0235,233.14,233.34,70555773.0,234.02748709592984
2017-04-17 14:16:00,233.35,234.5452,232.29,233.6,71171096.0,232.98816130773423
2017-04-18 14:09:00,233.605,234.62,233.34,234.111,70911058.0,234.14680427666394
2017-04-18 20:19:00,234.11,234.21,233.08,233.78,71580576.0,233.78450292365596
2017-04-19 20:17:00,233.87,234.95,233.18,233.38,71608131.0,233.92734141557006
2017-04-20 19:36:00,233.38,235.845,233.26,235.52,71356407.0,234.95515528133578
2017-04-21 16:15:00,235.52,235.69,234.5625,234.69,71333850.0,235.15164615600156
2017-04-24 13:30:00,234.69,237.71,234.0,237.16,72039142.0,234.7264376362899
2017-04-24 18:50:00,237.17,237.32,236.61,237.21,71339126.0,236.96515341629177
2017-04-25 15:01:00,237.21,238.75,236.88,238.365,71962906.0,237.53768430341867
2017-04-26 14:42:00,238.37,238.96,238.29,238.89,71979415.0,238.64080594456334
2017-04-26 20:13:00,238.88,239.53,238.32,238.4,73031161.0,238.86379611406346
2017-04-28 14:48:00,238.4,239.3701,237.98,238.3008,72870272.0,238.5195110016672
2017-05-01 16:29:00,238.29,238.87,237.83,238.76,72731208.0,238.25394178546662
2017-05-02 15:32:00,238.755,239.17,238.25,238.44,72753106.0,238.6930712777805
2017-05-03 17:33:00,238.44,238.9,237.7,238.11,73079404.0,238.45963873215513
2017-05-04 16:20:00,238.115,239.25,237.78,237.94,73043771.0,238.48471548633117
2017-05-05 19:43:00,237.93,239.45,237.9,239.399,72795876.0,238.829845249547
2017-05-08 20:12:00,239.39,240.05,239.17,239.66,72839214.0,239.60749357668175
2017-05-10 15:29:00,239.66,240.19,239.0,239.725,72665897.0,239.60173817832396
2017-05-11 16:52:00,239.7273,239.89,238.13,238.97,72564430.0,239.21675031327666
2017-05-12 20:04:00,238.97,239.57,238.4683,239.14,72682631.0,239.10009967354162
2017-05-15 20:49:00,239.15,240.44,238.98,240.2473,72531131.0,239.98876360214084
2017-05-17 13:57:00,240.2,240.67,237.73,237.7973,72714073.0,239.64273073559087
2017-05-17 18:15:00,237.79,237.97,236.86,236.9,72892394.0,237.46228042438466
2017-05-17 20:12:00,236.89,236.91,235.75,236.01,77265267.0,236.22902986460767
2017-05-18 18:38:00,236.02,238.6,234.75,237.63,77839640.0,236.45011544783068
2017-05-19 15:18:00,237.62,238.6,236.4249,238.405,77478822.0,237.51426795227857
2017-05-22 12:22:00,238.405,239.08,238.09,238.64,77348531.0,238.5051671555458
2017-05-23 16:43:00,238.64,240.24,238.3165,239.94,77394453.0,239.49907187176444
2017-05-24 20:28:00,239.94,240.73,239.82,240.53,76977374.0,240.2345623763636
2017-05-26 14:49:00,240.51,242.08,239.8739,241.74,76468122.0,241.65635315120772
2017-05-30 22:33:00,241.73,241.84,241.16,241.51,76278686.0,241.6385076279329
2017-05-31 20:13:00,241.51,242.04,240.64,241.73,86398655.0,241.2731407386747
2017-06-01 20:10:00,241.72,243.43,241.39,243.33,77015257.0,242.53281768436088
2017-06-02 20:15:00,243.31,244.35,242.8659,244.15,88996892.0,243.92043623200874
2017-06-06 17:49:00,244.15,244.3,243.05,243.5,75970745.0,243.88788126370886
2017-06-07 20:00:00,243.495,243.98,242.83,243.65,76142512.0,243.50764872127084
2017-06-08 21:41:00,243.66,244.33,243.08,243.22,75808817.0,243.69977448189192
2017-06-09 18:54:00,243.22,245.01,241.95,242.54,75905144.0,243.9574306227424
2017-06-12 14:09:00,242.54,243.59,242.38,242.57,76194804.0,243.14218544315148
2017-06-13 13:58:00,242.565,244.28,242.45,244.02,76733897.0,243.09458546117295
2017-06-14 15:59:00,244.02,245.02,243.5799,244.34,76500162.0,244.30813966049558
2017-06-15 14:45:00,244.34,244.78,242.35,242.77,76647860.0,243.79561165490537
2017-06-16 15:30:00,242.76,243.99,241.6337,241.979,76939292.0,243.0265497072456
2017-06-19 15:03:00,241.97,244.58,241.8273,244.23,76991332.0,242.7841482436682
2017-06-20 17:50:00,244.23,244.73,243.35,243.67,76704803.0,244.26236383545196
2017-06-21 19:34:00,243.67,243.8,242.41,242.795,77077122.0,243.1008140282038
2017-06-23 16:28:00,242.8,243.53,242.44,243.385,77006820.0,243.00841349946435
2017-06-26 15:31:00,243.385,244.38,242.71,243.3101,76717466.0,243.2907638373208
2017-06-27 18:07:00,243.315,243.79,241.76,241.92,77002032.0,243.06042505292484
2017-06-28 16:46:00,241.93,243.56,241.15,243.55,77409100.0,242.21365710479276
2017-06-29 16:14:00,243.55,244.14,241.09,241.64,77277204.0,242.98612337449936
2017-06-30 13:46:00,241.64,242.48,239.955,242.39,77741191.0,241.3507362372468
2017-06-30 20:40:00,242.39,242.71,241.575,241.79,78269351.0,242.01778242539444
2017-07-05 18:29:00,241.79,243.38,241.7,242.8899,77994315.0,242.57394774305013
2017-07-06 19:58:00,242.87,243.01,240.34,240.58,78287043.0,241.67759436142967
2017-07-10 13:03:00,240.59,242.53,240.55,241.96,78542424.0,241.66757254315806
2017-07-11 19:51:00,241.97,242.8,240.85,242.21,77953881.0,242.14301662290092
2017-07-13 14:15:00,242.21,244.48,242.14,244.11,77296275.0,243.70883556909277
2017-07-14 19:56:00,244.11,245.97,243.76,245.605,77139218.0,244.83877490669138
2017-07-18 16:46:00,245.61,245.91,244.67,245.29,76381616.0,245.4452541938865
2017-07-19 21:14:00,245.29,247.04,244.9574,246.99,75924654.0,246.3722681368379
2017-07-21 14:18:00,246.98,247.5,246.18,246.43,77604117.0,246.81703982583144
2017-07-24 14:54:00,246.43,246.91,246.2069,246.46,75680947.0,246.66819308027968
2017-07-25 19:10:00,246.46,247.8,246.28,247.55,75684759.0,247.12761656625327
2017-07-27 14:12:00,247.56,248.0,246.6447,247.67,75442118.0,247.48616423752998
2017-07-28 14:06:00,247.67,247.96,245.68,246.4,75585482.0,246.8074531487248
2017-07-31 19:46:00,246.4002,247.48,246.13,247.125,75705677.0,246.84846122297256
2017-08-01 20:00:00,247.13,247.67,246.62,247.34,76739259.0,247.02600854045835
2017-08-03 15:18:00,247.35,247.6,246.37,247.0785,75448368.0,247.1540362241827
2017-08-04 19:53:00,247.08,247.79,246.64,247.32,75315144.0,247.1907782122189
2017-08-08 17:10:00,247.32,248.91,247.22,248.279,75046681.0,247.78005928789594
2017-08-09 17:21:00,248.28,248.36,246.06,246.9,75146807.0,247.07276582726243
2017-08-10 16:26:00,246.9,247.52,244.68,244.79,75486449.0,246.06074053027058
2017-08-10 20:28:00,244.8,245.47,243.7,243.78,76071516.0,244.2918160370184
2017-08-11 20:50:00,243.78,245.0505,243.16,244.21,77414947.0,244.21417527078918
2017-08-15 13:30:00,244.2,247.2,244.19,246.89,77354905.0,246.4417971862519
2017-08-16 16:33:00,246.89,247.57,246.16,247.44,76461344.0,246.74691116956194
2017-08-17 15:24:00,247.4424,247.5,245.17,245.7335,76663614.0,246.35500365853142
2017-08-17 20:00:00,245.7208,245.88,243.09,243.2,81615840.0,244.169770677102
2017-08-18 16:12:00,243.21,245.528,242.2,243.465,78934706.0,242.87531453541868
2017-08-21 13:34:00,243.46,244.189,242.27,242.53,79048779.0,243.19199837486673
2017-08-22 14:43:00,242.54,244.57,241.83,244.43,79398913.0,243.01209812728072
2017-08-23 18:12:00,244.43,245.68,244.16,244.74,78823881.0,245.00185499475793
2017-08-25 13:30:00,244.74,245.18,243.75,244.96,78865022.0,244.424525340679
2017-08-28 16:22:00,244.95,245.61,224.56,244.375,78605339.0,244.62257147378259
2017-08-29 20:00:00,244.38,245.15,242.43,244.85,79447793.0,244.2962684589709
2017-08-31 14:08:00,244.84,247.25,244.62,247.25,78073502.0,245.86303547324385
2017-08-31 20:13:00,247.245,247.77,246.68,247.33,83394511.0,247.32131231731898
2017-09-01 20:35:00,247.32,248.33,246.0473,247.8,78671834.0,247.81942229427852
2017-09-05 19:59:00,247.81,247.84,244.95,246.1,80080173.0,246.13426647197974
2017-09-07 13:38:00,246.1,247.28,246.06,247.19,78686988.0,246.7184563428887
2017-09-08 16:58:00,247.182,247.24,246.14,246.86,78373204.0,246.767841407422
2017-09-11 16:56:00,246.86,249.3,246.36,249.13,78092194.0,247.43113963205346
2017-09-12 19:00:00,249.1242,250.05,246.5251,249.7842,77738199.0,249.41479409084477
2017-09-13 20:13:00,249.78,250.2255,249.59,250.11,81986691.0,249.9935232423173
2017-09-14 20:10:00,250.11,250.32,249.45,250.08,87894338.0,250.03028820040893
2017-09-15 19:57:00,250.07,250.2963,248.45,249.1292,78140756.0,249.13293081649593
2017-09-18 20:15:00,249.12,250.12,248.6237,249.6586,78504981.0,249.5095276455514
2017-09-20 18:21:00,249.76,250.19,249.105,249.1099,77875383.0,249.9023128520161
2017-09-21 19:59:00,249.11,250.15,248.92,249.4,78114074.0,249.65750196285268
2017-09-25 15:10:00,249.39,249.6847,248.08,248.403,77790460.0,249.28196762246526
2017-09-26 19:48:00,248.4,249.7,248.16,249.23,77772042.0,249.00786620987998
2017-09-27 19:58:00,249.23,250.49,248.87,250.04,77807913.0,249.66128199771387
2017-09-29 14:09:00,250.05,250.56,249.4559,250.49,77377009.0,250.14773601277741
2017-09-29 20:13:00,250.48,251.39,250.39,251.35,77315422.0,251.0904187363127
2017-10-03 14:05:00,251.2913,252.58,250.8323,252.48,78178534.0,252.04198339737937
2017-10-04 15:30:00,252.48,253.11,252.23,253.08,77016931.0,252.67880949224946
2017-10-05 18:26:00,253.09,254.61,252.91,254.47,76804957.0,253.59729653168893
2017-10-06 18:04:00,254.4775,254.75,253.85,254.08,78170602.0,254.3045278901898
2017-10-10 13:39:00,254.08,254.84,253.65,254.83,76776743.0,254.2056211289454
2017-10-11 20:00:00,254.83,255.05,253.98,255.02,79837410.0,254.60199739309962
2017-10-13 17:08:00,255.02,255.27,253.1659,255.22,76286697.0,254.8420996496837
2017-10-16 20:38:00,255.21,255.51,254.77,255.31,76014847.0,255.06806203770768
2017-10-19 11:48:00,255.31,255.98,254.0,254.65,75869284.0,255.5254599723065
2017-10-20 13:56:00,254.65,256.81,254.32,256.66,78792400.0,255.568613786228
2017-10-23 13:17:00,256.655,257.52,256.43,257.46,75521363.0,256.92277101389703
2017-10-24 14:39:00,257.47,257.51,255.96,256.41,75539840.0,256.557244025304
2017-10-25 15:19:00,256.41,256.83,254.47,254.5,75726489.0,256.2385061915109
2017-10-25 20:16:00,254.51,255.66,254.0,255.64,81254032.0,255.0433025273808
2017-10-26 20:47:00,255.65,256.3,255.29,255.93,76831615.0,255.83692158314136
2017-10-27 20:06:00,255.93,257.89,255.62,257.63,77306913.0,257.3689896542512
2017-10-31 14:51:00,257.63,257.71,256.41,257.17,76601260.0,257.0504438289098
2017-11-01 15:42:00,257.18,258.43,256.99,257.66,76486196.0,257.43430932265534
2017-11-02 19:47:00,257.66,257.78,256.19,257.665,76444495.0,257.2856867068634
2017-11-06 12:24:00,257.665,258.5,257.3,258.23,76109493.0,258.0468474509841
2017-11-07 17:11:00,258.22,259.35,257.651,258.1592,75988380.0,258.79021695851304
2017-11-08 21:00:00,258.175,259.22,257.98,259.01,76394960.0,258.67345082297754
2017-11-09 19:19:00,259.02,259.37,256.36,257.825,75998131.0,257.69909721369373
2017-11-10 21:00:00,257.82,258.44,257.16,258.0,79149158.0,257.9644536402882
2017-11-14 15:17:00,258.01,258.59,256.52,257.1201,76123384.0,257.97188174281126
2017-11-15 16:19:00,257.12,257.86,255.63,257.0061,76097441.0,257.15475173053244
2017-11-16 15:36:00,257.005,258.27,256.26,258.25,76337934.0,256.9638801419103
2017-11-17 16:10:00,258.25,259.04,256.4856,258.01,76375916.0,258.5255441650538
2017-11-20 17:03:00,258.0199,258.395,257.4,258.315,75856379.0,258.04176530914276
2017-11-21 20:38:00,258.315,260.2,257.9996,259.86,76084329.0,259.23126230613207
2017-11-24 14:14:00,259.85,260.42,259.51,260.31,75294663.0,259.87280816096956
2017-11-27 21:00:00,260.31,260.75,259.8,260.37,75965693.0,260.3398542488748
2017-11-28 20:33:00,260.38,262.9,259.96,262.59,75195724.0,261.6233874331088
2017-11-29 17:52:00,262.59,263.63,260.7594,262.73,75187709.0,262.81151772000334
2017-11-30 17:30:00,262.73,265.43,262.365,265.4,74690462.0,263.5121400453704
2017-11-30 21:03:00,265.4,266.05,264.25,264.45,74548225.0,265.11190532450627
2017-12-01 16:35:00,264.45,265.31,260.76,261.978,75896076.0,263.91162980979857
2017-12-01 20:46:00,261.97,264.535,261.63,264.25,76536203.0,263.4118258402508
2017-12-04 17:41:00,264.255,266.8,264.19,265.61,76877684.0,265.45517190938745
2017-12-05 16:51:00,265.62,266.1945,263.7,265.0001,77346740.0,264.66165069666704
2017-12-06 16:58:00,265.005,265.01,262.56,263.2057,77809358.0,263.50315900419395
2017-12-07 16:17:00,263.19,264.02,262.88,263.685,77959464.0,263.3359104028623
2017-12-08 15:17:00,263.6805,265.24,263.2394,264.755,77791934.0,264.1923011067972
2017-12-11 15:18:00,264.755,266.09,264.0315,265.82,77936660.0,265.35697809424954
2017-12-12 14:55:00,265.8256,266.79,265.6,266.48,77423799.0,266.1800179020054
2017-12-12 21:28:00,266.48,267.32,266.45,266.82,77307073.0,266.9853072190464
2017-12-13 20:49:00,266.82,267.56,266.44,267.05,77866470.0,267.2365835897274
2017-12-14 19:08:00,267.05,267.4,266.1,266.29,78121121.0,266.725369303597
2017-12-15 15:19:00,266.29,266.83,264.64,266.24,86068973.0,265.820696762075
2017-12-15 20:50:00,266.24,267.04,265.86,266.55,79157226.0,266.5865290114413
2017-12-18 20:05:00,266.56,268.6,264.2552,268.37,80207638.0,267.6076723079648
2017-12-19 19:44:00,268.38,268.58,267.33,267.57,79840540.0,267.9539893448323
2017-12-20 18:27:00,267.565,268.33,266.69,267.52,79705835.0,267.31595254365004
2017-12-21 20:22:00,267.52,268.385,266.87,267.92,79892341.0,267.50757489169706
2017-12-22 21:00:00,267.92,268.0295,266.9,267.44,81211104.0,267.4514018188148
2017-12-27 14:51:00,267.44,267.57,266.85,267.345,80026694.0,267.2189677327016
2017-12-28 18:36:00,267.35,267.9,267.01,267.5256,80058236.0,267.4432339346718
2017-12-29 21:00:00,267.5256,268.98,266.64,266.89,88637326.0,267.51457161943273
2018-01-02 19:59:00,266.88,268.45,265.85,268.32,80024711.0,267.3920575405275
2018-01-03 19:21:00,268.33,270.46,268.27,270.18,79500280.0,269.32495949926
2018-01-04 17:14:00,270.185,272.16,269.0832,271.86,79183751.0,270.90785022314725
2018-01-05 17:53:00,271.8663,272.75,271.49,272.469,79076604.0,271.95488065391527
2018-01-08 18:00:00,272.465,273.85,272.2325,273.69,79105652.0,273.28975781787057
2018-01-09 18:32:00,273.695,275.22,273.5683,275.18,78532558.0,274.2187784084085
2018-01-10 20:57:00,275.1734,275.25,272.92,274.08,78610430.0,274.11485960677953
2018-01-11 21:10:00,274.08,276.28,274.04,276.17,80269645.0,275.19020431857825
2018-01-12 21:00:00,276.17,278.11,274.8904,277.94,79420720.0,277.5136421900067
2018-01-16 19:24:00,277.94,280.09,276.9,277.08,77541428.0,278.5495359823927
2018-01-17 16:49:00,277.085,278.7872,276.18,278.3801,78027206.0,277.41762882726437
2018-01-17 21:10:00,278.38,280.05,278.33,279.44,80767953.0,279.455197776514
2018-01-18 20:49:00,279.44,279.96,278.58,279.14,78976217.0,279.34895044262765
2018-01-19 16:24:00,279.14,279.99,278.63,279.5,78827361.0,279.397896280458
2018-01-19 21:10:00,279.505,280.63,279.32,280.32,88539313.0,280.02584173399566
2018-01-22 21:00:00,280.3,282.79,279.8,282.74,90511012.0,281.764530159671
2018-01-23 19:56:00,282.73,283.62,281.2194,283.43,79815370.0,282.9981705201837
2018-01-24 16:53:00,283.42,284.7,282.38,283.3611,79562366.0,283.6080987099139
2018-01-24 21:08:00,283.36,283.77,281.84,283.1,81049042.0,283.03815902954085
2018-01-25 20:59:00,283.1,284.65,282.405,283.28,82550540.0,283.3112724109889
2018-01-26 20:50:00,283.29,286.4,283.24,286.37,81957471.0,284.8206773213643
2018-01-29 17:12:00,286.37,286.92,284.4097,285.5,80541315.0,286.1349530377962
2018-01-30 15:05:00,285.49,286.13,281.4,281.42,81518722.0,284.29297266828263
2018-01-30 20:57:00,281.41,283.0,281.22,282.01,82338405.0,282.1041390919348
2018-01-31 20:00:00,282.015,283.3,280.69,281.22,83125333.0,282.05739927899225
2018-02-01 16:04:00,281.23,282.8,280.37,281.71,83141673.0,281.7267060657152
2018-02-02 14:53:00,281.71,283.06,279.17,279.3611,83396894.0,281.5565962668691
2018-02-02 20:01:00,279.37,279.64,276.12,276.43,84453840.0,278.15250612063977
2018-02-05 14:30:00,276.44,278.9346,272.96,272.99,88324702.0,275.6864798796666
2018-02-05 18:39:00,272.99,275.85,271.1,271.14,87356292.0,273.7316839528043
2018-02-05 20:18:00,271.15,272.74,263.31,267.62,90800448.0,269.318428465644
2018-02-05 21:10:00,267.64,269.41,260.24,261.63,102634470.0,265.83532071068635
2018-02-06 15:23:00,261.67,270.4263,256.98,263.68,109924353.0,263.6070381595755
2018-02-06 18:00:00,263.695,266.47,261.38,264.63,109403414.0,263.57084736795196
2018-02-06 20:51:00,264.6217,269.7,262.22,267.49,112098489.0,265.6406638494248
2018-02-07 17:36:00,267.48,272.36,265.1012,270.565,112723119.0,269.90835198857377
2018-02-08 14:50:00,270.57,270.95,264.3,266.45,114085968.0,268.68956747505
2018-02-08 19:22:00,266.47,267.59,261.16,263.86,115397383.0,264.12926421615464
2018-02-08 22:07:00,263.84,263.94,257.59,259.15,119345644.0,259.8987584791975
2018-02-09 18:21:00,259.15,261.76,253.76,254.99,123434081.0,257.8381813034248
2018-02-09 20:55:00,254.98,263.61,252.92,262.49,123205942.0,258.73366950759737
2018-02-12 19:21:00,262.49,266.61,260.86,265.93,124721249.0,263.3963887304838
2018-02-13 20:05:00,265.93,267.01,261.6644,265.95,124069365.0,265.18785520370113
2018-02-14 20:48:00,265.95,269.98,262.62,269.7497,122994793.0,267.04080486640714
2018-02-15 21:00:00,269.745,273.04,267.95,273.0,123560353.0,271.08672859374
2018-02-16 20:16:00,273.0,275.32,272.13,273.9,120700948.0,273.572355413464
2018-02-20 20:55:00,273.8999,274.13,270.5,271.82,120666243.0,272.7757473218075
2018-02-21 21:27:00,271.82,274.72,269.31,269.95,120774630.0,271.960666393031
2018-02-22 21:24:00,269.93,273.05,269.0,271.0,121344293.0,271.05853674111523
2018-02-26 16:01:00,271.02,276.69,270.2993,275.75,119779392.0,273.72161020416127
2018-02-27 17:51:00,275.75,278.92,274.6616,276.98,117728439.0,277.4119621127019
2018-02-28 20:22:00,276.975,277.26,273.24,273.29,118701982.0,275.0772580602741
2018-03-01 17:29:00,273.29,274.5281,269.94,270.4325,120248542.0,271.70852621040353
2018-03-01 21:10:00,270.42,270.73,266.0,268.19,122021491.0,267.9191914044876
2018-03-02 21:00:00,268.18,271.2841,264.82,269.05,125437814.0,267.32948296480225
2018-03-06 14:34:00,269.07,273.57,267.41,273.1,122855310.0,270.77098052724995
2018-03-07 18:19:00,273.1,273.3239,268.32,270.78,121960559.0,271.8855165990076
2018-03-09 14:41:00,270.77,276.13,270.6,275.62,121105328.0,273.2528160574488
2018-03-12 14:12:00,275.61,280.1,275.44,279.351,118537457.0,278.003058056247
2018-03-13 18:56:00,279.35,280.41,276.91,277.01,118247469.0,278.69525376932296
2018-03-14 19:45:00,277.01,278.1,274.67,275.07,119563424.0,276.10815580725
2018-03-16 13:33:00,275.07,276.61,273.88,274.58,119530834.0,275.2686696744144
2018-03-19 15:18:00,274.57,275.39,271.11,271.185,119538079.0,274.2916444753973
2018-03-20 17:42:00,271.18,271.84,268.62,270.4009,121227825.0,270.24088708216544
2018-03-22 14:02:00,270.4,273.27,267.16,267.63,120790237.0,270.9591936715977
2018-03-22 20:02:00,267.64,268.87,263.36,263.53,122989901.0,265.948266447111
2018-03-23 19:16:00,263.53,266.9749,259.39,260.63,125567433.0,262.84944680430294
2018-03-26 15:41:00,260.62,263.17,257.83,260.9049,126501063.0,259.7994699227973
2018-03-27 15:41:00,260.91,267.1,260.57,266.11,124804144.0,264.02352055878714
2018-03-28 14:16:00,266.11,266.77,258.84,260.52,125702156.0,262.1561473228158
2018-03-28 20:10:00,260.51,262.64,258.58,260.2,127014898.0,260.318988474367
2018-03-29 20:23:00,260.2,265.26,259.5848,263.0,127543499.0,262.9769664491639
2018-04-02 19:25:00,262.97,264.1455,254.67,255.92,129175829.0,257.8232311559358
2018-04-03 17:53:00,255.93,260.08,255.5,258.62,129017963.0,257.86198732571273
2018-04-04 18:14:00,258.62,261.41,255.39,261.319,128470972.0,259.4397746835232
2018-04-05 19:54:00,261.33,266.64,261.32,266.21,125762923.0,264.67147137542423
2018-04-06 19:24:00,266.21,266.3,258.0,259.28,127094021.0,261.9617470101918
2018-04-09 19:15:00,259.27,264.84,258.73,263.16,127696045.0,261.41776037816527
2018-04-10 18:34:00,263.15,265.76,260.49,265.26,126225392.0,263.1426781210153
2018-04-11 20:10:00,265.25,266.04,262.15,263.62,127503569.0,264.503623725043
2018-04-13 19:02:00,263.62,267.54,263.58,264.93,124655183.0,265.99915211219223
2018-04-17 16:23:00,264.93,270.36,264.01,270.245,123588220.0,267.13635733483176
2018-04-19 15:52:00,270.25,271.37,268.42,268.43,121839262.0,270.27210329461354
2018-04-20 19:10:00,268.4253,269.47,265.67,265.8,123285677.0,267.8771562328719
2018-04-24 15:09:00,265.8,268.45,265.35,266.05,122859249.0,266.6631632631778
2018-04-25 15:03:00,266.045,266.87,260.85,263.0592,124394087.0,263.0291877351092
2018-04-26 19:33:00,263.05,267.2452,261.69,266.49,123577785.0,264.2364750353786
2018-04-30 19:05:00,266.49,267.94,264.98,265.13,122443444.0,266.46596866773524
2018-05-02 13:46:00,265.12,266.5866,262.11,264.38,122823343.0,264.2234860708977
2018-05-03 14:53:00,264.38,265.68,259.34,259.66,123502197.0,262.8918706642777
2018-05-04 15:21:00,259.67,264.85,259.05,264.85,123499507.0,262.07074378493263
2018-05-08 13:35:00,264.84,268.02,264.78,266.44,121373531.0,266.47892825108414
2018-05-09 20:00:00,266.43,269.865,265.15,269.54,121394653.0,267.4552887832935
2018-05-11 19:49:00,269.53,273.15,269.21,272.38,119161032.0,271.7525748336707
2018-05-15 16:57:00,272.38,274.08,270.28,271.14,117748777.0,272.35641548404055
2018-05-17 14:11:00,271.14,272.76,270.03,272.4828,117710165.0,271.3932672758591
2018-05-21 13:31:00,272.49,273.28,270.93,273.26,117550078.0,271.8292382997463
2018-05-23 13:38:00,273.2297,274.25,270.6,271.47,116211916.0,273.20075332143944
2018-05-24 19:37:00,271.48,273.5,270.78,272.885,116174974.0,272.2708025247758
2018-05-29 16:05:00,272.89,273.69,268.4,268.5901,116851804.0,271.65933871956287
2018-05-30 17:04:00,268.5967,272.65,267.76,272.315,116685315.0,269.5200182409741
2018-05-31 20:00:00,272.31,273.11,270.255,270.87,120475693.0,271.6995866629272
2018-06-04 19:16:00,270.87,275.185,270.744,275.0051,114839223.0,273.4147503956533
2018-06-06 19:40:00,275.005,277.14,274.18,276.99,113681224.0,275.43402511989655
2018-06-08 14:56:00,276.9825,278.28,275.5,277.24,113055537.0,277.24738108118834
2018-06-11 20:30:00,277.24,279.37,276.87,278.61,112124210.0,278.3745942164708
2018-06-13 18:08:00,278.58,279.48,278.19,278.45,111458129.0,278.91901519808243
2018-06-14 20:00:00,278.465,279.33,277.38,278.8,112972347.0,278.573244637567
2018-06-15 19:59:00,278.8,278.84,275.35,277.2,112939965.0,276.7690402409277
2018-06-19 15:35:00,277.2,277.39,272.8,274.69,112186301.0,275.7149992640132
2018-06-20 20:00:00,274.68,276.72,274.33,276.06,112400061.0,275.663419623357
2018-06-22 19:20:00,276.06,276.27,273.68,275.26,111796724.0,274.85870998708646
2018-06-25 19:22:00,275.26,275.43,269.1,269.81,112680455.0,271.8371847102877
2018-06-26 19:59:00,269.81,272.56,269.67,271.55,114769696.0,271.3841526531873
2018-06-27 20:12:00,271.55,273.865,269.18,269.67,114353641.0,271.15221390294334
2018-06-29 17:10:00,269.66,273.66,268.46,273.13,112958947.0,270.90575618846856
2018-07-02 19:33:00,273.14,273.24,269.24,271.0975,112477672.0,271.18685463131334
2018-07-05 19:54:00,271.1,273.3,270.0441,273.11,112011134.0,271.92511518142834
2018-07-09 19:00:00,273.105,277.85,272.36,277.72,110227403.0,275.4605298248661
2018-07-11 16:55:00,277.72,279.01,276.42,277.02,108809888.0,278.07091798956213
2018-07-13 13:39:00,277.02,279.69,276.52,279.34,108406389.0,278.1379971066835
2018-07-17 14:40:00,279.35,280.05,278.35,279.33,107523355.0,279.36090859546545
2018-07-19 15:12:00,279.336,281.18,279.3,280.23,106692381.0,280.51366147966
2018-07-20 19:59:00,280.22,280.74,278.8,279.74,106453348.0,280.03477990910744
2018-07-24 17:43:00,279.74,282.56,278.82,280.93,106155991.0,280.5834582490221
2018-07-25 20:17:00,280.93,284.37,280.63,283.56,106778684.0,282.4494869661732
2018-07-27 17:30:00,283.56,284.16,280.38,280.875,104778757.0,282.9171727039848
2018-07-31 13:25:00,280.876,283.0,279.36,281.12,105295193.0,280.6019642384715
2018-08-01 18:22:00,281.13,282.3,279.95,280.86,104853569.0,281.2319240319319
2018-08-03 17:04:00,280.85,283.25,278.81,283.105,104421013.0,281.66233963391096
2018-08-07 18:04:00,283.11,286.01,283.01,285.93,103145187.0,284.43128659406926
2018-08-10 13:38:00,285.93,285.97,283.27,283.54,102401591.0,285.39480348224566
2018-08-13 17:30:00,283.55,284.16,281.77,282.74,102764656.0,283.2173245630887
2018-08-15 14:29:00,282.75,284.17,280.48,280.5027,102828750.0,282.7395261911014
2018-08-16 15:50:00,280.5,284.53,280.16,284.42,102666067.0,281.8187417784993
2018-08-17 19:50:00,284.42,285.5601,281.8178,285.09,101858150.0,284.40682271216076
2018-08-21 19:21:00,285.09,287.31,284.76,286.595,100984769.0,286.0387087910907
2018-08-23 19:08:00,286.6053,286.94,284.64,286.045,100519003.0,286.2130323087056
2018-08-27 15:27:00,286.04,289.68,285.475,289.49,99741958.0,287.42477328106884
2018-08-29 15:29:00,289.4875,291.47,287.527,291.43,98718903.0,289.88209738268745
2018-08-30 19:53:00,291.42,291.74,289.63,290.045,97997961.0,291.04462227948875
2018-09-04 14:33:00,290.05,291.19,288.76,289.69,98154524.0,289.97137914496574
2018-09-05 19:58:00,289.7,290.21,287.89,289.125,99233769.0,289.16061045393684
2018-09-07 14:36:00,289.125,289.49,286.71,287.92,98419097.0,288.1738261667345
2018-09-10 19:48:00,287.92,289.04,286.45,288.285,98204365.0,287.87227176515984
2018-09-12 17:00:00,288.2885,289.81,286.975,289.08,98068577.0,288.6968541451177
2018-09-14 16:00:00,289.085,291.49,288.56,290.64,98455256.0,290.2321864588043
2018-09-17 19:59:00,290.63,291.12,289.03,289.34,97533203.0,290.18115432388345
2018-09-19 16:15:00,289.34,291.69,288.2,291.36,96356099.0,290.7927791188327
2018-09-20 19:24:00,291.36,293.94,291.06,293.7199,99647301.0,292.71480726939507
2018-09-21 18:55:00,293.72,293.95,292.15,292.19,95346925.0,293.0055852708554
2018-09-24 20:20:00,292.2,292.38,290.37,290.6,95965013.0,291.48429125055253
2018-09-26 19:48:00,291.15,292.24,289.41,289.76,97215233.0,291.08734987649063
2018-09-28 13:36:00,289.755,291.91,289.43,290.37,95917995.0,290.5134976863837
2018-10-01 17:07:00,290.38,292.93,289.95,292.04,95413719.0,291.14643444772275
2018-10-03 14:31:00,292.03,293.21,290.54,292.89,95106864.0,291.8013460751665
2018-10-04 16:13:00,292.9,292.96,288.91,289.0,95008354.0,291.2860188655662
2018-10-05 14:50:00,289.0,290.35,287.66,288.9,95713279.0,289.0336650263319
2018-10-08 13:53:00,288.91,289.25,286.22,287.93,96293766.0,287.66092709520325
2018-10-09 14:35:00,287.93,288.82,285.5,288.69,96624819.0,287.23782403331745
2018-10-10 14:43:00,288.69,288.86,284.0,284.61,96831431.0,286.73508567843726
2018-10-10 19:34:00,284.61,284.77,280.03,280.28,98206216.0,282.55430879712526
2018-10-11 13:41:00,280.28,280.34,273.82,276.24,101422269.0,278.07367113852314
2018-10-11 16:34:00,276.26,278.9,273.91,276.99,101990325.0,276.2796612353393
2018-10-11 19:45:00,276.98,277.2,270.36,273.76,106461901.0,274.1370548700486
2018-10-12 15:52:00,273.75,277.32,271.8,274.99,109551563.0,274.57771587034057
2018-10-12 20:00:00,274.99,277.015,272.37,275.89,110488880.0,274.57022929714196
2018-10-15 20:00:00,275.89,277.04,273.7,274.45,110891757.0,275.63032468454776
2018-10-16 20:00:00,274.46,280.82,273.75,280.0,112004705.0,278.5042147842952
2018-10-17 19:52:00,280.0,281.43,277.56,280.25,108133329.0,279.92132939165634
2018-10-18 18:33:00,280.25,280.98,274.97,276.12,108705769.0,277.92911556499473
2018-10-19 16:24:00,276.11,279.3,275.57,276.805,109315180.0,277.39439674215436
2018-10-22 14:57:00,276.805,277.61,274.41,276.38,109299468.0,276.2967757929205
2018-10-23 15:22:00,276.39,276.57,268.61,270.83,110842959.0,272.87400551917034
2018-10-24 14:25:00,270.83,274.87,269.55,272.53,110863294.0,272.9463838419171
2018-10-24 19:50:00,272.54,272.76,266.26,266.59,112501537.0,269.524502381643
2018-10-25 16:30:00,266.59,270.1,264.7,269.02,114164096.0,267.2574908640051
2018-10-26 14:35:00,269.02,271.81,263.37,264.0,113949573.0,268.47330594544746
2018-10-26 19:40:00,263.995,268.78,262.29,265.2,115674426.0,265.4828530251313
2018-10-29 17:04:00,265.21,270.25,264.245,267.68,115630110.0,267.11669746676176
2018-10-30 14:00:00,267.67,267.89,259.85,266.78,117453310.0,263.8555924153459
2018-10-30 19:58:00,266.78,268.12,263.58,267.98,117340280.0,265.79890075483945
2018-10-31 19:47:00,267.99,273.23,263.6858,271.19,115853769.0,271.06664952719126
2018-11-01 19:32:00,271.195,273.32,270.0,273.1,115084683.0,271.78494564412443
2018-11-02 19:10:00,273.1,276.19,269.59,271.5563,114803804.0,272.44155977754326
2018-11-06 15:45:00,271.56,274.82,271.08,274.5,114408512.0,272.71000965604463
2018-11-07 20:06:00,274.5,280.41,273.45,280.25,112465997.0,276.9301025221078
2018-11-09 14:11:00,280.255,281.33,278.69,279.1,110527729.0,280.5282431063479
2018-11-12 15:09:00,279.11,279.3,275.12,275.47,111473200.0,277.57957707259646
2018-11-13 15:43:00,275.47,275.94,271.73,273.05,113388563.0,273.49717873074474
2018-11-14 16:58:00,273.05,275.325,270.35,271.335,113194371.0,272.6886965150731
2018-11-15 15:28:00,271.34,272.14,267.66,268.36,114235093.0,270.0395731551952
2018-11-15 23:57:00,268.38,273.54,267.0102,272.43,113525880.0,271.33071900349785
2018-11-16 21:00:00,272.52,274.75,270.77,273.86,114577005.0,273.18707910790613
2018-11-19 21:14:00,273.85,274.35,268.07,269.54,116237013.0,270.2844042170013
2018-11-20 20:48:00,269.56,269.64,263.15,264.165,117116282.0,265.1587924865057
2018-11-23 15:47:00,264.17,267.15,262.68,263.948,116744539.0,265.29126522772754
2018-11-27 14:45:00,263.9446,268.45,262.76,266.24,115950743.0,266.0207289901316
2018-11-28 17:13:00,266.24,272.43,265.89,271.96,115088526.0,268.4504372936639
2018-11-29 16:18:00,271.96,274.58,271.77,272.66,112269059.0,273.40319833294416
2018-11-30 20:16:00,272.66,275.735,272.57,275.69,111932413.0,274.3830918539946
2018-12-03 19:18:00,275.69,281.28,275.43,278.505,110447586.0,277.6276273840293
2018-12-04 18:10:00,278.5,279.56,272.25,272.73,110841099.0,276.8589409295756
2018-12-05 00:24:00,272.71,273.35,269.74,271.34,113088666.0,271.07347700526105
2018-12-06 18:51:00,271.32,271.39,262.44,266.44,116532573.0,265.24563080095686
2018-12-07 15:26:00,266.45,271.22,265.19,267.91,115489026.0,268.55999262964656
2018-12-07 20:59:00,267.92,268.51,262.63,263.65,117861375.0,265.0941016890879
2018-12-10 18:36:00,263.64,264.77,258.62,263.11,119979051.0,261.738442050413
2018-12-11 18:01:00,263.11,268.1,262.33,264.21,118619007.0,265.03500976391825
2018-12-12 19:42:00,264.21,268.9485,262.48,266.41,118058342.0,266.01652944134185
2018-12-13 20:45:00,266.41,269.0,264.12,265.82,118005453.0,265.7201289834111
2018-12-14 20:56:00,265.82,265.83,259.85,260.66,119939804.0,262.35732228552365
2018-12-17 20:08:00,260.66,261.58,255.5,255.62,121349106.0,258.3593871293684
2018-12-18 18:05:00,255.62,257.95,253.525,257.38,122325281.0,255.87803225695015
2018-12-19 17:15:00,257.37,258.18,253.28,257.93,122407816.0,255.80953707685552
2018-12-19 20:31:00,257.93,259.4,249.35,250.94,123338963.0,253.93636422805204
2018-12-20 16:52:00,250.94,257.5553,246.7875,247.32,127827460.0,250.41768764029516
2018-12-20 20:49:00,247.32,249.47,244.65,246.85,130253248.0,247.4867176019423
2018-12-21 16:40:00,246.84,249.71,245.02,246.08,131890496.0,247.30855366815996
2018-12-21 21:00:00,246.08,246.42,239.98,240.61,141992326.0,242.70216634412063
2018-12-24 17:26:00,240.62,242.45,235.4811,236.57,139441962.0,238.43988350420247
2018-12-26 17:57:00,236.565,240.8355,231.99,240.57,141203164.0,236.21694922102532
2018-12-27 14:39:00,240.56,247.12,238.53,243.17,137079932.0,243.18772667832482
2018-12-27 20:49:00,243.17,247.65,238.96,246.775,138270377.0,242.27902777740275
2018-12-28 19:53:00,246.77,251.4,245.6,251.19,136098620.0,248.50430906780164
2018-12-31 20:11:00,251.19,251.29,246.9,248.77,135246276.0,248.63703332020572
2019-01-02 17:51:00,248.8,250.48,244.7,249.85,135069898.0,249.0285427474239
2019-01-03 17:34:00,249.85,251.21,244.03,247.02,135539897.0,248.1723811783608
2019-01-04 16:44:00,247.0,251.86,243.19,250.79,136227554.0,246.75330225177984
2019-01-07 17:00:00,250.79,255.45,250.61,255.3,133180229.0,252.61787315860076
2019-01-08 19:27:00,255.305,257.31,245.29,256.04,131631289.0,255.2168938902541
2019-01-09 22:27:00,256.04,258.91,255.8,257.45,130204718.0,257.51233208770077
2019-01-11 17:08:00,257.4,259.21,255.46,258.48,129764741.0,257.8228455007666
2019-01-15 15:15:00,258.48,260.04,256.11,258.77,129591488.0,258.1081253202515
2019-01-16 20:52:00,258.76,261.9666,258.62,261.13,127663173.0,260.52625183219055
2019-01-18 14:34:00,261.125,266.55,259.1,264.74,126831170.0,262.04221231503976
2019-01-18 22:43:00,264.75,267.05,264.1,266.46,124384730.0,265.8307478606337
2019-01-23 14:58:00,266.63,266.87,261.06,264.475,126293702.0,262.8393227644835
2019-01-24 20:36:00,264.48,264.79,260.66,263.31,125912676.0,262.84633468210035
2019-01-28 14:56:00,263.31,266.7,262.33,262.41,124482548.0,265.37371628180705
2019-01-29 20:44:00,262.4264,264.55,261.79,263.46,125654887.0,263.23410951793267
2019-01-31 15:11:00,263.46,268.56,263.09,268.36,123490585.0,266.26622376289447
2019-02-01 15:54:00,268.36,271.2,268.3,270.38,121342952.0,269.86247635305665
2019-02-04 21:08:00,270.3869,272.13,269.18,271.78,121996684.0,270.5432046518525
2019-02-06 19:48:00,271.77,273.44,270.1811,272.46,119658470.0,272.80073784921325
2019-02-07 21:10:00,272.465,272.91,268.29,270.28,121780887.0,270.37050245329954
2019-02-11 19:24:00,270.27,271.9,267.83,270.35,120569400.0,269.7409971523664
2019-02-13 15:54:00,270.3405,275.93,270.03,275.64,118460392.0,273.3100833906124
2019-02-14 20:33:00,275.65,275.95,272.87,275.15,117556840.0,274.6346243938233
2019-02-19 14:33:00,275.155,279.0643,272.85,276.86,116433548.0,276.4856625795794
2019-02-20 20:43:00,276.85,278.92,276.8,278.385,115828555.0,277.98606921823983
2019-02-22 17:59:00,278.38,279.5,276.345,278.9717,115263568.0,277.84046026920305
2019-02-25 21:06:00,278.98,281.31,278.04,279.51,114241409.0,279.72476326997815
2019-02-27 20:59:00,279.51,280.3,277.48,279.23,114302129.0,279.1902223827435
2019-03-01 18:24:00,279.23,280.88,278.3,279.68,113831772.0,279.17821360210655
2019-03-04 19:31:00,279.68,281.87,276.84,278.82,113321131.0,279.5940527017865
2019-03-06 15:19:00,278.8,279.94,278.23,278.27,113454760.0,279.12057157924954
2019-03-07 17:30:00,278.26,278.53,274.36,275.56,114113113.0,276.6954810085031
2019-03-08 20:35:00,275.57,276.3,272.42,273.5111,115163139.0,273.98969075242314
2019-03-12 15:45:00,273.5101,280.0,273.38,279.69,113638421.0,277.4228057862107
2019-03-13 19:15:00,279.6901,282.38,278.9,281.3205,111884862.0,280.4821054125191
2019-03-15 14:33:00,281.32,282.3,280.1,280.74,111519491.0,281.23277328879766
2019-03-18 19:36:00,280.745,282.66,280.37,282.09,111120960.0,281.63469507358343
2019-03-19 20:20:00,282.1,284.36,281.41,282.13,110320213.0,282.78361726132755
2019-03-21 15:42:00,282.12,283.8,280.01,283.77,110999164.0,281.956049125145
2019-03-22 16:15:00,283.775,285.18,279.6,279.92,109725441.0,283.1430478015718
2019-03-25 15:53:00,279.94,281.51,277.71,279.217,111067850.0,279.6687622772925
2019-03-26 20:00:00,279.21,282.18,277.64,280.85,112963774.0,280.03523711658926
2019-03-28 17:12:00,280.87,281.78,277.93,280.2,110782893.0,279.9176624633572
2019-03-29 20:55:00,280.2,282.84,280.01,282.75,110615610.0,281.86006901367983
2019-04-02 18:03:00,282.71,286.23,282.145,285.7429,108124387.0,285.4319308444242
2019-04-04 16:44:00,285.75,287.76,285.41,286.16,107274677.0,286.6911031553883
2019-04-08 16:10:00,286.17,288.86,286.01,287.85,106399330.0,287.89407649395696
2019-04-10 13:44:00,287.855,288.91,286.7,287.84,106102613.0,287.78820522385195
2019-04-12 12:20:00,287.83,290.16,287.31,290.16,105655712.0,288.05483654404304
2019-04-15 19:33:00,290.15,290.47,289.075,289.855,104692859.0,289.8779140510522
2019-04-17 18:25:00,289.85,291.425,288.99,289.01,104345401.0,290.1194794910181
2019-04-22 14:42:00,289.005,290.34,288.1,289.78,104389007.0,289.6857001516215
2019-04-24 16:44:00,289.78,293.16,289.59,292.655,103127295.0,291.7643610234778
2019-04-26 14:42:00,292.65,292.89,290.73,291.99,102575409.0,292.13941781845494
2019-04-30 13:36:00,291.98,294.45,291.83,293.21,101903176.0,293.51424488955314
2019-05-01 16:41:00,293.22,295.38,291.92,293.79,101429990.0,293.74024395438136
2019-05-02 18:57:00,293.79,294.95,289.52,290.83,101818288.0,292.04276458572906
2019-05-06 14:33:00,290.83,294.4536,288.17,290.95,101636921.0,292.35404348179827
2019-05-07 13:50:00,290.95,294.126,289.28,289.34,101551265.0,292.06991523898876
2019-05-07 19:55:00,289.33,290.08,285.81,287.87,103400305.0,287.8294566494819
2019-05-08 19:49:00,287.88,289.43,286.44,288.31,103817078.0,288.23725196902654
2019-05-09 19:19:00,288.29,288.86,283.3,286.1,104514591.0,285.8210019786761
2019-05-10 19:22:00,286.1,288.61,282.3,288.47,104698187.0,285.4270196397267
2019-05-13 18:06:00,288.47,288.94,279.93,281.42,105139957.0,283.60193867645455
2019-05-14 18:28:00,281.43,287.9383,279.74,285.03,105752558.0,282.2069048966782
2019-05-15 20:10:00,285.03,285.77,281.3,285.22,105630195.0,284.1626130815662
2019-05-17 14:42:00,285.21,289.21,284.48,287.035,103655356.0,287.46019174253934
2019-05-20 15:34:00,287.01,288.6,283.19,284.85,103789161.0,286.20915323978977
2019-05-22 15:06:00,284.85,286.93,283.12,285.36,104076876.0,285.423261923999
2019-05-23 19:39:00,285.36,286.35,280.57,281.905,104588104.0,282.96742482943705
2019-05-28 15:56:00,281.905,284.2,281.3,282.91,105754815.0,282.8073676526302
2019-05-29 17:06:00,282.91,283.38,276.71,277.49,105289467.0,279.6104140421931
2019-05-30 19:59:00,277.49,280.04,276.96,279.05,105817071.0,278.53701511791127
2019-06-03 13:51:00,279.05,279.25,273.65,274.9798,106324194.0,276.0363202304131
2019-06-04 14:27:00,274.98,278.22,273.09,278.18,106476945.0,275.07841478693246
2019-06-05 17:55:00,278.19,282.65,277.45,282.34,104463701.0,280.4233200907992
2019-06-07 11:19:00,282.33,285.9,280.5743,285.77,102837845.0,283.73098786871776
2019-06-10 16:11:00,285.77,290.82,284.88,290.42,100952257.0,288.2428810295906
2019-06-12 13:45:00,290.43,291.4,287.86,289.03,100417045.0,289.3685414006989
2019-06-14 14:07:00,289.03,290.07,287.71,288.77,100256588.0,288.8545539123741
2019-06-18 13:48:00,288.775,293.0,288.41,292.94,99691849.0,289.74405172673727
2019-06-19 16:40:00,292.95,293.57,291.89,292.145,98899103.0,292.5325901026867
2019-06-20 16:12:00,292.15,296.44,291.47,294.38,97594275.0,293.96460799245517
2019-06-21 14:34:00,294.39,296.3093,293.4,294.42,97559430.0,295.28849515270974
2019-06-24 19:36:00,294.42,295.52,293.21,293.74,97660041.0,294.2789043389508
2019-06-25 20:11:00,293.745,294.1015,290.64,290.8,101786850.0,291.97091601664977
2019-06-28 13:30:00,290.79,292.73,290.07,292.69,98517431.0,291.2820297491921
2019-07-01 17:13:00,292.7,296.92,292.01,294.57,97444323.0,294.0041027487043
2019-07-02 19:59:00,294.57,296.49,294.33,296.46,97644157.0,295.4698145803259
2019-07-05 20:00:00,296.46,299.19,296.01,298.27,96617341.0,297.7566303303879
2019-07-09 20:25:00,298.27,298.46,295.3,297.08,95783771.0,296.85739631213704
2019-07-11 18:28:00,297.07,299.66,296.06,298.36,94623582.0,298.77176650042134
2019-07-16 13:30:00,298.365,301.26,298.35,300.55,93868316.0,300.14241973754207
2019-07-18 14:23:00,300.55,300.88,296.72,297.96,93859193.0,299.0735473035606
2019-07-19 19:48:00,297.96,300.08,296.7,297.58,93650638.0,298.5676983789163
2019-07-23 17:48:00,297.57,299.7175,296.17,299.485,93664063.0,297.93402920660566
2019-07-25 16:36:00,299.48,302.03,298.87,299.95,92538651.0,300.38425180735175
2019-07-29 14:12:00,299.95,302.23,299.11,300.8999,91997267.0,300.9349702445295
2019-07-31 16:19:00,300.9,301.84,299.49,301.04,91755472.0,300.91117290877935
2019-07-31 20:26:00,301.03,301.08,295.2,297.23,92166445.0,298.40563350671414
2019-08-01 18:47:00,297.22,300.87,293.96,294.9399,94059955.0,297.4164589274909
2019-08-02 15:43:00,294.94,297.5254,290.9,291.62,95144669.0,293.9004238149068
2019-08-05 14:00:00,291.61,294.01,286.71,287.25,96383238.0,291.4557996234
2019-08-05 19:25:00,287.25,287.34,281.72,284.0399,99135425.0,284.90314672407476
2019-08-06 15:08:00,284.03,292.7433,277.37,285.445,100079531.0,284.4382095575094
2019-08-07 13:39:00,285.44,288.63,283.31,284.48,99320534.0,286.4423944075741
2019-08-07 19:56:00,284.47,288.82,282.04,288.36,99805471.0,285.7582214005297
2019-08-08 19:52:00,288.36,293.54,287.06,293.31,98653439.0,290.4273533571047
2019-08-09 19:56:00,293.29,293.75,288.8425,291.74,98272992.0,292.0157974926805
2019-08-13 14:08:00,291.73,293.5,286.5,292.12,98714642.0,289.9196066268174
2019-08-14 14:42:00,292.13,294.15,286.895,287.19,98038212.0,291.34679451773616
2019-08-14 20:09:00,287.19,287.54,283.63,283.68,100190969.0,284.8717976163911
2019-08-15 20:00:00,283.68,292.4644,281.63,284.84,103845688.0,284.42723634003744
2019-08-19 13:32:00,284.84,292.65,283.6118,292.2,100097746.0,288.188142838357
2019-08-20 20:00:00,292.21,293.08,289.95,290.03,101307430.0,291.7021004293052
2019-08-22 19:50:00,290.02,293.93,289.26,292.94,98458947.0,292.18954650305545
2019-08-23 18:52:00,292.94,293.57,285.35,285.63,98765268.0,289.1586991582973
2019-08-26 16:54:00,285.64,292.749,283.01,287.56,100040132.0,285.59128544938267
2019-08-27 20:00:00,287.57,289.95,284.7553,286.45,101795720.0,287.6183678411541
2019-08-29 17:17:00,286.45,292.91,285.25,292.75,98701413.0,289.2254961773409
2019-09-03 13:35:00,292.76,294.71,289.65,290.84,97442436.0,292.5594316554666
2019-09-04 19:23:00,290.85,293.89,289.27,293.69,97294271.0,291.3425717039684
2019-09-05 20:11:00,293.7,298.83,293.63,297.53,98754037.0,297.23633814560213
2019-09-09 19:53:00,297.54,299.35,297.0,298.16,94777029.0,298.19322408493235
2019-09-11 16:31:00,298.17,299.71,295.97,299.51,94882882.0,297.65887861271244
2019-09-12 18:13:00,299.52,302.46,299.3,302.07,93335381.0,300.7857810318335
2019-09-16 14:02:00,302.06,302.68,299.0,300.42,93092555.0,301.3945590791742
2019-09-17 20:11:00,300.42,301.02,299.45,300.88,93873534.0,300.2049016322256
2019-09-19 14:24:00,300.89,302.38,298.24,302.27,92945391.0,300.24206099143146
2019-09-20 16:21:00,302.26,302.63,299.7031,300.12,92422089.0,301.2483496989708
2019-09-23 17:31:00,300.11,300.19,297.16,298.69,93189782.0,298.373469481216
2019-09-24 19:02:00,298.7,300.01,294.81,295.66,93478885.0,297.4140372181029
2019-09-25 20:00:00,295.66,298.38,294.33,297.66,100227136.0,296.4209308603544
2019-09-27 16:08:00,297.66,298.5,295.28,296.36,93537212.0,296.9042487823734
2019-09-30 19:48:00,296.3629,297.55,293.69,297.12,93923837.0,295.7071549283365
2019-10-01 19:50:00,297.13,298.455,293.0,293.37,93970906.0,295.3236265402867
2019-10-02 18:14:00,293.37,296.8354,286.64,287.55,95525636.0,289.4412290622369
2019-10-03 15:41:00,287.55,289.46,284.82,288.24,96262205.0,287.63530435719855
2019-10-04 20:00:00,288.23,294.63,287.95,294.28,96598387.0,291.6318157801664
2019-10-08 14:38:00,294.28,295.26,289.07,289.48,94343900.0,293.0310231848501
2019-10-09 15:02:00,289.5,293.1257,288.23,290.27,95042835.0,289.86320419804656
2019-10-10 18:33:00,290.27,294.21,287.6,293.1,94357808.0,291.9627890000164
2019-10-11 19:49:00,293.11,298.74,292.57,297.1,93246585.0,296.8058422536652
2019-10-15 16:28:00,297.09,299.6,293.1826,299.07,92374726.0,296.8263624916292
2019-10-17 15:00:00,299.065,300.24,297.91,299.04,92319870.0,298.8313933665773
2019-10-18 20:09:00,299.05,299.68,296.99,298.37,93576837.0,298.69008365682885
2019-10-22 19:59:00,298.39,300.9,297.97,299.03,91706120.0,299.90800039962426
2019-10-25 15:40:00,299.03,302.2,297.92,302.01,90336470.0,299.93294149686324
2019-10-29 15:06:00,302.01,304.23,301.25,304.08,89066013.0,302.7714477513233
2019-10-31 13:55:00,304.08,305.13,301.99,303.43,88850294.0,303.4196473602495
2019-11-01 15:37:00,303.42,305.89,301.73,305.48,88254778.0,303.42444854961855
2019-11-04 19:08:00,305.47,308.05,305.02,307.465,87345360.0,306.5689114680509
2019-11-06 17:31:00,307.47,308.35,306.06,306.38,87084823.0,307.1048918046652
2019-11-08 14:58:00,306.39,309.65,306.3,307.75,86542429.0,308.0815613974914
2019-11-12 15:06:00,307.76,309.5,307.03,309.445,86137154.0,308.32316806275554
2019-11-13 20:37:00,309.45,309.99,307.44,309.08,85678473.0,309.00454192947086
2019-11-15 16:12:00,309.08,311.32,308.09,311.195,85314136.0,309.5172545478715
2019-11-18 20:59:00,311.2,312.58,311.03,311.99,85506582.0,311.6106841135383
2019-11-20 15:21:00,312.0,313.13,310.39,311.26,84284393.0,311.9498567772691
2019-11-21 15:21:00,311.25,311.945,309.06,309.7883,85355624.0,310.4556072328901
2019-11-22 21:10:00,309.7856,311.42,309.39,311.1,85630452.0,310.5063524764808
2019-11-26 20:56:00,311.11,314.28,310.3088,314.26,83584775.0,313.1858833144774
2019-11-29 18:00:00,314.26,315.6,313.94,314.5,83168890.0,314.79495750192467
2019-12-02 21:10:00,314.49,315.8,311.17,311.58,86383639.0,312.3378966399866
2019-12-04 14:38:00,311.58,312.27,307.13,311.22,84200800.0,308.7657318394795
2019-12-05 21:05:00,311.23,312.67,309.4744,311.96,83148936.0,311.5995733675376
2019-12-09 20:59:00,311.96,315.31,311.91,313.87,82602735.0,314.6221476650847
2019-12-11 19:05:00,313.87,314.55,311.92,314.1341,82087474.0,313.80635471873944
2019-12-12 18:27:00,314.14,317.99,313.5312,316.27,81267973.0,315.6963035083189
2019-12-13 15:40:00,316.28,318.79,315.76,317.2,81123501.0,317.1981661284809
2019-12-16 16:44:00,317.19,320.06,316.02,319.9258,81355158.0,318.1150697878903
2019-12-17 18:45:00,319.93,320.25,319.16,319.865,80480148.0,319.77765512694083
2019-12-18 21:00:00,319.86,320.25,319.19,319.61,83938481.0,319.7747713067348
2019-12-19 21:10:00,319.6,321.09,319.43,321.07,84539585.0,320.5379852567767
2019-12-20 18:40:00,321.07,321.37,319.33,321.165,80146607.0,320.8652265474735
2019-12-20 21:16:00,321.16,321.45,320.73,321.11,81086803.0,320.956814165912
2019-12-24 18:08:00,321.11,321.98,320.73,321.3,83580207.0,321.2669819900955
2019-12-30 14:51:00,321.3,324.06,321.16,321.53,82278902.0,322.66798986565
2019-12-31 20:59:00,321.54,322.13,320.15,321.89,83114120.0,321.20310054416893
2020-01-03 12:45:00,321.87,325.25,319.69,321.48,81544788.0,323.3756104039854
2020-01-06 14:31:00,321.48,324.8065,319.98,320.94,81981757.0,322.62411653872334
2020-01-07 20:18:00,320.94,324.2,320.8979,323.29,81442321.0,322.85782117357735
2020-01-08 21:11:00,323.31,325.78,317.25,324.94,82102789.0,324.0745250807889
2020-01-10 18:24:00,324.93,327.74,322.7855,326.82,80238315.0,326.41887379219435
2020-01-14 14:32:00,326.81,328.69,325.2,327.38,80096378.0,326.84164416250877
2020-01-15 17:02:00,327.4,329.02,326.844,328.64,79995434.0,327.8006271507954
2020-01-16 19:30:00,328.635,330.14,327.26,330.065,79081825.0,328.6970814808396
2020-01-17 20:18:00,330.07,332.02,329.89,331.4237,78709711.0,331.1846884250546
2020-01-21 16:00:00,331.415,332.18,330.1,331.23,78542619.0,331.69367222577085
2020-01-22 16:31:00,331.22,332.95,330.82,332.11,80081806.0,331.67778478549945
2020-01-23 21:13:00,332.11,332.4,329.41,331.89,81581693.0,331.26329713300214
2020-01-24 21:00:00,331.88,332.94,327.36,328.72,79309231.0,329.4244940710111
2020-01-27 20:59:00,328.73,329.05,322.66,323.52,82218188.0,324.6712692073511
2020-01-28 22:51:00,323.51,328.7677,323.15,327.55,79885018.0,326.1446803621403
2020-01-30 16:51:00,327.55,328.63,323.48,325.52,79737197.0,326.5705140120482
2020-01-31 16:26:00,325.53,329.0,322.795,323.39,79719705.0,325.6412316846586
2020-01-31 21:13:00,323.39,324.1,320.73,322.23,85198302.0,322.2536454494567
2020-02-04 14:40:00,322.23,328.4,321.73,328.03,81110398.0,324.65969426318446
2020-02-05 16:22:00,328.02,332.6,328.01,331.775,79476284.0,329.9511957737619
2020-02-06 19:54:00,331.77,335.15,331.13,333.94,78645578.0,332.9711569620856
2020-02-07 21:11:00,333.94,334.52,331.6,332.01,80685493.0,332.845253903074
2020-02-11 18:54:00,332.01,337.02,331.06,335.62,78075150.0,334.6328698021266
2020-02-13 15:02:00,335.625,337.77,334.62,335.875,77591841.0,336.46814745547385
2020-02-14 19:17:00,335.88,338.24,335.6,336.37,77026605.0,337.12425015410923
2020-02-18 20:23:00,336.37,337.86,335.21,336.92,76896645.0,336.7458025315368
2020-02-20 16:13:00,336.91,339.38,336.41,337.575,76602415.0,338.0420094798866
2020-02-21 14:51:00,337.59,337.625,333.43,333.925,77495695.0,335.71237848810694
2020-02-21 20:58:00,333.925,334.82,332.58,333.335,78207443.0,333.6033779354359
2020-02-24 16:52:00,333.33,333.83,322.86,323.46,79655743.0,327.1828974282666
2020-02-24 20:57:00,323.46,325.21,321.24,322.56,81531807.0,323.1998211994129
2020-02-25 16:34:00,322.57,333.5623,317.53,319.01,82747896.0,321.4577783706429
2020-02-25 19:54:00,319.01,319.74,312.08,314.45,84782059.0,315.4878374452634
2020-02-26 14:30:00,314.46,322.4158,309.08,314.75,87629935.0,313.2234629068926
2020-02-26 18:25:00,314.77,318.11,312.69,313.7,86448750.0,315.5646764287776
2020-02-26 21:00:00,313.69,314.47,310.7,311.24,90019927.0,312.0563461574816
2020-02-27 15:50:00,311.25,311.64,300.65,304.24,94123660.0,305.41334684128424
2020-02-27 18:52:00,304.24,309.65,303.54,304.93,93554156.0,306.64472698409
2020-02-27 21:05:00,304.92,306.55,297.0,297.2,97607417.0,301.6026253093537
2020-02-28 15:33:00,297.19,297.8519,285.54,287.8,105543920.0,290.4271546174965
2020-02-28 17:53:00,287.77,296.14,287.0,293.17,105373310.0,291.0509056324083
2020-02-28 20:33:00,293.18,295.1,288.03,289.71,109988840.0,291.2236953193152
2020-03-02 14:40:00,289.69,302.07,288.06,296.45,110990013.0,294.59940294292534
2020-03-02 18:26:00,296.48,304.07,294.46,301.36,109327709.0,300.04857705653683
2020-03-02 22:53:00,301.36,309.42,298.98,308.16,109654253.0,304.8599741312917
2020-03-03 16:30:00,308.19,313.84,302.54,303.17,110679728.0,308.7142286663635
2020-03-03 20:01:00,303.19,308.26,297.57,301.88,112979183.0,302.2987646027661
2020-03-04 15:15:00,301.9,309.0078,298.0,305.77,115204306.0,302.44863630163655
2020-03-04 20:56:00,305.78,312.96,304.06,312.7,113581328.0,308.23033985412394
2020-03-05 17:46:00,312.7,313.1,302.17,302.46,114311903.0,307.50259848343495
2020-03-06 14:31:00,302.45,313.0826,291.0,293.3,117455379.0,301.50270546637415
2020-03-06 19:39:00,293.3,297.97,291.5367,291.81,119937600.0,294.5515145243512
2020-03-09 13:55:00,291.81,298.78,273.5,279.89,121986470.0,291.8730189248258
2020-03-09 17:34:00,279.82,284.19,277.39,277.43,127311784.0,280.80803475700975
2020-03-09 19:59:00,277.43,279.33,273.45,274.4,135591594.0,276.54740755919187
2020-03-10 16:10:00,274.41,288.45,270.27,277.99,135752701.0,278.6819550024849
2020-03-10 19:54:00,277.96,287.83,275.71,287.7999,134354065.0,281.23573872488106
2020-03-11 16:28:00,287.79,288.83,276.16,278.46,137451982.0,281.43678654917875
2020-03-11 20:00:00,278.44,278.6,270.88,274.13,141739058.0,274.5813291734646
2020-03-12 16:11:00,274.11,279.0514,249.55,250.6401,153141275.0,257.38826196179986
2020-03-12 19:11:00,250.63,266.66,250.36,254.2,153520577.0,256.3389005478745
2020-03-13 14:10:00,254.22,264.5,242.0,257.17,160149656.0,253.0864874358332
2020-03-13 18:48:00,257.19,261.54,249.58,255.86,158204193.0,255.9009556027998
2020-03-16 14:17:00,255.86,271.4897,237.36,245.38,158919076.0,258.66502792900593
2020-03-16 19:24:00,245.385,256.9,240.78,247.69,164493112.0,249.8841765806654
2020-03-17 15:08:00,247.68,256.45,237.07,246.47,171720096.0,242.31162488061545
2020-03-17 20:00:00,246.47,256.17,245.05,251.6,166549637.0,250.58076639630588
2020-03-18 17:20:00,251.6,254.19,233.92,235.0713,175467294.0,241.02369965226063
2020-03-19 13:02:00,235.09,247.65,228.02,238.55,179644059.0,234.80571564545983
2020-03-19 18:03:00,238.58,246.37,232.22,243.35,175587211.0,240.74587013637907
2020-03-20 14:25:00,243.37,250.08,234.95,241.965,188205870.0,241.8141486221171
2020-03-20 19:23:00,241.9884,244.47,230.02,231.13,180122911.0,237.8102613268682
2020-03-23 15:21:00,231.16,238.89,218.34,222.04,190190084.0,228.12917296233573
2020-03-23 19:59:00,222.05,229.39,218.26,222.51,197454377.0,222.71671335542507
2020-03-24 18:22:00,222.51,242.96,220.61,236.84,187276887.0,235.35393323920633
2020-03-25 14:55:00,236.83,250.0,236.611,244.0226,181061276.0,243.10473325376398
2020-03-25 19:55:00,243.99,256.35,243.7,248.76,176712947.0,250.95022748453928
2020-03-26 17:46:00,248.755,259.36,240.33,256.64,175943474.0,253.6636381374831
2020-03-27 15:16:00,256.645,263.7,251.05,255.82,173509457.0,257.40337776746975
2020-03-30 13:38:00,255.814,262.1279,250.09,255.33,174793296.0,255.03087871546938
2020-03-31 13:35:00,255.3197,263.9,253.53,260.62,172018125.0,259.67381574548534
2020-03-31 20:11:00,260.61,263.33,256.22,256.95,172040456.0,259.6025000652289
2020-04-01 19:51:00,256.97,257.75,243.9,245.89,181156508.0,248.75512585053238
2020-04-02 19:52:00,245.89,252.68,242.94,251.08,180374992.0,248.52622649057022
2020-04-06 13:51:00,251.085,259.73,245.22,259.53,179464743.0,249.84684420746544
2020-04-06 20:26:00,259.54,267.0,258.72,264.74,171010419.0,262.6045892721625
2020-04-07 19:37:00,264.74,275.03,263.22,266.98,165794092.0,270.71186194208326
2020-04-08 19:51:00,266.98,276.0,262.89,274.9,166996229.0,269.75745946659123
2020-04-09 18:32:00,274.89,281.2,270.4,278.62,161121811.0,277.9495963908056
2020-04-13 19:54:00,278.63,279.29,271.41,275.475,162666194.0,275.45258804937924
2020-04-15 13:35:00,275.48,284.9,274.0126,277.76,158648928.0,281.86722841526546
2020-04-16 16:08:00,277.76,280.7,275.4,278.38,160221606.0,277.5942112174694
2020-04-17 16:22:00,278.37,289.4,275.84,283.7,157809527.0,281.5285409225985
2020-04-20 19:28:00,283.68,288.0,281.25,282.09,155823025.0,284.6701938219412
2020-04-22 13:47:00,282.08,283.04,272.02,277.46,160671537.0,275.62004481102747
2020-04-23 18:05:00,277.46,283.94,276.91,279.8,157297152.0,280.22487064040206
2020-04-27 17:21:00,279.79,287.35,276.13,286.31,156080101.0,282.13813699464646
2020-04-29 12:33:00,286.32,292.5,285.4,290.8,152260000.0,287.68020750811786
2020-04-30 14:52:00,290.81,296.77,289.58,290.87,148920792.0,292.68191462569916
2020-05-01 16:11:00,290.86,291.91,281.96,282.7,151280564.0,287.8932159137886
2020-05-05 13:33:00,282.705,287.5,278.69,287.2,154333120.0,282.11417488427224
2020-05-06 22:57:00,287.2,289.25,282.7,282.92,150702109.0,286.8892597911907
2020-05-08 20:14:00,282.92,293.28,282.9,293.12,149662245.0,289.9771776191903
2020-05-12 19:43:00,293.1,294.8,288.04,288.15,147464441.0,291.92813548053476
2020-05-13 19:50:00,288.15,288.34,278.965,281.54,151238131.0,283.4311523982477
2020-05-15 11:25:00,281.54,286.45,272.99,283.09,151664533.0,281.2008943521226
2020-05-18 15:13:00,283.15,294.915,281.34,294.82,148415010.0,286.7051878400253
2020-05-19 19:13:00,294.84,297.5,293.42,295.42,143928775.0,295.2796974500495
2020-05-21 14:43:00,295.42,297.87,291.29,296.0935,143150189.0,295.8466521678127
2020-05-26 14:15:00,296.1084,302.26,291.0,300.68,142630072.0,295.58362676877135
2020-05-27 18:44:00,300.68,303.86,296.87,301.08,139848485.0,300.12929941564215
2020-05-29 13:54:00,301.09,306.84,300.84,302.69,137741701.0,304.00579870201346
2020-06-01 15:51:00,302.68,306.13,299.47,304.9001,137583792.0,303.1351403570717
2020-06-03 15:33:00,304.92,311.96,303.88,311.82,135635221.0,307.33463409963025
2020-06-04 19:54:00,311.82,313.22,309.08,310.63,133034715.0,311.65655980478357
2020-06-05 19:51:00,310.62,321.275,310.62,318.94,130331608.0,318.67273222348877
2020-06-09 15:14:00,318.94,323.41,318.475,321.18,128846283.0,320.7752338275285
2020-06-10 19:31:00,321.17,322.71,318.2209,320.98,128345306.0,320.64138093475174
2020-06-11 18:22:00,320.97,321.25,302.99,303.4076,132911462.0,309.75014586245703
2020-06-12 14:40:00,303.3901,319.1184,300.01,305.27,136374383.0,302.9870475191664
2020-06-12 19:59:00,305.26,305.89,298.6,304.28,137959631.0,302.5374707126821
2020-06-15 19:45:00,304.28,308.28,295.39,305.66,136770457.0,303.3571787520728
2020-06-16 19:29:00,305.65,316.96,305.34,312.075,133179270.0,311.9468799619355
2020-06-18 15:20:00,312.08,316.0,308.8,312.0,132669478.0,312.30937626566293
2020-06-19 17:53:00,312.0,314.49,307.95,308.57,132528589.0,311.3059468764861
2020-06-22 20:00:00,308.58,311.05,305.85,310.82,133361841.0,308.9605364173524
2020-06-24 16:09:00,310.81,314.57,302.1,303.28,132716915.0,309.8972683158421
2020-06-25 18:48:00,303.29,312.0536,300.83,304.06,134655673.0,304.1108392616789
2020-06-26 19:56:00,304.0621,308.2,299.42,300.02,135468408.0,302.95057468700173
2020-06-30 15:49:00,300.04,307.33,298.93,306.69,134779848.0,302.7961666306142
2020-07-01 17:40:00,306.681,311.44,305.69,310.86,131560278.0,308.87561895145166
2020-07-06 16:23:00,310.86,317.68,309.7733,316.09,129421024.0,313.45945255589754
2020-07-08 14:18:00,316.1,317.91,313.1,315.75,127984423.0,315.6256386029858
2020-07-09 20:25:00,315.755,317.2,310.68,314.16,128013914.0,314.18639365033795
2020-07-13 19:33:00,314.38,322.71,311.39,315.84,126468441.0,318.21376340194934
2020-07-14 20:07:00,315.83,319.76,312.0,318.71,127762444.0,315.8706498078322
2020-07-16 17:44:00,318.73,323.39,318.25,320.14,124274402.0,321.0552846765994
2020-07-20 18:48:00,320.15,323.95,319.21,323.8,123566634.0,321.5371957951537
2020-07-22 19:45:00,323.8185,327.33,322.79,326.7,121842704.0,325.4287022004541
2020-07-24 15:30:00,326.71,328.51,319.49,321.54,121702718.0,323.74553939590703
2020-07-28 17:30:00,321.54,323.86,319.246,323.24,122064345.0,321.82678570905
2020-07-30 17:46:00,323.2499,325.73,319.64,323.4,121079816.0,322.91488327028844
2020-08-03 14:20:00,323.4,329.28,321.33,328.96,120040796.0,324.74983842599687
2020-08-05 19:42:00,328.97,332.39,327.15,331.61,117788520.0,329.7834554247839
2020-08-10 13:03:00,331.62,335.29,330.13,334.9299,115800847.0,333.2969346697638
2020-08-11 20:51:00,334.87,337.93,332.01,333.63,114647678.0,335.05914476464693
2020-08-14 16:51:00,333.6,338.28,333.0,337.09,114325214.0,337.1143068981755
2020-08-19 13:57:00,337.095,339.4,335.62,338.7,112816235.0,337.72135245228196
2020-08-21 13:37:00,338.7,339.61,335.03,337.84,112236080.0,337.90073837030695
2020-08-25 14:39:00,337.85,344.6,337.55,342.9,110812238.0,340.7352030483545
2020-08-27 16:26:00,342.9,349.9,342.27,348.605,108578818.0,346.28692571426814
2020-08-31 16:52:00,348.61,352.45,346.53,350.4617,107206760.0,349.4317186870878
2020-09-02 14:00:00,350.46,355.62,348.5,353.98,106233667.0,351.1190532302591
2020-09-03 15:24:00,353.97,358.75,345.201,346.31,105273022.0,354.4781058153037
2020-09-04 11:10:00,346.31,349.4,342.59,346.48,107301832.0,345.7386403551804
2020-09-04 19:48:00,346.51,348.3904,334.87,343.04,109301202.0,341.02091138026213
2020-09-08 19:29:00,343.03,344.49,332.88,335.0,110458717.0,337.64590545832044
2020-09-09 19:50:00,335.0,342.64,329.65,340.56,110538930.0,337.80468500539934
2020-09-10 20:13:00,340.57,342.53,332.85,334.45,110320670.0,337.7323584618524
2020-09-14 16:57:00,334.44,340.38,331.0,339.4,110936599.0,335.2865892902242
2020-09-16 15:04:00,339.385,342.92,337.5499,341.46,108969070.0,340.03754410359403
2020-09-17 15:55:00,341.49,343.06,332.77,335.4954,108954672.0,338.86243974081106
2020-09-18 17:28:00,335.5,336.95,329.47,329.49,110435218.0,333.76930489889367
2020-09-21 18:22:00,329.4936,334.1127,321.73,323.303,112695580.0,326.7873047249588
2020-09-23 13:59:00,323.29,331.93,322.16,329.83,112214176.0,327.7728017958897
2020-09-24 14:43:00,329.815,330.25,319.8,321.635,113104653.0,324.35495832384373
2020-09-25 19:54:00,321.64,329.58,320.66,328.695,113195335.0,324.9103332462532
2020-09-29 18:15:00,328.69,336.0,328.29,333.09,109610440.0,332.98410932516845
2020-09-30 20:00:00,333.1,338.29,329.6,333.46,114956190.0,334.9841410022627
2020-10-02 12:09:00,333.46,338.74,330.47,332.07,107950729.0,336.2711592858076
2020-10-05 17:46:00,332.04,338.87,330.62,338.19,108043989.0,334.9447621374757
2020-10-06 19:59:00,338.19,342.17,334.38,334.94,108799469.0,338.25076691163844
2020-10-08 19:57:00,334.95,343.79,333.12,343.69,105793813.0,340.65120527005865
2020-10-12 17:38:00,343.69,353.79,343.48,353.385,103567403.0,347.7517320145405
2020-10-13 18:46:00,353.3864,354.02,346.7752,349.598,101575574.0,351.96551907536184
2020-10-15 15:47:00,349.59,352.28,343.13,345.81,103064261.0,348.27043133553383
2020-10-16 19:59:00,345.81,350.75,344.84,347.24,103406273.0,348.28681525109886
2020-10-20 14:19:00,347.25,349.43,341.04,344.6899,102983425.0,344.78607320005506
2020-10-21 19:49:00,344.69,346.88,341.81,342.9,103010269.0,344.1148858869176
2020-10-23 19:23:00,342.9,346.18,340.28,345.28,102604042.0,343.83769602232377
2020-10-26 20:00:00,345.265,345.78,335.62,339.56,103929357.0,340.06797683674995
2020-10-28 14:48:00,339.55,341.05,328.22,328.59,104411282.0,336.45543532670325
2020-10-29 13:40:00,328.58,331.02,325.14,325.375,107231696.0,327.88284491726256
2020-10-30 14:40:00,325.375,333.395,323.28,324.83,106222546.0,329.4311973788086
2020-11-02 14:40:00,324.84,332.12,322.6,329.53,107433408.0,325.34397911775835
2020-11-03 16:15:00,329.55,338.25,327.24,337.68,105540052.0,331.2475210996523
2020-11-04 15:22:00,337.6711,346.475,333.0,346.437,103110207.0,338.2397769191727
2020-11-05 14:33:00,346.43,350.77,342.91,349.07,101110189.0,345.24694928589827
2020-11-06 16:15:00,349.06,352.19,345.77,349.71,99722532.0,350.36905846807997
2020-11-09 15:01:00,349.72,366.77,349.21,361.63,98015478.0,355.6964480252958
2020-11-09 20:48:00,361.61,363.0,357.47,357.61,96546439.0,360.3810367580981
2020-11-10 20:43:00,357.609,357.7,350.51,354.47,99136249.0,354.05738669870425
2020-11-12 16:32:00,354.48,357.56,353.02,355.45,98817010.0,355.77883271070266
2020-11-13 20:47:00,355.45,358.9,351.26,358.59,98440123.0,354.5722297046911
2020-11-16 23:00:00,358.58,363.67,357.8,362.74,96538257.0,360.69832867433604
2020-11-18 18:51:00,362.64,362.7,358.34,359.79,96547819.0,360.4988116492807
2020-11-19 21:02:00,359.795,360.15,354.15,358.0,97076802.0,356.9923175079225
2020-11-23 16:39:00,358.01,358.82,354.25,355.39,97083723.0,356.52761407975356
2020-11-24 20:54:00,355.38,363.81,355.16,363.2601,96069883.0,359.750049731065
2020-11-30 15:28:00,363.26,365.31,360.85,361.35,94803945.0,362.90625076878854
2020-12-01 15:36:00,361.31,367.44,359.17,366.29,94768521.0,362.2996729444989
2020-12-02 20:31:00,366.29,367.68,361.936,366.365,93396710.0,366.13497604116185
2020-12-04 16:35:00,366.37,369.27,365.5,369.1082,93146570.0,367.1490703204673
2020-12-08 14:58:00,369.1,369.94,366.41,368.32,92150398.0,368.9445555123644
2020-12-09 20:42:00,368.31,371.41,365.95,366.99,91915701.0,368.9352133447175
2020-12-11 15:32:00,366.99,368.09,362.86,365.21,92404222.0,366.60802323404255
2020-12-14 20:37:00,365.2,369.8,363.26,365.51,91949503.0,366.4385911744584
2020-12-15 21:16:00,365.505,369.6,364.47,369.59,91481585.0,367.272707751248
2020-12-17 18:49:00,369.31,372.46,368.44,371.91,90896660.0,370.5472355780059
2020-12-18 18:39:00,371.9,372.5,367.7,368.0159,90345383.0,370.38018594132996
2020-12-21 10:59:00,368.02,371.27,358.0,360.1,90684490.0,369.0409817919601
2020-12-21 21:13:00,360.0,378.46,359.9,367.63,92219562.0,366.1550489162674
2020-12-23 21:00:00,367.62,369.62,364.55,367.67,93770637.0,367.9732653372076
2020-12-29 16:43:00,367.67,374.07,366.92,372.7037,90899776.0,370.75089232568473
2020-12-31 14:36:00,372.705,373.1,370.83,371.34,90159849.0,371.90124060912217
2021-01-04 15:22:00,371.33,376.74,371.26,372.475,89506443.0,373.3914629766591
2021-01-04 21:04:00,372.48,372.5999,364.82,369.01,92471169.0,368.25527611859354
2021-01-06 15:13:00,369.04,373.39,366.84,373.227,91218425.0,370.485710742288
2021-01-06 22:03:00,373.23,376.98,372.6,374.22,89777355.0,374.55047125034037
2021-01-08 16:03:00,374.21,381.215,373.4526,380.71,89395203.0,378.70662849427936
2021-01-11 19:19:00,380.7,381.96,377.1,378.685,88768405.0,379.8754262085017
2021-01-13 15:57:00,378.6802,380.2,376.36,379.75,88918131.0,378.74130863723434
2021-01-15 14:32:00,379.74,381.13,376.31,377.28,88592289.0,379.6055106334681
2021-01-15 21:10:00,377.275,377.58,373.7,374.78,89193204.0,375.64816064304154
2021-01-20 16:06:00,374.78,383.082,374.0,382.4699,88927185.0,378.4901220291125
2021-01-21 21:01:00,382.45,385.3,382.18,384.18,87673934.0,384.05322040861216
2021-01-25 16:31:00,384.15,384.77,378.46,380.56,87479232.0,382.77294770596336
2021-01-27 12:00:00,380.56,385.85,379.73,380.77,86909271.0,383.8292225531773
2021-01-27 20:46:00,380.78,383.41,372.01,373.2289,88428020.0,376.55759490761477
2021-01-28 18:39:00,373.23,381.8799,370.0,381.79,88575061.0,376.7011565772335
2021-01-29 17:24:00,381.809,381.93,370.6,370.64,88622175.0,376.4604209356113
2021-02-01 14:33:00,370.62,374.71,368.27,374.14,90032183.0,370.8065365598384
2021-02-02 15:33:00,374.12,382.54,370.376,381.8,88782111.0,376.2148095151202
2021-02-03 20:30:00,381.83,383.7,380.48,382.67,87326768.0,382.366446179336
2021-02-05 17:17:00,382.67,388.29,381.4,387.83,86768572.0,384.995486455292
2021-02-09 18:03:00,387.82,390.9,387.18,390.537,85217367.0,389.0041468284958
2021-02-11 15:06:00,390.533,392.46,387.5,390.76,84620135.0,390.142057039951
2021-02-12 21:09:00,390.753,393.08,388.1,393.06,85643622.0,390.9494446857874
2021-02-17 17:28:00,393.08,395.35,389.33,390.8581,83672056.0,392.12409478081736
2021-02-18 21:00:00,390.86,393.2,387.74,390.95,84666133.0,390.5678898264897
2021-02-19 21:13:00,390.98,392.76,389.36,389.65,85987330.0,390.7446690033581
2021-02-23 14:45:00,389.61,390.03,381.84,381.966,84670243.0,387.20593302079305
2021-02-23 20:53:00,381.97,388.945,380.2,387.6999,84675577.0,384.8021152147315
2021-02-24 21:57:00,387.7,392.65,385.27,392.01,84198782.0,389.4244308480663
2021-02-25 18:22:00,392.0,393.1,381.76,384.25,84603065.0,387.1960971517437
2021-02-26 15:03:00,384.25,386.67,380.22,381.44,85789873.0,383.32495126147603
2021-02-26 20:09:00,381.43,385.58,378.23,384.28,85961789.0,382.2645410653175
2021-03-01 16:22:00,384.2701,389.4099,378.83,389.28,86455228.0,384.23781904470115
2021-03-02 15:16:00,389.29,390.92,386.42,389.32,85631574.0,389.4683845440962
2021-03-03 15:14:00,389.33,389.74,383.655,383.7,86274536.0,387.23218195629994
2021-03-03 21:00:00,383.68,386.45,381.2,381.34,94218547.0,383.68054215205365
2021-03-04 17:55:00,381.34,384.0,377.07,377.09,88557030.0,381.05183955913213
2021-03-04 21:00:00,377.09,377.91,371.88,377.12,98187465.0,375.6611684979955
2021-03-05 18:00:00,377.12,381.21,372.64,379.555,91892380.0,376.68728723718687
2021-03-08 15:01:00,379.545,386.02,377.89,384.14,90650279.0,382.9967916435019
2021-03-08 20:59:00,384.17,387.68,381.42,381.74,90739896.0,385.2555876908132
2021-03-09 20:20:00,381.75,389.91,381.67,389.255,90722161.0,387.3712545962151
2021-03-10 16:54:00,389.26,390.92,385.76,390.32,90229648.0,388.70084586965226
2021-03-11 16:27:00,390.32,395.03,388.89,394.82,89678992.0,391.02514281089185
2021-03-12 16:40:00,394.82,395.65,390.88,392.12,89030212.0,393.5815951670738
2021-03-15 19:26:00,392.12,395.51,392.03,394.785,88905107.0,393.72898961047406
2021-03-16 19:58:00,394.785,397.83,394.5,396.14,88918947.0,396.47839690392334
2021-03-17 19:48:00,396.15,398.12,393.3,396.8504,88466073.0,395.48986002095376
2021-03-18 18:59:00,396.86,398.253,392.205,393.34,88419499.0,395.3786359106288
2021-03-19 14:52:00,393.345,393.5896,387.15,389.94,89395815.0,390.5434469975042
2021-03-22 14:14:00,389.93,391.67,388.33,391.51,89678328.0,390.31061884166587
2021-03-23 16:08:00,391.5001,394.07,390.4,392.44,89201206.0,392.65329720525125
2021-03-24 15:23:00,392.43,393.31,388.66,392.045,89495969.0,390.69069080239956
2021-03-25 13:58:00,392.05,392.47,385.02,386.1719,90163288.0,388.96075428598675
2021-03-25 20:06:00,386.17,390.55,383.9,389.92,93733610.0,387.58286631911864
2021-03-26 19:50:00,389.93,393.95,389.4938,393.77,90146327.0,391.8107249330123
2021-03-29 18:02:00,393.77,399.9398,390.9,395.65,89543238.0,394.87690950608214
2021-03-30 17:01:00,395.65,396.769,393.02,393.61,89585664.0,395.1798421119684
2021-03-31 18:46:00,393.61,398.0,393.4,397.32,89754993.0,395.6970825161858
2021-04-01 14:30:00,397.32,399.27,395.8795,399.18,89176980.0,397.0961986522438
2021-04-05 13:50:00,399.19,404.4221,398.79,404.355,88543835.0,400.2659220525561
2021-04-06 13:36:00,404.355,406.99,404.22,405.82,87448170.0,406.04474955262856
2021-04-07 16:48:00,405.82,407.24,405.3,406.12,87208716.0,406.3637882190973
2021-04-08 20:11:00,406.12,408.99,405.76,408.98,86872828.0,407.5100830038362
2021-04-12 16:34:00,408.98,411.72,407.72,411.7,86110694.0,410.18058122790444
2021-04-13 19:59:00,411.71,413.529,409.68,412.8299,86624235.0,411.9036279907633
2021-04-15 15:24:00,412.81,415.46,410.87,414.861,85077332.0,412.7833668339884
2021-04-16 18:29:00,414.865,417.39,414.52,417.0709,84139224.0,416.0612715669337
2021-04-19 18:22:00,417.075,417.91,413.79,414.85,84034532.0,416.1723593009083
2021-04-20 18:39:00,414.845,415.78,410.62,411.075,84676951.0,413.3451248082342
2021-04-21 19:59:00,411.0611,416.29,410.59,416.09,85915486.0,413.57992601629417
2021-04-22 19:19:00,416.08,416.78,411.13,412.115,84370725.0,414.3751068971546
2021-04-23 19:58:00,412.12,418.25,411.7599,416.85,85012566.0,415.0664034459046
2021-04-27 14:59:00,416.85,418.49,416.04,417.16,83652645.0,417.38674651142554
2021-04-28 20:00:00,417.17,419.01,416.9,417.3499,85398769.0,417.6831099255582
2021-04-29 20:39:00,417.37,420.72,416.44,419.53,82912254.0,418.98419436242386
2021-04-30 20:08:00,419.51,419.73,416.34,417.6,83201480.0,417.2852980621701
2021-05-04 13:50:00,417.6,419.84,414.08,414.14,83274826.0,418.231901366
2021-05-04 20:00:00,414.14,415.82,411.67,415.27,86209800.0,413.78645063801645
2021-05-06 14:44:00,415.26,417.63,413.675,414.94,84029859.0,415.9545998060642
2021-05-07 15:35:00,414.94,422.67,414.24,422.5899,83266658.0,418.5177539985268
2021-05-10 18:24:00,422.5899,423.0,419.6911,420.15,82685443.0,421.9626443355553
2021-05-11 14:51:00,420.15,420.22,410.06,411.73,83669108.0,415.9020899637388
2021-05-12 13:38:00,411.73,415.03,409.29,412.27,84308741.0,413.44200404126616
2021-05-12 19:32:00,412.24,412.52,405.33,405.55,85361629.0,408.4088644594684
2021-05-13 15:54:00,405.54,412.02,402.7,410.065,86383680.0,407.5712684996372
2021-05-14 14:37:00,410.05,415.22,407.84,414.555,85625763.0,411.4406214803421
2021-05-17 14:45:00,414.56,417.49,413.94,415.03,84725361.0,416.1406905524228
2021-05-18 19:24:00,415.02,417.55,413.1,414.16,84908599.0,414.90101556584045
2021-05-19 18:10:00,414.17,414.59,405.33,408.2722,86072502.0,408.78275770559793
2021-05-20 17:41:00,408.27,416.14,407.59,415.5,85282814.0,411.7891638450462
2021-05-21 18:41:00,415.495,418.2,410.8845,415.29,84637445.0,416.02098916138067
2021-05-25 13:27:00,415.29,420.64,414.7,420.25,83979664.0,417.7933466365735
2021-05-26 18:55:00,420.24,420.71,417.62,418.77,83589734.0,418.7962602642341
2021-05-28 14:04:00,418.77,421.43,417.69,420.745,83223087.0,419.6786788961929
2021-06-01 17:04:00,420.75,422.72,419.44,419.485,82839412.0,420.55591807066315
2021-06-03 13:48:00,419.48,421.23,416.51,416.64,82885293.0,419.84333287059417
2021-06-04 18:41:00,416.645,422.64,416.28,422.54,82692945.0,419.8511949041274
2021-06-08 13:41:00,422.54,423.38,421.0,422.725,81933289.0,422.1677063226231
2021-06-09 19:57:00,422.721,423.26,420.32,421.735,81771041.0,422.3076230162456
2021-06-11 16:45:00,421.74,424.63,420.5,423.1,81340885.0,423.21790467742323
2021-06-15 14:34:00,423.09,425.99,423.0,424.425,80881674.0,424.0883146778849
2021-06-16 18:17:00,424.44,425.01,419.92,420.95,80634730.0,423.7113954729691
2021-06-17 16:06:00,420.945,423.59,419.91,421.17,80974857.0,421.9423825150909
2021-06-18 14:21:00,421.17,423.02,416.11,416.81,81715642.0,420.4822435139466
2021-06-18 20:10:00,416.82,417.265,414.28,414.57,86990023.0,416.0539448199508
2021-06-21 20:17:00,414.56,421.4,412.94,421.35,82470085.0,419.12304284012765
2021-06-23 16:31:00,421.35,424.05,420.07,423.27,81785043.0,422.5933945370914
2021-06-25 13:41:00,423.265,426.11,422.51,425.89,81153588.0,424.35289202779194
2021-06-28 18:03:00,425.89,427.39,425.6,426.71,80466724.0,426.442960599045
2021-06-30 15:32:00,426.715,428.56,426.37,427.96,80106862.0,427.64130563758
2021-07-01 18:42:00,427.9501,430.39,427.58,430.36,79650874.0,428.65845862508877
2021-07-02 20:00:00,430.36,434.1,430.04,433.57,80409085.0,432.07414346068526
2021-07-07 13:32:00,433.56,434.01,430.01,433.63,79038428.0,432.153702085428
2021-07-08 13:52:00,433.62,434.76,427.49,429.0399,78985028.0,432.81426660802026
2021-07-08 20:01:00,429.04,434.4301,427.52,430.92,79126014.0,430.0000512455425
2021-07-09 20:10:00,430.88,435.84,430.2,435.34,78910586.0,434.62493942590373
2021-07-13 16:50:00,435.34,437.84,433.8,437.49,78402839.0,436.6972963128127
2021-07-14 19:53:00,437.5,437.92,434.8,436.39,78343225.0,436.2945358500334
2021-07-16 13:33:00,436.38,436.54,432.72,435.83,78374676.0,434.8869091336737
2021-07-19 13:30:00,435.835,435.99,425.8,425.99,79366404.0,432.5441512720252
2021-07-19 17:55:00,425.99,426.71,421.97,422.575,80310464.0,423.9949875919805
2021-07-20 14:08:00,422.573,428.64,421.97,428.16,81389105.0,424.2103749184078
2021-07-20 20:09:00,428.17,432.42,427.95,431.3,80923967.0,431.0143485798712
2021-07-22 14:28:00,431.29,435.59,431.06,434.695,80394779.0,433.85032942657125
2021-07-23 19:13:00,434.695,440.04,433.69,439.26,79552723.0,436.9803485347638
2021-07-27 14:25:00,439.2543,441.16,437.08,438.8181,78891858.0,439.96055441587396
2021-07-28 16:47:00,438.82,439.95,435.99,438.57,78938355.0,438.1298792508722
2021-07-29 22:24:00,438.56,441.8,437.31,439.25,78465397.0,440.20168239505983
2021-08-02 14:01:00,439.27,441.35,436.85,440.14,78521053.0,438.8067956339052
2021-08-03 16:15:00,440.15,440.76,436.1,439.605,78430547.0,438.4677405414994
2021-08-04 20:14:00,439.6,441.28,438.73,439.25,78440347.0,439.9866670916484
2021-08-06 19:53:00,439.26,442.94,438.98,442.19,77966872.0,441.56507824413535
2021-08-10 17:38:00,442.1949,443.44,441.31,442.92,77209830.0,442.3531899131792
2021-08-12 15:10:00,442.91,444.072,441.83,443.4799,76862100.0,443.2062616459269
2021-08-16 14:00:00,443.4779,446.274,443.0801,443.26,76359082.0,445.05994961570417
2021-08-17 14:12:00,443.25,447.305,442.87,444.11,75991368.0,445.2124085199793
2021-08-17 20:07:00,444.1059,444.96,440.85,444.04,77101909.0,443.0525009939674
2021-08-18 20:00:00,443.645,444.625,438.92,439.27,77928973.0,442.1241385349583
2021-08-19 18:31:00,439.26,441.14,434.5,437.64,77795947.0,438.8856202135227
2021-08-20 18:26:00,437.64,443.55,437.0,442.835,77365575.0,441.2542587353018
2021-08-23 19:59:00,442.82,448.23,442.46,447.25,76847343.0,445.9125390130555
2021-08-25 19:53:00,447.25,449.457,447.15,449.1988,76288072.0,448.3329765918035
2021-08-27 14:00:00,449.19,449.29,446.15,448.04,76003851.0,447.5012340166815
2021-08-30 13:41:00,448.05,451.31,447.69,450.8,75317672.0,450.02089474470677
2021-08-31 19:04:00,450.8,453.48,450.71,451.74,75182540.0,452.183860402695
2021-09-01 19:57:00,451.74,453.54,451.17,451.62,75391722.0,452.0886785729145
2021-09-03 17:55:00,451.63,454.53,450.0,453.35,74775058.0,452.7839335462321
2021-09-07 20:24:00,453.36,453.63,450.7423,451.36,74583880.0,452.1314393583781
2021-09-09 15:43:00,451.33,452.57,448.3,451.125,74779066.0,450.7489855629971
2021-09-10 16:03:00,451.12,451.49,447.34,448.09,74814517.0,449.23302676197585
2021-09-13 14:21:00,448.09,449.38,445.31,445.96,75256822.0,446.7688565162761
2021-09-14 13:56:00,445.99,448.59,444.11,446.2076,75548194.0,445.9577992933127
2021-09-15 13:40:00,446.2099,446.45,443.22,443.69,75697554.0,444.5447566411151
2021-09-15 22:06:00,443.69,448.41,443.44,448.2,75254778.0,446.67370076984844
2021-09-16 20:43:00,448.2,448.36,444.02,447.17,75769131.0,446.32716123164164
2021-09-17 18:23:00,446.74,447.17,441.02,441.745,76385987.0,442.865201530166
2021-09-20 14:06:00,441.74,442.22,433.48,435.55,77181948.0,438.9647002127669
2021-09-20 18:44:00,435.55,435.69,429.3375,429.73,78522399.0,432.7306438771682
2021-09-21 14:17:00,429.7,438.93,428.86,435.05,79418068.0,433.3445807787556
2021-09-22 13:52:00,435.06,436.97,432.4,435.7841,79237417.0,434.90245499514486
2021-09-22 19:54:00,435.78,440.03,435.72,438.16,80486082.0,438.2703063116325
2021-09-23 19:49:00,438.17,444.89,437.54,443.63,78729993.0,442.0877007058615
2021-09-24 21:42:00,443.62,444.67,440.52,443.91,78896983.0,443.3357368442473
2021-09-28 14:05:00,444.17,446.14,436.57,437.0,78617324.0,441.99869397962226
2021-09-28 19:33:00,436.99,437.14,432.94,434.95,79569495.0,434.90407274150346
2021-09-29 17:40:00,434.95,443.72,433.17,433.99,80728581.0,434.92872872482366
2021-09-30 16:05:00,433.98,438.0,431.2,431.385,80832969.0,434.79819391199834
2021-09-30 20:00:00,431.38,433.86,428.78,429.92,85531738.0,431.1330890070598
2021-10-01 16:47:00,429.91,432.1,425.65,431.74,82990151.0,429.72752598417435
2021-10-04 14:23:00,431.73,436.0329,430.35,430.6,82565139.0,433.7284145022015
2021-10-04 19:47:00,430.58,430.66,426.36,428.77,83480931.0,427.9203072049145
2021-10-05 17:33:00,428.76,435.18,427.32,434.47,83696828.0,431.54192799057256
2021-10-06 15:40:00,434.47,435.49,426.95,429.7599,83761894.0,431.7823581846473
2021-10-07 14:02:00,429.76,441.2,429.11,441.19,83431531.0,434.13282506763477
2021-10-08 15:11:00,441.2,441.68,437.8,438.94,82075427.0,439.78938483345405
2021-10-11 17:31:00,438.96,440.26,434.8734,436.409,82301789.0,438.2538936885059
2021-10-12 19:04:00,436.41,437.32,431.99,434.08,83142165.0,435.0811596190735
2021-10-13 19:36:00,434.09,436.05,431.54,434.88,83036445.0,433.7411718608879
2021-10-14 20:01:00,434.88,442.66,434.43,442.44,81911227.0,440.1764357223751
2021-10-18 13:50:00,442.43,446.26,442.39,445.29,80683428.0,445.09383227362486
2021-10-19 17:02:00,445.29,450.56,444.85,450.28,80208144.0,447.56864582656584
2021-10-21 13:47:00,450.29,452.749,449.11,451.88,79165388.0,451.48185726349516
2021-10-22 18:56:00,451.88,454.67,451.05,453.22,78723796.0,452.78177434212455
2021-10-26 14:43:00,453.225,458.49,452.34,458.0,78174467.0,454.8289076063504
2021-10-27 19:14:00,457.9903,458.4,455.0,455.0,77623794.0,456.5676531651438
2021-10-28 19:34:00,455.01,457.976,453.8281,457.37,77571014.0,455.6074414200652
2021-10-29 19:59:00,457.37,459.56,455.45,459.23,77617441.0,458.08092832885137
2021-11-02 15:32:00,459.22,461.82,458.2,461.75,76734629.0,459.8160200218316
2021-11-03 19:55:00,461.745,465.15,460.83,464.7386,76204669.0,462.2420447252329
2021-11-05 14:05:00,464.73,470.65,464.41,470.49,75405259.0,466.44012664954425
2021-11-08 17:18:00,470.48,470.54,466.92,468.63,74665746.0,468.9255773994495
2021-11-09 20:19:00,468.61,469.57,465.88,466.62,74723986.0,467.95852071384996
2021-11-10 20:59:00,466.63,467.495,462.04,463.65,75881316.0,465.0371793663327
2021-11-12 20:36:00,463.65,467.86,463.37,467.75,75239936.0,465.14715158634743
2021-11-16 15:00:00,467.75,469.22,466.23,468.69,74446010.0,467.4439015938454
2021-11-17 19:38:00,468.69,470.485,467.48,468.13,73903976.0,469.05415739724816
2021-11-19 14:33:00,468.13,472.0,466.34,468.8301,73858783.0,468.7444682451748
2021-11-22 16:05:00,468.86,473.54,468.5,472.47,73395251.0,470.18116444246857
2021-11-23 15:39:00,472.46,472.5356,465.4,465.9487,73589236.0,469.2234479420356
2021-11-24 15:55:00,465.94,468.67,464.45,467.6,73838004.0,466.78687359600116
2021-11-26 15:19:00,467.64,470.27,459.0416,459.76,73908555.0,465.9392223602923
2021-11-26 18:03:00,459.77,461.5,457.77,458.78,75047623.0,459.6298415988602
2021-11-29 20:54:00,458.8,466.56,456.86,465.195,76589182.0,463.60538436399804
2021-11-30 16:59:00,465.2,466.24,456.21,457.29,76651029.0,461.5914775318612
2021-11-30 21:00:00,457.28,459.32,455.3,456.99,81939964.0,456.9057564060166
2021-12-01 19:11:00,457.0,464.67,455.56,457.48,78314123.0,460.70512655559094
2021-12-02 14:36:00,457.44,462.7558,449.5,452.5,79760668.0,453.5787647982782
2021-12-02 20:14:00,452.53,458.72,451.95,457.73,79272092.0,455.9601957474646
2021-12-03 16:04:00,457.72,460.3,451.62,452.54,80198227.0,456.4534003155428
2021-12-03 20:54:00,452.5,453.64,448.92,452.07,81441858.0,451.208461994606
2021-12-06 19:01:00,452.08,460.64,452.07,460.4533,81296259.0,456.41249725265794
2021-12-07 17:28:00,460.47,468.88,458.32,468.125,80042191.0,463.2242435487276
2021-12-08 15:49:00,468.13,470.98,466.24,467.64,79245996.0,468.02811638917416
2021-12-09 18:35:00,467.65,470.0,466.83,468.78,79090587.0,468.6484615640879
2021-12-10 19:33:00,468.7883,470.2,465.9,469.13,79383423.0,468.031308678231
2021-12-13 19:26:00,469.13,472.54,466.76,468.0801,78905087.0,468.95988057951496
2021-12-14 16:41:00,468.1,468.63,461.065,461.645,79504006.0,465.2947763137642
2021-12-15 16:10:00,461.64,464.44,460.25,461.8402,80163021.0,462.27780492567405
2021-12-15 20:59:00,461.82,470.86,460.74,470.58,80719244.0,466.0280481228356
2021-12-16 19:14:00,470.58,474.86,467.52,467.6715,79822552.0,470.40288729477174
2021-12-17 15:10:00,467.68,468.33,459.31,459.46,81235324.0,464.8792440685639
2021-12-17 20:46:00,459.47,464.74,458.06,460.89,81511946.0,461.77874664293927
2021-12-20 18:20:00,460.9,461.29,451.14,452.48,83234562.0,455.8576698580305
2021-12-21 16:38:00,452.5,459.75,452.04,459.2,83565179.0,455.5025694840042
2021-12-22 19:38:00,459.25,466.91,459.21,465.99,82005014.0,463.36112381911533
2021-12-23 21:11:00,465.985,472.19,465.8499,470.61,80703241.0,469.82351850385356
2021-12-28 17:46:00,470.6,478.81,470.51,476.345,79554657.0,476.16006059820677
2021-12-29 21:09:00,476.34,478.56,475.92,477.63,79988731.0,477.1931677579975
2021-12-31 17:56:00,477.63,479.0,474.1,475.87,78996656.0,476.97481370930575
2022-01-03 18:04:00,475.86,478.09,473.85,475.6401,79267961.0,475.64211873424375
2022-01-04 19:00:00,475.65,479.98,475.335,476.0092,78739714.0,477.6925201505975
2022-01-05 19:27:00,476.0,478.96,473.31,473.82,78954394.0,476.794476890393
2022-01-06 15:21:00,473.82,474.06,465.43,466.51,80114965.0,469.44187982084605
2022-01-07 15:13:00,466.51,470.82,466.27,467.9886,80198754.0,468.56406868732864
2022-01-10 14:44:00,467.99,468.09,460.75,460.9,80691290.0,466.14954574781945
2022-01-10 20:28:00,460.95,463.87,456.5973,462.73,81705370.0,459.8765406865465
2022-01-11 19:36:00,462.73,468.57,462.05,468.31,81480316.0,465.1163127947915
2022-01-12 20:49:00,468.31,473.2,468.25,470.96,80859064.0,470.5176415650534
2022-01-13 20:50:00,470.94,472.88,463.88,463.93,81609393.0,468.7952170008024
2022-01-14 19:02:00,463.93,467.392,459.9,462.44,81749969.0,462.8438304830287
2022-01-18 16:58:00,462.42,465.72,456.58,458.07,82150253.0,461.0537278524319
2022-01-19 15:04:00,458.08,459.6124,453.39,458.8499,82954828.0,456.9674462997338
2022-01-19 20:59:00,458.85,458.95,451.46,451.79,84494695.0,455.3911586392742
2022-01-20 20:24:00,451.79,458.74,450.88,451.03,84319497.0,454.9195757737024
2022-01-21 15:15:00,451.03,451.23,441.5904,442.33,86232534.0,446.3763180105632
2022-01-21 18:59:00,442.32,448.06,440.66,442.1805,86183757.0,444.3309144348385
2022-01-24 13:41:00,442.17,443.3,432.87,433.05,88909928.0,439.2070653815434
2022-01-24 16:52:00,433.07,433.88,422.89,424.1,91587694.0,428.85709212867584
2022-01-24 20:05:00,424.09,433.04,420.76,430.15,94267157.0,426.90040007897437
2022-01-25 15:03:00,430.14,440.54,427.55,427.6666,94458220.0,435.3662592674853
2022-01-25 20:26:00,427.66,439.72,427.15,435.955,95502988.0,433.0425345788028
2022-01-26 16:55:00,435.98,443.0978,429.2,440.67,95175438.0,437.3148761508712
2022-01-26 20:28:00,440.66,444.04,428.86,432.98,95641294.0,437.3422454311669
2022-01-27 17:09:00,432.95,441.59,426.85,437.25,97628028.0,436.1129497979887
2022-01-28 13:10:00,437.27,440.0,426.2,427.21,98439252.0,432.19548609066555
2022-01-28 19:42:00,427.22,437.55,427.17,434.36,98745610.0,433.00492694124785
2022-01-31 15:28:00,434.36,445.79,434.06,444.67,97483931.0,440.66423120362856
2022-01-31 20:59:00,444.67,450.28,443.86,449.79,100035037.0,447.4048975208812
2022-02-01 19:12:00,449.785,451.02,446.9384,450.13,97053865.0,449.68130051814666
2022-02-02 17:08:00,450.13,457.43,449.5,455.57,96110686.0,453.5624522592906
2022-02-03 15:07:00,455.58,458.12,450.0,451.3129,95963399.0,455.44444745097815
2022-02-03 22:20:00,451.3322,452.97,445.71,451.18,97522184.0,449.22105677413015
2022-02-04 20:50:00,451.18,452.78,443.495,450.22,99149123.0,448.4272928824291
2022-02-07 20:56:00,450.2,450.99,445.85,446.26,98311492.0,448.7421529367344
2022-02-09 14:32:00,446.27,455.65,445.22,455.6218,98033100.0,449.2477279350187
2022-02-10 14:30:00,455.63,458.02,450.86,451.9,96843110.0,456.4368548666616
2022-02-10 20:16:00,451.9,457.71,449.12,450.99,96738828.0,453.7431296922479
2022-02-11 18:42:00,450.981,451.605,442.32,442.35,98977915.0,448.45547687440876
2022-02-14 13:15:00,442.36,443.9,435.24,440.32,100090007.0,441.2667945105459
2022-02-14 20:50:00,440.34,441.71,435.34,438.89,102089339.0,438.76304649955455
2022-02-15 20:59:00,438.8875,446.3,437.94,446.07,101518210.0,443.821140813503
2022-02-17 14:35:00,446.07,448.055,441.94,443.23,100475683.0,444.90266689989136
2022-02-18 14:31:00,443.24,443.8,435.67,437.53,101491825.0,439.2244708960623
2022-02-18 20:46:00,437.53,438.66,431.82,434.39,102179178.0,435.0400799363851
2022-02-22 19:50:00,434.37,435.5,425.86,429.8,103950734.0,431.6813121611109
2022-02-23 18:24:00,429.8,434.16,425.73,426.2,104377021.0,429.7981814710901
2022-02-24 14:52:00,426.21,427.28,410.1,414.7757,106742504.0,420.2145705321343
2022-02-24 19:18:00,414.78,421.4,413.11,420.24,107635862.0,417.13332199849674
2022-02-25 15:24:00,420.25,431.63,419.93,431.22,107114966.0,426.50724146506707
2022-02-28 14:30:00,431.24,438.4,427.67,433.085,105529553.0,435.8329516047177
2022-02-28 20:35:00,433.0959,438.2,430.7,432.32,105148634.0,433.9465856236406
2022-03-01 18:06:00,432.33,439.56,428.5,430.8799,106256692.0,433.8216453024196
2022-03-02 16:00:00,430.88,435.68,427.11,433.92,106858690.0,430.9174670860503
2022-03-03 15:24:00,433.93,441.54,433.6,437.49,104954205.0,438.2665352391629
2022-03-04 15:11:00,437.5,439.27,428.1,429.38,105807345.0,435.30060180114504
2022-03-07 14:52:00,429.36,433.37,423.54,428.8,106670457.0,430.4763716458871
2022-03-07 20:59:00,428.84,429.86,419.36,419.46,109468634.0,423.2221827799525
2022-03-08 18:43:00,419.47,427.21,414.0,421.94,110408506.0,420.24593501711297
2022-03-09 16:04:00,421.89,426.95,414.58,425.72,110136778.0,420.80626428319084
2022-03-10 15:39:00,425.73,429.51,421.75,422.715,108632463.0,426.37001362791835
2022-03-11 17:36:00,422.71,433.22,420.44,423.22,109055908.0,424.68318412827114
2022-03-14 17:44:00,423.21,425.52,416.17,416.59,109622381.0,421.34232029118476
2022-03-15 19:15:00,416.6,425.12,413.61,425.06,109819858.0,420.19376012781197
2022-03-16 18:10:00,425.06,434.55,423.7334,427.39,107291812.0,429.7382652727461
2022-03-17 15:26:00,427.38,437.2,424.8,435.64,106458291.0,432.76648328369714
2022-03-18 15:10:00,435.63,441.15,435.13,440.11,104977929.0,439.0519833839615
2022-03-21 15:19:00,440.1,446.46,439.15,445.01,103809264.0,443.4170044376483
2022-03-22 18:01:00,445.01,449.7,440.68,449.32,103357052.0,445.4949303984362
2022-03-23 20:00:00,449.32,450.58,443.66,443.75,104047204.0,447.0483341192851
2022-03-25 15:48:00,443.74,452.98,443.4,449.55,102430465.0,448.3485160432155
2022-03-28 19:41:00,449.55,454.91,448.78,454.54,101253096.0,451.84418407864166
2022-03-29 19:56:00,454.55,462.07,454.33,461.095,99723024.0,458.90904904487206
2022-03-31 13:40:00,461.1,461.896,456.465,457.61,99397992.0,459.1813925491443
2022-03-31 20:09:00,457.63,458.76,451.16,452.43,106739482.0,454.8004139852701
2022-04-04 13:30:00,452.45,454.57,449.14,453.07,101717833.0,451.87460828352374
2022-04-05 18:08:00,453.05,457.83,452.26,452.75,100539544.0,455.13635148666174
2022-04-06 18:30:00,452.76,453.47,443.47,444.56,102209105.0,447.54591015870625
2022-04-07 19:50:00,444.59,450.69,443.53,449.295,102334063.0,446.7796211542495
2022-04-11 13:44:00,449.31,451.0,442.89,444.0801,101973973.0,447.96128715212535
2022-04-12 14:27:00,444.09,445.75,437.5,443.949,102847856.0,441.917041316762
2022-04-13 16:59:00,443.9385,444.5,436.6501,442.1,103108662.0,440.029994949472
2022-04-14 19:40:00,442.1,444.7301,438.51,438.5859,102686875.0,441.7711161470256
2022-04-19 13:02:00,438.58,440.21,435.32,437.73,103248676.0,437.92482446433786
2022-04-20 15:13:00,437.77,447.57,436.9,445.54,101541610.0,443.9358646445238
2022-04-21 19:05:00,445.52,450.01,438.27,438.73,101348283.0,444.9790188910266
2022-04-22 19:20:00,438.72,439.71,426.711,428.99,103643270.0,433.3186054144941
2022-04-25 15:58:00,428.99,430.41,418.84,419.78,105805102.0,424.2272944490782
2022-04-26 15:31:00,419.76,429.25,419.16,420.619,106011243.0,424.63846637512313
2022-04-27 14:51:00,420.58,422.31,413.0,418.87,107392468.0,418.4718670886585
2022-04-28 14:30:00,418.87,425.09,416.53,418.3299,107041951.0,419.5812644019785
2022-04-29 14:25:00,418.31,429.64,417.6,421.96,105476517.0,425.26305540711513
2022-04-29 20:00:00,421.95,422.13,411.21,412.49,110363810.0,415.9056909637782
2022-05-02 18:13:00,412.47,415.92,406.25,406.29,110185947.0,411.3806883468993
2022-05-03 15:31:00,406.29,418.56,405.02,418.16,110000778.0,412.61443692378515
2022-05-04 18:00:00,418.16,419.13,413.7099,418.83,109817277.0,416.4671999638536
2022-05-05 13:37:00,418.81,429.66,414.12,423.63,107062545.0,424.1681117641806
2022-05-05 19:09:00,423.62,424.6,410.82,411.45,109231181.0,415.6099855148313
2022-05-06 15:15:00,411.44,415.17,405.73,413.29,111865263.0,411.04127585588975
2022-05-09 13:41:00,413.28,414.8,402.69,405.46,112160388.0,410.2519167110956
2022-05-09 19:52:00,405.46,406.05,396.5,396.99,114860691.0,401.29842074485185
2022-05-10 18:08:00,396.98,411.3491,394.82,402.16,116093305.0,399.48213406168713
2022-05-11 16:57:00,402.17,404.54,394.33,397.0346,115780548.0,400.204078174657
2022-05-12 15:08:00,397.02,398.16,386.92,395.07,118032663.0,393.05121409736796
2022-05-13 15:14:00,395.075,401.49,385.15,400.99,118118386.0,392.2508281917993
2022-05-16 17:59:00,400.97,403.18,397.18,402.0,115426483.0,400.5607442085227
2022-05-17 20:00:00,402.03,408.57,399.0,408.02,114296112.0,404.57622338523504
2022-05-18 20:12:00,408.0,409.1,390.36,390.59,117030593.0,395.41236230593097
2022-05-20 14:17:00,390.59,397.03,385.41,390.9,117983780.0,390.526333197977
2022-05-23 12:46:00,390.91,395.0,380.54,392.8,118867916.0,386.09451777854855
2022-05-24 16:39:00,392.82,397.9,386.96,389.43,116814522.0,393.3309387611915
2022-05-25 19:39:00,389.43,399.45,388.76,397.84,116386108.0,394.272237585153
2022-05-27 13:30:00,397.835,408.49,395.43,408.39,113996831.0,402.8759421826118
2022-05-31 15:18:00,408.38,417.05,408.27,411.61,110441717.0,412.7637507270435
2022-06-01 16:29:00,411.63,416.46,407.06,407.54,110353807.0,412.7659868849816
2022-06-02 19:45:00,407.55,416.29,406.93,416.19,110458716.0,411.4762810073033
2022-06-06 15:18:00,416.19,418.6,409.51,413.3,109821733.0,413.03294960433954
2022-06-08 14:15:00,413.31,416.22,407.42,413.69,109843621.0,412.78550793779135
2022-06-09 19:28:00,413.68,415.69,404.64,404.6466,109981892.0,410.58272079670064
2022-06-10 18:28:00,404.65,404.79,389.87,391.62,114056612.0,395.11213813361974
2022-06-13 16:05:00,391.62,394.25,374.93,378.46,116868617.0,384.4752625553832
2022-06-14 13:49:00,378.47,381.35,373.3,375.64,119639011.0,376.2651529350656
2022-06-15 15:17:00,375.67,379.5,370.59,376.4,119901882.0,374.86343461795565
2022-06-16 13:52:00,376.4,383.9,368.01,368.93,119033301.0,377.4428562787092
2022-06-16 20:14:00,368.87,369.52,364.0799,367.64,122247116.0,366.79949431446744
2022-06-21 13:50:00,367.7,374.11,362.17,373.4559,123252496.0,366.8681996546588
2022-06-22 18:11:00,373.43,378.55,367.65,378.09,120176294.0,375.19368844555584
2022-06-24 11:06:00,378.09,381.7,372.0,380.93,119470819.0,376.0201615972097
2022-06-27 14:44:00,380.94,392.94,377.31,389.56,115659501.0,387.5838896604193
2022-06-28 19:48:00,389.5755,393.16,380.62,380.81,115702475.0,387.12544091035073
2022-06-30 15:27:00,380.82,382.27,372.56,377.76,117788576.0,379.00764214541675
2022-07-01 16:08:00,377.73,380.6582,373.5,375.69,117710996.0,377.28787756373566
2022-07-05 20:04:00,375.67,383.3,372.9,381.7,117385596.0,378.00566380844253
2022-07-07 18:26:00,381.69,388.95,379.6,388.91,115320073.0,384.05526378128957
2022-07-11 14:07:00,388.91,390.64,383.67,384.5102,113572839.0,388.3670726194769
2022-07-13 12:31:00,384.52,386.82,376.13,377.4,114825541.0,383.40055925073375
2022-07-14 15:16:00,377.41,381.92,371.04,373.1299,116107913.0,376.99615169519666
2022-07-15 19:05:00,373.1117,384.85,373.1117,384.34,114923412.0,379.9397867421757
2022-07-19 15:32:00,384.33,389.77,380.66,389.73,113130229.0,385.50113599709704
2022-07-20 19:37:00,389.735,396.26,388.79,395.04,110629998.0,392.85448591289367
2022-07-22 16:13:00,395.03,400.18,391.63,395.42,109312452.0,396.4350276975451
2022-07-26 14:10:00,395.4,397.5,392.29,393.55,109346053.0,394.67113203359105
2022-07-27 19:51:00,393.535,402.88,389.95,401.43,109060856.0,395.3448086169868
2022-07-29 14:05:00,401.42,410.32,398.15,410.13,106198131.0,403.8087711652039
2022-08-01 15:44:00,410.13,413.41,408.01,412.79,103958254.0,411.3442092083979
2022-08-02 20:04:00,412.79,413.36,406.82,408.13,104248014.0,410.21797680850807
2022-08-04 18:12:00,408.12,416.1,407.68,414.01,103137800.0,413.4143578230245
2022-08-08 16:17:00,413.98,417.62,409.24,412.88,102713131.0,413.5480254631285
2022-08-10 15:54:00,412.9,420.04,410.22,419.52,102293429.0,413.7754200726674
2022-08-11 20:24:00,419.56,424.95,418.33,420.57,100118529.0,420.7500264402261
2022-08-15 19:15:00,420.63,429.1,420.14,428.92,98672754.0,425.7204510801913
2022-08-17 14:56:00,428.915,431.73,425.4,425.45,97734754.0,428.70371537729415
2022-08-19 13:29:00,425.455,429.5,423.22,424.98,97712057.0,426.9725629533424
2022-08-22 17:20:00,424.98,425.26,414.3299,414.56,98800852.0,420.39679443245615
2022-08-24 13:38:00,414.55,415.42,410.86,412.15,100474676.0,413.1825179887905
2022-08-26 13:03:00,412.14,420.07,411.8786,419.98,99459615.0,415.4237820987074
2022-08-26 20:11:00,420.0,421.02,404.75,405.11,100476498.0,410.0764505125095
2022-08-30 15:42:00,405.09,406.73,396.38,398.99,103056358.0,402.3771000177904
2022-08-31 19:33:00,398.99,401.24,395.24,396.2,103746720.0,397.95408386365096
2022-09-01 20:09:00,396.205,397.885,390.04,396.41,106976159.0,393.74761640856264
2022-09-06 13:14:00,396.41,401.555,390.33,394.19,103998400.0,395.27225218282655
2022-09-07 16:44:00,394.32,395.15,388.42,394.87,104780515.0,391.5433747097979
2022-09-08 18:29:00,394.86,400.86,394.12,399.305,102956175.0,397.62282250381014
2022-09-09 20:10:00,399.34,407.51,397.84,406.28,102505362.0,404.34857463821334
2022-09-13 14:26:00,406.34,415.02,399.7,399.81,100172364.0,408.09893094121577
2022-09-14 13:32:00,399.8,400.46,391.92,393.92,103071459.0,395.58768504899007
2022-09-15 14:51:00,393.92,396.2,391.12,392.04,103306936.0,393.9193883300638
2022-09-16 14:58:00,392.04,394.54,382.12,383.72,104511610.0,388.732880196972
2022-09-19 18:04:00,383.72,387.16,381.5,385.19,106786389.0,384.8090981030437
2022-09-20 20:00:00,385.18,390.18,381.195,384.39,107465288.0,385.21997612197856
2022-09-21 20:01:00,384.4,389.31,376.92,377.24,105388679.0,383.6792958332861
2022-09-23 13:37:00,377.25,380.32,368.65,369.15,107687503.0,375.062507833907
2022-09-23 20:10:00,369.14,369.72,363.29,367.91,112909833.0,366.93390942006874
2022-09-27 13:59:00,367.91,370.4,363.0299,368.444,110848435.0,366.19513886923215
2022-09-28 14:04:00,368.45,368.96,358.72,364.24,111131792.0,363.94577892948143
2022-09-29 13:49:00,364.22,372.3,362.81,363.09,109546146.0,368.83497123490673
2022-09-30 13:38:00,363.08,366.75,359.7,360.21,111475509.0,362.2495453172852
2022-09-30 20:00:00,360.2,365.91,357.02,357.87,119736483.0,360.6413267236961
2022-10-03 20:00:00,357.87,368.55,356.3,366.77,116892088.0,363.3527556746704
2022-10-04 20:12:00,366.76,378.26,366.12,377.9,108505608.0,375.9990969065033
2022-10-06 14:11:00,377.89,379.46,370.95,374.3895,108096198.0,375.63914900364244
2022-10-07 16:14:00,374.35,376.94,364.77,365.235,108942730.0,371.69660191132346
2022-10-10 17:34:00,365.24,365.41,357.67,359.4459,111788824.0,362.1121119393738
2022-10-11 19:47:00,359.445,363.03,355.71,357.66,112682329.0,359.48286032085946
2022-10-13 13:35:00,357.67,361.99,348.11,349.24,113179764.0,356.86129225108425
2022-10-13 19:46:00,349.26,367.51,348.53,366.47,111572890.0,360.3498269063231
2022-10-14 19:30:00,366.48,371.2,357.38,358.65,111560258.0,362.7362971580629
2022-10-17 19:47:00,358.62,367.9799,356.96,367.21,111172162.0,363.60669199900343
2022-10-18 19:59:00,367.2101,375.45,366.34,371.14,110805427.0,370.39801868151665
2022-10-20 14:38:00,371.13,375.02,365.55,371.4,109432412.0,369.0119631219375
2022-10-21 14:39:00,371.4,372.16,362.2,367.14,112476146.0,366.9929162186416
2022-10-24 14:01:00,367.09,378.76,365.79,376.0,108024995.0,372.8799934227134
2022-10-25 16:20:00,376.0,384.21,373.11,384.19,106052636.0,378.99224051401416
2022-10-26 17:46:00,384.185,387.58,380.63,383.4,104438795.0,384.32006240379405
2022-10-27 19:11:00,383.395,385.0,379.53,379.8476,104685834.0,382.23507022658305
2022-10-28 19:49:00,379.83,389.24,373.8,388.91,104051717.0,384.0552842649016
2022-10-31 19:59:00,388.92,390.28,385.26,386.21,106491735.0,387.2640002371655
2022-11-02 13:33:00,386.22,390.73,382.6895,382.85,103632806.0,385.53062533574337
2022-11-02 19:52:00,382.85,388.63,375.11,375.14,104798420.0,382.330306786892
2022-11-03 20:17:00,375.15,382.1875,368.79,371.34,107892437.0,372.6362890799022
2022-11-04 20:20:00,371.31,378.87,368.99,376.04,107000276.0,374.4794910979692
2022-11-08 18:23:00,376.03,385.12,374.5,382.59,105483306.0,379.8848418137511
2022-11-09 20:35:00,382.59,384.05,374.56,375.07,105339222.0,379.55202468431133
2022-11-10 18:50:00,375.07,392.04,373.61,391.12,103407272.0,386.0138128137577
2022-11-11 17:45:00,391.13,398.11,390.87,395.87,101108308.0,394.5683665748461
2022-11-14 20:15:00,395.87,400.1799,395.63,397.525,99908962.0,398.2426037989816
2022-11-15 20:38:00,397.52,403.54,394.49,398.758,99745735.0,398.3115504506395
2022-11-17 15:11:00,398.75,400.03,390.04,390.81,100289536.0,395.7359160098129
2022-11-18 17:55:00,390.81,398.09,390.29,393.37,100328497.0,393.9642978360209
2022-11-21 21:09:00,393.34,397.01,392.66,394.61,102743253.0,394.961363750872
2022-11-23 19:12:00,394.63,402.83,393.82,401.87,98699313.0,399.4129485387411
2022-11-28 19:39:00,401.8489,403.38,395.81,396.25,97799476.0,400.90722664866456
2022-11-30 16:01:00,396.25,398.14,393.3,394.14,98798597.0,395.37249458222334
2022-11-30 20:59:00,394.15,407.55,393.48,407.47,97915007.0,402.63857192530895
2022-12-01 20:54:00,407.46,410.0,404.75,407.7,96807612.0,407.48446912089565
2022-12-05 10:47:00,407.72,407.86,400.01,405.07,97092770.0,405.24375699167155
2022-12-06 16:05:00,405.11,406.2,394.81,395.43,98197120.0,400.0767081111159
2022-12-07 19:32:00,395.425,395.885,390.99,393.275,99667461.0,393.65645709319523
2022-12-09 15:30:00,393.27,398.7,392.09,396.2712,99208227.0,395.1654359557189
2022-12-12 18:12:00,396.28,397.62,392.78,395.3858,98561013.0,394.8907280195092
2022-12-13 16:47:00,395.37,414.1,395.08,403.57,96575334.0,402.8833432025479
2022-12-14 17:25:00,403.56,405.04,399.07,404.03,96716818.0,402.2058952014082
2022-12-15 15:04:00,404.025,405.5,390.33,390.3901,97679692.0,399.235807918026
2022-12-15 21:35:00,390.385,391.94,387.885,388.95,99699290.0,389.717762888485
2022-12-16 20:59:00,388.95,389.84,381.04,383.3,104900182.0,383.2647124291516
2022-12-20 14:56:00,383.29,385.39,376.2,379.37,102656595.0,380.79033941941555
2022-12-21 18:11:00,379.38,387.3,378.43,386.6301,101968306.0,382.3362507683676
2022-12-22 19:53:00,386.64,387.49,374.77,377.9,101880314.0,381.74792286625905
2022-12-27 13:36:00,377.9,385.71,377.79,384.12,101897449.0,380.964199801452
2022-12-28 20:36:00,384.11,384.16,376.84,377.24,101879722.0,380.51364888112084
2022-12-30 15:56:00,377.24,384.35,376.42,380.505,101219531.0,381.3923199992413
2023-01-03 16:39:00,380.5,386.83,378.43,379.64,100909126.0,381.41178094374834
2023-01-04 20:01:00,379.63,385.88,377.831,383.8399,100771245.0,381.8154794595973
2023-01-05 21:08:00,383.83,384.92,378.76,379.42,100725989.0,380.9698052049392
2023-01-06 21:00:00,379.43,389.25,378.43,388.13,100768658.0,385.431522240608
2023-01-10 15:41:00,388.11,393.7,385.74,387.23,98297180.0,389.8200692604847
2023-01-11 20:42:00,387.1991,394.92,386.27,394.31,98118775.0,391.3114340808113
2023-01-12 20:52:00,394.32,398.78,392.0,396.46,96444705.0,396.018454744979
2023-01-17 16:08:00,396.46,400.23,392.97,397.68,95811664.0,397.2517074266355
2023-01-18 18:19:00,397.685,400.12,392.53,392.71,95563983.0,397.0784494262189
2023-01-19 19:20:00,392.7,394.06,387.26,390.27,97036552.0,390.59080095470836
2023-01-20 19:55:00,390.26,394.34,388.36,393.9,97149068.0,390.6793004343062
2023-01-23 20:22:00,393.89,402.645,388.0,399.97,94855144.0,398.42545236400883
2023-01-25 15:04:00,399.9425,401.81,394.22,394.8,94737831.0,399.4383271236334
2023-01-26 16:11:00,394.79,404.07,393.56,400.655,94545801.0,399.0599262656515
2023-01-27 20:01:00,400.65,407.6786,400.1,407.62,92981264.0,404.37425822500586
2023-01-30 21:07:00,407.62,408.16,400.28,401.34,93281425.0,403.23327807715424
2023-02-01 13:14:00,401.31,406.53,398.25,405.3,92668221.0,404.2278532547057
2023-02-01 20:59:00,405.25,413.67,402.35,410.79,92154697.0,407.7104910167735
2023-02-02 20:48:00,410.79,418.31,410.15,415.1346,90435332.0,415.13500136728373
2023-02-03 20:30:00,415.14,418.13,410.84,412.7,90582620.0,414.3982259007666
2023-02-07 15:04:00,412.69,413.0,408.1,409.0,91315337.0,410.4646126364091
2023-02-08 14:50:00,408.9788,416.49,407.57,413.42,90790367.0,412.5262574364213
2023-02-09 16:35:00,413.42,414.92,409.93,411.4,90708049.0,411.7649747772412
2023-02-10 17:46:00,411.39,412.13,404.15,406.3,91341199.0,407.76805782493597
2023-02-13 20:56:00,406.29,412.97,406.07,412.335,91340341.0,409.8339432496957
2023-02-14 21:00:00,412.34,416.67,408.511,412.58,90869770.0,412.1457413332705
2023-02-16 15:46:00,412.6,414.81,408.26,411.18,90266515.0,411.6786931171424
2023-02-17 16:58:00,411.19,412.91,404.12,404.6793,90615525.0,408.49433150065494
2023-02-21 17:40:00,404.67,408.04,400.11,400.72,91355526.0,404.5657126311169
2023-02-22 19:36:00,400.72,401.13,397.621,398.62,92447639.0,399.5191637071849
2023-02-23 18:43:00,398.59,402.2,396.25,397.725,92686414.0,398.74013541159434
2023-02-24 17:43:00,397.73,401.62,393.64,395.035,92800680.0,397.3403592370952
2023-02-27 17:05:00,395.02,401.29,394.2914,397.85,92881155.0,397.3452718419341
2023-02-28 19:51:00,397.86,399.51,396.45,398.23,92824991.0,397.95958377035186
2023-03-01 16:39:00,398.23,398.24,393.38,394.52,93017664.0,396.0229614593903
2023-03-02 18:35:00,394.52,396.44,391.94,395.06,93620449.0,394.3615528045972
2023-03-03 18:16:00,395.06,403.24,394.73,402.87,92279662.0,399.08113230878973
2023-03-06 19:38:00,402.865,407.45,402.58,404.89,90810795.0,404.9444803155146
2023-03-07 19:04:00,404.88,405.73,398.16,398.39,91443792.0,401.9980679145797
2023-03-08 19:24:00,398.4,399.71,396.59,397.495,92304519.0,398.2680879959123
2023-03-09 20:09:00,397.5,401.48,392.52,392.745,92401828.0,397.7676898031174
2023-03-10 15:38:00,392.74,393.8,387.48,389.825,94123870.0,390.70456634395316
2023-03-10 20:25:00,389.83,393.16,384.32,386.32,94677012.0,388.322564313843
2023-03-13 14:39:00,386.32,393.25,380.49,385.63,97299233.0,384.83333181011494
2023-03-13 20:04:00,385.66,390.39,384.38,385.6,96473815.0,387.321695797307
2023-03-14 18:17:00,385.59,393.45,384.7,388.0401,96754967.0,390.7128954004433
2023-03-15 14:31:00,388.04,392.59,383.31,386.24,97257236.0,388.7256917027965
2023-03-15 19:35:00,386.26,389.49,383.71,388.27,97990170.0,386.55141124320176
2023-03-16 16:12:00,388.27,394.45,386.29,392.64,98571657.0,389.5229115315601
2023-03-17 13:45:00,392.64,396.52,390.83,392.82,96967548.0,395.0233712431064
2023-03-17 19:40:00,392.82,394.4,388.55,390.11,98272649.0,390.4553521452844
2023-03-20 19:09:00,390.11,394.17,385.18,392.5401,98735570.0,391.696577901025
2023-03-21 19:56:00,392.54,399.41,392.255,398.84,98151613.0,396.4003440798652
2023-03-22 19:37:00,398.85,402.49,395.67,396.79,96908930.0,398.9486544399683
2023-03-23 18:44:00,396.79,399.29,391.02,391.12,97562543.0,395.35855823779104
2023-03-24 15:54:00,391.13,395.3,389.33,392.375,98890177.0,392.1546109631609
2023-03-27 17:25:00,392.37,398.92,391.7,396.915,97483180.0,395.48936954779475
2023-03-28 20:10:00,396.91,398.27,393.69,396.0,99056430.0,395.8797257911915
2023-03-30 14:26:00,396.0,404.35,395.6,403.6976,96053262.0,400.7720473002541
2023-03-31 17:19:00,403.69,407.69,401.76,407.2,94732819.0,404.55318560348337
2023-04-03 15:18:00,407.21,411.37,406.68,408.94,93639570.0,408.8760560551801
2023-04-04 19:08:00,408.94,412.75,407.24,408.145,93759536.0,409.731628645144
2023-04-06 14:21:00,408.14,409.18,405.678,406.8,93871824.0,407.3568362821729
2023-04-10 18:18:00,406.79,409.49,405.97,409.03,93440238.0,407.9358803052384
2023-04-12 13:54:00,409.04,413.75,408.4,410.9399,92740733.0,410.05622205779196
2023-04-13 14:49:00,410.95,411.85,407.15,410.2767,92745355.0,409.4222340560467
2023-04-14 15:04:00,410.2701,415.09,410.215,411.84,91865517.0,412.8293648505484
2023-04-17 18:37:00,411.83,413.74,410.06,411.8501,91916410.0,411.85637309344446
2023-04-18 20:11:00,411.85,416.06,411.81,413.97,91437281.0,413.8425489721749
2023-04-20 17:53:00,413.97,415.08,410.87,413.59,91352742.0,413.1483642669958
2023-04-21 19:12:00,413.6,413.7,410.17,411.5199,91401893.0,411.5931050538275
2023-04-25 13:43:00,411.515,413.07,409.86,411.04,91243564.0,412.0123367086359
2023-04-25 20:20:00,410.99,411.14,405.96,407.38,91866850.0,407.7819207299593
2023-04-27 14:04:00,407.38,408.38,403.78,407.69,93032461.0,405.7996163694717
2023-04-28 14:00:00,407.7,413.57,407.445,412.52,91450839.0,411.0856768210127
2023-05-01 14:19:00,412.51,416.7808,412.31,416.46,90524093.0,414.99694151243943
2023-05-02 15:24:00,416.45,417.62,408.12,408.5083,90727011.0,413.9130699291708
2023-05-03 17:24:00,408.51,412.65,407.82,412.2599,91427512.0,410.5630493944666
2023-05-04 14:52:00,412.26,413.87,403.86,404.8,92074457.0,408.783169224597
2023-05-05 15:10:00,404.81,411.64,403.74,410.92,92340995.0,406.6311649025208
2023-05-08 17:47:00,410.92,413.72,410.2,412.86,90995746.0,412.2646474842412
2023-05-10 14:19:00,412.85,414.91,409.71,411.95,91097120.0,411.97324192623313
2023-05-11 14:15:00,411.94,414.55,408.87,410.65,91022322.0,411.73130879496654
2023-05-12 17:37:00,410.63,414.27,409.31,409.86,90627209.0,411.5424556639272
2023-05-16 13:30:00,409.87,413.5,409.07,411.9,90930475.0,411.6051984871883
2023-05-17 16:43:00,411.89,413.845,409.97,413.775,90137153.0,411.57972337058595
2023-05-18 16:13:00,413.775,418.06,413.76,416.37,89204731.0,415.6372319330937
2023-05-19 15:05:00,416.3677,420.87,415.395,419.978,88739479.0,418.68875319015046
2023-05-22 14:12:00,419.97,420.39,417.35,418.67,88523250.0,418.5963476305748
2023-05-23 17:51:00,418.68,420.24,415.2,415.7477,88802573.0,418.13870886574983
2023-05-24 17:33:00,415.74,416.281984,409.8795,410.735,89624025.0,412.7776827497804
2023-05-25 16:53:00,410.72,415.32,410.13,414.135,89709605.0,412.3784230680163
2023-05-26 16:49:00,414.13,419.97,413.425,419.75,88717966.0,416.46070138926535
2023-05-30 17:28:00,419.75,422.99,419.05,419.3563,88025938.0,420.4306945756681
2023-05-31 19:01:00,419.35,420.975,416.22,417.92,88288031.0,418.5590337556097
2023-06-01 15:40:00,417.9199,420.58,416.79,420.345,88217496.0,418.1534280765271
2023-06-02 15:04:00,420.35,427.62,420.35,427.48,87381515.0,422.96399343420615
2023-06-05 15:12:00,427.48,429.67,426.76,428.649,86341895.0,428.0303842746996
2023-06-06 18:41:00,428.65,429.62,425.99,427.43,86591009.0,427.61335345598536
2023-06-07 19:45:00,427.425,429.62,426.11,426.44,86269907.0,427.6621019152643
2023-06-09 13:22:00,426.44,429.9,425.75,429.87,86133136.0,427.83301984519034
2023-06-12 13:30:00,429.8312,431.99,428.87,430.75,85784513.0,430.3475396499229
2023-06-13 13:48:00,430.74,437.18,430.17,435.6463,85141319.0,432.54766518987736
2023-06-13 20:13:00,435.64,437.33,434.63,436.63,84485961.0,436.37298302110264
2023-06-14 19:55:00,436.63,439.0612,433.59,436.36,85547384.0,436.7179703381537
2023-06-15 19:05:00,436.37,443.9,434.92,443.08,84760828.0,439.6294692774532
2023-06-16 15:13:00,443.08,443.76,440.01,441.89,83739401.0,442.1844321829568
2023-06-20 14:16:00,441.895,442.38,436.44,436.57,84239289.0,439.9928965630005
2023-06-21 15:15:00,436.56,438.37,434.33,434.6217,84980155.0,436.551120455026
2023-06-22 16:24:00,434.615,436.99,433.48,435.46,85142624.0,435.2652164781561
2023-06-23 18:10:00,435.455,436.89,432.7117,434.185,85262559.0,434.86025716494476
2023-06-26 18:17:00,434.17,434.61,431.65,432.09,85442116.0,433.14293604367026
2023-06-27 19:11:00,432.08,436.63,431.19,436.22,85900256.0,433.4187693993076
2023-06-28 19:59:00,436.21,437.44,434.41,436.38,86891398.0,435.7722862640126
2023-06-30 13:38:00,436.38,441.88,435.4557,441.65,84443859.0,437.50151802354685
2023-06-30 20:09:00,441.66,444.3,441.57,443.13,83151296.0,443.2452343193636
2023-07-05 18:20:00,443.12,444.1,441.44,442.68,83629877.0,443.3094952614245
2023-07-06 19:43:00,442.682,443.76,437.06,439.645,84029686.0,439.7832892488603
2023-07-07 19:59:00,439.64,442.64,438.3,438.521,86411630.0,440.17523774854357
2023-07-11 13:46:00,438.545,441.0471,436.5,440.085,84229309.0,439.0371908364439
2023-07-12 14:44:00,440.1,447.4799,439.44,447.3,83240338.0,442.8746378026745
2023-07-13 14:36:00,447.31,448.51,444.91,448.37,82492772.0,446.34087557549026
2023-07-14 15:20:00,448.37,451.36,447.8821,450.365,81970626.0,449.51832371715983
2023-07-17 19:34:00,450.365,451.93,448.25,451.2901,81781298.0,449.83842540986774
2023-07-18 19:59:00,451.29,454.86,450.01,454.19,81306460.0,452.722571690392
2023-07-19 20:35:00,454.18,456.43,453.0,454.99,81124560.0,455.16680141084134
2023-07-21 14:08:00,455.02,455.19,451.44,452.95,81088025.0,453.21857850034576
2023-07-24 15:46:00,452.94,454.58,451.91,454.17,80718006.0,453.138158731934
2023-07-25 19:59:00,454.17,456.735,453.43,455.41,82052112.0,454.9524423604821
2023-07-27 13:30:00,455.4,459.55,453.38,458.73,80698200.0,455.1626448739501
2023-07-27 20:00:00,458.74,459.44,451.55,452.58,82344507.0,455.4821893904207
2023-07-28 20:02:00,452.56,457.78,452.17,456.89,80399510.0,456.2670965031119
2023-08-01 14:14:00,456.89,458.16,455.0,456.0399,80560647.0,457.0911022351021
2023-08-02 15:53:00,456.03,456.99,450.44,450.63,80520931.0,454.3081322348186
2023-08-03 15:19:00,450.63,451.435,447.37,449.37,81220062.0,449.7792622096166
2023-08-04 17:49:00,449.385,452.895,448.31,451.605,81092033.0,450.3985808782752
2023-08-07 15:07:00,451.6,451.63,446.0,448.59,81471512.0,447.9045436556412
2023-08-08 17:55:00,448.59,451.06,445.2705,447.285,81456973.0,448.142908263513
2023-08-09 19:47:00,447.28,450.63,444.96,446.26,82439217.0,447.74636234898065
2023-08-10 17:50:00,446.26,451.7,445.1,446.03,81332652.0,447.86796387334
2023-08-11 19:03:00,446.02,447.48,443.345,445.85,81729830.0,445.52224448573725
2023-08-15 14:09:00,445.845,448.92,443.81,444.085,81545129.0,446.2653035276967
2023-08-16 15:34:00,444.085,445.35,442.09,443.43,81756959.0,443.6319859429238
2023-08-17 15:13:00,443.42,443.59,439.0,439.87,82151228.0,440.7908398965099
2023-08-18 13:36:00,439.855,440.61,433.01,434.42,82822041.0,437.3717626911031
2023-08-18 20:00:00,434.41,437.57,433.455,436.87,83475128.0,435.60632351322795
2023-08-22 13:52:00,436.87,442.06,434.38,440.06,83313580.0,438.0574558993526
2023-08-23 15:55:00,440.05,442.31,437.57,442.22,82824248.0,439.262054808311
2023-08-24 16:26:00,442.2178,446.6,439.1101,440.4,82134533.0,442.56781577596195
2023-08-25 15:12:00,440.415,441.2,435.0,436.855,83126749.0,438.17900378700244
2023-08-28 14:42:00,436.86,443.23,435.94,442.41,82567770.0,439.7433963159851
2023-08-29 16:07:00,442.42,447.95,439.97,447.58,81937269.0,443.45466937266053
2023-08-30 16:35:00,447.57,451.62,443.0222,451.45,80806520.0,449.348933864805
2023-08-31 19:31:00,451.46,452.96,449.98,451.2999,80459540.0,451.3280086923136
2023-09-01 20:10:00,451.3,453.67,449.68,451.04,81084886.0,451.1198832266163
2023-09-06 15:31:00,451.02,451.19,445.17,445.77,80801032.0,449.00932310080117
2023-09-07 17:42:00,445.79,446.4,442.75,444.795,81238328.0,444.9511272501938
2023-09-08 19:47:00,444.79,447.11,443.78,445.105,81084849.0,445.40830669564735
2023-09-12 13:44:00,445.1,448.77,444.0,447.52,80679788.0,447.38825581674513
2023-09-13 15:01:00,447.53,448.53,444.2,446.965,80473021.0,446.5726696958937
2023-09-14 16:49:00,446.95,450.49,445.32,450.42,80206880.0,447.84708073872105
2023-09-15 15:02:00,450.43,451.08,444.28,444.45,82180195.0,448.51659599387625
2023-09-18 13:48:00,444.45,446.1295,442.35,442.79,81077940.0,443.7679012725941
2023-09-19 17:15:00,442.79,444.97,437.18,441.0,81229308.0,442.8339746913513
2023-09-20 19:18:00,441.0036,444.45,440.25,440.26,81218259.0,442.78184168728245
2023-09-21 17:29:00,440.26,441.1064,433.43,434.595,82250480.0,436.4793882796047
2023-09-22 15:12:00,434.6,434.9,430.81,433.0809,82929285.0,432.4702964982692
2023-09-25 13:53:00,433.08,434.1,428.23,430.13,83273496.0,431.31751122482234
2023-09-26 14:40:00,430.1099,432.64,426.9917,427.9677,83536658.0,430.51334178515833
2023-09-27 14:01:00,427.97,429.5678,425.02,426.48,84138337.0,426.5228983510818
2023-09-27 19:58:00,426.47,427.539,422.29,425.725,84730456.0,425.11036754546893
2023-09-28 19:35:00,425.725,430.2499,424.87,428.93,84794427.0,427.72581386016253
2023-09-29 18:27:00,428.945,432.0,425.9452,426.87,84325960.0,429.0802436555164
2023-10-02 16:08:00,426.86,430.5158,425.2211,425.25,84813963.0,427.2857607328752
2023-10-03 15:18:00,425.25,428.46,421.24,421.66,85213075.0,424.9190976909624
2023-10-04 14:34:00,421.67,423.37,418.81,421.88,86046987.0,421.4948536710061
2023-10-05 14:42:00,421.8811,425.45,420.68,421.92,85538581.0,423.5223297312478
2023-10-06 15:04:00,421.91,425.84,419.7,424.58,85835686.0,423.094148180515
2023-10-09 13:32:00,424.6,431.125,421.1825,427.56,84321496.0,429.00444991599267
2023-10-10 13:57:00,427.56,433.44,427.0101,433.33,84038885.0,430.72616440109067
2023-10-11 14:20:00,433.3299,437.22,433.265,435.145,83113469.0,435.3529386683042
2023-10-12 17:06:00,435.14,438.6,433.18,435.17,83088652.0,435.54747900422484
2023-10-13 16:21:00,435.17,436.45,431.04,432.69,83370558.0,433.40061103602716
2023-10-16 15:10:00,432.69,437.14,429.88,436.72,83524763.0,432.36995241914804
2023-10-17 15:54:00,436.74,437.5167,432.45,437.1901,82845982.0,435.5839610709843
2023-10-18 16:40:00,437.21,438.14,431.71,431.835,83010569.0,434.69257329709353
2023-10-19 16:00:00,431.84,435.0607,428.46,430.43,84082904.0,430.7265419839568
2023-10-19 19:59:00,430.43,432.82,425.725,426.43,84233133.0,428.6971192711376
2023-10-20 18:37:00,426.44,431.6977,421.91,422.785,86775417.0,423.85489544578536
2023-10-23 16:22:00,422.79,425.5286,417.8,422.4802,86920603.0,421.3536674577034
2023-10-24 16:35:00,422.49,424.82,420.24,421.435,87070803.0,422.42540730061586
2023-10-25 17:02:00,421.44,425.5,418.18,418.1881,87089030.0,421.540755730397
2023-10-26 16:02:00,418.19,420.7766,413.89,414.375,87859134.0,416.73882947692283
2023-10-27 14:05:00,414.38,415.94,411.6,413.697,88542068.0,413.3424495061219
2023-10-27 20:10:00,413.695,414.6,409.21,410.77,92975860.0,411.2448094868824
2023-10-30 20:56:00,410.76,416.68,410.04,415.35,89047656.0,414.59698502267975
2023-11-01 13:59:00,415.36,419.88,413.83,419.475,88444987.0,417.1730889287192
2023-11-01 20:10:00,419.48,423.5,419.08,422.48,87337593.0,421.30136927834224
2023-11-02 19:59:00,422.49,430.915,422.45,430.75,86562536.0,429.03120142102176
2023-11-03 19:37:00,430.75,436.29,427.5834,435.505,85460813.0,434.2730092814558
2023-11-06 20:59:00,435.5,436.1498,433.68,435.65,86910829.0,435.0197926089471
2023-11-08 15:53:00,435.65,438.09,433.94,436.63,84864523.0,436.66264912221044
2023-11-09 18:24:00,436.64,438.8,434.87,436.51,84748401.0,436.8146497649713
2023-11-10 18:02:00,436.5,439.03,433.07,438.765,84732501.0,435.23819656187453
2023-11-13 19:04:00,438.76,441.33,434.5004,440.5988,83774472.0,440.0161906091531
2023-11-14 19:39:00,440.595,449.73,439.92,448.97,82515789.0,446.37678599102304
2023-11-15 19:39:00,448.975,451.76,448.29,450.59,82089083.0,449.817426181377
2023-11-16 20:46:00,450.59,450.69,448.12,450.1209,81940461.0,449.44660573168807
2023-11-17 20:59:00,450.12,451.94,449.29,450.78,82956569.0,450.3261712634229
2023-11-20 21:46:00,450.785,455.125,450.0,454.11,81163887.0,453.04030224678144
2023-11-22 18:08:00,454.14,456.38,451.88,455.33,81037102.0,453.78905632619575
2023-11-27 17:53:00,455.33,455.79,453.77,455.145,80533543.0,454.97761219052137
2023-11-28 20:56:00,455.14,456.27,453.3,454.9101,80619527.0,454.7380361563945
2023-11-30 15:00:00,454.91,458.32,454.14,454.79,80154922.0,455.69627757670486
2023-12-01 15:03:00,454.77,457.3104,453.34,456.815,79950705.0,455.25254882919404
2023-12-01 21:24:00,456.8113,459.65,455.16,459.25,80019279.0,458.3427403097863
2023-12-05 15:00:00,459.25,459.9,454.34,456.4042,80638825.0,455.9322109438413
2023-12-06 16:18:00,456.4,458.94,455.23,457.13,80086969.0,456.6736892785924
2023-12-07 17:16:00,457.14,458.21,454.2,458.065,80262217.0,456.10568333922663
2023-12-08 18:28:00,458.06,460.42,455.63,459.45,79812639.0,458.515375411327
2023-12-11 19:14:00,459.45,461.85,459.05,461.74,79358527.0,460.34630366301644
2023-12-12 20:47:00,461.74,464.14,456.99,463.77,78987100.0,462.31272650185304
2023-12-13 20:19:00,463.77,470.7599,462.7076,469.3,78285511.0,466.15715049264185
2023-12-14 17:52:00,469.3,473.73,465.0062,472.9595,77450486.0,471.46444373452334
2023-12-15 14:30:00,472.95,472.99,468.99,469.34,77576072.0,471.3481138516475
2023-12-15 19:46:00,469.34,470.54,468.44,469.21,77966524.0,469.74405148097276
2023-12-18 16:31:00,469.2,472.17,468.64,472.12,78767360.0,470.1018198807549
2023-12-19 18:07:00,472.13,474.475,471.58,473.94,78563467.0,472.75778515708
2023-12-20 20:10:00,473.94,475.895,469.05,470.17,78982273.0,473.92425206939015
2023-12-21 16:24:00,470.17,475.7201,467.36,471.23,79004651.0,469.73668600092134
2023-12-22 16:09:00,471.22,475.38,468.84,474.11,78611057.0,472.1450519485693
2023-12-26 20:13:00,474.12,475.88,471.7,475.805,78290276.0,474.1549554743484
2023-12-27 20:57:00,475.79,476.66,474.89,475.815,78280104.0,475.7163465616238
2023-12-28 21:10:00,475.81,477.58,475.75,476.79,88408146.0,476.8601790288804
2023-12-29 20:41:00,476.76,477.63,473.3,475.6901,78358645.0,475.26996188962136
2024-01-02 16:48:00,475.6901,476.481,471.3,472.95,78476204.0,473.95176963828635
2024-01-02 21:09:00,472.96,473.67,470.49,472.65,83415471.0,472.15854910884326
2024-01-03 20:35:00,472.6499,473.0,468.71,469.6499,80625081.0,470.10827133009974
2024-01-04 20:38:00,469.64,470.96,468.07,468.525,80890396.0,469.0292461883042
2024-01-05 18:26:00,468.52,470.44,464.61,467.4201,80976949.0,468.02913653320996
2024-01-08 19:37:00,467.43,473.4,466.13,473.09,80878561.0,469.2365483328085
2024-01-09 20:30:00,473.09,474.93,470.34,473.71,80118459.0,473.5855086395648
2024-01-10 21:01:00,473.71,477.4481,471.5521,476.49,80066071.0,475.25089295350693
2024-01-11 21:00:00,476.49,478.5,472.26,476.24,79841413.0,475.2501199179992
2024-01-16 15:44:00,476.24,478.6,473.47,476.29,79664483.0,476.2168537055105
2024-01-17 15:05:00,476.31,476.6098,471.05,471.74,79954410.0,474.20493752749235
2024-01-18 16:26:00,471.7301,475.16,469.87,474.54,80075506.0,472.4042256279609
2024-01-19 15:04:00,474.55,479.47,472.42,477.96,79352267.0,475.5593394121478
2024-01-19 20:58:00,477.96,482.72,476.9901,482.125,80418851.0,480.3232224059835
2024-01-22 20:38:00,482.12,485.22,478.4765,483.96,78822899.0,483.6006340848226
2024-01-24 15:28:00,483.96,487.92,482.89,487.53,78724357.0,484.4649311466236
2024-01-25 15:09:00,487.52,488.77,484.41,487.725,78142988.0,486.6759636321083
2024-01-26 15:56:00,487.745,489.0365,485.39,488.775,78058895.0,487.22316234862234
2024-01-29 16:39:00,488.7763,489.12,486.5,487.9003,77852650.0,487.6021156412412
2024-01-30 19:06:00,487.905,491.48,487.825,490.56,77521811.0,490.33653383141103
2024-01-31 19:45:00,490.5636,491.62,485.63,488.68,77834743.0,488.42288203421583
2024-02-01 14:33:00,488.68,488.91,482.69,485.3,78300404.0,484.0398230579282
2024-02-01 21:00:00,485.29,489.24,483.8,489.02,78335560.0,486.73443568646593
2024-02-02 20:11:00,489.05,496.05,484.4437,495.915,78004478.0,492.4911841121478
2024-02-05 19:25:00,495.9201,496.01,490.23,493.34,77653725.0,493.2466038795982
2024-02-06 20:55:00,493.35,494.32,491.4696,493.7133,78005748.0,493.0038232244762
2024-02-07 21:37:00,493.72,498.53,492.2716,497.95,77001367.0,497.15782058076314
2024-02-09 17:30:00,497.94,501.08,497.2,500.1104,76779017.0,498.53676920101367
2024-02-12 20:41:00,500.12,503.5,499.5697,500.85,76150288.0,501.3860355051718
2024-02-13 19:18:00,500.85,501.24,491.85,492.265,76942598.0,496.1231672707675
2024-02-14 16:20:00,492.26,497.99,490.715,495.52,77219388.0,493.886862946185
2024-02-15 18:26:00,495.51,501.455,494.4,501.22,76711226.0,498.1841214090117
2024-02-16 19:01:00,501.21,503.3,498.75,502.53,76227240.0,501.51787309616014
2024-02-20 20:00:00,502.54,502.87,494.45,496.655,76716297.0,497.7909223504223
2024-02-21 20:59:00,496.65,497.37,493.56,497.17,77287248.0,495.72919697394497
2024-02-22 20:56:00,497.16,508.49,494.96,508.07,75488823.0,505.0590993309036
2024-02-26 14:54:00,508.075,510.13,505.7552,508.275,74852204.0,508.3153105739389
2024-02-27 19:58:00,508.29,508.52,504.75,506.57,74946889.0,506.49617001043646
2024-02-28 21:12:00,506.57,507.31,504.5,505.28,75082305.0,506.19489185053357
2024-02-29 21:03:00,505.26,509.74,504.5,508.37,74514335.0,507.9268961115022
2024-03-01 21:11:00,508.39,513.29,507.39,512.52,74300642.0,511.079755232781
2024-03-05 15:16:00,512.51,514.2,508.875,508.9156,73859521.0,512.2633104119349
2024-03-06 15:27:00,508.91,510.8504,504.91,509.17,74355220.0,507.44631565405626
2024-03-07 16:08:00,509.16,514.87,508.0,514.37,73775937.0,510.9163270302746
2024-03-08 16:56:00,514.38,518.2201,513.15,514.31,73107821.0,515.4144342290152
2024-03-11 15:11:00,514.29,514.9,508.5,509.69,73699002.0,512.0525027281333
2024-03-12 15:30:00,509.69,516.535,509.2,515.89,73670782.0,512.1959494541115
2024-03-13 18:23:00,515.88,517.49,513.55,516.92,73052651.0,516.2708511934218
2024-03-14 17:55:00,516.925,518.32,512.76,514.36,73020333.0,515.1890195603557
2024-03-15 13:50:00,514.375,515.19,509.62,510.01,73242328.0,513.5688774665832
2024-03-15 19:54:00,510.02,511.7,508.36,509.505,73901337.0,509.9323191021488
2024-03-18 19:52:00,509.5,515.48,509.22,512.99,74961655.0,512.8098241771629
2024-03-19 18:51:00,512.985,515.45,510.29,515.329,74346437.0,513.1442806322382
2024-03-20 19:43:00,515.32,520.62,514.23,519.79,73864418.0,516.7586239982958
2024-03-21 20:01:00,519.785,524.11,519.1,522.35,72956593.0,522.3907685525702
2024-03-22 20:20:00,522.35,523.09,520.88,521.0,73045525.0,521.7015184725526
2024-03-26 15:39:00,521.0,522.25,519.39,521.185,73006286.0,520.6190298419933
2024-03-27 15:35:00,521.18,521.85,518.36,519.785,72886728.0,519.8724836708049
2024-03-28 14:14:00,519.79,523.73,519.485,523.16,72637373.0,522.0209470278816
2024-03-28 20:10:00,523.15,524.61,522.77,523.31,79755881.0,523.5212144124296
2024-04-02 13:34:00,523.33,526.09,517.89,517.95,73404824.0,522.2777813793073
2024-04-03 13:46:00,517.925,519.14,516.48,518.4601,73830420.0,518.0071048996189
2024-04-04 15:50:00,518.465,523.7,517.77,523.1201,73431089.0,520.5871274517451
2024-04-04 20:07:00,523.1212,523.8674,512.755,513.42,73839365.0,516.9353261557549
2024-04-05 20:11:00,513.43,520.44,512.51,518.29,77577217.0,517.4689556473892
2024-04-09 15:44:00,518.28,520.75,514.35,516.715,75061969.0,518.3603683172247
2024-04-10 15:33:00,516.69,521.35,511.27,513.84,74926551.0,516.3528317145862
2024-04-11 16:00:00,513.84,516.03,511.48,515.35,75276528.0,513.7975568555324
2024-04-12 15:15:00,515.33,519.48,512.02,512.57,74837504.0,516.3887571728143
2024-04-15 14:10:00,512.57,515.33,509.08,512.61,75978606.0,511.4274945996302
2024-04-15 20:09:00,512.6,513.45,503.58,504.16,77824390.0,507.35463831347573
2024-04-17 13:30:00,504.18,506.5,502.21,505.66,77578585.0,504.1953760205508
2024-04-18 13:37:00,505.65,506.22,499.12,499.9101,77562967.0,501.86085569369635
2024-04-19 13:46:00,499.93,504.13,494.97,500.3201,78003061.0,500.5129733139556
2024-04-19 19:59:00,500.33,500.34,493.86,495.1,79733146.0,496.5338864003529
2024-04-22 20:02:00,495.09,502.38,494.51,499.12,78723644.0,498.19033968937913
2024-04-24 14:06:00,499.17,507.6,498.67,506.88,77750785.0,504.7291433274979
2024-04-25 16:27:00,506.8751,507.1334,497.49,501.16,77763298.0,502.7157415635789
2024-04-26 19:16:00,501.16,509.88,500.93,509.37,77027343.0,506.1478664299654
2024-04-30 13:51:00,509.3624,510.75,507.25,509.12,76383820.0,509.1927883192557
2024-05-01 13:36:00,509.115,509.56,499.4896,501.505,76889538.0,504.83610771051025
2024-05-02 13:03:00,501.52,508.19,499.865,503.86,77108190.0,502.72443314084745
2024-05-03 14:07:00,503.85,512.55,499.55,510.09,77014851.0,504.9273858544595
2024-05-06 16:20:00,510.03,514.64,508.56,513.835,75840316.0,511.6551068777363
2024-05-07 20:00:00,513.84,518.57,513.7,517.16,76245682.0,516.7391041981988
2024-05-09 19:02:00,517.14,520.06,514.979,519.79,74653594.0,517.5764429014348
2024-05-13 13:57:00,519.78,522.73,519.57,521.52,73973454.0,520.767308520004
2024-05-14 19:55:00,521.525,523.83,518.18,523.75,73862274.0,521.558208490191
2024-05-15 20:14:00,523.75,530.08,523.09,529.08,73828293.0,527.2252047730963
2024-05-17 17:08:00,529.08,531.5218,528.05,528.85,72526679.0,529.5048397458539
2024-05-20 20:08:00,528.85,531.5601,527.32,529.86,72407589.0,529.5867610911994
2024-05-22 19:59:00,529.86,531.54,527.6,529.82,72478243.0,530.0456974143874
2024-05-24 13:36:00,529.8,534.0,524.72,527.985,72041943.0,528.1360543966747
2024-05-28 20:11:00,527.99,531.24,526.881,529.69,73984336.0,529.2175257119354
2024-05-30 19:26:00,529.71,529.84,522.7,523.1,72007746.0,525.489555956294
2024-05-31 19:55:00,523.11,526.3,518.36,526.26,74133281.0,522.1454483367123
2024-06-03 19:18:00,526.26,529.31,522.6,526.075,71498272.0,526.7448261509035
2024-06-05 18:16:00,526.09,533.43,524.27,533.2,71223820.0,528.5693919227206
2024-06-07 16:18:00,533.21,536.3999,531.3,535.49,70181814.0,534.2831642046438
2024-06-11 14:51:00,535.48,536.89,532.05,534.34,69924785.0,534.4874650137577
2024-06-12 19:31:00,534.35,544.12,533.55,540.755,69171016.0,539.626664597259
2024-06-14 13:30:00,540.695,544.03,538.87,540.85,68832967.0,541.7839162518321
2024-06-17 18:24:00,540.87,548.53,539.85,547.82,68267682.0,543.0043056334703
2024-06-20 11:48:00,547.82,550.77,546.59,550.27,67536581.0,547.6943755066723
2024-06-20 20:11:00,550.32,551.12,545.18,546.85,67772388.0,547.4498629899791
2024-06-24 13:31:00,546.81,547.24,543.02,544.2481,68064909.0,544.6070215033742
2024-06-25 18:33:00,544.25,546.95,542.21,544.61,67970217.0,544.0759963737207
2024-06-27 16:32:00,544.619,546.96,543.03,545.81,67732431.0,544.9280225348689
2024-06-28 19:50:00,545.81,550.28,542.95,545.38,68081158.0,546.3399643157285
2024-07-01 21:27:00,545.365,546.02,542.52,545.43,67590313.0,544.730458231151
2024-07-03 17:00:00,545.2,551.83,542.44,551.39,67735965.0,548.3957692611282
2024-07-08 19:47:00,551.39,556.2501,550.5,554.7221,66076132.0,553.9298474643406
2024-07-10 19:00:00,554.74,560.22,554.74,559.9,65528898.0,556.6282650005647
2024-07-11 20:01:00,559.89,563.52,555.83,556.31,64989935.0,558.8675543714553
2024-07-15 14:11:00,556.34,563.67,555.19,562.56,64798614.0,560.4094719176355
2024-07-16 19:57:00,562.58,565.16,559.63,564.935,64341853.0,562.7267279463756
2024-07-18 13:30:00,564.935,565.39,556.4295,558.14,65436065.0,558.5515510789589
2024-07-19 14:54:00,558.14,559.52,550.43,551.24,65058857.0,553.6668757067206
2024-07-22 14:40:00,551.25,554.4101,547.91,554.19,65468732.0,549.9395977470942
2024-07-23 20:10:00,554.19,556.735,551.02,553.5,66040427.0,554.4222423464296
2024-07-24 20:12:00,553.53,554.51,540.29,542.12,72856272.0,543.6847902498397
2024-07-26 13:30:00,542.08,547.455,537.45,541.69,66694453.0,541.5435290887972
2024-07-29 15:50:00,541.67,547.91,541.52,545.07,65749703.0,544.425296020932
2024-07-30 20:00:00,545.08,547.34,538.515,540.84,65886327.0,543.5292394235493
2024-07-31 20:01:00,540.65,553.5,537.97,551.41,64949560.0,549.6032537258503
2024-08-01 19:54:00,551.38,554.8688,539.43,541.81,65819875.0,545.8903539432624
2024-08-02 17:48:00,541.83,543.44,528.6,530.0,66649877.0,534.5634953814346
2024-08-05 13:59:00,530.0,533.17,507.83,515.22,68257293.0,522.6797880670941
2024-08-05 19:42:00,515.25,523.58,514.61,515.87,69059952.0,518.5671253886919
2024-08-06 15:38:00,515.87,526.51,514.88,523.51,69398660.0,519.3457318398742
2024-08-07 14:19:00,523.49,531.59,519.08,529.03,68682327.0,525.6688215658899
2024-08-08 13:57:00,529.02,531.15,514.14,524.28,69007837.0,522.4060083452476
2024-08-09 15:13:00,524.305,533.14,524.27,531.82,67991192.0,529.3886356673629
2024-08-12 19:59:00,531.86,535.73,529.8,533.25,68310116.0,532.8842273573572
2024-08-14 14:27:00,533.25,543.54,532.72,541.65,66525778.0,539.7163635077312
2024-08-15 18:33:00,541.68,552.92,540.12,552.85,65531517.0,547.0798264652569
2024-08-16 19:56:00,552.84,555.02,550.13,554.13,64567064.0,553.0874127067067
2024-08-20 17:00:00,554.13,560.84,553.24,557.46,64121088.0,557.4616951177784
2024-08-22 13:59:00,557.46,563.18,557.425,562.3599,63549868.0,559.9785416723655
2024-08-23 14:33:00,562.38,563.09,554.98,562.19,63582384.0,557.928945527276
2024-08-26 19:43:00,562.19,563.91,557.29,560.32,63151216.0,561.1129518936219
2024-08-28 18:47:00,560.325,562.25,555.04,555.7801,63136983.0,560.0839876880896
2024-08-30 13:43:00,555.81,563.68,553.38,561.77,62999643.0,559.5248727627749
2024-09-03 13:35:00,561.77,564.22,557.14,559.88,62511077.0,561.7901072643432
2024-09-04 14:00:00,559.88,560.0,548.66,550.4346,63677138.0,553.7862432592151
2024-09-05 17:29:00,550.41,554.43,547.1,547.8199,63661137.0,551.033690407887
2024-09-06 18:58:00,547.73,551.6,539.44,540.46,64163499.0,545.6527030664325
2024-09-09 20:03:00,540.45,547.71,537.86,546.47,64393353.0,543.3913835357474
2024-09-11 15:41:00,546.48,549.34,539.96,544.215,64105982.0,545.5809330806352
2024-09-12 15:05:00,544.245,556.85,543.0,555.47,63084076.0,552.096427638125
2024-09-13 18:42:00,555.5,563.03,554.2,561.82,62265868.0,559.3045042436274
2024-09-17 14:48:00,561.83,566.58,559.9,566.37,61894229.0,562.3986691642572
2024-09-18 18:02:00,566.41,568.69,560.795,566.72,62002149.0,563.3649558347702
2024-09-19 15:24:00,566.82,571.89,560.83,571.1201,61239870.0,566.2384908438436
2024-09-20 14:34:00,571.11,572.88,566.41,567.36,60704592.0,570.6878853716398
2024-09-20 20:19:00,567.34,569.31,565.17,567.45,61858779.0,567.412411743835
2024-09-24 15:42:00,567.45,571.41,567.0,570.0,61467162.0,569.1340629534017
2024-09-25 19:43:00,570.0001,571.89,568.91,569.48,61252970.0,570.6912735823956
2024-09-27 13:37:00,569.47,575.0,569.42,573.25,60980711.0,571.9130205971682
2024-09-30 18:18:00,573.23,574.22,569.75,569.93,60775717.0,571.8827503983839
2024-10-01 14:33:00,569.91,574.38,566.61,567.27,60639294.0,571.4932399769253
2024-10-02 14:03:00,567.2507,570.93,565.27,568.035,61695780.0,568.3123505369314
2024-10-03 19:28:00,568.04,570.1,565.49,566.4,61219967.0,568.1261786109812
2024-10-07 14:13:00,566.41,573.36,566.39,571.33,60754360.0,570.5275852064159
2024-10-08 16:16:00,571.34,572.55,565.8,571.66,60648757.0,569.4978424456563
2024-10-10 13:30:00,571.66,577.71,570.55,575.49,60067792.0,574.9167483874899
2024-10-11 16:48:00,575.49,580.095,574.49,578.25,59673825.0,576.7756068805459
2024-10-14 20:10:00,578.25,585.27,578.07,584.18,59189007.0,581.9670884680185
2024-10-16 14:03:00,584.2277,584.93,578.545,579.58,59072107.0,580.9943016738545
2024-10-17 20:01:00,579.61,586.3,579.47,582.65,58665873.0,582.6153887568508
2024-10-21 17:11:00,582.59,585.39,580.6001,583.02,58358972.0,583.6432264599354
2024-10-23 14:34:00,583.02,584.5,580.05,581.2401,58275278.0,582.6689072067574
2024-10-24 16:54:00,581.24,581.64,574.415,578.7172,58537160.0,577.9779886531526
2024-10-25 20:00:00,578.7,584.46,578.0701,579.04,59900955.0,580.4524456413781
2024-10-29 17:27:00,579.06,582.98,577.55,581.9,58100518.0,580.8860002871527
2024-10-30 20:09:00,581.9,583.32,578.75,579.78,57829034.0,581.4812254234903
2024-10-31 20:11:00,579.77,580.01,568.44,569.37,61552496.0,571.8100157500098
2024-11-04 16:14:00,569.37,575.55,568.45,571.925,58683957.0,572.0922934149152
2024-11-05 20:44:00,571.92,576.43,567.89,575.43,58488030.0,572.467183145306
2024-11-06 20:31:00,575.43,591.66,575.26,591.29,56943410.0,586.835742253229
2024-11-07 20:55:00,591.3,596.65,590.3599,595.31,56180138.0,593.5158767297255
2024-11-08 21:23:00,595.31,599.64,594.72,598.43,55910490.0,597.5201436294774
2024-11-12 18:19:00,598.43,601.0,594.37,595.7974,55654197.0,598.2483378440306
2024-11-13 20:41:00,595.82,599.23,594.96,598.39,55588390.0,597.4627128491464
2024-11-14 21:14:00,598.39,598.44,592.12,592.23,55660219.0,595.4744995412331
2024-11-15 20:43:00,592.22,593.35,583.86,585.06,56526912.0,586.525927912458
2024-11-18 21:10:00,585.065,589.49,584.73,587.92,56660474.0,587.076107386468
2024-11-20 15:07:00,587.88,592.03,581.901,586.27,56183981.0,588.9340844608432
2024-11-21 15:44:00,586.2895,593.86,584.63,589.01,56126275.0,588.7175390805783
2024-11-22 19:25:00,589.03,596.15,588.95,594.92,55517532.0,594.0690345784118
2024-11-25 21:01:00,594.9,600.86,593.67,597.56,55448591.0,597.1805030063559
2024-11-27 15:17:00,597.52,602.0225,595.24,599.74,54798682.0,600.0027910325012
2024-11-29 18:11:00,599.74,603.35,597.28,602.33,55320340.0,600.3608308062654
2024-12-03 20:36:00,602.33,604.32,601.1,603.98,54255609.0,603.3700414516438
2024-12-05 15:24:00,603.98,608.2,603.4002,607.2,53867761.0,606.4754576327734
2024-12-06 21:22:00,607.2,609.07,605.74,607.64,55124455.0,607.4789705283589
2024-12-10 19:52:00,607.63,608.52,603.56,603.635,53661721.0,605.0468232622572
2024-12-12 15:40:00,603.6399,608.435,602.13,606.81,53456712.0,605.5741443933505
2024-12-13 20:59:00,606.81,607.16,602.81,604.26,53513796.0,604.8106598045517
2024-12-17 14:34:00,604.31,607.8704,603.39,604.04,53082668.0,606.2658820011529
2024-12-18 14:00:00,604.06,606.15,602.87,604.6,53135629.0,604.1067659309736
2024-12-18 20:39:00,604.56,606.405,589.34,589.43,54182716.0,600.4608324773175
2024-12-19 13:38:00,589.41,591.6,583.161,591.1,55129871.0,587.1729029848395
2024-12-19 20:31:00,591.111,593.0,587.28,588.47,55311879.0,589.475319082528
2024-12-20 16:10:00,588.48,590.82,577.74,590.59,62381876.0,586.2387451375495
2024-12-20 20:57:00,590.5821,595.75,589.47,589.76,56580617.0,592.5096561190335
2024-12-23 18:40:00,589.75,594.0,587.661,593.81,56339850.0,590.8406069923974
2024-12-24 17:54:00,593.82,600.71,592.25,600.66,56039767.0,595.8862015899532
2024-12-27 14:34:00,600.67,602.48,597.02,597.07,55605030.0,600.9662043564415
2024-12-27 21:10:00,597.0699,597.63,590.7647,594.97,56015575.0,593.8124674499143
2024-12-30 21:10:00,595.06,595.17,584.41,587.76,61563493.0,589.1433758552254
2024-12-31 21:10:00,587.73,590.99,584.42,586.37,57670339.0,586.70323436333
2025-01-03 15:03:00,586.38,592.06,580.5,588.2,57359383.0,585.5039005665077
2025-01-06 19:06:00,588.2299,599.7,586.43,595.26,56384266.0,593.9637483616657
2025-01-07 20:31:00,595.25,597.75,587.69,587.9,56361237.0,593.2628329828334
2025-01-08 20:04:00,587.89,591.273,585.195,588.8899,56735772.0,588.1846000493586
2025-01-10 18:52:00,588.88,590.0,578.55,583.37,57212022.0,583.8633166265793
2025-01-13 18:54:00,583.37,584.5,575.04,579.59,57613429.0,579.4054237432222
2025-01-14 20:22:00,579.6,585.99,578.35,579.66,57408479.0,581.569562670226
2025-01-15 20:58:00,579.66,593.94,579.58,592.94,56897124.0,589.5205646536947
2025-01-16 21:14:00,592.94,595.56,590.43,590.44,56304316.0,592.3766372757863
2025-01-17 21:16:00,590.49,599.36,590.35,597.35,56926083.0,597.5819239986532
2025-01-22 15:53:00,597.35,607.08,597.19,606.745,56178823.0,602.6328954042785
2025-01-23 18:50:00,606.75,608.3,604.67,607.84,54708237.0,606.806746150138
2025-01-24 21:10:00,607.8301,610.78,606.8,607.56,54862618.0,608.6598703532709
2025-01-27 20:49:00,607.54,607.98,589.75,598.1199,55521091.0,597.7094559746484
2025-01-28 21:00:00,598.1,605.37,597.25,604.19,56553222.0,601.7322097112584
2025-01-30 16:57:00,604.18,605.98,599.22,604.33,54905710.0,602.5190954199579
2025-01-31 19:13:00,604.3105,609.96,601.82,604.885,54378084.0,606.0545878862577
2025-02-03 15:22:00,604.84,605.3,589.5,592.89,54956355.0,599.3566942765312
2025-02-04 15:05:00,592.92,602.05,592.44,599.89,55167927.0,597.9712436177189
2025-02-05 21:10:00,599.9,604.37,597.66,604.19,54786447.0,601.7017079945915
2025-02-07 16:12:00,604.18,608.13,601.18,603.44,54303040.0,605.0965650898745
2025-02-10 20:40:00,603.49,606.4184,600.05,604.77,54445403.0,602.5653406925258
2025-02-12 15:22:00,604.78,605.86,598.231,601.48,54283566.0,603.0973760092515
2025-02-13 20:21:00,601.47,609.71,600.17,609.4901,54005917.0,604.8247096709351
2025-02-18 18:46:00,609.5,612.31,608.62,609.53,53335695.0,609.9394251650514
2025-02-20 15:30:00,609.54,613.23,607.02,609.38,53091534.0,610.8907042284728
2025-02-21 17:38:00,609.38,611.17,604.54,604.69,53252832.0,608.2282720300686
2025-02-24 14:33:00,604.68,605.17,599.47,602.23,53783276.0,600.9712490897549
2025-02-25 14:55:00,602.22,602.4,594.25,595.0,54076994.0,598.5874990195798
2025-02-26 14:31:00,594.97,597.6,589.56,595.68,54568271.0,593.714469558225
2025-02-27 15:18:00,595.67,600.0,590.52,594.48,54442852.0,595.3828082106247
2025-02-27 21:12:00,594.5,596.52,584.65,585.05,56884923.0,588.9650594553087
2025-02-28 20:30:00,585.05,589.68,582.44,589.12,55946668.0,586.1211824813159
2025-03-03 16:29:00,589.13,597.63,587.93,592.4,54992380.0,593.2452684797181
2025-03-04 00:15:00,592.43,594.22,579.9,584.6,55781574.0,585.5789022996352
2025-03-04 19:03:00,584.86,586.0,572.25,581.635,57884673.0,576.5869181731887
2025-03-05 14:38:00,581.67,585.39,574.69,576.642,56967858.0,579.4321892228586
2025-03-05 20:59:00,576.57,584.88,573.0795,583.05,58844520.0,579.7355240861617
2025-03-06 19:53:00,583.04,583.26,570.12,574.04,57852511.0,575.6405062353302
2025-03-07 16:40:00,574.03,578.22,566.86,567.0,58354160.0,572.2926542658315
2025-03-10 13:45:00,566.99,577.39,565.63,569.16,58253251.0,572.5419243838165
2025-03-10 19:22:00,569.14,569.35,555.59,559.0101,59196676.0,562.4966359258799
2025-03-11 15:17:00,559.0,563.75,554.05,558.62,60121904.0,559.5896330429828
2025-03-11 20:13:00,558.64,564.02,552.02,557.28,60520449.0,557.3488867623845
2025-03-12 19:58:00,557.3,567.0,553.69,559.18,61449047.0,559.6275143051379
2025-03-13 19:48:00,559.15,560.72,549.68,551.22,61620162.0,554.4678479198885
2025-03-14 18:55:00,551.24,562.8,550.16,561.58,61151041.0,556.9263974744428
2025-03-17 19:53:00,561.595,569.71,559.18,568.495,60500151.0,564.7743623996349
2025-03-18 20:00:00,568.49,568.58,559.06,561.6,62111867.0,562.2272085551552
2025-03-19 19:50:00,561.6,570.95,560.09,567.351,60444269.0,564.6758012366832
2025-03-20 19:04:00,567.34,570.57,562.5,565.055,59984277.0,566.8525130626489
2025-03-21 16:32:00,565.05,566.68,558.03,562.53,60477269.0,562.3942781570778
2025-03-24 14:37:00,562.51,573.34,561.48,573.155,60207021.0,565.3200155050249
2025-03-25 15:41:00,573.1577,576.41,572.05,575.4,59246083.0,574.1407739084499
2025-03-26 19:32:00,575.405,576.33,567.19,567.87,59443380.0,572.5894055103106
2025-03-27 21:04:00,567.865,570.9,564.94,567.0,59676367.0,568.2821474691417
2025-03-28 20:00:00,566.96,567.85,555.07,555.5,62994876.0,558.1760039000897
2025-03-31 19:27:00,555.54,559.19,546.87,558.2,61279333.0,553.6010140039522
2025-04-01 15:15:00,558.21,561.44,553.68,561.29,60666086.0,558.3124577314629
2025-04-02 16:52:00,561.25,566.06,554.81,565.24,60604599.0,560.2489977571098
2025-04-03 13:34:00,565.25,570.74,542.2,547.51,60868706.0,558.8090671364471
2025-04-03 18:16:00,547.52,547.8557,539.58,540.75,62457844.0,543.2896102104623
2025-04-04 12:49:00,540.76,542.35,515.95,524.78,64103196.0,536.255966364245
2025-04-04 15:25:00,524.85,526.56,510.05,518.68,66951977.0,519.2052443505329
2025-04-04 19:12:00,518.64,518.86,505.52,509.48,69419136.0,511.9296973403021
2025-04-04 22:20:00,509.48,514.4197,502.19,505.59,72070241.0,507.08340919732336
2025-04-07 14:18:00,504.87,523.17,480.0,515.64,74985394.0,497.563109540813
2025-04-07 15:48:00,515.66,516.4,492.66,501.75,74410270.0,501.1656772420659
2025-04-07 19:55:00,501.72,510.47,494.7,504.18,79932275.0,502.74882092674153
2025-04-08 15:38:00,504.18,524.98,503.1932,517.605,78067483.0,515.0166849026739
2025-04-08 19:41:00,517.6,518.525,490.89,493.37,79900148.0,504.75751773495165
2025-04-09 15:06:00,493.37,503.67,482.86,496.97,82606554.0,495.5708861831382
2025-04-09 17:53:00,497.01,536.5,494.77,529.48,79708424.0,516.0297242236365
2025-04-09 19:58:00,529.535,546.33,528.12,543.585,78473070.0,538.0467423000415
2025-04-10 15:33:00,543.59,548.62,522.2,522.42,82039423.0,536.6396616479606
2025-04-10 19:37:00,522.44,529.71,509.32,522.48,84533630.0,520.5085973910622
2025-04-11 17:41:00,522.46,534.25,518.2,533.325,85137899.0,525.3279178771053
2025-04-14 17:00:00,533.3,544.48,531.57,537.12,83212000.0,536.7231381985326
2025-04-15 20:06:00,537.21,543.23,535.39,538.09,83031954.0,539.4970795894848
2025-04-16 20:12:00,538.11,538.2899,520.29,526.06,84321540.0,527.9148437468018
2025-04-21 13:30:00,526.06,532.31,519.26,521.5496,84270996.0,527.5933819169096
2025-04-22 15:34:00,521.58,525.8138,508.46,525.2,86109101.0,514.8172465111105
2025-04-23 14:26:00,525.1855,545.43,521.76,544.02,83380072.0,531.4226026455531
2025-04-24 15:05:00,543.93,545.2,531.22,542.91,82188219.0,537.9748036530715
2025-04-25 17:56:00,542.93,551.05,541.89,547.215,80910556.0,546.3669014279143
2025-04-29 14:00:00,547.22,553.55,545.02,550.36,80134250.0,549.8620559071785
2025-04-30 17:42:00,550.36,555.45,541.52,550.79,79771518.0,550.3009219902466
2025-05-01 15:33:00,550.79,564.0699,549.11,562.9978,79011749.0,556.1493008334108
2025-05-02 19:10:00,562.991,568.38,555.3,566.7,77805126.0,562.9638300153727
2025-05-06 16:12:00,566.7,567.93,556.96,561.54,77869571.0,564.0625954958542
2025-05-07 20:00:00,561.55,565.06,556.04,562.1904,78863763.0,560.040527622445
2025-05-09 13:45:00,562.1904,570.31,556.5,566.34,76761589.0,565.9655459277548
2025-05-12 17:09:00,566.33,582.92,562.7637,582.245,75753485.0,572.8963897642068
2025-05-13 17:31:00,582.24,588.78,564.4344,588.7609,73936417.0,583.9715306413202
2025-05-14 19:24:00,588.76,589.08,585.535,586.715,73407437.0,587.5455738431295
2025-05-15 19:13:00,586.705,590.97,583.4,589.74,73283309.0,587.9205063159802
2025-05-16 19:32:00,589.74,594.3493,588.305,593.7717,72934354.0,591.2202875911773
2025-05-19 18:59:00,593.78,595.54,586.2,594.39,72553185.0,592.9927302316985
2025-05-20 19:58:00,594.4,596.05,589.6,592.38,72660755.0,592.9073256731152
2025-05-21 19:09:00,592.39,592.965,582.7,582.74,72895368.0,588.8311234994245
2025-05-22 18:16:00,582.72,591.9255,580.0,585.75,73612375.0,583.4279635909173
2025-05-23 17:39:00,585.77,586.62,573.26,580.6,73815841.0,580.3680957385204
2025-05-27 18:01:00,580.61,591.31,578.22,591.07,73307986.0,584.7560490688654
2025-05-28 19:14:00,591.07,592.7688,587.92,590.005,72488183.0,590.3753182637073
2025-05-29 18:47:00,590.0,598.31,586.07,589.28,72576017.0,589.5201232444442
2025-05-30 18:23:00,589.28,590.665,583.235,588.2,72688594.0,587.7042191046877
2025-06-02 17:24:00,588.23,591.1299,584.97,590.12,72465760.0,589.1341047629671
2025-06-03 18:54:00,590.12,597.08,589.01,596.175,71890774.0,593.6608755552402
2025-06-04 19:56:00,596.175,597.95,595.23,596.13,71542708.0,596.7230040564781
2025-06-05 19:19:00,596.11,599.73,591.05,591.87,71620303.0,595.9613055050883
2025-06-06 18:23:00,591.821,600.83,591.17,600.04,71374149.0,596.6974045038703
2025-06-09 20:00:00,600.02,601.25,598.1,599.4399,71793288.0,599.8596751532219
2025-06-11 12:05:00,599.38,603.85,597.83,602.26,70730854.0,601.602094062301
2025-06-11 20:06:00,602.31,606.4,599.27,601.3101,70354587.0,602.4386793815669
2025-06-13 13:32:00,601.35,603.75,593.79,599.72,71347468.0,602.1861552188736
2025-06-13 19:52:00,599.72,601.85,595.48,596.08,71115172.0,598.3926947264338
2025-06-16 19:30:00,596.06,604.45,595.77,602.1,71305087.0,601.6333641609368
2025-06-17 18:32:00,602.08,603.2,596.96,597.6,71250833.0,600.6930266623663
2025-06-18 18:33:00,597.59,601.22,595.57,600.1,71409798.0,598.7524779599662
2025-06-20 15:40:00,600.09,600.87,593.5,596.28,76363078.0,597.2243242816041
2025-06-23 14:42:00,596.29,598.29,592.55,597.37,71872051.0,594.840946003484
2025-06-24 11:48:00,597.37,605.96,588.79,604.95,71539389.0,597.5475496986649
2025-06-25 13:39:00,604.91,608.61,603.17,608.295,70611744.0,606.3557464817998
2025-06-26 14:09:00,608.3,609.67,605.54,609.165,70574748.0,607.3953775180048
2025-06-27 13:36:00,609.17,614.55,609.14,613.25,69867692.0,611.3453572348204
2025-06-27 19:55:00,613.25,616.39,610.83,614.635,70212885.0,613.9676596351189
2025-06-30 19:28:00,614.635,618.25,612.86,618.115,69842557.0,616.1756782078025
2025-07-01 16:59:00,618.12,619.22,615.52,617.09,69584176.0,617.5225837442999
2025-07-02 17:31:00,617.09,619.68,616.35,619.51,69608456.0,618.215525202529
2025-07-03 16:40:00,619.52,626.15,619.19,626.15,69098835.0,622.5685983113209
2025-07-07 19:22:00,626.15,626.28,617.87,619.73,69374522.0,621.8424103079864
2025-07-08 19:51:00,619.72,622.11,618.75,620.325,69558119.0,620.5842680329123
2025-07-09 20:00:00,620.33,624.72,619.49,624.07,69598585.0,622.6130839035433
2025-07-11 13:49:00,624.07,626.8701,621.4,622.63,68793689.0,624.9659922676058
2025-07-14 14:24:00,622.61,624.86,620.0,623.53,68621286.0,623.7076093441993
2025-07-15 15:51:00,623.53,627.97,622.37,625.18,68435099.0,624.815260373685
2025-07-16 15:15:00,625.17,625.17,619.8,623.27,68736021.0,623.2026398039353
2025-07-17 13:32:00,623.29,625.61,618.05,624.53,68678453.0,622.1687678533681
2025-07-18 13:30:00,624.52,629.65,624.3619,628.77,68688383.0,627.1854444373554
2025-07-21 13:48:00,628.77,630.18,626.46,630.105,68161198.0,627.6740720235166
2025-07-22 13:58:00,630.115,631.54,626.19,626.62,67785283.0,629.8301922403489
2025-07-23 15:22:00,626.6,631.91,626.2499,630.65,67862713.0,628.9234095448209
2025-07-24 14:34:00,630.6452,635.4,630.47,634.88,67298137.0,633.1788062438828
2025-07-25 14:26:00,634.88,636.4,634.25,635.46,67092128.0,635.169122906419
2025-07-28 15:24:00,635.455,640.26,635.29,636.94,66896223.0,636.9854912012689
2025-07-29 17:20:00,636.94,638.89,634.69,636.34,66918265.0,636.6149756702143
2025-07-30 18:50:00,636.325,637.68,634.335,634.675,66972014.0,635.756005879599
2025-07-31 14:58:00,634.68,641.52,631.54,636.76,67117777.0,635.7228849369656
2025-07-31 20:00:00,636.75,638.31,630.765,632.16,68485052.0,634.2741484625265
2025-08-01 16:15:00,632.27,634.2,619.65,624.375,69178688.0,624.2996694598237
2025-08-01 19:59:00,624.38,624.96,619.29,621.71,71030449.0,621.7699549459077
2025-08-04 19:51:00,621.71,630.75,621.03,630.46,70287832.0,628.1647768193761
2025-08-05 19:39:00,630.455,633.1,621.72,628.6,69822198.0,629.6487925568465
2025-08-06 19:59:00,628.59,633.44,626.86,632.67,70265431.0,630.9700367214323
2025-08-07 19:53:00,632.67,638.18,629.11,631.06,69524461.0,632.4293107867715
2025-08-08 20:06:00,631.06,637.81,630.88,637.67,68876510.0,635.7979413830468
2025-08-12 13:34:00,637.66,640.1,632.1468,639.38,68955701.0,636.7960585141352
2025-08-13 14:00:00,639.38,646.19,636.79,645.32,68047831.0,641.4247314284746
2025-08-14 14:45:00,645.3244,645.7189,641.4,645.035,67710212.0,643.9728249786571
2025-08-15 15:48:00,645.03,647.04,642.5153,643.18,67706355.0,644.3931745288507
2025-08-18 17:33:00,643.17,644.88,642.08,643.46,67751231.0,643.5208736332434
2025-08-19 19:08:00,643.46,644.16,638.48,638.93,67956704.0,641.783347651298
2025-08-20 16:29:00,638.94,640.19,632.95,637.4207,68236159.0,636.9947319383651
2025-08-21 16:50:00,637.425,639.06,634.31,635.455,68332730.0,636.9909847212167
2025-08-22 15:36:00,635.47,646.5,633.81,646.25,67952492.0,639.9819310919585
2025-08-25 16:30:00,646.2608,646.4,643.14,644.96,67454398.0,644.9938666419032
2025-08-26 19:44:00,644.96,645.29,640.73,643.9528,67662508.0,643.4736436066266
2025-08-28 13:47:00,643.96,648.09,643.15,646.8,67310008.0,646.1414982679007
2025-08-29 14:05:00,646.77,649.79,644.175,644.175,66911581.0,647.6562968865411
2025-09-02 13:32:00,644.2,645.4999,636.05,636.26,67579513.0,643.9786014755555
2025-09-02 20:08:00,636.25,641.17,634.92,641.15,67734231.0,638.1451805845855
2025-09-03 19:55:00,641.1306,644.21,640.27,643.15,68205518.0,642.1989900378825
2025-09-04 19:59:00,643.16,649.15,642.87,648.99,67768417.0,646.00702056315
2025-09-05 18:04:00,648.99,652.21,643.33,645.035,67212590.0,647.5618219134905
2025-09-08 19:12:00,645.02,649.84,644.91,647.48,67177058.0,647.7709458211739
2025-09-09 19:43:00,647.5,650.53,647.22,649.875,67075318.0,648.8439402843102
2025-09-10 17:59:00,649.87,654.8,649.8342,652.345,66732337.0,652.3454503962431
2025-09-11 16:44:00,652.34,657.8,650.63,657.23,66506806.0,653.9875582079663
2025-09-12 17:33:00,657.23,658.48,656.29,658.06,66141185.0,657.7042292279417
2025-09-15 15:47:00,658.06,661.04,656.9,660.51,66074269.0,658.8106724873021
2025-09-16 16:00:00,660.51,662.65,659.21,659.585,65979803.0,660.2625029322204
2025-09-17 18:01:00,659.585,661.32,658.13,660.2355,66178049.0,659.7971959366354
2025-09-17 20:20:00,660.21,661.72,654.3,659.4,68536946.0,658.7997672580955
2025-09-18 19:18:00,659.36,665.1,659.21,663.11,68123234.0,662.9065672115787
2025-09-19 16:40:00,663.12,663.66,659.62,662.42,68167263.0,661.9422135448685
2025-09-22 14:29:00,662.415,664.55,661.11,664.08,68168898.0,663.3209773770897
2025-09-23 14:26:00,664.07,667.34,663.895,666.51,67930148.0,666.268949488139
2025-09-23 20:27:00,666.51,666.76,661.98,663.2999,68327229.0,663.8918323854795
2025-09-25 09:31:00,663.31,664.65,659.67,660.96,68905951.0,661.6485908087662
2025-09-25 19:00:00,660.89,662.38,654.405,657.97,69263796.0,657.3452382568554
2025-09-26 18:54:00,657.975,662.37,657.04,661.72,69319304.0,659.5555190672873
2025-09-29 19:01:00,661.72,665.8,661.15,663.1,69012755.0,663.1729246638469
2025-09-30 19:00:00,663.09,664.63,661.61,664.495,68928102.0,662.9907782157806
2025-10-01 15:29:00,664.5,666.65,660.51,666.31,68603312.0,665.2388472997231
2025-10-02 15:40:00,666.31,670.74,666.31,667.445,68378705.0,668.3424947038071
2025-10-03 17:31:00,667.46,672.675,667.18,670.52,68247271.0,670.1517355381875
2025-10-06 17:30:00,670.52,672.57,668.16,672.05,68084637.0,670.1352818493178
2025-10-07 16:57:00,672.05,673.1,667.67,668.54,68025757.0,670.667150860966
2025-10-08 19:08:00,668.53,673.14,667.81,672.37,68025436.0,670.700562844935
2025-10-09 19:25:00,672.37,674.0488,669.21,670.63,67931861.0,671.5943098000132
2025-10-10 15:30:00,670.65,673.95,660.96,661.1795,68655132.0,668.8667309512547
2025-10-10 19:31:00,661.175,664.09,655.51,656.0,69382230.0,659.8705730219972
2025-10-13 15:13:00,655.99,663.97,646.2,661.54,70802040.0,657.0501027447605
2025-10-14 14:27:00,661.53,665.13,653.17,659.82,70395982.0,660.9635359552128
2025-10-15 13:34:00,659.82,667.7,659.0408,666.55,70278457.0,662.7850993654705
2025-10-15 19:59:00,666.55,670.23,658.93,665.08,71431946.0,665.2256855791995
2025-10-16 18:06:00,665.09,668.71,659.33,659.74,70863515.0,664.5334036936881
2025-10-17 14:31:00,659.76,663.715,651.41,662.05,71131904.0,659.7982451591317
2025-10-17 21:27:00,662.095,665.755,658.14,665.1,70866317.0,662.8419653712455
2025-10-21 14:18:00,665.03,672.23,664.5,671.3,70561019.0,670.7496712856637
2025-10-22 15:49:00,671.3,672.99,667.39,669.27,70205422.0,671.1573180527975
2025-10-23 14:37:00,669.29,670.74,663.3,669.96,70474759.0,667.1714843727955
2025-10-24 14:56:00,669.9699,678.0,668.73,676.1956,69928376.0,672.9228090041177
2025-10-27 14:26:00,676.23,683.61,676.1,682.691,69253224.0,678.6289631862131
2025-10-28 15:35:00,682.715,687.23,682.515,685.1,68618813.0,684.7487407531319
2025-10-29 15:33:00,685.1099,689.7,685.0,688.11,68306620.0,687.7966588377382
2025-10-30 13:46:00,688.11,689.0,681.39,683.48,68593978.0,686.0240776669286
2025-10-31 12:41:00,683.49,686.6,679.72,685.13,68687638.0,682.8616712976344
2025-10-31 19:58:00,685.16,685.83,679.24,682.41,68955903.0,682.7354591042673
2025-11-03 21:05:00,682.41,685.8,679.94,683.56,69091278.0,682.7813666245152
2025-11-04 20:55:00,683.56,683.95,673.77,674.775,69688815.0,677.0169878682466
2025-11-05 20:56:00,674.78,680.86,672.33,678.395,70178388.0,677.8148462831687
2025-11-06 19:22:00,678.39,679.57,668.72,672.6185,69811910.0,673.628081085805
2025-11-07 16:34:00,672.62,673.7,662.25,663.275,70490891.0,668.0350791012729
2025-11-10 14:40:00,663.28,678.96,661.205,678.81,70397390.0,668.531647558123
2025-11-11 14:30:00,678.82,682.33,675.03,680.5,69444365.0,679.6065076726662
2025-11-12 15:27:00,680.51,685.88,678.73,682.93,68828807.0,682.211420891531
2025-11-13 15:42:00,682.92,684.95,677.205,677.34,68735864.0,681.9683826786084
2025-11-13 20:59:00,677.34,677.51,670.52,672.06,69831955.0,673.3721199587135
2025-11-14 17:56:00,672.06,675.66,663.265,674.12,70618207.0,670.7078751169923
2025-11-17 16:40:00,674.12,676.26,667.77,671.88,70437303.0,672.0362161545823
2025-11-18 14:42:00,671.88,673.0,660.05,662.12,71318950.0,665.7002947742094
2025-11-18 19:40:00,662.13,665.12,655.86,664.7,71565027.0,660.6117477869792
2025-11-19 17:13:00,664.7,667.34,658.01,660.78,72316915.0,662.5812057743186
2025-11-20 15:05:00,660.78,675.41,658.745,674.39,72329118.0,664.8179116705722
2025-11-20 18:00:00,674.3991,675.56,655.45,657.85,72612894.0,664.2969569102695
2025-11-20 22:43:00,657.85,661.97,651.69,651.98,75134929.0,655.2466098396347
2025-11-21 18:48:00,651.98,663.27,649.45,662.93,76707199.0,656.1386430741063
2025-11-24 16:35:00,662.93,668.39,658.23,667.77,75285245.0,662.4528752770412
2025-11-25 15:37:00,667.78,670.24,664.48,669.49,74594833.0,668.6465128178056
2025-11-26 15:27:00,669.49,679.48,668.64,678.3098,73948153.0,674.3469751584801
2025-11-28 16:17:00,678.31,683.41,678.0,682.78,73059775.0,680.8102322613084
2025-12-01 20:24:00,682.78,683.96,673.715,680.47,72865312.0,681.7369115638353
2025-12-02 20:52:00,680.47,683.82,678.83,682.07,72973238.0,681.3247305298519
2025-12-04 14:39:00,682.06,685.72,679.2,684.45,72515478.0,682.9437361361706
2025-12-05 15:30:00,684.46,688.3,681.34,688.01,72195986.0,684.2212532948403
2025-12-08 14:58:00,688.02,688.39,684.58,685.43,71899117.0,685.9675934478942
2025-12-09 17:42:00,685.41,685.775,681.57,683.95,72027540.0,683.6213873473406
2025-12-10 19:21:00,683.9401,685.74,681.31,684.87,71987290.0,683.2740938810011
2025-12-11 15:51:00,684.87,688.97,681.28,684.435,71680302.0,686.3923868298923
2025-12-12 15:00:00,684.44,691.24,684.265,686.98,71388416.0,688.0375283798743
2025-12-12 20:21:00,686.97,687.21,679.1744,681.92,71930231.0,682.6312768496545
2025-12-15 16:52:00,681.92,685.87,679.25,681.2399,72738585.0,681.8621308469325
2025-12-16 15:38:00,681.23,682.22,676.38,677.19,72985354.0,680.3245941692561
2025-12-16 21:07:00,677.19,680.56,674.98,678.75,73795942.0,678.0745965186487
2025-12-17 18:13:00,678.76,681.5,673.0,673.77,74033588.0,676.9503882664116
2025-12-18 14:53:00,673.78,678.59,671.195,677.13,74491843.0,673.1499290573527
2025-12-18 20:40:00,677.1,680.74,674.9,677.87,74054689.0,677.9408690535796
2025-12-19 18:32:00,677.88,681.09,674.16,680.715,74608909.0,678.7137314015504
2025-12-22 16:52:00,680.69,684.975,679.61,684.66,74299958.0,681.5388641081422
2025-12-23 17:45:00,684.66,687.22,683.32,687.04,73868385.0,685.2523838734082
2025-12-24 18:00:00,687.04,690.83,686.79,690.04,73460274.0,688.7295328721603
2025-12-29 18:43:00,690.01,691.66,686.07,687.575,73290913.0,689.157939575168
2025-12-30 20:59:00,687.575,688.62,686.58,686.94,74452791.0,687.6531991306525
