timestamp,Open,High,Low,Close,Volume,VWAP
2025-02-04 09:30:01.391789-05:00,597.8,597.83,597.63,597.82,427273.0,597.8154907848076
2025-02-04 09:30:02.819997-05:00,597.82,597.82,597.63,597.64,13858.0,597.6871600736042
2025-02-04 09:30:05.853084-05:00,597.64,597.83,597.58,597.67,24519.0,597.6494802316578
2025-02-04 09:30:19.142763-05:00,597.82,597.82,597.47,597.67,86686.0,597.5791812172678
2025-02-04 09:30:45.609696-05:00,597.68,597.7,597.34,597.43,101629.0,597.5332708941345
2025-02-04 09:31:09.622031-05:00,597.43,597.82,597.4098,597.6387,89951.0,597.5959246178469
2025-02-04 09:31:37.943295-05:00,597.635,597.82,597.28,597.29,95032.0,597.4432030558127
2025-02-04 09:32:06.781900-05:00,597.3,597.82,597.28,597.61,81121.0,597.4038407292809
2025-02-04 09:32:44.047854-05:00,597.61,597.92,597.46,597.8,81738.0,597.7115044667111
2025-02-04 09:33:17.463416-05:00,597.79,598.1,597.5472,598.075,93693.0,597.937021180878
2025-02-04 09:33:55.891291-05:00,598.075,598.17,597.638,597.99,75702.0,598.0529172980891
2025-02-04 09:34:33.369153-05:00,597.99,598.18,597.7594,598.13,81268.0,598.0856526898647
2025-02-04 09:35:07.774988-05:00,598.13,598.15,597.82,597.9,84954.0,598.0213731266325
2025-02-04 09:35:55.249235-05:00,597.9,598.07,597.87,598.01,79405.0,597.9923194622509
2025-02-04 09:36:32.453740-05:00,598.01,598.21,597.82,598.05,70383.0,598.0340953980357
2025-02-04 09:37:17.043156-05:00,598.05,598.0899,597.93,598.025,83614.0,597.9970004879566
2025-02-04 09:37:49.884750-05:00,598.025,598.16,597.91,597.91,78171.0,598.0428899029049
2025-02-04 09:38:24.527116-05:00,597.91,598.1299,597.8616,598.06,110516.0,598.0063994579968
2025-02-04 09:38:54.612230-05:00,598.06,598.4,598.0259,598.38,127127.0,598.3189371667697
2025-02-04 09:39:24.025763-05:00,598.38,598.42,598.0901,598.42,98274.0,598.339499808699
2025-02-04 09:39:51.907936-05:00,598.42,598.55,598.1782,598.43,117742.0,598.4727543187649
2025-02-04 09:40:38.269821-05:00,598.41,598.4488,598.11,598.168,87806.0,598.2293778773658
2025-02-04 09:41:12.008003-05:00,598.17,598.3115,597.9602,598.06,96095.0,598.1041235059051
2025-02-04 09:41:54.005342-05:00,598.0611,598.2,597.97,598.1,87171.0,598.0636705016578
2025-02-04 09:42:35.420568-05:00,598.1,598.12,597.82,598.1098,109091.0,597.9911000861669
2025-02-04 09:43:24.924563-05:00,598.12,598.54,597.9949,598.42,84732.0,598.3805313635929
2025-02-04 09:44:32.459782-05:00,598.41,598.52,598.1561,598.2888,56958.0,598.3690075722461
2025-02-04 09:45:43.555074-05:00,598.275,598.45,598.1727,598.2,69807.0,598.2904174968123
2025-02-04 09:46:43.042937-05:00,598.2,598.3184,597.94,598.13,73662.0,598.0902559148544
2025-02-04 09:47:57.896773-05:00,598.14,598.2799,598.0,598.03,51992.0,598.1264945280046
2025-02-04 09:49:17.056099-05:00,598.03,598.28,597.941,598.25,51905.0,598.0969245236495
2025-02-04 09:50:26.034410-05:00,598.25,598.51,598.1102,598.4316,57536.0,598.2858335546439
2025-02-04 09:51:25.060611-05:00,598.4361,598.58,598.1,598.1,78023.0,598.402939132052
2025-02-04 09:52:20.677310-05:00,598.1,598.43,598.065,598.38,68962.0,598.3024659551642
2025-02-04 09:53:08.725126-05:00,598.38,598.66,598.33,598.64,101050.0,598.544689621969
2025-02-04 09:53:52.781212-05:00,598.66,598.86,598.4716,598.85,98716.0,598.7292575712146
2025-02-04 09:54:46.532387-05:00,598.85,598.9875,598.5008,598.92,107062.0,598.8706141871056
2025-02-04 09:55:38.174406-05:00,598.9199,599.14,598.4821,599.055,98006.0,599.0108294471768
2025-02-04 09:56:31.974588-05:00,599.04,599.07,598.5423,598.91,79539.0,598.9567574648906
2025-02-04 09:57:44.695385-05:00,598.91,599.1,598.6188,598.95,82250.0,599.006231119757
2025-02-04 09:58:07.725223-05:00,598.97,599.02,598.6817,598.875,143481.0,598.9141280099807
2025-02-04 09:59:12.991720-05:00,598.875,599.21,598.7521,599.09,90066.0,598.9704090411484
2025-02-04 10:00:01.063964-05:00,599.09,599.25,598.9,599.11,92773.0,598.980837308269
2025-02-04 10:00:12.838094-05:00,599.11,599.76,598.9792,599.59,112437.0,599.4039882280745
2025-02-04 10:00:43.128008-05:00,599.59,599.9,599.3116,599.54,107753.0,599.6416192802058
2025-02-04 10:01:30.526623-05:00,599.54,599.58,598.9808,599.4808,75020.0,599.4423463156486
2025-02-04 10:02:33.083563-05:00,599.48,599.722,599.0073,599.64,68309.0,599.5102126571903
2025-02-04 10:03:37.743555-05:00,599.6301,599.74,599.52,599.59,65325.0,599.6583945212402
2025-02-04 10:04:45.948020-05:00,599.6129,599.81,599.4258,599.76,76204.0,599.6543151199418
2025-02-04 10:05:43.237908-05:00,599.76,599.86,599.5421,599.83,80952.0,599.7785549387296
2025-02-04 10:06:21.852464-05:00,599.83,600.13,599.675,599.82,84909.0,599.9431318694141
2025-02-04 10:07:26.398380-05:00,599.7623,599.95,599.3727,599.84,69522.0,599.793909053251
2025-02-04 10:08:32.652608-05:00,599.83,600.25,599.8002,600.24,72036.0,600.0707245030267
2025-02-04 10:09:13.890136-05:00,600.25,600.41,599.9354,600.32,98554.0,600.2770009690125
2025-02-04 10:09:56.149199-05:00,600.32,600.69,600.0074,600.575,77028.0,600.4891525782845
2025-02-04 10:10:36.591628-05:00,600.5792,600.71,599.8881,600.68,91987.0,600.601357669019
2025-02-04 10:11:21.609665-05:00,600.69,600.84,559.17,600.6851,77547.0,600.7600018466212
2025-02-04 10:12:18.498910-05:00,600.68,600.74,600.0725,600.61,73092.0,600.623579068845
2025-02-04 10:12:48.545164-05:00,600.63,600.89,600.3501,600.8,98377.0,600.5496229179587
2025-02-04 10:12:52.389461-05:00,600.8,600.93,600.36,600.39,75779.0,600.7373719764054
2025-02-04 10:13:33.108265-05:00,600.39,600.7588,600.35,600.53,98099.0,600.472036543695
2025-02-04 10:14:31.335180-05:00,600.53,600.65,600.335,600.47,92835.0,600.5407899316
2025-02-04 10:15:41.717424-05:00,600.47,600.7085,600.33,600.58,69803.0,600.5173610231652
2025-02-04 10:16:52.005790-05:00,600.58,600.74,600.4,600.579,76462.0,600.5467188407316
2025-02-04 10:17:46.326554-05:00,600.571,600.72,600.47,600.525,84830.0,600.5903661558409
2025-02-04 10:18:58.551224-05:00,600.5431,600.77,600.49,600.71,83656.0,600.6505397209996
2025-02-04 10:19:45.877813-05:00,600.72,601.14,600.5774,601.12,76316.0,600.9137512684104
2025-02-04 10:20:41.973095-05:00,601.13,601.15,600.6225,600.92,74000.0,601.0102877324322
2025-02-04 10:21:55.776963-05:00,600.92,601.0397,600.6498,601.03,90114.0,600.9224222651313
2025-02-04 10:23:14.928432-05:00,601.03,601.0793,600.46,600.705,80072.0,600.7988132855436
2025-02-04 10:24:11.796727-05:00,600.6957,600.8856,600.53,600.54,95063.0,600.5974020649476
2025-02-04 10:25:21.058696-05:00,600.54,600.8329,600.4183,600.62,70656.0,600.6386030386653
2025-02-04 10:26:50.229008-05:00,600.62,600.86,600.61,600.7799,57028.0,600.7266203075693
2025-02-04 10:28:18.002283-05:00,600.77,600.9388,600.6589,600.82,63282.0,600.7954828371417
2025-02-04 10:29:46.315640-05:00,600.82,600.85,600.46,600.48,72741.0,600.5985617767153
2025-02-04 10:30:30.346704-05:00,600.48,600.6968,600.108,600.14,84596.0,600.3355442739609
2025-02-04 10:31:13.987798-05:00,600.14,600.6749,600.1312,600.275,90868.0,600.2533394143147
2025-02-04 10:31:51.947519-05:00,600.27,600.77,600.2412,600.77,84474.0,600.5086880199824
2025-02-04 10:32:41.781025-05:00,600.79,600.83,600.478,600.55,68369.0,600.7009611666109
2025-02-04 10:33:54.132108-05:00,600.55,600.9574,600.4857,600.9099,67957.0,600.7629737907794
2025-02-04 10:35:04.168286-05:00,600.91,600.93,600.5125,600.69,79292.0,600.7532443209907
2025-02-04 10:36:16.560863-05:00,600.69,600.81,600.47,600.47,69185.0,600.7020968923896
2025-02-04 10:37:22.639990-05:00,600.47,600.81,600.4,600.78,44831.0,600.6271823871867
2025-02-04 10:37:43.053086-05:00,600.78,600.9,600.7153,600.87,17567.0,600.854963568053
2025-02-04 10:38:04.837401-05:00,600.87,600.94,600.703,600.88,15691.0,600.8774648460882
2025-02-04 10:38:25.101275-05:00,600.88,600.99,600.7447,600.96,21017.0,600.9016815197222
2025-02-04 10:38:54.792216-05:00,600.96,601.16,600.5924,601.08,68763.0,601.0354447711712
2025-02-04 10:40:10.271329-05:00,601.08,601.17,600.8185,600.98,82848.0,601.0696392658841
2025-02-04 10:41:30.281409-05:00,600.98,601.28,600.6916,601.17,56114.0,601.1418660031374
2025-02-04 10:42:44.253762-05:00,601.1525,601.24,600.9045,601.13,81040.0,601.1544301826268
2025-02-04 10:43:36.761030-05:00,601.13,601.21,600.9422,601.02,107966.0,601.0873141368579
2025-02-04 10:44:34.915008-05:00,601.02,601.0978,600.91,600.9213,83604.0,600.9567725766714
2025-02-04 10:45:34.510222-05:00,600.93,601.0572,600.78,600.8188,85589.0,600.9435640409392
2025-02-04 10:46:56.099230-05:00,600.8189,601.0306,600.6,600.64,70502.0,600.7751519956884
2025-02-04 10:47:59.724989-05:00,600.63,600.9865,600.46,600.7,65266.0,600.5785606793738
2025-02-04 10:49:30.903962-05:00,600.69,600.859,600.59,600.77,66877.0,600.702827680667
2025-02-04 10:50:30.432807-05:00,600.77,600.9349,600.58,600.6812,81400.0,600.7342805528251
2025-02-04 10:51:54.002536-05:00,600.7,600.8707,600.5,600.5801,72788.0,600.591761479914
2025-02-04 10:53:33.744116-05:00,600.6,600.75,600.48,600.5487,56843.0,600.602564727407
2025-02-04 10:54:53.308360-05:00,600.545,600.94,600.37,600.84,49365.0,600.5854904466728
2025-02-04 10:56:26.392697-05:00,600.84,600.91,600.5942,600.715,59176.0,600.7965875135186
2025-02-04 10:58:20.189508-05:00,600.6605,600.816,600.32,600.34,59809.0,600.5930290842515
2025-02-04 10:59:42.639023-05:00,600.34,600.6501,600.14,600.31,71969.0,600.2798301727134
2025-02-04 11:01:03.256959-05:00,600.31,600.94,600.28,600.9,67713.0,600.6539316290811
2025-02-04 11:02:30.046532-05:00,600.89,601.09,600.5422,601.0,81102.0,600.9661105028233
2025-02-04 11:04:29.004367-05:00,600.995,601.09,600.6319,601.0,55143.0,601.0008837277632
2025-02-04 11:05:42.063438-05:00,601.0,601.43,600.7603,601.26,88190.0,601.2527625603815
2025-02-04 11:07:20.197243-05:00,601.25,601.426,600.8354,601.08,63168.0,601.2754013202891
2025-02-04 11:09:16.406128-05:00,601.08,601.37,601.0301,601.26,62195.0,601.2166205579219
2025-02-04 11:11:14.337003-05:00,601.2699,601.38,601.21,601.29,72401.0,601.2931639424872
2025-02-04 11:13:10.726576-05:00,601.29,601.3959,601.189,601.365,70985.0,601.2928610044378
2025-02-04 11:14:59.740529-05:00,601.365,601.39,601.17,601.3,62696.0,601.2858474176987
2025-02-04 11:16:25.331112-05:00,601.3,601.48,601.28,601.39,84271.0,601.3786994493948
2025-02-04 11:18:14.233534-05:00,601.4,601.51,601.2961,601.43,67003.0,601.4350422861665
2025-02-04 11:20:02.289781-05:00,601.43,601.46,601.3,601.33,88671.0,601.3717713108009
2025-02-04 11:21:29.927387-05:00,601.33,601.562,601.194,601.505,72282.0,601.3938344567104
2025-02-04 11:23:08.117824-05:00,601.5,601.59,601.36,601.41,70279.0,601.5110263947981
2025-02-04 11:24:31.773645-05:00,601.41,601.5104,601.22,601.3699,50402.0,601.3293769771037
2025-02-04 11:25:58.945213-05:00,601.35,601.48,601.33,601.48,48086.0,601.423689427276
2025-02-04 11:27:55.232134-05:00,601.47,601.61,601.382,601.55,61780.0,601.4994470281657
2025-02-04 11:29:15.746296-05:00,601.55,601.86,601.4379,601.8488,94054.0,601.706728929126
2025-02-04 11:29:48.768994-05:00,601.84,602.01,601.5791,601.98,109210.0,601.920888822452
2025-02-04 11:30:51.733535-05:00,601.98,602.1,601.76,601.7912,102772.0,601.948304291052
2025-02-04 11:32:18.135683-05:00,601.781,601.9202,601.63,601.83,78979.0,601.745864027146
2025-02-04 11:33:48.514296-05:00,601.8299,601.8527,601.59,601.66,72424.0,601.6882306831992
2025-02-04 11:35:23.748039-05:00,601.66,601.8331,601.6502,601.7332,98985.0,601.7433550366231
2025-02-04 11:37:32.323421-05:00,601.74,601.84,601.67,601.82,64836.0,601.7748574125474
2025-02-04 11:39:36.728400-05:00,601.82,601.9,601.7383,601.83,76986.0,601.8335424310915
2025-02-04 11:41:21.381143-05:00,601.83,602.0699,601.79,602.05,81351.0,601.9869206254368
2025-02-04 11:42:59.792067-05:00,602.05,602.06,601.69,601.7,69159.0,601.8364803525209
2025-02-04 11:44:21.816840-05:00,601.69,601.9123,601.36,601.52,73606.0,601.5376564587114
2025-02-04 11:46:04.838472-05:00,601.52,601.7898,601.33,601.37,52799.0,601.5106071346049
2025-02-04 11:47:51.851921-05:00,601.38,601.7284,601.1901,601.26,53230.0,601.3632207476976
2025-02-04 11:49:31.548324-05:00,601.27,601.6835,601.02,601.04,72458.0,601.2152470120626
2025-02-04 11:50:33.776672-05:00,601.04,601.3201,600.79,600.92,76466.0,600.9472865338846
2025-02-04 11:51:59.274094-05:00,600.9188,601.3429,600.84,600.98,72243.0,600.9376353861273
2025-02-04 11:53:52.166693-05:00,600.97,601.2679,600.92,601.26,56755.0,601.0875542806806
2025-02-04 11:55:22.438780-05:00,601.255,601.37,600.93,600.93,58786.0,601.2252330980161
2025-02-04 11:56:31.999868-05:00,600.93,601.25,600.91,601.25,67254.0,601.0745273782969
2025-02-04 11:58:18.167446-05:00,601.25,601.345,601.1233,601.28,64500.0,601.2737552945738
2025-02-04 12:00:13.897629-05:00,601.3,601.46,601.0912,601.41,63483.0,601.3440885229109
2025-02-04 12:02:07.537606-05:00,601.39,601.5299,601.2139,601.3699,52367.0,601.3881193576104
2025-02-04 12:04:17.449935-05:00,601.37,601.63,601.238,601.58,58518.0,601.4223205338529
2025-02-04 12:06:18.252013-05:00,601.58,601.61,601.3311,601.36,51086.0,601.4966119014996
2025-02-04 12:08:21.519574-05:00,601.36,601.61,601.29,601.56,64187.0,601.4913763316556
2025-02-04 12:10:40.927830-05:00,601.55,601.57,601.24,601.37,50471.0,601.383506938638
2025-02-04 12:13:32.586704-05:00,601.37,601.57,601.27,601.54,50084.0,601.4102000259567
2025-02-04 12:16:12.909942-05:00,601.54,601.645,601.3948,601.58,39784.0,601.5538832495477
2025-02-04 12:16:28.724197-05:00,601.58,601.605,600.7,600.71,104482.0,601.1411176078176
2025-02-04 12:17:02.039124-05:00,600.71,601.1344,600.63,600.72,96170.0,600.8029155765834
2025-02-04 12:17:20.080389-05:00,600.73,600.99,600.3,600.61,98570.0,600.4840845033983
2025-02-04 12:18:00.949049-05:00,600.61,600.77,600.29,600.77,86059.0,600.4859300991186
2025-02-04 12:19:02.009301-05:00,600.77,600.99,600.6573,600.685,67803.0,600.8614308968625
2025-02-04 12:20:04.693058-05:00,600.685,600.8935,600.34,600.62,91157.0,600.4859739833473
2025-02-04 12:21:08.552196-05:00,600.62,600.7701,600.32,600.4404,105631.0,600.445845709119
2025-02-04 12:21:48.211844-05:00,600.325,600.7504,600.06,600.22,112018.0,600.2042948329743
2025-02-04 12:22:09.628715-05:00,600.22,600.52,600.175,600.5,151395.0,600.3288692618644
2025-02-04 12:23:31.604669-05:00,600.51,600.7,600.287,600.525,70476.0,600.5593036154149
2025-02-04 12:25:02.766351-05:00,600.525,600.8,600.3475,600.6,61068.0,600.6525222293186
2025-02-04 12:26:42.576709-05:00,600.6,600.6606,600.29,600.41,61809.0,600.4577082738757
2025-02-04 12:28:41.438791-05:00,600.41,600.55,600.11,600.11,75825.0,600.3431817276626
2025-02-04 12:29:26.073239-05:00,600.1,600.4723,599.8101,599.86,81478.0,599.9794022754616
2025-02-04 12:30:37.258432-05:00,599.8699,600.2874,599.668,600.01,72975.0,599.8118086056871
2025-02-04 12:31:51.436950-05:00,600.02,600.0921,599.6,599.63,88055.0,599.8160126716261
2025-02-04 12:33:04.804823-05:00,599.63,599.91,599.39,599.61,70561.0,599.5267107764911
2025-02-04 12:34:55.989055-05:00,599.58,600.0234,599.536,599.73,78665.0,599.7214821915713
2025-02-04 12:36:22.404786-05:00,599.73,600.32,599.6623,600.26,76528.0,599.9759612991322
2025-02-04 12:36:54.629175-05:00,600.21,600.3999,599.7978,600.23,102510.0,600.3061952560727
2025-02-04 12:39:13.372409-05:00,600.23,607.46,599.9319,600.1399,78743.0,600.1610102256695
2025-02-04 12:40:43.198753-05:00,600.1296,600.2134,599.9276,599.96,72708.0,600.0957393216707
2025-02-04 12:43:07.734528-05:00,599.96,600.325,599.9599,600.31,85965.0,600.1196132647004
2025-02-04 12:44:18.302653-05:00,600.31,600.51,600.1449,600.44,139792.0,600.3882346092773
2025-02-04 12:46:26.477274-05:00,600.44,600.49,600.1,600.25,84272.0,600.2880860606126
2025-02-04 12:49:12.541780-05:00,600.24,600.48,600.13,600.2007,55985.0,600.325347673485
2025-02-04 12:51:50.871118-05:00,600.22,600.54,600.205,600.3728,53856.0,600.3892682895128
2025-02-04 12:53:45.585325-05:00,600.37,600.66,600.3523,600.47,93633.0,600.5084294426116
2025-02-04 12:55:43.062913-05:00,600.48,600.58,600.37,600.52,85190.0,600.4720819802797
2025-02-04 12:58:04.138947-05:00,600.52,600.78,600.43,600.76,60031.0,600.573851541704
2025-02-04 12:59:32.248316-05:00,600.75,601.0,600.5,601.0,62845.0,600.8871180794013
2025-02-04 13:01:23.196387-05:00,601.0,601.05,600.6343,600.8888,54398.0,600.9544605040628
2025-02-04 13:02:39.781039-05:00,600.8702,600.92,600.6828,600.78,84343.0,600.8059719834504
2025-02-04 13:04:43.003100-05:00,600.78,600.88,600.46,600.48,65191.0,600.6782829639066
2025-02-04 13:06:07.463662-05:00,600.48,600.7824,600.1,600.17,63569.0,600.269703179222
2025-02-04 13:08:12.899523-05:00,600.17,600.679,600.12,600.14,70443.0,600.2775140794681
2025-02-04 13:10:37.067599-05:00,600.14,600.5451,600.14,600.39,44128.0,600.3591401717729
2025-02-04 13:12:32.952617-05:00,600.39,600.65,600.3008,600.63,62490.0,600.5369231397023
2025-02-04 13:14:42.837143-05:00,600.63,600.83,600.4054,600.71,41548.0,600.7244450154042
2025-02-04 13:17:16.659890-05:00,600.71,600.83,600.4967,600.81,72456.0,600.784931467373
2025-02-04 13:19:44.558850-05:00,600.81,600.9175,600.6013,600.84,47925.0,600.8534264580071
2025-02-04 13:21:33.686437-05:00,600.85,600.89,600.66,600.88,75243.0,600.7586625227598
2025-02-04 13:24:00.792864-05:00,600.885,601.06,600.28,601.06,50518.0,600.9465914466124
2025-02-04 13:25:54.067305-05:00,601.06,601.25,600.8468,601.17,51830.0,601.1473044665253
2025-02-04 13:28:12.838349-05:00,601.18,601.21,600.3073,601.18,60434.0,601.119648207963
2025-02-04 13:30:19.073561-05:00,601.17,604.5285,601.08,601.115,50154.0,601.1287722953307
2025-02-04 13:31:52.181073-05:00,601.115,601.26,601.1,601.1888,34162.0,601.1842874743866
2025-02-04 13:33:52.129324-05:00,601.19,601.25,601.1117,601.17,54312.0,601.178042683017
2025-02-04 13:36:17.371831-05:00,601.17,601.24,601.09,601.14,53232.0,601.1663761609556
2025-02-04 13:38:18.723019-05:00,601.14,601.1738,600.925,601.13,69774.0,601.0198595479699
2025-02-04 13:40:29.830224-05:00,601.1301,601.16,600.835,601.085,57988.0,600.9539238445881
2025-02-04 13:43:31.534396-05:00,600.97,601.05,600.878,600.965,44721.0,600.9620818496903
2025-02-04 13:45:52.593148-05:00,600.97,601.02,600.9123,600.93,35557.0,600.9774959248542
2025-02-04 13:48:38.686852-05:00,600.93,601.08,600.925,601.05,50052.0,601.0262007232471
2025-02-04 13:51:15.009449-05:00,601.055,601.22,601.0,601.17,45845.0,601.1106195310299
2025-02-04 13:53:42.107424-05:00,601.17,601.18,600.8604,600.96,51651.0,600.9749093183095
2025-02-04 13:56:43.811868-05:00,600.959,601.11,600.9026,600.92,54983.0,600.9967364385358
2025-02-04 13:59:25.687209-05:00,600.92,601.0128,600.75,600.8,38452.0,600.870986796526
2025-02-04 14:01:05.016623-05:00,600.8,600.9363,600.57,600.82,71512.0,600.7025173397477
2025-02-04 14:03:09.674767-05:00,600.82,601.15,600.722,601.1384,68109.0,600.9477926368031
2025-02-04 14:05:15.047336-05:00,601.1384,601.25,600.8249,601.25,94375.0,601.1690268503316
2025-02-04 14:06:47.993018-05:00,601.25,601.5,600.9665,601.45,67679.0,601.3704412343558
2025-02-04 14:08:49.334113-05:00,601.45,601.53,601.2074,601.46,78342.0,601.4784393760702
2025-02-04 14:10:50.480846-05:00,601.46,601.748,601.1943,601.71,71094.0,601.5717695572051
2025-02-04 14:13:00.492687-05:00,601.69,601.79,601.4308,601.71,87044.0,601.7124651268315
2025-02-04 14:15:12.767804-05:00,601.715,601.77,601.5128,601.74,75586.0,601.6743309316544
2025-02-04 14:17:49.591011-05:00,601.74,601.77,601.63,601.66,71676.0,601.7019082621789
2025-02-04 14:19:58.898774-05:00,601.66,601.85,601.62,601.85,88986.0,601.7420921369662
2025-02-04 14:21:15.745098-05:00,601.85,602.15,601.7514,602.1,85855.0,601.985288987246
2025-02-04 14:23:17.123695-05:00,602.1,602.1064,601.73,601.8976,61506.0,601.8821140929336
2025-02-04 14:25:37.029743-05:00,601.89,601.95,601.8023,601.91,78899.0,601.8830844611475
2025-02-04 14:27:21.256022-05:00,601.91,601.91,601.68,601.73,103539.0,601.8132625213683
2025-02-04 14:29:46.397720-05:00,601.72,601.9299,601.7,601.84,81129.0,601.8401192237062
2025-02-04 14:31:49.823908-05:00,601.84,602.13,601.8341,602.0778,71128.0,602.0277568074458
2025-02-04 14:33:26.548847-05:00,602.079,602.18,601.9063,602.02,91214.0,602.0385915725657
2025-02-04 14:36:03.204402-05:00,602.01,602.15,601.9168,602.15,81692.0,602.0589880612534
2025-02-04 14:37:19.795694-05:00,602.15,602.318,602.015,602.11,96981.0,602.1997373062767
2025-02-04 14:39:20.555656-05:00,602.11,602.229,602.0496,602.1,89796.0,602.1364689407109
2025-02-04 14:41:16.041614-05:00,602.1,602.15,601.96,602.02,76477.0,602.0489601579568
2025-02-04 14:43:31.655253-05:00,601.99,602.1287,601.91,601.91,84699.0,601.9830650279227
2025-02-04 14:45:31.574088-05:00,601.91,602.1,601.81,602.08,87445.0,601.9612980707883
2025-02-04 14:47:31.944626-05:00,602.08,602.1,601.77,601.7707,77047.0,601.9696024491548
2025-02-04 14:49:42.411143-05:00,601.78,601.98,601.7331,601.7801,73997.0,601.7869126437552
2025-02-04 14:52:00.821471-05:00,601.8032,601.92,601.65,601.85,82511.0,601.7672759159376
2025-02-04 14:54:16.221775-05:00,601.845,601.92,601.7261,601.87,63343.0,601.8387896736814
2025-02-04 14:55:49.335046-05:00,601.87,601.96,601.8072,601.94,116555.0,601.9025403122989
2025-02-04 14:57:44.196158-05:00,601.94,601.96,601.74,601.83,76779.0,601.8371774209098
2025-02-04 14:58:52.382769-05:00,601.83,601.91,601.775,601.8201,119328.0,601.8541698578719
2025-02-04 14:59:44.327085-05:00,601.8238,601.91,600.83,600.88,89183.0,601.345494965408
2025-02-04 14:59:56.321547-05:00,600.88,601.51,600.87,601.51,92675.0,601.2339998295115
2025-02-04 15:00:41.267167-05:00,601.47,601.53,601.2,601.39,104813.0,601.3348198238759
2025-02-04 15:01:48.956286-05:00,601.395,601.54,601.26,601.485,94025.0,601.4227003796859
2025-02-04 15:03:07.951710-05:00,601.48,601.57,601.19,601.32,87023.0,601.3618612596674
2025-02-04 15:04:57.362868-05:00,601.325,601.52,601.21,601.45,77209.0,601.3798993640636
2025-02-04 15:06:24.202809-05:00,601.45,601.62,601.38,601.505,75199.0,601.5365441880876
2025-02-04 15:07:58.188829-05:00,601.505,601.74,601.429,601.6401,79357.0,601.6092312990661
2025-02-04 15:10:09.229361-05:00,601.655,601.72,601.3634,601.6192,65206.0,601.6138981719469
2025-02-04 15:11:14.247979-05:00,601.611,601.8677,601.4978,601.84,136837.0,601.7810405833218
2025-02-04 15:12:42.289085-05:00,601.84,601.92,601.5672,601.855,64579.0,601.8330141826292
2025-02-04 15:14:45.392400-05:00,601.8501,601.9,601.67,601.89,79988.0,601.8289217995199
2025-02-04 15:16:30.640840-05:00,601.88,601.9,601.7391,601.795,79978.0,601.8398883267885
2025-02-04 15:17:47.144375-05:00,601.795,601.8292,601.61,601.73,130934.0,601.7080180014366
2025-02-04 15:19:15.136705-05:00,601.735,601.776,601.48,601.54,88669.0,601.5698679437006
2025-02-04 15:20:48.362846-05:00,601.54,601.746,601.37,601.4,69617.0,601.5463330134886
2025-02-04 15:22:22.912584-05:00,601.4,601.7065,601.3,601.46,102128.0,601.3685617196061
2025-02-04 15:24:16.910718-05:00,601.46,601.4929,601.29,601.36,110529.0,601.4040544870572
2025-02-04 15:25:54.306560-05:00,601.35,601.55,601.18,601.33,129196.0,601.2997836790619
2025-02-04 15:27:46.523604-05:00,601.33,601.4851,601.26,601.28,114608.0,601.3173404230071
2025-02-04 15:29:09.732399-05:00,601.285,601.3512,601.02,601.15,101585.0,601.138654328887
2025-02-04 15:30:27.625631-05:00,601.155,601.3102,600.97,601.24,86580.0,601.1301991314391
2025-02-04 15:32:01.179486-05:00,601.25,601.29,601.07,601.12,79225.0,601.1966023174507
2025-02-04 15:33:21.991200-05:00,601.12,601.22,601.05,601.18,111477.0,601.1517293055967
2025-02-04 15:34:27.300323-05:00,601.19,601.4204,601.11,601.4204,92996.0,601.2314184362768
2025-02-04 15:35:07.774971-05:00,601.4241,601.43,601.1779,601.31,125818.0,601.3371488912544
2025-02-04 15:36:31.561057-05:00,601.31,601.47,601.2256,601.39,89668.0,601.3961720981845
2025-02-04 15:37:43.533849-05:00,601.3901,601.72,601.2417,601.71,88298.0,601.5660147285328
2025-02-04 15:38:54.010573-05:00,601.72,601.8,601.2915,601.755,83720.0,601.729663542762
2025-02-04 15:40:06.324648-05:00,601.755,601.8555,601.3569,601.4097,116397.0,601.7558203673638
2025-02-04 15:41:35.810257-05:00,601.4097,601.89,601.4097,601.85,72650.0,601.8182401569175
2025-02-04 15:42:44.166221-05:00,601.85,601.9444,601.71,601.72,133026.0,601.8430859613904
2025-02-04 15:44:01.577610-05:00,601.72,601.7901,601.5575,601.63,97498.0,601.6606141284947
2025-02-04 15:45:11.329650-05:00,601.65,601.778,601.55,601.58,104015.0,601.6100920030759
2025-02-04 15:46:17.598954-05:00,601.58,601.7214,601.45,601.485,80421.0,601.5618848534583
2025-02-04 15:47:31.328703-05:00,601.49,601.6969,601.33,601.41,88046.0,601.4300033789151
2025-02-04 15:48:36.748495-05:00,601.4,601.6699,601.39,601.52,89554.0,601.4510757397777
2025-02-04 15:49:29.299667-05:00,601.5201,601.6502,601.47,601.52,83934.0,601.5163308337504
2025-02-04 15:50:00.161729-05:00,601.525,601.55,601.23,601.31,102587.0,601.4311489750156
2025-02-04 15:50:46.204033-05:00,601.3,601.5924,601.26,601.495,104904.0,601.4300952499437
2025-02-04 15:51:24.846588-05:00,601.495,601.52,601.39,601.47,131016.0,601.4717801757037
2025-02-04 15:52:15.003728-05:00,601.47,601.55,601.45,601.54,84955.0,601.5063359543286
2025-02-04 15:53:00.056614-05:00,601.54,601.62,601.47,601.52,114042.0,601.5400417942516
2025-02-04 15:53:38.209141-05:00,601.52,601.66,601.4778,601.62,98771.0,601.5749259964975
2025-02-04 15:54:12.109152-05:00,601.614,601.85,601.4926,601.84,104262.0,601.73193223322
2025-02-04 15:54:40.064167-05:00,601.84,601.98,601.5467,601.96,118416.0,601.9013980492499
2025-02-04 15:55:04.018096-05:00,601.97,602.02,601.5787,601.8,108252.0,601.9338594058307
2025-02-04 15:55:41.144546-05:00,601.8,601.98,601.6005,601.97,104066.0,601.8838237099533
2025-02-04 15:56:18.443709-05:00,601.97,601.97,601.6109,601.8,87907.0,601.8808716131822
2025-02-04 15:56:56.623806-05:00,601.81,601.92,601.6297,601.91,93975.0,601.7862485278004
2025-02-04 15:57:32.272942-05:00,601.91,602.0,601.7749,601.9484,102051.0,601.9215866596116
2025-02-04 15:58:01.059083-05:00,601.94,602.0,601.809,601.9,97156.0,601.94975837519
2025-02-04 15:58:27.711673-05:00,601.91,602.03,601.8489,602.0,111376.0,601.9799025597977
2025-02-04 15:58:52.039670-05:00,601.99,602.08,601.9313,602.06,123448.0,602.0232484325376
2025-02-04 15:59:00.055242-05:00,602.055,602.16,601.9159,602.045,206247.0,602.0712061959689
2025-02-04 15:59:06.075143-05:00,602.08,602.18,602.045,602.155,201986.0,602.1099073683322
2025-02-04 15:59:14.137432-05:00,602.16,602.23,602.09,602.22,202692.0,602.1576109540591
2025-02-04 15:59:23.782474-05:00,602.21,602.27,602.15,602.22,155599.0,602.2111135264364
2025-02-04 15:59:30.732025-05:00,602.22,602.23,602.0372,602.16,157565.0,602.1815619699809
2025-02-04 15:59:37.075599-05:00,602.16,602.19,601.93,601.96,210434.0,602.0318115765509
2025-02-04 15:59:42.072919-05:00,601.95,601.96,601.85,601.85,173480.0,601.902808366382
2025-02-04 15:59:46.056841-05:00,601.85,601.94,601.76,601.79,159478.0,601.8443795194326
2025-02-04 15:59:50.405258-05:00,601.77,601.85,601.68,601.695,142718.0,601.7846116845803
2025-02-04 15:59:55.779405-05:00,601.695,601.85,601.66,601.74,224802.0,601.7381011223208
2025-02-05 09:30:00.539053-05:00,601.74,601.79,600.64,600.64,433767.0,601.0042998771227
2025-02-05 09:30:01.658744-05:00,600.64,600.73,600.56,600.64,13278.0,600.6275359993832
2025-02-05 09:30:01.831902-05:00,600.64,600.64,600.62,600.64,1695.0,600.6382230088586
2025-02-05 09:30:02.632560-05:00,600.64,600.6588,600.54,600.58,5208.0,600.591548195087
2025-02-05 09:30:12.175804-05:00,600.58,600.72,600.49,600.61,42420.0,600.5970766949561
2025-02-05 09:30:47.648949-05:00,600.595,600.71,600.47,600.615,96522.0,600.5897783489763
2025-02-05 09:31:15.347650-05:00,600.64,600.72,600.42,600.465,112301.0,600.540403754196
2025-02-05 09:31:56.934112-05:00,600.45,600.64,600.32,600.35,77114.0,600.4634527362092
2025-02-05 09:32:48.115822-05:00,600.35,600.64,600.2,600.28,82348.0,600.3199763503677
2025-02-05 09:33:31.873747-05:00,600.3,600.5288,600.25,600.5,70994.0,600.403912416543
2025-02-05 09:34:25.951055-05:00,600.5125,600.64,600.37,600.5188,82062.0,600.5008958433859
2025-02-05 09:35:10.796782-05:00,600.52,600.6688,600.39,600.41,75565.0,600.5025264156681
2025-02-05 09:35:51.854269-05:00,600.415,600.78,597.99,600.74,115858.0,600.6240795473774
2025-02-05 09:36:33.533985-05:00,600.741,600.935,600.4846,600.92,108414.0,600.7936799739891
2025-02-05 09:37:11.259155-05:00,600.91,601.0,600.571,600.6975,117233.0,600.846790199859
2025-02-05 09:38:19.729606-05:00,600.69,600.89,600.6271,600.86,85116.0,600.7582832546169
2025-02-05 09:39:13.844622-05:00,600.86,601.06,600.7297,601.01,117284.0,600.9455733450424
2025-02-05 09:40:26.744954-05:00,601.0099,601.11,600.7917,600.9,63002.0,600.9799270483477
2025-02-05 09:41:32.669736-05:00,600.9,600.9989,600.85,600.8922,93994.0,600.92042518565
2025-02-05 09:42:33.673067-05:00,600.905,601.09,600.9027,600.98,79291.0,601.0227124490799
2025-02-05 09:43:36.441161-05:00,600.975,600.99,600.75,600.91,82095.0,600.854195617273
2025-02-05 09:44:54.567127-05:00,600.9116,601.0601,600.81,600.93,89010.0,600.8881257420524
2025-02-05 09:46:17.149237-05:00,600.9309,601.092,600.8486,600.9,51611.0,600.960731541726
2025-02-05 09:47:30.490696-05:00,600.9088,600.97,600.82,600.9,57993.0,600.8968002896901
2025-02-05 09:48:51.360509-05:00,600.9,601.05,600.8801,600.94,52862.0,600.9578608906212
2025-02-05 09:49:51.469085-05:00,600.95,600.96,600.62,600.66,44398.0,600.8179355331321
2025-02-05 09:50:55.159143-05:00,600.66,600.9085,600.54,600.8,57090.0,600.6883942897176
2025-02-05 09:51:46.690237-05:00,600.8,600.8329,600.366,600.37,64496.0,600.6008667653804
2025-02-05 09:52:26.839713-05:00,600.3799,600.7756,600.05,600.095,63571.0,600.2371164980904
2025-02-05 09:53:22.820424-05:00,600.0999,600.5429,600.08,600.295,67338.0,600.1847579761811
2025-02-05 09:54:16.753103-05:00,600.28,600.6023,600.12,600.2,85767.0,600.1874055231036
2025-02-05 09:55:34.540529-05:00,600.19,600.5454,600.1101,600.1338,45013.0,600.1910831204334
2025-02-05 09:56:33.682467-05:00,600.1599,600.2411,600.03,600.0913,66555.0,600.0970766103217
2025-02-05 09:57:08.155432-05:00,600.1,600.1937,599.88,599.9,50430.0,600.0191375153673
2025-02-05 09:57:47.462515-05:00,599.88,600.144,599.566,599.6,61168.0,599.7115825284458
2025-02-05 09:58:35.812965-05:00,599.6,600.226,599.47,599.6035,79579.0,599.6089764410216
2025-02-05 09:59:27.851323-05:00,599.56,600.2,599.56,600.2,86689.0,599.8522094291084
2025-02-05 10:00:00.013415-05:00,600.1935,600.73,599.9328,600.51,94026.0,600.1847703082126
2025-02-05 10:00:06.947090-05:00,600.5,601.1,600.0892,600.97,85010.0,600.8435869944716
2025-02-05 10:00:30.628609-05:00,600.97,601.1,600.0738,600.7,94974.0,600.8563493735127
2025-02-05 10:01:04.349645-05:00,600.71,600.78,600.4112,600.4112,85722.0,600.5923207659646
2025-02-05 10:01:20.816295-05:00,600.44,600.4756,599.83,600.34,97221.0,600.2236715318709
2025-02-05 10:02:09.193228-05:00,600.34,600.57,600.21,600.4349,61137.0,600.3982184160161
2025-02-05 10:02:54.309566-05:00,600.42,600.56,599.91,600.07,70377.0,600.0984576580416
2025-02-05 10:03:29.231061-05:00,600.05,600.3247,599.5,599.5,78969.0,599.7657744861912
2025-02-05 10:03:45.418485-05:00,599.48,599.7811,599.02,599.055,84898.0,599.2945298522932
2025-02-05 10:04:02.380959-05:00,599.0556,600.1004,598.78,598.84,73889.0,598.9934077413416
2025-02-05 10:04:14.711934-05:00,598.84,600.019,598.63,598.635,89867.0,598.7504688450714
2025-02-05 10:04:43.545275-05:00,598.635,599.79,598.58,598.68,79574.0,598.7448842725007
2025-02-05 10:05:19.102369-05:00,598.68,599.8602,598.63,598.89,107173.0,598.8356650313048
2025-02-05 10:05:48.585624-05:00,598.89,599.23,598.88,599.17,110023.0,599.0442835625271
2025-02-05 10:06:19.277028-05:00,599.17,599.3501,599.01,599.14,80090.0,599.181011867899
2025-02-05 10:07:05.498557-05:00,599.14,599.17,598.89,599.01,58550.0,599.0239516942786
2025-02-05 10:07:35.967218-05:00,599.0099,599.125,598.8501,598.959,69524.0,598.9716446709054
2025-02-05 10:08:10.962834-05:00,598.96,599.3392,598.93,599.31,84994.0,599.1629149328191
2025-02-05 10:08:59.958041-05:00,599.32,599.45,598.9862,599.14,75247.0,599.27293756163
2025-02-05 10:09:41.265010-05:00,599.13,599.5945,599.0071,599.25,91587.0,599.3031751362086
2025-02-05 10:10:15.543502-05:00,599.255,599.69,599.0934,599.6,101777.0,599.5029960727867
2025-02-05 10:11:00.680201-05:00,599.6388,599.7,599.1826,599.48,86146.0,599.5230368154066
2025-02-05 10:12:05.874891-05:00,599.48,599.54,599.05,599.1799,77461.0,599.2202902905984
2025-02-05 10:12:56.960552-05:00,599.1782,599.36,598.97,599.03,62665.0,599.1726351902976
2025-02-05 10:13:53.391805-05:00,599.02,599.59,598.99,599.54,59935.0,599.334240286978
2025-02-05 10:14:54.607949-05:00,599.54,599.9,599.1574,599.9,81668.0,599.7205842129114
2025-02-05 10:15:46.431091-05:00,599.9,600.05,599.4537,599.94,64813.0,599.9525639748198
2025-02-05 10:16:50.211478-05:00,599.94,599.95,599.34,599.34,73599.0,599.605878115192
2025-02-05 10:17:58.527787-05:00,599.34,599.5983,599.23,599.55,48972.0,599.3901571387729
2025-02-05 10:18:58.977231-05:00,599.55,599.6557,599.36,599.58,73376.0,599.468278607446
2025-02-05 10:20:04.019203-05:00,599.59,599.6799,599.39,599.51,75914.0,599.5439562228308
2025-02-05 10:21:02.684292-05:00,599.51,599.87,599.4444,599.54,72994.0,599.6303790722513
2025-02-05 10:22:25.462303-05:00,599.55,599.6999,599.34,599.55,64285.0,599.5191949583875
2025-02-05 10:23:10.543249-05:00,599.55,600.2,599.54,599.6238,67240.0,599.9687594006546
2025-02-05 10:24:35.958615-05:00,600.21,600.23,599.6331,600.14,58410.0,600.0347044324603
2025-02-05 10:25:35.906605-05:00,600.14,600.43,599.6886,600.39,75009.0,600.2810112546498
2025-02-05 10:26:41.251380-05:00,600.4,600.5235,599.7526,600.46,63461.0,600.4024706969628
2025-02-05 10:27:50.696100-05:00,600.46,600.46,600.124,600.36,63777.0,600.3686312463741
2025-02-05 10:29:02.542183-05:00,600.36,600.47,599.9225,600.4484,65401.0,600.3681992660662
2025-02-05 10:30:00.128077-05:00,600.44,600.66,600.0345,600.565,57331.0,600.5145927962187
2025-02-05 10:30:59.173011-05:00,600.55,600.65,600.33,600.33,55472.0,600.525698954428
2025-02-05 10:31:44.974862-05:00,600.33,600.4484,599.888,599.94,63405.0,600.1886351628419
2025-02-05 10:32:32.647972-05:00,599.915,600.3681,599.77,599.9799,70886.0,599.9167280845301
2025-02-05 10:33:29.724450-05:00,599.98,600.332,599.955,600.28,55337.0,600.1380869345995
2025-02-05 10:34:46.717129-05:00,600.29,600.47,600.1154,600.46,58508.0,600.3937983438167
2025-02-05 10:36:10.553504-05:00,600.46,600.65,600.1333,600.65,68636.0,600.5079455985194
2025-02-05 10:37:22.804558-05:00,600.65,600.725,600.2261,600.675,75196.0,600.6416986382258
2025-02-05 10:38:45.569712-05:00,600.68,600.83,600.5293,600.72,78525.0,600.7405901572746
2025-02-05 10:40:13.814663-05:00,600.71,600.905,600.4229,600.88,73591.0,600.7826915886458
2025-02-05 10:41:33.313446-05:00,600.89,600.9,600.4409,600.715,72295.0,600.8279203748535
2025-02-05 10:42:20.709717-05:00,600.715,600.98,600.4963,600.97,42351.0,600.7905614460116
2025-02-05 10:42:42.512162-05:00,600.97,600.99,600.6205,600.97,11881.0,600.9464803299375
2025-02-05 10:43:02.810115-05:00,600.94,600.99,600.8072,600.97,12084.0,600.946886775905
2025-02-05 10:43:21.838073-05:00,600.98,601.0,600.8113,600.982,28368.0,600.9683533171245
2025-02-05 10:43:42.454754-05:00,600.99,601.0,600.6976,600.89,12002.0,600.9262917180488
2025-02-05 10:44:36.248483-05:00,600.86,600.91,600.64,600.6665,33320.0,600.7561011344532
2025-02-05 10:45:03.518541-05:00,600.665,600.8444,600.6,600.78,98880.0,600.7323291282364
2025-02-05 10:46:51.479057-05:00,600.78,600.88,600.7,600.82,50755.0,600.7935675972802
2025-02-05 10:48:19.320350-05:00,600.82,600.87,600.45,600.565,68642.0,600.6412003846037
2025-02-05 10:49:21.459251-05:00,600.565,600.7621,600.32,600.34,113841.0,600.5270592870759
2025-02-05 10:50:58.127549-05:00,600.3499,600.732,600.27,600.37,52339.0,600.428302726457
2025-02-05 10:52:17.447036-05:00,600.37,600.6874,600.23,600.5,52002.0,600.4212523191413
2025-02-05 10:53:51.429596-05:00,600.5001,600.7,600.4195,600.645,44586.0,600.6182177656665
2025-02-05 10:55:32.554648-05:00,600.64,600.86,600.4712,600.84,56915.0,600.696814475973
2025-02-05 10:56:39.476868-05:00,600.8366,600.93,600.5922,600.66,50941.0,600.8441018864953
2025-02-05 10:58:32.735781-05:00,600.659,600.8137,600.46,600.5,44922.0,600.5934268309509
2025-02-05 11:00:16.083542-05:00,600.5,600.6867,600.37,600.63,72995.0,600.5481417686145
2025-02-05 11:02:03.316577-05:00,600.625,600.7,600.31,600.475,55228.0,600.5063281904111
2025-02-05 11:03:42.685411-05:00,600.48,600.85,600.45,600.795,50043.0,600.6808633035585
2025-02-05 11:05:03.357349-05:00,600.78,600.86,600.5953,600.67,93648.0,600.7557091470197
2025-02-05 11:06:36.088699-05:00,600.67,600.92,600.66,600.92,60982.0,600.8137529451313
2025-02-05 11:08:24.499550-05:00,600.91,600.94,600.6779,600.8977,58320.0,600.8851249262694
2025-02-05 11:09:18.528549-05:00,600.885,601.28,600.8097,601.24,90333.0,601.0698582002151
2025-02-05 11:10:41.127549-05:00,601.24,601.392,600.9033,601.305,63803.0,601.2928327398405
2025-02-05 11:12:01.338372-05:00,601.31,601.4197,600.9367,601.17,63886.0,601.2621541151425
2025-02-05 11:13:17.420797-05:00,601.17,601.2621,600.87,601.0,55113.0,601.0030951209334
2025-02-05 11:14:55.455919-05:00,601.0,601.1524,600.8,600.9626,64640.0,600.9530140934404
2025-02-05 11:16:43.089949-05:00,600.96,601.0995,600.47,600.5,43603.0,600.8601560305484
2025-02-05 11:18:20.793361-05:00,600.5199,601.0529,600.24,600.46,53996.0,600.4455905956
2025-02-05 11:19:58.603985-05:00,600.46,600.7494,600.32,600.45,69563.0,600.4676102310143
2025-02-05 11:21:53.612845-05:00,600.44,600.7285,600.25,600.35,65878.0,600.3662280032787
2025-02-05 11:23:08.546545-05:00,600.346,600.5685,600.12,600.335,71538.0,600.2258452430849
2025-02-05 11:25:10.752215-05:00,600.3386,600.5,600.2591,600.48,68275.0,600.3852805375319
2025-02-05 11:26:52.005809-05:00,600.48,600.78,600.3182,600.75,73822.0,600.5304029476322
2025-02-05 11:28:42.243055-05:00,600.75,600.95,600.3883,600.95,64833.0,600.8154111872041
2025-02-05 11:30:11.488018-05:00,600.9467,601.35,600.5205,601.3212,61443.0,601.1613650261219
2025-02-05 11:31:41.612529-05:00,601.32,601.43,600.8623,601.4,75783.0,601.277106535767
2025-02-05 11:32:43.466524-05:00,601.4,601.43,600.7439,601.3,126754.0,601.406544909824
2025-02-05 11:34:23.055877-05:00,601.29,601.42,600.4235,601.31,93972.0,600.8882740816402
2025-02-05 11:35:04.896778-05:00,601.31,601.43,601.28,601.42,146580.0,601.4126155969441
2025-02-05 11:35:40.495014-05:00,601.42,601.43,601.1912,601.42,184805.0,601.418502226131
2025-02-05 11:36:10.343905-05:00,601.42,601.442,601.4,601.44,130356.0,601.4205550431129
2025-02-05 11:36:12.071591-05:00,601.42,601.47,601.41,601.42,111077.0,601.4345097797022
2025-02-05 11:37:32.347587-05:00,601.4167,601.5,601.37,601.495,66013.0,601.4466386802591
2025-02-05 11:38:48.808585-05:00,601.49,601.62,601.3708,601.62,99117.0,601.4907841994816
2025-02-05 11:39:58.769017-05:00,601.615,601.72,601.4034,601.6,95436.0,601.6261258466409
2025-02-05 11:41:21.886545-05:00,601.6,601.67,601.4309,601.58,68951.0,601.6016342518592
2025-02-05 11:42:59.880542-05:00,601.58,601.69,601.39,601.6793,62432.0,601.5368880205662
2025-02-05 11:44:14.988319-05:00,601.6799,601.83,601.4681,601.82,76451.0,601.7564002890753
2025-02-05 11:45:37.052335-05:00,601.82,601.85,601.4973,601.8225,73641.0,601.7918099944322
2025-02-05 11:47:04.655074-05:00,601.81,601.88,600.385,601.764,75147.0,601.8276878544713
2025-02-05 11:48:45.131282-05:00,601.83,601.95,601.6529,601.94,57617.0,601.872235390596
2025-02-05 11:49:26.544059-05:00,601.948,602.239,601.7331,602.16,82143.0,602.0792289909053
2025-02-05 11:50:39.148616-05:00,602.15,602.31,601.7999,602.31,86080.0,602.2172103415415
2025-02-05 11:51:12.633984-05:00,602.31,602.55,602.0603,602.5,132754.0,602.3899394760238
2025-02-05 11:52:06.445291-05:00,602.5,602.68,602.0002,602.55,96604.0,602.5630420966019
2025-02-05 11:52:54.120287-05:00,602.55,602.88,602.2899,602.79,106125.0,602.7655008716147
2025-02-05 11:53:59.796792-05:00,602.79,602.86,602.2642,602.81,71904.0,602.7701571845789
2025-02-05 11:54:55.258802-05:00,602.81,602.86,602.59,602.645,62758.0,602.6748641320631
2025-02-05 11:55:49.908228-05:00,602.645,602.75,602.3549,602.685,85448.0,602.6142741562123
2025-02-05 11:57:00.828473-05:00,602.69,602.7276,602.4463,602.46,93073.0,602.5921948535015
2025-02-05 11:58:08.975053-05:00,602.47,602.68,602.34,602.66,91798.0,602.4713601549059
2025-02-05 11:59:22.017979-05:00,602.65,602.77,602.5229,602.66,86175.0,602.6940222233831
2025-02-05 12:00:23.120864-05:00,602.66,602.8,602.56,602.795,84393.0,602.6801887324767
2025-02-05 12:01:20.654702-05:00,602.8,602.95,602.6168,602.89,80739.0,602.8496904630978
2025-02-05 12:02:42.999122-05:00,602.89,602.96,602.6724,602.95,85455.0,602.9076742975834
2025-02-05 12:04:28.692187-05:00,602.95,603.02,602.7053,602.92,82958.0,602.9611882663527
2025-02-05 12:05:49.770541-05:00,602.92,602.97,602.7163,602.9,75882.0,602.909119738542
2025-02-05 12:07:24.465813-05:00,602.9,602.97,602.81,602.9,77489.0,602.8873541715601
2025-02-05 12:08:31.918617-05:00,602.9,603.17,602.844,603.13,134173.0,602.9453664723894
2025-02-05 12:10:19.906261-05:00,603.13,603.19,602.9297,603.11,62228.0,603.0727035112817
2025-02-05 12:12:13.880584-05:00,603.11,603.13,602.84,602.85,68513.0,603.0118316363319
2025-02-05 12:13:37.447375-05:00,602.85,603.0,602.81,602.97,96377.0,602.9199010873979
2025-02-05 12:15:08.856331-05:00,602.97,602.98,602.78,602.795,68585.0,602.9216431202165
2025-02-05 12:16:40.058838-05:00,602.79,602.9294,602.66,602.678,49500.0,602.7648864121206
2025-02-05 12:18:26.789532-05:00,602.6775,602.9183,602.61,602.73,99524.0,602.7235116082559
2025-02-05 12:20:24.415308-05:00,602.72,602.8585,602.505,602.51,81435.0,602.6517520230863
2025-02-05 12:21:42.692721-05:00,602.51,602.8208,602.315,602.42,81952.0,602.4758816673184
2025-02-05 12:23:43.956068-05:00,602.4199,602.66,602.4,602.56,52908.0,602.5073748261132
2025-02-05 12:25:52.671121-05:00,602.56,602.69,602.5,602.59,44114.0,602.6024001677467
2025-02-05 12:28:17.759781-05:00,602.59,602.74,602.5201,602.72,33715.0,602.6453920154247
2025-02-05 12:30:19.346610-05:00,602.72,602.74,602.46,602.59,56357.0,602.5867189985273
2025-02-05 12:32:45.289488-05:00,602.59,602.6569,602.44,602.59,44950.0,602.5398274327014
2025-02-05 12:34:55.770953-05:00,602.58,602.68,602.47,602.49,88485.0,602.6013758501448
2025-02-05 12:36:39.280618-05:00,602.49,602.76,602.49,602.72,69900.0,602.6018178569385
2025-02-05 12:38:30.940804-05:00,602.72,602.72,602.41,602.437,63831.0,602.59721016434
2025-02-05 12:41:04.527581-05:00,602.43,602.6,602.3821,602.48,48415.0,602.4798580295364
2025-02-05 12:43:27.786712-05:00,602.47,602.5679,602.37,602.46,65022.0,602.42827749531
2025-02-05 12:46:28.712477-05:00,602.46,602.72,602.45,602.7,35737.0,602.5816283543666
2025-02-05 12:48:54.195885-05:00,602.68,602.86,602.5021,602.81,61259.0,602.7691860624558
2025-02-05 12:51:36.218864-05:00,602.81,602.87,602.4,602.41,43223.0,602.7414798995901
2025-02-05 12:53:59.692010-05:00,602.41,602.6925,602.31,602.64,56755.0,602.5025925786264
2025-02-05 12:56:45.634717-05:00,602.65,602.85,602.575,602.69,41715.0,602.733820251708
2025-02-05 12:59:52.470523-05:00,602.7,602.73,602.54,602.65,62761.0,602.6353244068773
2025-02-05 13:02:49.815981-05:00,602.65,602.91,602.62,602.845,47419.0,602.7756386047781
2025-02-05 13:05:48.485420-05:00,602.845,602.89,602.7086,602.83,48541.0,602.8197744587054
2025-02-05 13:08:31.747891-05:00,602.83,602.87,602.5801,602.6466,53673.0,602.7610789391308
2025-02-05 13:11:31.272520-05:00,602.59,602.782,602.4538,602.49,52958.0,602.5772239378372
2025-02-05 13:14:20.116298-05:00,602.4875,602.7165,602.4175,602.57,111097.0,602.4871572886756
2025-02-05 13:17:01.560262-05:00,602.57,602.9,602.5219,602.875,56213.0,602.7985092434134
2025-02-05 13:19:51.509119-05:00,602.87,602.9,602.58,602.88,53020.0,602.7538360712947
2025-02-05 13:23:00.978756-05:00,602.89,602.89,602.6665,602.73,44195.0,602.768396108157
2025-02-05 13:26:03.180494-05:00,602.735,602.7689,602.56,602.61,53195.0,602.6528882225775
2025-02-05 13:27:45.848395-05:00,602.6192,602.6835,602.21,602.21,79589.0,602.4210957644907
2025-02-05 13:29:41.565025-05:00,602.21,602.62,602.208,602.4884,67332.0,602.4729258524918
2025-02-05 13:31:13.327719-05:00,602.485,602.71,602.38,602.69,44090.0,602.567054844637
2025-02-05 13:32:53.170546-05:00,602.68,602.765,602.4861,602.62,104785.0,602.7313880669939
2025-02-05 13:34:56.217048-05:00,602.6002,602.8388,602.415,602.81,51174.0,602.6496317094613
2025-02-05 13:37:00.344233-05:00,602.8175,602.95,602.6463,602.915,48771.0,602.841829804597
2025-02-05 13:39:16.333382-05:00,602.915,603.06,602.7417,603.06,50856.0,602.9746717417806
2025-02-05 13:40:27.976196-05:00,603.06,603.3,602.9735,603.282,93175.0,603.1255068956266
2025-02-05 13:41:50.882055-05:00,603.29,603.4,603.0019,603.145,81672.0,603.2866873347049
2025-02-05 13:44:05.954588-05:00,603.145,603.2623,602.94,603.1629,86030.0,603.0906171475065
2025-02-05 13:46:20.406118-05:00,603.11,603.1663,602.98,603.07,103006.0,603.0639770790042
2025-02-05 13:49:09.941925-05:00,603.09,603.14,603.03,603.09,54146.0,603.0816359768024
2025-02-05 13:52:10.965779-05:00,603.1,603.15,603.038,603.04,41026.0,603.1057557280744
2025-02-05 13:54:43.877075-05:00,603.04,603.12,602.77,602.795,47860.0,602.9135206080236
2025-02-05 13:57:01.765262-05:00,602.7971,602.9892,602.71,602.78,56584.0,602.8125509401951
2025-02-05 13:59:16.109033-05:00,602.78,603.0,602.67,602.97,69196.0,602.8662514885249
2025-02-05 14:01:51.986319-05:00,602.97,603.03,602.8445,602.97,49976.0,602.9553562890197
2025-02-05 14:04:16.105196-05:00,602.97,603.2,602.9008,603.11,82867.0,603.0223913137922
2025-02-05 14:06:19.226650-05:00,603.11,603.3299,603.0004,603.2701,63169.0,603.2025929316595
2025-02-05 14:08:15.631201-05:00,603.2888,603.48,603.0944,603.47,63410.0,603.3677814287971
2025-02-05 14:09:59.961348-05:00,603.47,603.6,603.2638,603.5299,78974.0,603.5358383328688
2025-02-05 14:11:51.430224-05:00,603.53,603.66,603.39,603.44,94792.0,603.4900148155965
2025-02-05 14:14:12.741250-05:00,603.44,603.525,603.31,603.44,85762.0,603.422155325202
2025-02-05 14:16:41.402377-05:00,603.44,603.485,603.31,603.4499,64751.0,603.4001927738566
2025-02-05 14:19:04.902263-05:00,603.4499,603.5,603.37,603.458,63384.0,603.4495422677653
2025-02-05 14:21:44.611818-05:00,603.46,603.469,603.35,603.4299,69959.0,603.418551574494
2025-02-05 14:23:55.442979-05:00,603.44,603.45,603.28,603.4301,93505.0,603.3498435698624
2025-02-05 14:26:45.148938-05:00,603.44,603.48,603.26,603.2799,57571.0,603.39716988588
2025-02-05 14:29:19.753391-05:00,603.26,603.3981,603.22,603.3399,77362.0,603.2875711912831
2025-02-05 14:30:54.644278-05:00,603.335,603.38,603.1,603.32,92645.0,603.2609853159914
2025-02-05 14:33:04.124997-05:00,603.2833,603.345,603.15,603.1899,73469.0,603.2378058732252
2025-02-05 14:35:33.093935-05:00,603.19,603.27,603.15,603.185,73139.0,603.2016301330357
2025-02-05 14:37:37.947672-05:00,603.18,603.2364,603.09,603.2,94348.0,603.1391512782469
2025-02-05 14:40:00.949936-05:00,603.2089,603.35,603.138,603.32,69379.0,603.2469617722927
2025-02-05 14:41:52.785112-05:00,603.3299,603.42,603.1897,603.2685,95078.0,603.346832609015
2025-02-05 14:44:07.042024-05:00,603.2685,603.3382,603.14,603.25,87529.0,603.2070813284743
2025-02-05 14:45:55.668868-05:00,603.25,603.3,603.05,603.07,103840.0,603.2151260333208
2025-02-05 14:48:04.622774-05:00,603.07,603.2315,603.03,603.13,82351.0,603.1197787106408
2025-02-05 14:50:42.827450-05:00,603.1336,603.2293,603.07,603.115,266363.0,603.1820784136697
2025-02-05 14:53:06.011760-05:00,603.1192,603.1918,603.03,603.065,51312.0,603.1151695685227
2025-02-05 14:55:15.263678-05:00,603.0601,603.1281,602.88,602.902,62606.0,602.9639288997868
2025-02-05 14:57:29.653524-05:00,602.9,603.13,602.9,603.015,56548.0,603.0249603133619
2025-02-05 14:59:58.792206-05:00,603.0136,603.0999,602.94,603.05,51400.0,603.0255902743181
2025-02-05 15:01:48.726167-05:00,603.05,603.37,603.0116,603.36,74018.0,603.2225413385926
2025-02-05 15:03:56.806674-05:00,603.36,603.38,603.1165,603.31,68354.0,603.3282336000805
2025-02-05 15:06:05.635527-05:00,603.3,603.34,603.15,603.1836,79418.0,603.2553697448938
2025-02-05 15:07:29.918773-05:00,603.19,603.32,603.03,603.15,135086.0,603.1927589468926
2025-02-05 15:09:51.522337-05:00,603.15,603.3599,603.14,603.34,84420.0,603.2693531686807
2025-02-05 15:11:43.772150-05:00,603.335,603.43,603.2212,603.38,68816.0,603.3563057908038
2025-02-05 15:13:53.362208-05:00,603.38,603.39,603.2577,603.34,63413.0,603.3435523236559
2025-02-05 15:15:31.436970-05:00,603.35,603.54,603.2695,603.52,80927.0,603.4411808815355
2025-02-05 15:16:30.619642-05:00,603.52,603.56,603.3962,603.52,147313.0,603.5191881313947
2025-02-05 15:18:18.018756-05:00,603.52,603.57,603.45,603.49,79378.0,603.5010831943372
2025-02-05 15:19:56.394652-05:00,603.4901,603.71,603.4817,603.69,95329.0,603.6354140534363
2025-02-05 15:21:12.452983-05:00,603.69,603.87,603.4902,603.83,84655.0,603.7791350977508
2025-02-05 15:22:23.138078-05:00,603.83,603.98,603.68,603.845,99763.0,603.8769182542632
2025-02-05 15:24:23.910229-05:00,603.84,603.9,603.6519,603.9,88738.0,603.8600312831037
2025-02-05 15:25:26.301254-05:00,603.91,603.97,603.77,603.78,135781.0,603.9213766108658
2025-02-05 15:26:42.782902-05:00,603.78,603.9094,603.68,603.72,100014.0,603.8024694392782
2025-02-05 15:27:55.248387-05:00,603.71,603.8476,603.62,603.785,131812.0,603.7081657345313
2025-02-05 15:29:44.109946-05:00,603.7888,603.91,603.6901,603.7301,89178.0,603.8108817051283
2025-02-05 15:31:13.091291-05:00,603.735,603.83,603.71,603.78,80830.0,603.7645657676601
2025-02-05 15:32:48.842927-05:00,603.78,603.84,603.745,603.78,78592.0,603.792953114821
2025-02-05 15:33:53.831411-05:00,603.795,603.8095,603.55,603.58,99878.0,603.6690199953937
2025-02-05 15:35:17.009390-05:00,603.58,603.7355,603.41,603.43,85120.0,603.5796981884404
2025-02-05 15:37:01.710954-05:00,603.42,603.7086,603.405,603.57,71479.0,603.5523655451254
2025-02-05 15:38:34.368019-05:00,603.57,603.701,603.47,603.5812,83090.0,603.6135817499088
2025-02-05 15:40:01.366401-05:00,603.59,603.6166,603.42,603.48,165315.0,603.4912945231832
2025-02-05 15:41:26.554792-05:00,603.48,603.6271,603.1801,603.23,76928.0,603.3454286410666
2025-02-05 15:42:46.300144-05:00,603.2499,603.5743,603.08,603.145,95132.0,603.2174031713836
2025-02-05 15:44:06.582132-05:00,603.145,603.4612,603.06,603.2572,85917.0,603.12922514869
2025-02-05 15:45:02.652273-05:00,603.13,603.3309,602.92,602.9901,104173.0,603.0154616167334
2025-02-05 15:45:57.919042-05:00,603.0,603.18,602.9793,603.13,90030.0,603.071527072087
2025-02-05 15:46:49.629776-05:00,603.13,603.34,603.0515,603.22,103910.0,603.2277290530272
2025-02-05 15:47:45.493886-05:00,603.22,603.2452,603.09,603.1301,108233.0,603.1549013877471
2025-02-05 15:49:04.687093-05:00,603.1306,603.28,603.09,603.15,84775.0,603.1792684623997
2025-02-05 15:50:00.016503-05:00,603.145,603.17,603.0,603.02,108638.0,603.1087269159962
2025-02-05 15:50:16.559543-05:00,603.06,603.418,602.91,603.375,94383.0,603.1840858374914
2025-02-05 15:51:06.135526-05:00,603.375,603.375,603.1569,603.295,98667.0,603.323514959408
2025-02-05 15:51:55.962792-05:00,603.295,603.32,603.13,603.29,91016.0,603.2509788048255
2025-02-05 15:52:43.748089-05:00,603.2975,603.52,603.2065,603.52,91777.0,603.3864035956713
2025-02-05 15:53:22.692763-05:00,603.52,603.56,603.2046,603.35,93215.0,603.4548571474537
2025-02-05 15:54:10.158222-05:00,603.3591,603.4081,603.2141,603.36,92912.0,603.3388192224909
2025-02-05 15:54:49.552459-05:00,603.35,603.51,603.28,603.47,88482.0,603.3998194909693
2025-02-05 15:55:12.451528-05:00,603.47,603.73,603.3248,603.6977,110670.0,603.5853528092529
2025-02-05 15:55:54.274267-05:00,603.6999,603.83,603.3118,603.72,98368.0,603.7424616145494
2025-02-05 15:56:36.348649-05:00,603.71,603.89,603.3528,603.86,85613.0,603.8128319577634
2025-02-05 15:57:16.423748-05:00,603.87,603.99,603.395,603.98,95428.0,603.9327568575261
2025-02-05 15:57:37.980474-05:00,603.98,604.1,603.6209,604.005,98496.0,604.0079345618095
2025-02-05 15:58:05.103849-05:00,604.0,604.03,603.6934,603.94,120350.0,603.9813053776479
2025-02-05 15:58:31.731540-05:00,603.94,604.03,603.7579,604.03,128260.0,603.967365557461
2025-02-05 15:58:50.551247-05:00,604.02,604.17,603.821,604.15,107286.0,604.0987268767595
2025-02-05 15:59:00.057270-05:00,604.15,604.25,603.841,604.19,179374.0,604.1568597896018
2025-02-05 15:59:03.554031-05:00,604.19,604.22,604.11,604.12,249387.0,604.192908481196
2025-02-05 15:59:19.170105-05:00,604.12,604.16,604.06,604.06,154834.0,604.107485999845
2025-02-05 15:59:30.599780-05:00,604.06,604.15,604.0,604.12,162084.0,604.0663064805901
2025-02-05 15:59:39.041468-05:00,604.12,604.25,604.09,604.19,172861.0,604.1586259399172
2025-02-05 15:59:47.600355-05:00,604.19,604.25,604.08,604.18,117135.0,604.181020233919
2025-02-05 15:59:55.006486-05:00,604.18,604.37,604.18,604.34,136173.0,604.292487782453
2025-02-06 09:30:00.801512-05:00,604.34,606.03,604.11,605.93,439231.0,605.5196148081567
2025-02-06 09:30:01.493395-05:00,605.93,606.0,605.7,605.93,14059.0,605.7637345472522
2025-02-06 09:30:05.999204-05:00,605.83,606.07,605.7688,605.93,55678.0,605.9209661715572
2025-02-06 09:30:13.801193-05:00,605.93,606.0688,605.65,605.73,103846.0,605.799842323248
2025-02-06 09:30:13.940494-05:00,605.72,605.77,605.54,605.65,91680.0,605.6750033813263
2025-02-06 09:30:14.150415-05:00,605.65,605.78,605.48,605.69,91754.0,605.6495676809736
2025-02-06 09:30:14.479993-05:00,605.65,605.89,605.46,605.64,123722.0,605.6492093168558
2025-02-06 09:30:16.647174-05:00,605.64,605.74,605.6,605.61,162184.0,605.676057234376
2025-02-06 09:30:59.427950-05:00,605.635,605.93,605.38,605.47,125993.0,605.5299515028612
2025-02-06 09:31:52.045542-05:00,605.485,605.93,605.43,605.5135,91678.0,605.5219081219038
2025-02-06 09:32:36.755630-05:00,605.52,605.93,605.45,605.58,127498.0,605.5159707689539
2025-02-06 09:33:22.265215-05:00,605.57,605.73,605.51,605.69,93712.0,605.6043397835929
2025-02-06 09:34:07.248021-05:00,605.69,605.72,605.57,605.61,99922.0,605.6454993094609
2025-02-06 09:35:00.076166-05:00,605.6299,605.79,605.5531,605.6,76443.0,605.6798903392078
2025-02-06 09:35:51.006731-05:00,605.6,605.93,605.44,605.57,91164.0,605.5274713088504
2025-02-06 09:36:42.908495-05:00,605.57,605.93,605.4,605.49,87798.0,605.4965228012021
2025-02-06 09:37:28.583751-05:00,605.48,605.5696,605.18,605.185,95219.0,605.4161612503814
2025-02-06 09:38:19.256218-05:00,605.1893,605.93,605.11,605.2199,79094.0,605.1939794864325
2025-02-06 09:39:16.248295-05:00,605.2115,605.4472,605.1,605.13,82475.0,605.2255997853892
2025-02-06 09:40:32.740173-05:00,605.125,605.362,605.1,605.21,81074.0,605.1705309396349
2025-02-06 09:41:58.763911-05:00,605.22,605.4702,605.2,605.31,74453.0,605.3326264005475
2025-02-06 09:43:18.971884-05:00,605.31,605.33,605.19,605.225,90846.0,605.245818521454
2025-02-06 09:44:48.112336-05:00,605.2384,605.6,605.18,605.59,78124.0,605.3887676770265
2025-02-06 09:45:37.405639-05:00,605.57,605.9804,605.319,605.96,85115.0,605.7427334676621
2025-02-06 09:46:20.280336-05:00,605.96,606.0,605.5118,606.0,84365.0,605.9452740816672
2025-02-06 09:47:13.966802-05:00,606.0,606.1,605.6534,605.75,81296.0,605.9671906575973
2025-02-06 09:48:14.351591-05:00,605.75,606.06,605.7203,605.965,120918.0,605.9418998122688
2025-02-06 09:49:40.116975-05:00,605.9612,605.97,605.6028,605.69,66011.0,605.851666573752
2025-02-06 09:50:47.732688-05:00,605.69,605.9161,605.44,605.5028,65025.0,605.5752400707416
2025-02-06 09:52:06.442324-05:00,605.5,605.8553,605.48,605.505,57215.0,605.5829733688709
2025-02-06 09:53:17.350994-05:00,605.51,605.7735,605.5,605.68,82053.0,605.6493506111901
2025-02-06 09:54:17.955228-05:00,605.675,605.81,605.6163,605.65,67097.0,605.7118544003451
2025-02-06 09:55:18.425009-05:00,605.65,605.6844,605.18,605.2334,79165.0,605.4342693172493
2025-02-06 09:56:40.463565-05:00,605.21,605.592,605.21,605.34,60466.0,605.3121547663148
2025-02-06 09:58:18.440128-05:00,605.34,605.5261,605.25,605.26,49159.0,605.3335508920023
2025-02-06 09:59:09.679684-05:00,605.24,605.4543,604.94,604.98,61009.0,605.0867723024462
2025-02-06 10:00:06.517652-05:00,604.9753,605.2999,604.9595,605.16,84601.0,605.0770738785596
2025-02-06 10:01:32.990836-05:00,605.15,605.3997,605.03,605.06,57285.0,605.2001282517239
2025-02-06 10:02:33.236372-05:00,605.045,605.1407,604.96,605.06,91943.0,605.0316052119239
2025-02-06 10:03:47.304226-05:00,605.07,605.2291,605.03,605.12,42484.0,605.1124284271715
2025-02-06 10:05:00.062128-05:00,605.12,605.2,604.98,605.06,60945.0,605.0719441824587
2025-02-06 10:06:16.730538-05:00,605.055,605.25,604.96,605.24,61399.0,605.0767375168984
2025-02-06 10:07:26.718340-05:00,605.24,605.28,605.0401,605.06,63995.0,605.1505304305037
2025-02-06 10:09:02.554647-05:00,605.07,605.35,605.05,605.3344,57559.0,605.1871724213406
2025-02-06 10:10:05.243890-05:00,605.3344,605.6,605.1248,605.5,69434.0,605.5041073033392
2025-02-06 10:11:43.796621-05:00,605.5,605.6,605.1729,605.56,49380.0,605.5031435034426
2025-02-06 10:13:05.549992-05:00,605.576,605.8,605.4247,605.8,59194.0,605.676515954321
2025-02-06 10:14:46.050491-05:00,605.7973,605.8,605.2979,605.76,46635.0,605.7438426396478
2025-02-06 10:16:20.649645-05:00,605.76,605.93,605.452,605.88,55568.0,605.8070752537433
2025-02-06 10:17:45.983914-05:00,605.88,605.945,605.68,605.72,70907.0,605.8247023016074
2025-02-06 10:18:50.481712-05:00,605.734,605.87,605.6519,605.8312,31550.0,605.7623255404106
2025-02-06 10:19:12.648754-05:00,605.84,605.92,605.7973,605.91,13886.0,605.8638733616599
2025-02-06 10:19:34.170295-05:00,605.92,605.93,605.76,605.79,20888.0,605.8321288443126
2025-02-06 10:20:24.206398-05:00,605.79,605.82,605.52,605.5375,49476.0,605.6923557765379
2025-02-06 10:22:10.941672-05:00,605.535,605.7921,605.49,605.735,51947.0,605.5956776271962
2025-02-06 10:24:02.997426-05:00,605.735,605.86,605.48,605.48,48077.0,605.7297076273479
2025-02-06 10:24:54.187850-05:00,605.48,605.6896,605.03,605.11,78064.0,605.215562701117
2025-02-06 10:25:39.764592-05:00,605.11,605.6433,604.82,604.9701,70316.0,604.9401177484507
2025-02-06 10:26:48.205967-05:00,604.9701,605.2841,604.88,605.12,79020.0,605.0120767096945
2025-02-06 10:28:35.921654-05:00,605.12,605.1883,604.94,605.16,63068.0,605.0394570495338
2025-02-06 10:30:05.307084-05:00,605.1598,605.2953,604.92,604.9514,65588.0,604.998414673416
2025-02-06 10:31:03.775739-05:00,604.965,605.03,604.8,604.8,81263.0,604.9047129813073
2025-02-06 10:32:16.530870-05:00,604.8,605.0929,604.74,604.93,56899.0,604.8788672331677
2025-02-06 10:33:54.398839-05:00,604.94,605.19,604.9,605.12,57186.0,605.0505168065611
2025-02-06 10:35:25.949646-05:00,605.12,605.23,604.95,605.0,65507.0,605.0980159540195
2025-02-06 10:36:52.109606-05:00,605.0,605.36,604.97,605.335,55213.0,605.1537821762984
2025-02-06 10:38:11.316411-05:00,605.335,605.55,605.0399,605.48,62000.0,605.4383958677408
2025-02-06 10:39:29.037125-05:00,605.49,605.7612,605.2235,605.625,69435.0,605.6531893583926
2025-02-06 10:39:37.866258-05:00,605.63,605.6849,605.06,605.11,107250.0,605.4295066620048
2025-02-06 10:39:52.200503-05:00,605.1,605.365,604.78,604.86,82747.0,605.0297528079567
2025-02-06 10:39:57.507049-05:00,604.86,605.2819,604.37,604.39,104137.0,604.5823177352911
2025-02-06 10:40:31.770041-05:00,604.39,605.1219,604.378,604.8607,101570.0,604.6817552357987
2025-02-06 10:41:28.684962-05:00,604.87,605.1,604.71,605.0662,74599.0,604.896604820441
2025-02-06 10:42:53.190037-05:00,604.99,605.36,604.7199,605.35,51291.0,605.1311175878803
2025-02-06 10:44:07.415737-05:00,605.35,605.36,604.71,604.88,58356.0,604.9968494482139
2025-02-06 10:45:29.495633-05:00,604.89,605.0513,604.55,604.6795,61829.0,604.6819058403015
2025-02-06 10:46:50.897595-05:00,604.685,604.915,604.53,604.58,85231.0,604.6526403127972
2025-02-06 10:47:58.779937-05:00,604.56,604.8101,604.3,604.3,88555.0,604.4068844108183
2025-02-06 10:48:50.321300-05:00,604.3,604.6207,604.14,604.28,61740.0,604.3067624327833
2025-02-06 10:50:08.051225-05:00,604.285,604.56,604.271,604.56,57954.0,604.4145894623325
2025-02-06 10:50:59.673668-05:00,604.56,604.77,604.4094,604.67,69598.0,604.6491753426812
2025-02-06 10:52:17.356297-05:00,604.67,604.8899,604.4657,604.86,54643.0,604.7310556320117
2025-02-06 10:53:44.052971-05:00,604.86,604.9,604.5038,604.7,59297.0,604.7992867784208
2025-02-06 10:55:29.107048-05:00,604.7,604.94,604.5761,604.82,67921.0,604.783831736871
2025-02-06 10:57:32.760891-05:00,604.82,604.84,604.6,604.65,62390.0,604.6900058342679
2025-02-06 10:59:40.470191-05:00,604.65,604.8,604.52,604.6587,54469.0,604.668604582423
2025-02-06 11:01:43.649725-05:00,604.6501,604.889,604.54,604.78,59177.0,604.6724554607364
2025-02-06 11:03:49.666077-05:00,604.78,605.0,604.6695,604.99,68291.0,604.8498283653762
2025-02-06 11:05:30.801524-05:00,604.99,604.9999,604.7867,604.84,73688.0,604.900359878136
2025-02-06 11:07:15.245620-05:00,604.84,605.06,604.81,605.01,54391.0,604.9319346509528
2025-02-06 11:09:08.734646-05:00,605.01,605.1,604.82,605.07,56150.0,604.9275860267138
2025-02-06 11:10:32.518742-05:00,605.07,605.44,604.9174,605.44,62109.0,605.2009357758134
2025-02-06 11:11:40.077403-05:00,605.45,605.52,600.64,605.4601,75140.0,605.4510289472988
2025-02-06 11:13:30.676201-05:00,605.47,605.552,605.2221,605.31,81833.0,605.4308460621018
2025-02-06 11:15:36.367064-05:00,605.305,605.62,605.1666,605.581,49011.0,605.5180949399122
2025-02-06 11:17:39.146990-05:00,605.585,605.62,605.3266,605.55,80761.0,605.544584166862
2025-02-06 11:19:39.206903-05:00,605.5392,605.68,605.5096,605.5837,57962.0,605.6049643525062
2025-02-06 11:21:11.444242-05:00,605.58,605.6589,605.53,605.63,62386.0,605.5887219792912
2025-02-06 11:22:30.233787-05:00,605.625,605.66,605.37,605.41,111970.0,605.5566688255784
2025-02-06 11:24:40.808448-05:00,605.41,605.7,605.4001,605.6607,65455.0,605.5658811198527
2025-02-06 11:27:07.106592-05:00,605.6693,605.69,605.55,605.6003,45758.0,605.6283300865421
2025-02-06 11:29:11.580414-05:00,605.6003,605.66,605.51,605.54,70161.0,605.5804098886854
2025-02-06 11:31:09.829710-05:00,605.54,605.5952,605.28,605.3712,54963.0,605.4433285210037
2025-02-06 11:33:35.792104-05:00,605.3801,605.5502,605.34,605.44,62517.0,605.4617054017299
2025-02-06 11:36:05.247283-05:00,605.435,605.5262,605.31,605.32,56435.0,605.3910585186501
2025-02-06 11:37:45.873446-05:00,605.32,605.4801,605.2,605.22,61554.0,605.3329497075741
2025-02-06 11:39:22.139084-05:00,605.22,605.3584,604.95,605.0788,67134.0,605.0317622620424
2025-02-06 11:41:23.806543-05:00,605.0696,605.287,605.041,605.17,78806.0,605.1286946742632
2025-02-06 11:43:19.817371-05:00,605.1699,605.17,604.98,605.04,70870.0,605.0484448130378
2025-02-06 11:45:19.707368-05:00,605.05,605.11,604.84,604.8401,53623.0,604.9874942468714
2025-02-06 11:46:56.557749-05:00,604.84,605.05,604.7378,604.915,98535.0,604.8573797422231
2025-02-06 11:48:47.340745-05:00,604.92,605.25,604.8734,605.21,73812.0,605.0694432124858
2025-02-06 11:50:57.888910-05:00,605.21,605.29,604.9571,605.25,53224.0,605.1898781320466
2025-02-06 11:52:43.479661-05:00,605.2596,605.48,605.056,605.45,68164.0,605.347616765448
2025-02-06 11:54:15.419739-05:00,605.45,605.51,605.2444,605.35,86307.0,605.4161216123833
2025-02-06 11:56:25.032249-05:00,605.35,605.47,605.33,605.36,66191.0,605.4120089846047
2025-02-06 11:58:28.520189-05:00,605.37,605.4473,605.16,605.22,55754.0,605.2686347939164
2025-02-06 12:00:06.784606-05:00,605.2179,605.3536,604.95,605.0,70046.0,605.0837625317643
2025-02-06 12:01:56.298887-05:00,605.0,605.2506,604.77,604.96,68468.0,604.861575874861
2025-02-06 12:03:52.741342-05:00,604.9699,605.2242,604.8952,605.07,70675.0,605.0582797170142
2025-02-06 12:05:40.396619-05:00,605.06,605.17,604.9,604.96,57715.0,605.0849046764274
2025-02-06 12:07:34.610104-05:00,604.96,605.0988,604.91,605.06,52648.0,605.000330844476
2025-02-06 12:09:39.795000-05:00,605.06,605.12,604.96,604.96,45823.0,605.0708908997653
2025-02-06 12:12:05.123210-05:00,604.975,605.04,604.89,604.89,55461.0,604.9571829537873
2025-02-06 12:14:26.309879-05:00,604.89,604.9976,604.8,604.81,74674.0,604.880877899938
2025-02-06 12:16:43.770056-05:00,604.81,604.99,604.75,604.968,61336.0,604.822094293727
2025-02-06 12:18:49.654218-05:00,604.968,605.299,604.8259,605.285,63840.0,605.17465735589
2025-02-06 12:20:35.087790-05:00,605.29,605.45,605.0239,605.44,60957.0,605.3605737437863
2025-02-06 12:22:14.995994-05:00,605.45,605.62,605.2799,605.62,71154.0,605.4924837858727
2025-02-06 12:24:02.923346-05:00,605.62,605.63,605.1827,605.54,62410.0,605.5226679907054
2025-02-06 12:26:46.427612-05:00,605.54,605.61,605.2986,605.45,48548.0,605.5239739247751
2025-02-06 12:28:38.232777-05:00,605.45,605.5291,605.26,605.32,88151.0,605.3600937856628
2025-02-06 12:30:24.886523-05:00,605.3191,605.439,605.03,605.06,79359.0,605.2147357514577
2025-02-06 12:32:30.711214-05:00,605.06,605.3388,604.86,605.0372,79752.0,605.0076356078843
2025-02-06 12:35:36.763163-05:00,605.04,605.2842,604.999,605.255,57846.0,605.1222006897632
2025-02-06 12:38:33.335685-05:00,605.255,605.35,605.0631,605.3,48547.0,605.2784233134898
2025-02-06 12:42:02.728013-05:00,605.28,605.34,605.1307,605.325,41054.0,605.2869609855305
2025-02-06 12:45:17.246444-05:00,605.32,605.34,605.2084,605.32,47395.0,605.2802940014766
2025-02-06 12:48:24.918519-05:00,605.33,605.33,605.22,605.3,48454.0,605.2771625211532
2025-02-06 12:51:04.901513-05:00,605.3,605.54,605.24,605.54,65076.0,605.420739712029
2025-02-06 12:53:13.140777-05:00,605.54,605.68,605.3442,605.664,64991.0,605.5617250450056
2025-02-06 12:55:33.412106-05:00,605.68,605.69,605.4514,605.67,71129.0,605.6411376119441
2025-02-06 12:57:26.101667-05:00,605.67,605.78,605.5594,605.69,67275.0,605.7255418149382
2025-02-06 12:59:00.061498-05:00,605.68,605.709,605.55,605.625,91083.0,605.6066399756271
2025-02-06 13:01:49.557248-05:00,605.625,605.779,605.57,605.73,48655.0,605.6729510368921
2025-02-06 13:04:35.748608-05:00,605.75,605.88,605.6356,605.82,146925.0,605.7052433493274
2025-02-06 13:06:24.079088-05:00,605.82,605.99,605.7587,605.985,61021.0,605.9177591681557
2025-02-06 13:08:38.759252-05:00,605.99,605.99,605.7478,605.9,79315.0,605.8818132988721
2025-02-06 13:09:42.091264-05:00,605.9,605.9,605.42,605.49,88834.0,605.6475262039306
2025-02-06 13:10:56.363536-05:00,605.49,605.83,605.38,605.81,82405.0,605.6364344918397
2025-02-06 13:11:35.256603-05:00,605.81,605.82,605.3,605.39,84140.0,605.4701349655334
2025-02-06 13:13:25.382975-05:00,605.42,605.7056,605.38,605.6,76022.0,605.5182561192811
2025-02-06 13:15:13.404982-05:00,605.6,605.68,605.42,605.54,82267.0,605.5745035141673
2025-02-06 13:17:18.117751-05:00,605.54,605.67,605.425,605.46,58246.0,605.5725959636703
2025-02-06 13:17:26.734005-05:00,605.4501,605.71,605.32,605.59,84221.0,605.5642735137313
2025-02-06 13:18:41.561164-05:00,605.59,605.82,605.49,605.72,65280.0,605.6520766544131
2025-02-06 13:21:15.709998-05:00,605.74,605.74,605.561,605.695,62290.0,605.6386576240163
2025-02-06 13:23:43.753501-05:00,605.69,605.765,605.5,605.58,84627.0,605.5936716922497
2025-02-06 13:26:26.234385-05:00,605.58,605.76,605.57,605.59,54927.0,605.6573651573917
2025-02-06 13:29:05.963017-05:00,605.6,605.6538,605.42,605.52,52225.0,605.5249950713259
2025-02-06 13:31:24.903636-05:00,605.52,605.75,605.4907,605.7299,40225.0,605.6061908265993
2025-02-06 13:33:50.629631-05:00,605.7275,605.804,605.5606,605.655,34356.0,605.7125301955994
2025-02-06 13:36:37.934940-05:00,605.655,605.6839,605.42,605.44,39480.0,605.6176387259372
2025-02-06 13:39:08.738681-05:00,605.43,605.6532,605.26,605.3,78466.0,605.3879337381785
2025-02-06 13:41:34.466719-05:00,605.2976,605.5342,605.1384,605.2,116910.0,605.2019420289113
2025-02-06 13:43:36.569959-05:00,605.21,605.63,605.13,605.6195,86845.0,605.4320432713452
2025-02-06 13:45:45.371697-05:00,605.62,605.72,605.16,605.18,88968.0,605.4289725687886
2025-02-06 13:48:18.776456-05:00,605.18,605.3979,605.16,605.28,83528.0,605.2571064804622
2025-02-06 13:49:58.631717-05:00,605.28,605.45,605.21,605.42,95013.0,605.2931411427904
2025-02-06 13:52:47.807990-05:00,605.425,605.435,605.24,605.26,54780.0,605.3215786345377
2025-02-06 13:55:18.613981-05:00,605.25,605.31,605.08,605.096,74058.0,605.1772811134522
2025-02-06 13:58:00.843094-05:00,605.1,605.2899,605.04,605.185,80008.0,605.1468837016298
2025-02-06 14:00:06.129814-05:00,605.1716,605.24,605.06,605.08,74693.0,605.1694146640245
2025-02-06 14:01:53.564024-05:00,605.08,605.2776,605.0,605.25,83430.0,605.1423594450438
2025-02-06 14:02:33.574086-05:00,605.25,605.32,605.2,605.2,172459.0,605.2509546506705
2025-02-06 14:03:05.748660-05:00,605.2,605.4,605.16,605.36,165398.0,605.3411216689436
2025-02-06 14:05:20.733112-05:00,605.37,605.38,605.15,605.22,114129.0,605.2602925128579
2025-02-06 14:07:18.398353-05:00,605.22,605.44,605.21,605.415,95485.0,605.3673865287736
2025-02-06 14:10:01.551529-05:00,605.4,605.44,605.2782,605.361,97305.0,605.3747343641118
2025-02-06 14:12:08.454241-05:00,605.375,605.48,605.32,605.4089,124777.0,605.4235286455043
2025-02-06 14:14:27.838287-05:00,605.41,605.49,605.21,605.21,114933.0,605.4106221311541
2025-02-06 14:16:27.290608-05:00,605.21,605.4149,605.05,605.25,111171.0,605.1782230545739
2025-02-06 14:18:57.072097-05:00,605.25,605.42,605.19,605.39,76259.0,605.3000112878478
2025-02-06 14:21:25.180980-05:00,605.38,605.38,605.1188,605.16,81699.0,605.2233644144977
2025-02-06 14:23:32.182814-05:00,605.16,605.2892,605.08,605.13,109973.0,605.143477894574
2025-02-06 14:25:27.083504-05:00,605.13,605.1987,604.94,604.94,115737.0,605.0724145640551
2025-02-06 14:27:05.841643-05:00,604.94,605.1488,604.75,604.75,96960.0,604.8976263170379
2025-02-06 14:27:54.387904-05:00,604.75,605.0928,604.35,604.5999,91353.0,604.5643605147067
2025-02-06 14:29:36.205572-05:00,604.5873,604.9933,604.43,604.56,93778.0,604.538482675042
2025-02-06 14:30:54.889656-05:00,604.56,604.8423,604.18,604.18,77343.0,604.405568885355
2025-02-06 14:31:07.400534-05:00,604.18,604.5103,603.9,604.01,85716.0,604.0353217625642
2025-02-06 14:31:43.898627-05:00,604.01,604.6393,603.73,603.74,116838.0,603.8587531291192
2025-02-06 14:32:14.200569-05:00,604.05,604.1304,603.38,603.63,95101.0,603.5738898928507
2025-02-06 14:33:01.456532-05:00,603.63,604.0303,603.4,603.4,120434.0,603.5689893584866
2025-02-06 14:33:31.786321-05:00,603.4,604.2847,602.95,603.005,97752.0,603.1330811216152
2025-02-06 14:33:54.330303-05:00,603.0,604.0188,602.63,602.87,129196.0,602.8043923093599
2025-02-06 14:34:17.517054-05:00,602.87,603.866,602.72,602.87,144747.0,602.8309793342866
2025-02-06 14:34:50.658191-05:00,602.88,603.2,602.87,603.0199,126218.0,603.0896539225785
2025-02-06 14:35:41.231801-05:00,603.0199,603.6916,602.84,602.85,127098.0,602.927494291806
2025-02-06 14:36:19.675631-05:00,602.85,603.5438,602.83,603.3299,113510.0,603.0630310765569
2025-02-06 14:36:56.614124-05:00,603.325,603.5119,603.0356,603.28,111964.0,603.3540795603959
2025-02-06 14:37:51.662062-05:00,603.28,603.54,603.0466,603.47,88897.0,603.3407335973096
2025-02-06 14:39:02.630407-05:00,603.47,603.68,603.0463,603.47,82746.0,603.5612988615767
2025-02-06 14:40:11.484252-05:00,603.46,603.76,603.1607,603.64,68069.0,603.6185023843451
2025-02-06 14:41:30.628953-05:00,603.64,603.65,603.16,603.195,75552.0,603.3605162272339
2025-02-06 14:43:00.350351-05:00,603.2,603.4632,603.14,603.17,81369.0,603.194159313743
2025-02-06 14:44:33.854070-05:00,603.17,603.4237,603.13,603.26,85444.0,603.2713364694999
2025-02-06 14:46:26.247295-05:00,603.26,603.48,603.23,603.47,72273.0,603.3230944114666
2025-02-06 14:47:46.449300-05:00,603.47,603.6,603.2617,603.5239,71345.0,603.5279597603192
2025-02-06 14:49:04.727884-05:00,603.57,603.86,603.3833,603.86,130265.0,603.7676967581459
2025-02-06 14:50:09.893116-05:00,603.86,604.19,603.5817,604.19,109516.0,604.0010630127113
2025-02-06 14:51:37.444955-05:00,604.19,604.21,603.57,604.14,92845.0,604.1176982206905
2025-02-06 14:53:24.386393-05:00,604.14,604.24,603.7322,604.09,96394.0,604.1048820061422
2025-02-06 14:55:12.617926-05:00,604.09,604.3,604.0571,604.2,102450.0,604.2108708862853
2025-02-06 14:56:55.027690-05:00,604.2,604.2188,603.83,604.05,88760.0,604.0454425754847
2025-02-06 14:58:24.151993-05:00,604.05,604.1244,603.6696,603.785,74724.0,603.901073319147
2025-02-06 14:59:45.662009-05:00,603.781,604.0768,603.555,603.659,89614.0,603.6973148347344
2025-02-06 15:01:26.003875-05:00,603.65,604.0135,603.64,603.67,85381.0,603.7511728054252
2025-02-06 15:02:55.599888-05:00,603.67,603.9259,603.55,603.698,88721.0,603.6590048928662
2025-02-06 15:04:42.209486-05:00,603.67,603.8846,603.52,603.73,78338.0,603.7001920677061
2025-02-06 15:06:05.780500-05:00,603.721,603.99,603.6868,603.82,73523.0,603.8603841954213
2025-02-06 15:07:57.363662-05:00,603.82,604.02,603.6753,604.01,79537.0,603.870809445918
2025-02-06 15:10:02.130643-05:00,604.005,604.06,603.7607,603.99,73415.0,603.9456610025202
2025-02-06 15:11:41.671116-05:00,603.99,604.13,603.808,604.13,82019.0,604.0581624123686
2025-02-06 15:13:24.914898-05:00,604.13,604.18,603.8598,604.11,72595.0,604.116081394035
2025-02-06 15:15:01.238493-05:00,604.11,604.24,603.9543,604.2,86056.0,604.1668189399927
2025-02-06 15:16:18.677669-05:00,604.225,604.42,604.0471,604.1988,98811.0,604.2955815212888
2025-02-06 15:17:09.018976-05:00,604.4018,604.692,604.2515,604.692,96782.0,604.5517524188386
2025-02-06 15:18:26.746231-05:00,604.692,604.692,604.2368,604.469,189401.0,604.5058871093611
2025-02-06 15:19:56.329130-05:00,604.4401,604.59,604.3193,604.51,123527.0,604.4707947250398
2025-02-06 15:21:40.859784-05:00,604.5099,604.63,604.34,604.6289,93795.0,604.5244593165943
2025-02-06 15:23:16.525936-05:00,604.62,604.68,604.4178,604.6101,81817.0,604.6316763692148
2025-02-06 15:25:03.719795-05:00,604.61,604.71,604.4816,604.694,67426.0,604.6093187212641
2025-02-06 15:26:42.181488-05:00,604.69,604.82,604.5333,604.785,90297.0,604.7381459461549
2025-02-06 15:28:13.096421-05:00,604.79,604.79,604.65,604.67,91334.0,604.7167987956294
2025-02-06 15:29:31.458393-05:00,604.6519,604.8,604.6347,604.75,211836.0,604.7468265903814
2025-02-06 15:30:45.882104-05:00,604.75,604.975,604.6783,604.84,111120.0,604.8387058882296
2025-02-06 15:31:58.505241-05:00,604.84,604.94,604.7399,604.88,128280.0,604.8734214211096
2025-02-06 15:33:40.801605-05:00,604.87,604.94,604.688,604.735,95561.0,604.822384154623
2025-02-06 15:35:20.712297-05:00,604.731,604.89,604.71,604.8674,99961.0,604.8070837736713
2025-02-06 15:36:30.687216-05:00,604.8688,604.93,604.7,604.72,130956.0,604.8478660290479
2025-02-06 15:37:44.590179-05:00,604.725,604.8328,604.5712,604.795,106064.0,604.6918081394251
2025-02-06 15:39:01.336708-05:00,604.795,604.89,604.7327,604.7986,115167.0,604.8196826582267
2025-02-06 15:40:30.759699-05:00,604.7954,604.95,604.7771,604.88,100747.0,604.8626235709245
2025-02-06 15:41:39.804156-05:00,604.885,605.04,604.7967,604.97,128362.0,604.9349694792851
2025-02-06 15:43:00.475190-05:00,604.97,605.0777,604.8475,604.91,116672.0,604.9921291046697
2025-02-06 15:44:21.566373-05:00,604.91,604.99,604.84,604.9744,99516.0,604.9100147674743
2025-02-06 15:45:38.859985-05:00,604.9747,605.0666,604.923,605.04,90830.0,605.0071862622477
2025-02-06 15:46:38.351301-05:00,605.03,605.22,604.9051,605.155,97792.0,605.1391503221115
2025-02-06 15:47:37.711280-05:00,605.1593,605.31,604.922,605.305,98842.0,605.2374740656796
2025-02-06 15:48:36.537790-05:00,605.3,605.41,605.0124,605.35,92059.0,605.3363665399362
2025-02-06 15:49:27.651312-05:00,605.355,605.5,605.0465,605.47,87935.0,605.4350789060103
2025-02-06 15:50:00.572944-05:00,605.47,605.719,605.22,605.69,136482.0,605.4454197696394
2025-02-06 15:50:13.635285-05:00,605.71,605.93,605.1422,605.786,127445.0,605.7905552552078
2025-02-06 15:50:44.314451-05:00,605.78,605.96,605.4193,605.64,113930.0,605.8004507074519
2025-02-06 15:51:20.930784-05:00,605.64,605.7,605.302,605.5137,132027.0,605.6186873783403
2025-02-06 15:52:00.185640-05:00,605.52,605.6772,605.3805,605.55,134545.0,605.5556936645736
2025-02-06 15:52:29.070475-05:00,605.55,605.686,605.54,605.66,131545.0,605.58938073435
2025-02-06 15:53:02.339778-05:00,605.66,605.73,605.578,605.68,152716.0,605.6758972380101
2025-02-06 15:53:28.426111-05:00,605.68,605.83,605.4637,605.74,107346.0,605.7729218443158
2025-02-06 15:54:00.030021-05:00,605.73,605.82,605.4943,605.795,120499.0,605.7796533025169
2025-02-06 15:54:10.348248-05:00,605.79,605.94,605.5294,605.93,109230.0,605.8074128060045
2025-02-06 15:54:30.032694-05:00,605.93,606.21,605.6284,605.99,565720.0,605.9660262686496
2025-02-06 15:54:37.467113-05:00,605.98,606.13,605.7102,606.09,99439.0,606.0674084272764
2025-02-06 15:54:56.023796-05:00,606.08,606.22,605.7309,606.16,131397.0,606.168071042718
2025-02-06 15:55:09.132899-05:00,606.1694,606.46,605.7737,606.39,157710.0,606.3194121564902
2025-02-06 15:55:30.559089-05:00,606.1,606.46,605.8823,606.325,178373.0,606.361870949079
2025-02-06 15:55:52.916496-05:00,606.32,606.43,605.9049,606.32,151565.0,606.3204356896379
2025-02-06 15:56:20.451044-05:00,606.0022,606.355,605.8509,606.3,148560.0,606.2769608770872
2025-02-06 15:56:46.518002-05:00,606.3,606.3042,605.95,605.97,148820.0,606.1804223021092
2025-02-06 15:57:10.666818-05:00,605.97,606.2866,605.92,605.94,136887.0,606.0166823262978
2025-02-06 15:57:35.878447-05:00,605.94,606.2325,605.925,606.1,143608.0,606.0076445476565
2025-02-06 15:57:59.764555-05:00,606.1,606.26,606.0653,606.17,131656.0,606.1928614563712
2025-02-06 15:58:17.587767-05:00,606.17,606.24,606.1243,606.1899,174429.0,606.1917162960282
2025-02-06 15:58:36.882111-05:00,606.19,606.25,606.121,606.18,144265.0,606.190547839739
2025-02-06 15:58:52.137388-05:00,606.18,606.22,606.11,606.19,139270.0,606.1627902965469
2025-02-06 15:59:05.869848-05:00,606.19,606.26,606.08,606.12,127656.0,606.1769607358837
2025-02-06 15:59:20.897314-05:00,606.14,606.22,606.12,606.13,125557.0,606.166854004954
2025-02-06 15:59:31.263410-05:00,606.13,606.22,606.12,606.12,117950.0,606.1735967036876
2025-02-06 15:59:41.569177-05:00,606.12,606.13,606.0,606.09,137359.0,606.0658673861913
2025-02-06 15:59:50.012064-05:00,606.09,606.38,606.04,606.32,116468.0,606.1961172184631
2025-02-06 15:59:57.473442-05:00,606.32,606.35,606.16,606.19,159463.0,606.2426620582828
2025-02-07 09:30:01.191369-05:00,606.195,606.93,606.16,606.83,550169.0,606.7411573970857
2025-02-07 09:30:03.128414-05:00,606.83,606.835,606.67,606.83,11773.0,606.7178890172478
2025-02-07 09:30:20.003313-05:00,606.695,606.93,606.56,606.62,72396.0,606.6870413931706
2025-02-07 09:30:42.826873-05:00,606.635,606.96,606.6201,606.95,145531.0,606.8987659866278
2025-02-07 09:31:12.334711-05:00,606.95,606.98,606.83,606.98,140607.0,606.9441620011806
2025-02-07 09:31:30.879899-05:00,606.98,607.1,606.94,607.065,165173.0,607.0102162048267
2025-02-07 09:31:50.811271-05:00,607.065,607.22,606.83,607.19,164627.0,607.1550230041244
2025-02-07 09:32:19.977023-05:00,607.19,607.38,606.9777,607.255,129507.0,607.2571150632784
2025-02-07 09:33:15.081707-05:00,607.2788,607.46,607.0572,607.435,94223.0,607.3750919743583
2025-02-07 09:34:06.685460-05:00,607.435,607.46,607.2708,607.39,99144.0,607.3894932562728
2025-02-07 09:35:00.999333-05:00,607.39,607.48,606.83,607.18,82982.0,607.3433518787206
2025-02-07 09:35:49.366895-05:00,607.185,607.2228,606.75,606.9,101018.0,606.9359895929434
2025-02-07 09:36:45.069850-05:00,606.9191,607.37,606.83,607.35,70451.0,607.1475198691296
2025-02-07 09:37:56.046868-05:00,607.32,607.35,606.99,607.0,57863.0,607.1717220417194
2025-02-07 09:39:17.614959-05:00,607.0,607.35,606.9316,607.3,89367.0,607.1546670907605
2025-02-07 09:40:26.066965-05:00,607.32,607.43,607.1118,607.36,110322.0,607.3420711009593
2025-02-07 09:41:50.887169-05:00,607.36,607.44,607.23,607.39,63641.0,607.3574300168126
2025-02-07 09:42:58.672345-05:00,607.3875,607.73,607.3044,607.73,69843.0,607.5782403419103
2025-02-07 09:44:01.029857-05:00,607.73,607.77,607.4625,607.69,71451.0,607.6562601922983
2025-02-07 09:45:07.917725-05:00,607.67,607.6888,607.3083,607.65,87402.0,607.5935196780389
2025-02-07 09:46:12.067504-05:00,607.65,607.7,607.501,607.65,60801.0,607.6072722800604
2025-02-07 09:47:10.031675-05:00,607.65,607.84,607.4176,607.82,77157.0,607.748008651191
2025-02-07 09:48:32.398025-05:00,607.82,607.84,607.4733,607.78,59324.0,607.761889189872
2025-02-07 09:49:29.984266-05:00,607.78,608.0,607.5956,607.91,75746.0,607.8894383148945
2025-02-07 09:50:31.084541-05:00,607.91,608.0,607.7658,608.0,87497.0,607.8980188337883
2025-02-07 09:51:05.001762-05:00,608.0,608.03,607.78,607.79,112935.0,607.9123053172183
2025-02-07 09:52:01.737922-05:00,607.805,607.97,607.7301,607.9288,88468.0,607.8431444149313
2025-02-07 09:53:07.306655-05:00,607.92,608.05,607.865,608.05,70673.0,607.9570523481382
2025-02-07 09:54:12.717993-05:00,608.05,608.14,607.9199,608.04,69146.0,608.0613589809961
2025-02-07 09:55:36.834300-05:00,608.04,608.0557,607.79,607.84,81218.0,607.9072218904674
2025-02-07 09:56:38.038528-05:00,607.84,607.97,607.74,607.91,67425.0,607.8477551383012
2025-02-07 09:57:33.512428-05:00,607.91,607.92,607.51,607.59,73610.0,607.7018692786305
2025-02-07 09:59:02.106110-05:00,607.59,607.86,607.59,607.72,87580.0,607.7272556885141
2025-02-07 10:00:00.042525-05:00,607.74,607.84,607.01,607.11,70006.0,607.6203319958281
2025-02-07 10:00:01.279019-05:00,607.41,607.8088,606.42,606.44,66498.0,606.8115474254859
2025-02-07 10:00:04.770718-05:00,606.44,606.8512,606.33,606.56,120341.0,606.4725674283908
2025-02-07 10:00:05.471247-05:00,606.57,606.62,605.99,606.0,64535.0,606.266371162935
2025-02-07 10:00:07.470073-05:00,606.0,607.0737,605.52,605.52,71937.0,605.9079042161886
2025-02-07 10:00:11.917677-05:00,605.53,605.72,605.16,605.345,120293.0,605.3823323094443
2025-02-07 10:00:20.406676-05:00,605.345,605.86,605.26,605.75,123707.0,605.5270581567738
2025-02-07 10:00:37.602787-05:00,605.77,606.33,605.7,606.25,133634.0,606.0095300462463
2025-02-07 10:01:00.683729-05:00,606.25,606.7026,606.16,606.46,109791.0,606.4457361951348
2025-02-07 10:01:32.363750-05:00,606.455,606.5388,605.891,606.15,108537.0,606.1691375890256
2025-02-07 10:02:02.526664-05:00,606.3929,606.3929,605.9,605.91,99136.0,606.0780625837232
2025-02-07 10:02:23.293530-05:00,605.91,605.91,605.28,605.398,123986.0,605.588512169923
2025-02-07 10:02:45.890485-05:00,605.419,605.56,605.34,605.4103,108083.0,605.4343505870495
2025-02-07 10:03:12.786547-05:00,605.42,605.82,605.36,605.815,106121.0,605.5896967442825
2025-02-07 10:03:40.048356-05:00,605.81,606.062,605.34,605.37,87933.0,605.733069372136
2025-02-07 10:03:50.926030-05:00,605.37,606.3253,605.0201,605.09,104024.0,605.1785818359233
2025-02-07 10:04:14.058172-05:00,605.09,605.9512,605.0,605.0,80294.0,605.2499325404145
2025-02-07 10:04:25.663368-05:00,605.0,605.8701,604.51,604.5391,92242.0,604.7161839444067
2025-02-07 10:04:40.274516-05:00,604.526,604.87,604.44,604.76,110105.0,604.6542248063206
2025-02-07 10:05:04.230566-05:00,604.77,604.9,604.67,604.7,88762.0,604.7873027962414
2025-02-07 10:05:27.529515-05:00,604.7,605.5409,604.38,604.38,82936.0,604.5720458944245
2025-02-07 10:05:53.494579-05:00,604.39,605.2965,604.33,604.94,88609.0,604.6148111760654
2025-02-07 10:06:08.837573-05:00,604.93,605.7948,604.855,604.99,117274.0,605.0531363976673
2025-02-07 10:06:30.144698-05:00,604.99,605.52,604.99,605.52,97680.0,605.3702317414009
2025-02-07 10:06:56.327219-05:00,605.52,605.61,604.9913,605.41,101683.0,605.503528349871
2025-02-07 10:07:13.996339-05:00,605.41,605.49,604.86,605.0,85126.0,605.1577053873086
2025-02-07 10:07:59.604805-05:00,605.01,605.53,604.96,605.375,71704.0,605.3135398080998
2025-02-07 10:08:33.971337-05:00,605.3794,605.7,605.081,605.61,90443.0,605.5072297867162
2025-02-07 10:09:16.018337-05:00,605.62,605.79,605.0549,605.58,84278.0,605.5778241213604
2025-02-07 10:10:03.379401-05:00,605.5793,605.72,605.1039,605.58,72800.0,605.6092876565933
2025-02-07 10:10:36.667027-05:00,605.5801,605.68,604.97,604.97,90395.0,605.3638434216497
2025-02-07 10:11:05.241656-05:00,604.977,605.3604,604.73,605.015,81925.0,604.9269664864199
2025-02-07 10:11:51.010533-05:00,605.03,605.3692,604.81,604.8707,72496.0,604.986984219819
2025-02-07 10:12:27.219246-05:00,604.8707,605.2962,604.2593,604.27,93632.0,604.6944066291435
2025-02-07 10:12:58.980809-05:00,604.27,604.9101,604.0,604.32,76531.0,604.1697108557308
2025-02-07 10:13:30.368149-05:00,604.32,605.1019,603.9401,604.07,117167.0,604.0526118873058
2025-02-07 10:13:52.710782-05:00,604.06,604.08,603.76,603.98,101031.0,603.9429362146273
2025-02-07 10:14:18.598163-05:00,603.98,604.19,603.86,604.014,71539.0,604.0379614573864
2025-02-07 10:14:53.013785-05:00,603.99,604.3,603.87,604.27,75552.0,604.0971056093815
2025-02-07 10:15:29.418931-05:00,604.27,604.5,604.1787,604.36,96661.0,604.3204727428856
2025-02-07 10:16:08.829254-05:00,604.36,604.8428,604.16,604.19,68066.0,604.3227519099107
2025-02-07 10:16:32.824189-05:00,604.19,604.33,603.93,603.9599,112336.0,604.1709807087664
2025-02-07 10:17:22.059363-05:00,603.9599,604.1561,603.83,603.85,66084.0,603.9421926729614
2025-02-07 10:18:12.497470-05:00,603.85,604.328,603.81,604.1973,58786.0,604.0125479365842
2025-02-07 10:18:52.209516-05:00,604.181,604.57,604.0069,604.56,106545.0,604.4602302557607
2025-02-07 10:19:36.918037-05:00,604.57,604.6988,604.2275,604.525,69854.0,604.552594822057
2025-02-07 10:20:20.546363-05:00,604.5399,604.94,604.3196,604.5948,69206.0,604.7806273401155
2025-02-07 10:20:59.605239-05:00,604.6,604.69,604.14,604.19,108197.0,604.2910487213143
2025-02-07 10:21:54.558123-05:00,604.18,604.52,604.06,604.44,79960.0,604.3463122036017
2025-02-07 10:22:31.919269-05:00,604.44,605.14,604.32,605.11,89495.0,604.8264604156667
2025-02-07 10:23:29.223933-05:00,605.11,605.15,604.5553,604.71,77443.0,604.8484063311089
2025-02-07 10:24:14.215895-05:00,604.7,605.31,604.5779,605.21,66444.0,605.135904561736
2025-02-07 10:25:07.645498-05:00,605.2362,605.32,604.6532,605.173,64676.0,605.1985303002656
2025-02-07 10:26:02.971916-05:00,605.15,605.21,604.7706,604.95,75223.0,604.9935180556481
2025-02-07 10:27:09.218635-05:00,604.95,605.27,604.9188,605.26,61474.0,605.0028194521268
2025-02-07 10:28:09.363987-05:00,605.26,605.33,605.04,605.265,52523.0,605.2185982483861
2025-02-07 10:29:06.228888-05:00,605.2785,605.41,605.0767,605.2,71664.0,605.3044470947755
2025-02-07 10:30:05.760228-05:00,605.2,605.25,604.3295,604.41,63055.0,604.8334219950833
2025-02-07 10:31:15.273690-05:00,604.38,605.0779,604.38,604.6786,50913.0,604.6801362579301
2025-02-07 10:32:22.147333-05:00,604.67,605.0218,604.2712,604.35,47700.0,604.5734958951773
2025-02-07 10:33:24.468961-05:00,604.35,604.9235,604.25,604.75,75755.0,604.4486840723382
2025-02-07 10:34:39.595943-05:00,604.76,604.838,604.345,604.68,46306.0,604.5888496890252
2025-02-07 10:35:51.559649-05:00,604.69,604.89,604.5585,604.865,49869.0,604.7419212436588
2025-02-07 10:36:45.023488-05:00,604.87,605.16,604.6477,605.03,57502.0,604.9925854022471
2025-02-07 10:37:30.213261-05:00,605.0299,605.45,604.6557,605.415,49425.0,605.2423136793115
2025-02-07 10:38:21.647785-05:00,605.43,605.54,604.9366,605.46,63652.0,605.4307956906299
2025-02-07 10:39:25.265608-05:00,605.46,605.51,604.995,605.01,56146.0,605.2280381184769
2025-02-07 10:40:38.030011-05:00,605.01,605.1429,604.57,604.91,51933.0,604.8353792251569
2025-02-07 10:41:57.924219-05:00,604.91,605.23,604.8299,605.0,46246.0,605.1103931885997
2025-02-07 10:43:20.796420-05:00,605.0,605.1816,604.63,604.67,50771.0,604.8197815229177
2025-02-07 10:44:30.632315-05:00,604.67,604.9831,604.31,604.38,53167.0,604.576906272688
2025-02-07 10:45:45.737094-05:00,604.39,604.9908,604.27,604.27,64605.0,604.4993538936614
2025-02-07 10:46:44.416881-05:00,604.27,604.9021,604.07,604.69,61144.0,604.3721747056132
2025-02-07 10:48:07.441588-05:00,604.67,604.93,604.44,604.7992,45300.0,604.7206774746126
2025-02-07 10:49:42.834447-05:00,604.81,604.91,604.5,604.74,45390.0,604.7113851619303
2025-02-07 10:50:47.368332-05:00,604.74,605.0,604.5835,605.0,149632.0,604.7953313843295
2025-02-07 10:51:28.878595-05:00,605.0,605.1388,604.7051,605.005,48588.0,605.0143100662708
2025-02-07 10:51:49.846787-05:00,605.005,605.15,604.8029,605.13,16277.0,605.081210247591
2025-02-07 10:52:09.455344-05:00,605.125,605.35,604.7692,605.35,22985.0,605.1980847117701
2025-02-07 10:52:31.358614-05:00,605.35,605.3799,604.8781,605.325,15202.0,605.3138345546594
2025-02-07 10:52:54.205725-05:00,605.3235,605.4,604.7432,605.3101,10877.0,605.3127895559434
2025-02-07 10:53:15.617459-05:00,605.3201,605.4,605.275,605.36,10319.0,605.3452837290465
2025-02-07 10:53:30.603073-05:00,605.355,605.355,603.09,603.19,66643.0,604.4825607835787
2025-02-07 10:53:35.718974-05:00,603.19,604.3026,602.46,602.56,93904.0,602.7629352743228
2025-02-07 10:53:44.369061-05:00,602.58,603.11,602.05,602.225,114362.0,602.4932548250293
2025-02-07 10:53:52.578385-05:00,602.201,602.5788,601.98,602.33,108212.0,602.1408887350756
2025-02-07 10:54:06.286483-05:00,602.33,602.6012,601.93,602.16,102076.0,602.1740380451823
2025-02-07 10:54:19.451880-05:00,602.16,602.25,601.81,602.06,93810.0,602.0105141008418
2025-02-07 10:54:32.518241-05:00,602.07,603.1877,601.7,601.71,114318.0,602.0268293584567
2025-02-07 10:54:42.504922-05:00,601.71,601.78,601.18,601.46,105183.0,601.4233235066499
2025-02-07 10:54:57.491270-05:00,601.44,601.69,601.19,601.67,102432.0,601.4034939891834
2025-02-07 10:55:06.212030-05:00,601.6665,601.885,601.6303,601.69,124821.0,601.7550584260667
2025-02-07 10:55:11.006559-05:00,601.64,602.9528,601.61,602.01,175920.0,601.811077908708
2025-02-07 10:55:17.307647-05:00,602.01,602.51,601.92,602.44,126466.0,602.2036351098315
2025-02-07 10:55:25.206628-05:00,602.51,602.76,602.3029,602.46,118679.0,602.603166946132
2025-02-07 10:55:40.695699-05:00,602.46,603.37,601.967,603.33,104564.0,602.8479985606901
2025-02-07 10:55:54.891089-05:00,603.33,603.5,602.85,602.915,115714.0,603.2761402241739
2025-02-07 10:56:10.200828-05:00,602.91,603.0289,602.48,602.55,120248.0,602.7204307364783
2025-02-07 10:56:21.760118-05:00,602.56,603.09,602.52,602.73,115892.0,602.7610699081904
2025-02-07 10:56:38.106732-05:00,602.69,603.19,602.55,602.94,93914.0,602.8949894893199
2025-02-07 10:57:06.863655-05:00,602.94,603.16,602.3298,602.42,114115.0,602.7067528116373
2025-02-07 10:57:34.403665-05:00,602.42,602.8701,602.27,602.42,104148.0,602.4413733955525
2025-02-07 10:58:04.421309-05:00,602.42,602.8931,602.4,602.74,100620.0,602.6179262562111
2025-02-07 10:58:22.374080-05:00,602.74,603.343,602.3119,603.11,87552.0,603.1438824584247
2025-02-07 10:58:52.321355-05:00,603.11,603.2137,602.3644,603.11,82009.0,603.0250074589363
2025-02-07 10:59:20.350459-05:00,603.12,603.32,602.78,603.11,92780.0,603.0318368161239
2025-02-07 10:59:53.444903-05:00,603.11,603.49,602.8817,603.19,80250.0,603.2586687763236
2025-02-07 11:00:18.785313-05:00,603.18,603.59,602.7878,602.9,84473.0,603.1604814035258
2025-02-07 11:00:46.584692-05:00,602.9,602.97,602.52,602.9387,103070.0,602.7678780692739
2025-02-07 11:01:20.292301-05:00,602.93,603.02,602.54,602.54,91110.0,602.8489111590394
2025-02-07 11:01:53.021908-05:00,602.56,602.866,602.2,602.24,71325.0,602.4610561724506
2025-02-07 11:02:29.604110-05:00,602.24,602.756,602.1,602.44,80232.0,602.2551561783324
2025-02-07 11:03:02.621644-05:00,602.45,602.8622,601.9,601.9006,81479.0,602.261669738215
2025-02-07 11:03:34.040606-05:00,601.89,602.099,601.71,601.96,77205.0,601.8991196632344
2025-02-07 11:04:02.251389-05:00,601.98,602.6947,601.5905,602.205,89138.0,601.9346572741147
2025-02-07 11:04:45.191733-05:00,602.205,602.4952,602.0562,602.2486,94470.0,602.248354655447
2025-02-07 11:05:32.194026-05:00,602.227,602.6878,601.894,602.09,87091.0,602.1031185633419
2025-02-07 11:06:10.737298-05:00,602.08,602.2785,601.54,601.75,77404.0,601.8641507286446
2025-02-07 11:06:39.352074-05:00,601.75,602.48,601.7,602.46,88729.0,602.2295543858265
2025-02-07 11:06:55.718262-05:00,602.46,602.8,602.1993,602.79,96075.0,602.5919264012493
2025-02-07 11:07:30.918912-05:00,602.79,603.26,602.3195,603.1603,84891.0,603.052128164352
2025-02-07 11:08:15.355181-05:00,603.14,603.51,602.2599,603.51,69408.0,603.2476172256794
2025-02-07 11:08:57.616390-05:00,603.52,603.64,602.3896,603.22,71278.0,603.4265280970285
2025-02-07 11:10:06.720356-05:00,603.209,603.64,602.6745,603.275,70528.0,603.4623943922983
2025-02-07 11:10:49.118128-05:00,603.29,603.3088,602.62,602.89,106643.0,602.9185926990049
2025-02-07 11:11:56.888410-05:00,602.89,603.27,602.5345,603.16,55712.0,603.0827300437958
2025-02-07 11:13:06.854583-05:00,603.17,603.55,603.0935,603.34,71963.0,603.3512712088158
2025-02-07 11:14:15.996889-05:00,603.34,603.3588,602.6,602.64,69707.0,602.8741798341633
2025-02-07 11:15:23.874044-05:00,602.64,603.0283,602.3393,602.41,69521.0,602.5049269860907
2025-02-07 11:16:33.017421-05:00,602.41,602.92,602.29,602.8,73845.0,602.6165049536194
2025-02-07 11:17:38.433728-05:00,602.785,603.19,602.5592,602.95,65466.0,602.918075139768
2025-02-07 11:18:57.699539-05:00,602.95,603.47,602.728,603.39,63256.0,603.2728226350064
2025-02-07 11:19:37.116792-05:00,603.3987,603.65,603.2207,603.37,110028.0,603.5267747618791
2025-02-07 11:19:39.195889-05:00,603.37,604.08,603.36,604.08,98118.0,603.7478255080617
2025-02-07 11:19:43.705249-05:00,604.08,604.49,603.172,604.13,106471.0,604.2297306008206
2025-02-07 11:19:52.974591-05:00,604.13,604.54,603.6399,604.34,107308.0,604.2765441458236
2025-02-07 11:19:57.430033-05:00,603.885,604.24,603.54,603.62,96444.0,603.7074375015548
2025-02-07 11:20:11.929047-05:00,603.62,604.34,603.55,604.34,96694.0,603.8210289976626
2025-02-07 11:20:38.391636-05:00,604.34,604.42,603.8802,604.09,92986.0,604.268276099628
2025-02-07 11:21:16.465904-05:00,604.12,604.3031,603.7,603.705,78457.0,604.0125945932165
2025-02-07 11:21:50.231804-05:00,603.7,603.9878,603.47,603.685,106151.0,603.6034239225255
2025-02-07 11:22:30.309602-05:00,603.6951,603.8595,603.04,603.14,79300.0,603.3635927276175
2025-02-07 11:23:19.245011-05:00,603.12,603.5773,602.865,603.3,72255.0,603.1596598989689
2025-02-07 11:24:33.532818-05:00,603.3,603.8016,603.02,603.11,47875.0,603.2282699843335
2025-02-07 11:26:01.339133-05:00,603.1107,603.8175,602.88,603.0,55991.0,603.1137951045706
2025-02-07 11:26:56.145943-05:00,603.0,603.6547,602.3905,602.49,73307.0,602.6938673755577
2025-02-07 11:28:03.972136-05:00,602.5,603.6361,602.23,602.27,73788.0,602.4545181194775
2025-02-07 11:29:14.200305-05:00,602.27,603.5817,602.15,602.21,64802.0,602.3194701506121
2025-02-07 11:30:03.417327-05:00,602.19,602.5359,601.91,602.12,75928.0,602.0303416881786
2025-02-07 11:31:05.049703-05:00,602.0946,602.66,602.0167,602.41,78644.0,602.4282929848437
2025-02-07 11:32:26.193630-05:00,602.41,602.73,602.315,602.68,62453.0,602.5648068563555
2025-02-07 11:33:37.778167-05:00,602.68,602.75,602.06,602.42,78705.0,602.4266773610315
2025-02-07 11:34:57.334559-05:00,602.42,602.91,602.3501,602.8,87135.0,602.6640046835377
2025-02-07 11:36:06.021743-05:00,602.8,602.81,601.87,602.07,59241.0,602.2429684289597
2025-02-07 11:37:33.565453-05:00,602.09,602.4823,601.95,602.2212,65953.0,602.198774120964
2025-02-07 11:39:08.611249-05:00,602.19,602.47,602.01,602.2916,53988.0,602.2282654126844
2025-02-07 11:40:56.695278-05:00,602.31,602.57,602.15,602.5473,61389.0,602.3070187639491
2025-02-07 11:42:17.182820-05:00,602.57,602.7694,602.2789,602.39,70934.0,602.5474977161861
2025-02-07 11:43:06.231948-05:00,602.42,602.5453,601.88,601.89,82790.0,602.1901015799016
2025-02-07 11:43:52.088302-05:00,601.89,602.3062,601.72,602.1399,73355.0,601.8843876436507
2025-02-07 11:44:29.051518-05:00,602.1395,602.38,601.9824,602.31,78437.0,602.2785300674426
2025-02-07 11:45:25.354426-05:00,602.31,602.37,601.95,602.09,77700.0,602.1923184761914
2025-02-07 11:46:14.002099-05:00,602.09,602.31,601.96,602.11,86385.0,602.1707758569199
2025-02-07 11:46:54.199555-05:00,602.11,602.19,601.5,601.5,76753.0,601.7890223235573
2025-02-07 11:47:32.846572-05:00,601.5,602.0583,601.4727,601.82,85991.0,601.6499721854615
2025-02-07 11:47:37.233420-05:00,601.82,601.95,601.795,601.85,86897.0,601.8810588973147
2025-02-07 11:47:38.516567-05:00,601.85,601.92,601.81,601.85,95853.0,601.864637179848
2025-02-07 11:47:40.037697-05:00,601.82,601.94,601.75,601.86,92997.0,601.8551695334257
2025-02-07 11:47:42.201289-05:00,601.845,601.96,601.75,601.91,91525.0,601.8257798262767
2025-02-07 11:47:46.374530-05:00,601.92,601.98,601.87,601.92,91565.0,601.9259950199314
2025-02-07 11:47:49.770026-05:00,601.92,602.06,601.87,602.035,90001.0,601.9557435472934
2025-02-07 11:47:51.236566-05:00,602.035,602.08,601.91,601.96,88698.0,601.9994454147779
2025-02-07 11:47:53.769528-05:00,601.92,601.99,601.84,601.95,108635.0,601.9112702480783
2025-02-07 11:47:55.830468-05:00,601.95,602.06,601.91,601.97,105747.0,601.9649787625178
2025-02-07 11:47:59.711937-05:00,601.93,602.04,601.84,601.95,116467.0,601.941862608292
2025-02-07 11:48:01.446376-05:00,601.95,602.06,601.94,602.02,118759.0,602.0078375474698
2025-02-07 11:48:03.265434-05:00,601.9945,602.07,601.9167,602.06,121456.0,601.9883254182577
2025-02-07 11:48:06.008982-05:00,602.06,602.07,601.9,601.95,102675.0,601.9897291473089
2025-02-07 11:48:08.034028-05:00,601.95,602.06,601.92,601.97,105745.0,601.9900522918341
2025-02-07 11:48:11.686463-05:00,601.99,602.03,601.91,602.0,105180.0,601.9652240140709
2025-02-07 11:48:25.201780-05:00,601.98,602.21,601.83,602.19,119743.0,601.9968451692376
2025-02-07 11:48:26.946636-05:00,602.21,602.23,602.04,602.04,135828.0,602.150064826839
2025-02-07 11:48:29.476252-05:00,602.065,602.16,601.97,602.09,128296.0,602.0638255954983
2025-02-07 11:48:34.573884-05:00,602.06,602.11,601.91,602.09,106502.0,601.9917174475604
2025-02-07 11:48:37.379960-05:00,602.08,602.25,602.04,602.11,113777.0,602.1547278184519
2025-02-07 11:48:39.108776-05:00,602.09,602.19,602.05,602.08,127830.0,602.1231419541579
2025-02-07 11:48:45.075177-05:00,602.08,602.14,601.9675,602.01,103142.0,602.0630204368732
2025-02-07 11:49:09.986082-05:00,602.01,602.14,601.85,601.89,90207.0,601.9472893755474
2025-02-07 11:49:51.938220-05:00,601.87,602.02,601.73,601.86,82655.0,601.8607808928678
2025-02-07 11:50:16.160308-05:00,601.86,602.16,601.76,602.14,87193.0,602.0342132728547
2025-02-07 11:50:17.721802-05:00,602.11,602.17,601.93,601.94,111902.0,602.0469804382406
2025-02-07 11:50:21.028284-05:00,601.97,601.98,601.68,601.69,106665.0,601.8546497164014
2025-02-07 11:51:31.912543-05:00,601.69,602.1,601.6,601.75,70886.0,601.8785051857908
2025-02-07 11:52:05.997286-05:00,601.75,601.82,601.4,601.51,90008.0,601.5582135210202
2025-02-07 11:52:55.233089-05:00,601.515,601.8809,601.3,601.3,99148.0,601.4271660779846
2025-02-07 11:53:55.226568-05:00,601.3,601.9487,601.28,601.63,106646.0,601.4320279082193
2025-02-07 11:55:21.133468-05:00,601.64,601.7699,601.36,601.65,63313.0,601.5868959171103
2025-02-07 11:56:25.473156-05:00,601.65,602.0597,601.5124,602.01,82387.0,601.8479257018702
2025-02-07 11:57:24.665457-05:00,602.01,602.23,601.8285,602.23,85828.0,602.0509891457334
2025-02-07 11:57:47.448342-05:00,602.23,602.36,601.6904,602.34,91984.0,602.2725844690377
2025-02-07 11:58:23.271225-05:00,602.34,602.43,601.72,602.43,70243.0,602.0812348504475
2025-02-07 11:58:30.651762-05:00,602.44,602.62,601.87,601.87,83188.0,602.2462574674234
2025-02-07 11:59:25.962192-05:00,601.87,602.1492,601.7053,601.75,79548.0,601.9604845376375
2025-02-07 12:00:01.690723-05:00,601.7607,602.0638,601.18,601.25,78551.0,601.4388079298797
2025-02-07 12:00:19.925152-05:00,601.25,601.9478,601.03,601.54,82183.0,601.2732655378849
2025-02-07 12:01:14.896791-05:00,601.55,601.9216,601.32,601.42,85074.0,601.4897819651123
2025-02-07 12:02:41.617545-05:00,601.43,601.8784,601.32,601.5,57545.0,601.4904962290385
2025-02-07 12:03:52.539971-05:00,601.5,601.8015,601.1,601.25,62500.0,601.3237675503995
2025-02-07 12:05:04.860611-05:00,601.2691,601.47,601.16,601.16,82800.0,601.3504907874402
2025-02-07 12:05:29.380263-05:00,601.16,601.3998,600.73,600.89,79573.0,600.9912101969261
2025-02-07 12:06:00.406466-05:00,600.8701,601.5,600.77,601.485,91461.0,601.2039058265267
2025-02-07 12:06:37.813541-05:00,601.49,601.66,601.235,601.34,98114.0,601.4702271347613
2025-02-07 12:07:13.697414-05:00,601.33,602.1562,601.29,602.04,86316.0,601.7695303999257
2025-02-07 12:07:44.776990-05:00,602.0487,602.47,601.4093,602.29,96314.0,602.2471387586444
2025-02-07 12:08:15.187476-05:00,602.29,602.37,601.5118,602.3,91997.0,602.0963747165674
2025-02-07 12:08:56.832672-05:00,602.32,602.55,601.6486,602.38,99748.0,602.4175327715844
2025-02-07 12:09:37.873766-05:00,602.38,602.66,601.7735,602.37,95549.0,602.530577612534
2025-02-07 12:10:31.155642-05:00,602.37,602.44,601.89,601.93,89179.0,602.2370228114235
2025-02-07 12:11:28.516355-05:00,601.95,602.1674,601.5701,602.0801,68061.0,601.8465097838697
2025-02-07 12:12:38.443730-05:00,602.0893,602.5,601.95,602.29,69479.0,602.2384113142099
2025-02-07 12:13:43.462736-05:00,602.3,602.623,602.1205,602.46,73261.0,602.4680195124282
2025-02-07 12:15:02.850182-05:00,602.4517,602.679,602.238,602.56,74506.0,602.5089329651303
2025-02-07 12:15:52.236173-05:00,602.56,602.6292,602.15,602.15,76405.0,602.4434163693479
2025-02-07 12:16:01.016592-05:00,602.16,602.17,601.71,601.91,88733.0,601.9046059211337
2025-02-07 12:16:15.366545-05:00,601.91,602.354,601.825,601.83,81262.0,602.150186966848
2025-02-07 12:16:56.576867-05:00,601.83,602.31,601.83,602.2901,62667.0,602.1065733448218
2025-02-07 12:17:13.447834-05:00,602.2841,602.29,601.65,601.69,99649.0,601.8426329034921
2025-02-07 12:17:38.029265-05:00,601.69,602.0989,601.44,601.66,101352.0,601.5682925911666
2025-02-07 12:18:08.417943-05:00,601.66,601.94,600.97,601.03,79085.0,601.3628980818106
2025-02-07 12:18:25.485112-05:00,601.03,601.83,600.63,600.9,87975.0,600.8142873327652
2025-02-07 12:19:10.132299-05:00,600.893,601.8459,600.86,601.385,95262.0,601.0933079612015
2025-02-07 12:20:03.170832-05:00,601.4,601.6499,600.93,601.47,89150.0,601.2866252181716
2025-02-07 12:20:54.809406-05:00,601.46,601.8197,601.27,601.718,84124.0,601.6041296514678
2025-02-07 12:21:46.241382-05:00,601.695,601.7731,601.03,601.63,64195.0,601.4056717828487
2025-02-07 12:21:51.145903-05:00,601.63,602.19,601.55,602.18,93143.0,601.9575103979902
2025-02-07 12:22:00.038889-05:00,602.15,602.52,601.7582,602.01,82866.0,602.279823593512
2025-02-07 12:22:11.279968-05:00,602.01,602.41,601.9,601.95,80903.0,602.1206511773352
2025-02-07 12:22:31.590707-05:00,601.92,601.96,601.52,601.54,102133.0,601.7770726709289
2025-02-07 12:23:16.887848-05:00,601.54,601.68,601.27,601.3499,94206.0,601.5234188034734
2025-02-07 12:24:17.467416-05:00,601.3482,602.83,601.23,601.59,65377.0,601.5043050231728
2025-02-07 12:25:50.689451-05:00,601.59,601.7906,601.22,601.2746,39305.0,601.407999330874
2025-02-07 12:27:21.018970-05:00,601.29,601.8001,601.26,601.4,67500.0,601.4248995451854
2025-02-07 12:28:53.714762-05:00,601.39,601.71,601.3201,601.6386,58518.0,601.438148918281
2025-02-07 12:30:35.156017-05:00,601.645,601.99,601.44,601.46,38638.0,601.739842007868
2025-02-07 12:31:54.843809-05:00,601.4743,602.18,601.4713,602.1691,49722.0,601.9506585314344
2025-02-07 12:33:30.023961-05:00,602.15,602.15,601.34,601.379,45581.0,601.7453282573892
2025-02-07 12:35:25.020644-05:00,601.37,603.8912,601.3,601.64,51780.0,601.5138871977604
2025-02-07 12:37:07.542448-05:00,601.64,602.07,601.4912,602.055,50498.0,601.8439990316451
2025-02-07 12:38:52.397170-05:00,602.04,602.32,601.6786,602.2199,56435.0,602.0460147975544
2025-02-07 12:40:29.119602-05:00,602.22,602.39,601.9033,602.24,51253.0,602.274315667375
2025-02-07 12:42:09.212242-05:00,602.225,602.47,602.051,602.3,61849.0,602.3092047826162
2025-02-07 12:43:40.890779-05:00,602.3,602.32,601.95,602.06,70635.0,602.1220328392445
2025-02-07 12:45:54.151447-05:00,602.06,604.14,602.05,602.5005,49695.0,602.2622223865586
2025-02-07 12:47:38.360913-05:00,602.5,604.6701,602.2335,602.49,57362.0,602.4788478313167
2025-02-07 12:49:15.828567-05:00,602.49,602.71,602.4051,602.57,59531.0,602.6220462364148
2025-02-07 12:50:46.613666-05:00,602.5701,603.6,602.4715,602.62,52799.0,602.6702934468456
2025-02-07 12:52:03.696178-05:00,602.63,602.66,602.0,602.09,52684.0,602.3727333991336
2025-02-07 12:53:49.956343-05:00,602.08,602.5282,602.03,602.21,58034.0,602.1535124875074
2025-02-07 12:55:27.148116-05:00,602.21,602.51,602.18,602.47,51015.0,602.3458936861716
2025-02-07 12:57:12.233710-05:00,602.47,602.7,602.277,602.62,45875.0,602.5250845297
2025-02-07 12:58:52.476962-05:00,602.62,602.6273,602.31,602.39,35585.0,602.4725049430947
2025-02-07 13:00:39.641220-05:00,602.3789,602.4762,602.04,602.13,43916.0,602.1866689611983
2025-02-07 13:02:24.773235-05:00,602.13,602.54,602.13,602.5097,37774.0,602.3331895880766
2025-02-07 13:03:47.851675-05:00,602.495,602.9,602.3183,602.7807,65680.0,602.7392666671736
2025-02-07 13:05:04.057758-05:00,602.7806,602.98,602.589,602.86,77163.0,602.9014715705719
2025-02-07 13:06:10.417488-05:00,602.87,603.38,602.6659,603.3,67115.0,603.1084448528643
2025-02-07 13:06:43.608539-05:00,603.31,603.64,602.9096,603.59,116958.0,603.4922833974589
2025-02-07 13:07:59.789565-05:00,603.57,603.6087,603.15,603.23,63874.0,603.3853516736079
2025-02-07 13:09:30.886604-05:00,603.22,603.47,603.17,603.38,60767.0,603.338211261047
2025-02-07 13:11:31.417088-05:00,603.38,603.4599,603.3,603.355,50700.0,603.3629782840231
2025-02-07 13:13:22.408143-05:00,603.37,603.48,603.16,603.42,49191.0,603.3594133439054
2025-02-07 13:15:13.447181-05:00,603.42,603.68,603.3618,603.65,58509.0,603.538302883317
2025-02-07 13:16:36.560354-05:00,603.67,603.76,603.4356,603.63,54343.0,603.6408470456183
2025-02-07 13:18:34.412103-05:00,603.63,603.6598,603.45,603.551,54739.0,603.5464228356376
2025-02-07 13:20:54.734990-05:00,603.5551,603.63,603.341,603.43,44099.0,603.5206577042574
2025-02-07 13:21:56.925024-05:00,603.43,603.5027,603.12,603.22,65644.0,603.2734442812756
2025-02-07 13:23:19.742268-05:00,603.22,603.4487,603.08,603.28,87615.0,603.2193314455288
2025-02-07 13:25:03.457533-05:00,603.28,603.335,603.07,603.24,69122.0,603.2090763895724
2025-02-07 13:27:05.228036-05:00,603.24,603.4,603.1301,603.39,50564.0,603.2585108773026
2025-02-07 13:29:13.916544-05:00,603.39,603.46,603.2186,603.41,41239.0,603.3727647105904
2025-02-07 13:31:08.099247-05:00,603.42,603.43,603.21,603.38,25350.0,603.3506453964495
2025-02-07 13:32:43.280549-05:00,603.38,603.54,603.33,603.48,27270.0,603.4501927869446
2025-02-07 13:34:20.746916-05:00,603.48,603.495,603.26,603.39,39772.0,603.3534055516433
2025-02-07 13:36:10.174990-05:00,603.39,603.63,603.3386,603.63,37773.0,603.4986063246228
2025-02-07 13:37:42.277896-05:00,603.63,603.65,603.4266,603.565,51284.0,603.5763812846112
2025-02-07 13:39:59.802205-05:00,603.565,603.63,603.44,603.55,48042.0,603.5547516214984
2025-02-07 13:41:01.900332-05:00,603.55,603.6,602.97,603.07,59080.0,603.2455478622201
2025-02-07 13:42:06.475233-05:00,603.3492,603.3492,602.71,602.9204,69824.0,602.8759552703939
2025-02-07 13:43:10.973670-05:00,602.93,603.1391,602.46,602.47,60687.0,602.68921902714
2025-02-07 13:44:03.098279-05:00,602.47,602.9601,602.08,602.15,71445.0,602.3158973924
2025-02-07 13:45:04.516976-05:00,602.11,602.64,602.07,602.24,65253.0,602.2406092945914
2025-02-07 13:46:03.455339-05:00,602.24,602.5413,601.92,602.05,54122.0,602.0478197479763
2025-02-07 13:47:27.054348-05:00,602.0488,602.3515,601.955,602.19,52656.0,602.1012462207532
2025-02-07 13:48:39.186914-05:00,602.17,602.2393,601.76,601.87,74993.0,601.950032245677
2025-02-07 13:50:00.973335-05:00,601.87,602.1199,601.84,602.08,85121.0,601.9918626731361
2025-02-07 13:51:20.770346-05:00,602.08,602.2058,601.82,601.9807,59764.0,602.066910648551
2025-02-07 13:53:01.118490-05:00,601.9808,602.2084,601.81,601.81,48235.0,601.9920183497458
2025-02-07 13:54:17.041763-05:00,601.8,601.9968,601.57,601.77,60431.0,601.7197696662317
2025-02-07 13:56:22.909392-05:00,601.77,601.9242,601.6188,601.77,46914.0,601.7415598073067
2025-02-07 13:57:46.499908-05:00,601.775,601.7933,601.46,601.5,51959.0,601.6239557901412
2025-02-07 13:58:50.276297-05:00,601.505,601.6843,601.272,601.46,68394.0,601.3865231189869
2025-02-07 14:00:01.134451-05:00,601.44,601.5772,601.12,601.141,72661.0,601.2848269924715
2025-02-07 14:01:05.885186-05:00,601.17,601.3849,601.1,601.28,76249.0,601.1892745098291
2025-02-07 14:02:20.561701-05:00,601.29,601.4108,601.2117,601.4,78384.0,601.313138146817
2025-02-07 14:03:40.449260-05:00,601.38,601.55,601.24,601.4401,70264.0,601.3597276927022
2025-02-07 14:04:41.495431-05:00,601.4401,601.6,601.2913,601.3178,62065.0,601.4839170385881
2025-02-07 14:06:03.907169-05:00,601.5593,606.4184,601.3189,601.3499,387615.0,605.6630626325089
2025-02-07 14:07:31.554367-05:00,601.3201,601.4799,601.0,601.16,59595.0,601.2441567748969
2025-02-07 14:08:59.903803-05:00,601.16,601.3979,601.1,601.25,63306.0,601.1626079313177
2025-02-07 14:10:24.636254-05:00,601.26,601.41,601.16,601.3413,52442.0,601.2797393825564
2025-02-07 14:11:33.810304-05:00,601.3496,601.3588,600.9601,600.9907,59563.0,601.080148582173
2025-02-07 14:12:34.128002-05:00,600.99,601.1634,600.6831,600.77,60152.0,600.8437975844528
2025-02-07 14:13:27.831576-05:00,600.77,601.069,600.68,600.82,91194.0,600.8009250718256
2025-02-07 14:14:38.599086-05:00,600.82,601.04,600.7977,600.91,73861.0,600.9155779017341
2025-02-07 14:16:08.959125-05:00,600.91,601.15,600.84,601.0314,63404.0,600.9842698457517
2025-02-07 14:17:37.342663-05:00,601.025,601.24,600.8924,601.07,59880.0,601.1022147478282
2025-02-07 14:19:25.168556-05:00,601.0784,601.13,600.8,600.91,67474.0,600.9116482748914
2025-02-07 14:21:28.468033-05:00,600.91,601.05,600.86,600.96,60883.0,600.9747898444563
2025-02-07 14:22:11.558812-05:00,600.96,600.9786,600.48,600.495,53599.0,600.633892848746
2025-02-07 14:22:27.290593-05:00,600.495,600.87,600.418,600.82,76689.0,600.6325064389947
2025-02-07 14:23:24.712496-05:00,600.82,600.88,600.61,600.81,93905.0,600.7710379383425
2025-02-07 14:25:06.955692-05:00,600.82,601.0,600.7001,600.995,57493.0,600.854018141339
2025-02-07 14:26:36.159263-05:00,601.0,601.08,600.7577,600.94,62603.0,600.9872790010065
2025-02-07 14:27:58.021090-05:00,600.94,600.9857,600.67,600.8,64639.0,600.8401620461326
2025-02-07 14:29:34.444039-05:00,600.8,600.9188,600.77,600.83,51694.0,600.8307025805706
2025-02-07 14:30:32.824936-05:00,600.84,600.8912,600.335,600.45,59671.0,600.5553843944299
2025-02-07 14:31:40.924247-05:00,600.45,600.7735,600.38,600.5686,85385.0,600.5027596263986
2025-02-07 14:32:14.894191-05:00,600.56,601.03,600.5029,600.99,65607.0,600.7559719694543
2025-02-07 14:33:19.377606-05:00,601.01,601.02,600.5575,600.7611,74545.0,600.8988848091752
2025-02-07 14:35:02.625999-05:00,600.78,601.015,600.64,600.96,46937.0,600.8295016511493
2025-02-07 14:36:54.778336-05:00,600.96,600.9878,600.7223,600.8452,43501.0,600.860773881059
2025-02-07 14:38:23.047024-05:00,600.8452,601.17,600.7351,601.15,70545.0,601.0662492607552
2025-02-07 14:39:32.250583-05:00,601.1447,601.28,600.9796,601.205,70355.0,601.1842610091674
2025-02-07 14:40:59.255041-05:00,601.2099,601.35,600.8376,601.228,66432.0,601.2333816669677
2025-02-07 14:41:55.011888-05:00,601.32,601.3653,600.97,601.02,77083.0,601.2280685611613
2025-02-07 14:42:29.592080-05:00,601.02,601.4,600.97,601.4,90810.0,601.1470584318909
2025-02-07 14:42:58.686310-05:00,601.39,601.55,601.2415,601.355,120341.0,601.4701268478735
2025-02-07 14:43:58.640851-05:00,601.35,601.4117,601.15,601.24,84448.0,601.2695013925729
2025-02-07 14:45:25.780312-05:00,601.23,601.52,601.2213,601.48,76954.0,601.4346367531244
2025-02-07 14:46:55.787150-05:00,601.48,601.5,600.99,601.05,64234.0,601.214042728151
2025-02-07 14:47:54.512293-05:00,601.05,601.3365,601.03,601.29,75519.0,601.1412260027269
2025-02-07 14:49:34.816378-05:00,601.29,601.57,601.1419,601.53,58410.0,601.4757244564289
2025-02-07 14:51:24.527234-05:00,601.53,601.58,601.2892,601.57,59357.0,601.5253811900864
2025-02-07 14:53:03.655665-05:00,601.56,601.6,601.3685,601.4001,83771.0,601.5330448138383
2025-02-07 14:54:02.449028-05:00,601.4,601.5104,601.0,601.14,73892.0,601.1652569317384
2025-02-07 14:55:47.062763-05:00,601.15,601.4119,601.1063,601.2392,61675.0,601.2293024888523
2025-02-07 14:57:34.541271-05:00,601.22,601.3905,601.2,601.32,52694.0,601.2524380233045
2025-02-07 14:59:08.607806-05:00,601.32,601.3588,601.08,601.095,63076.0,601.1998416814638
2025-02-07 15:00:26.525050-05:00,601.1099,601.2064,600.88,600.88,70991.0,601.0174601090278
2025-02-07 15:01:23.878273-05:00,600.88,601.2637,600.6,600.6511,77293.0,600.7848093087347
2025-02-07 15:02:43.525810-05:00,600.66,601.0226,600.54,600.68,88727.0,600.6242719149747
2025-02-07 15:03:36.831307-05:00,600.68,600.8208,600.4812,600.54,64400.0,600.5647200962736
2025-02-07 15:04:44.387240-05:00,600.52,600.7481,600.48,600.5601,68026.0,600.5582447226057
2025-02-07 15:05:57.659786-05:00,600.56,600.72,600.51,600.68,102499.0,600.5963460843518
2025-02-07 15:07:00.924388-05:00,600.68,600.98,600.6054,600.8765,71383.0,600.822634215429
2025-02-07 15:08:17.972375-05:00,600.865,600.91,600.6506,600.805,74619.0,600.8033040927908
2025-02-07 15:09:40.975721-05:00,600.805,600.91,600.685,600.8628,69518.0,600.8480792284007
2025-02-07 15:10:53.271447-05:00,600.86,600.8985,600.6,600.66,71283.0,600.7958812802489
2025-02-07 15:11:56.519429-05:00,600.6601,600.8161,600.32,600.37,84038.0,600.5195624372308
2025-02-07 15:12:58.269982-05:00,600.37,600.7254,600.26,600.53,104460.0,600.4593124191078
2025-02-07 15:14:26.345421-05:00,600.54,600.6386,600.33,600.4613,62011.0,600.4748367789583
2025-02-07 15:15:39.801727-05:00,600.4681,600.5672,600.33,600.47,75414.0,600.4115863765354
2025-02-07 15:16:43.260221-05:00,600.47,600.6292,600.2,600.27,62064.0,600.3676452242852
2025-02-07 15:17:22.607335-05:00,600.275,600.5854,600.05,600.115,91556.0,600.1732669175154
2025-02-07 15:18:20.905525-05:00,600.115,600.36,600.0898,600.35,66558.0,600.2458078022173
2025-02-07 15:19:08.052348-05:00,600.35,600.62,600.2283,600.62,108300.0,600.5073574441365
2025-02-07 15:20:19.141230-05:00,600.62,600.72,600.3408,600.71,60069.0,600.6021004028702
2025-02-07 15:21:43.210214-05:00,600.705,600.82,600.3935,600.48,50189.0,600.6204449241864
2025-02-07 15:23:14.570104-05:00,600.47,600.63,600.35,600.59,45660.0,600.451600159877
2025-02-07 15:24:49.049746-05:00,600.595,600.7291,600.42,600.5,58082.0,600.5630141558487
2025-02-07 15:26:14.346618-05:00,600.5,600.5718,600.42,600.4711,74145.0,600.471209114573
2025-02-07 15:27:41.934278-05:00,600.48,600.6791,600.432,600.51,56394.0,600.5399850090432
2025-02-07 15:29:11.417936-05:00,600.51,600.62,600.38,600.46,99163.0,600.4773694704676
2025-02-07 15:30:14.710118-05:00,600.46,600.75,600.37,600.66,68124.0,600.5248093476597
2025-02-07 15:31:18.571640-05:00,600.66,600.74,600.47,600.54,63476.0,600.6101570199751
2025-02-07 15:32:21.363054-05:00,600.58,600.7,600.5309,600.63,76715.0,600.6144403441313
2025-02-07 15:33:21.280682-05:00,600.63,600.7,600.46,600.51,84675.0,600.5577917401824
2025-02-07 15:34:22.930811-05:00,600.51,600.8591,600.505,600.8591,75404.0,600.7069137870675
2025-02-07 15:35:03.241689-05:00,600.86,601.07,600.6211,601.0,86606.0,600.9072307103434
2025-02-07 15:36:01.288065-05:00,601.01,601.09,600.6653,601.0889,80670.0,601.018926969134
2025-02-07 15:37:05.795951-05:00,601.0875,601.15,600.7538,601.08,73523.0,601.0456837370614
2025-02-07 15:38:02.440326-05:00,601.07,601.08,600.69,600.69,78771.0,600.8199665320994
2025-02-07 15:38:53.110602-05:00,600.685,600.9474,600.57,600.65,76947.0,600.6325207610437
2025-02-07 15:39:45.665421-05:00,600.65,600.8679,600.51,600.5765,70347.0,600.5755359205086
2025-02-07 15:40:14.255570-05:00,600.58,600.8285,600.57,600.7,109630.0,600.6795003265526
2025-02-07 15:41:07.947536-05:00,600.7,600.95,600.6317,600.93,115360.0,600.8468785514905
2025-02-07 15:42:06.443283-05:00,600.92,600.95,600.67,600.78,126015.0,600.7875272412016
2025-02-07 15:43:09.409064-05:00,600.78,600.88,600.71,600.83,85022.0,600.7862732692712
2025-02-07 15:44:11.554467-05:00,600.83,600.9338,600.73,600.805,78767.0,600.8331179377152
2025-02-07 15:45:05.349612-05:00,600.8,600.83,600.6,600.805,79116.0,600.6907382501637
2025-02-07 15:46:00.569910-05:00,600.805,600.93,600.66,600.7,78677.0,600.7937648359747
2025-02-07 15:46:46.961531-05:00,600.72,600.78,600.61,600.6882,76852.0,600.6996324545877
2025-02-07 15:47:39.978223-05:00,600.68,600.83,600.617,600.795,70343.0,600.7162219481694
2025-02-07 15:48:14.657661-05:00,600.78,600.88,600.7129,600.7613,109470.0,600.8156845172191
2025-02-07 15:48:48.182561-05:00,600.79,600.9397,600.72,600.9,73425.0,600.8336248607415
2025-02-07 15:49:30.186065-05:00,600.88,600.9,600.7691,600.895,90013.0,600.8596943630362
2025-02-07 15:50:02.334143-05:00,600.89,601.19,600.76,601.165,76304.0,600.9593520994963
2025-02-07 15:50:26.642043-05:00,601.17,601.25,600.8299,601.14,105248.0,601.1515581806784
2025-02-07 15:50:53.742679-05:00,601.0194,601.24,600.8731,601.11,77853.0,601.0944513403472
2025-02-07 15:51:19.523303-05:00,601.11,601.19,600.88,600.92,103253.0,601.10651751523
2025-02-07 15:52:04.559287-05:00,600.93,601.14,600.8776,600.94,65624.0,601.0165370596129
2025-02-07 15:52:46.102844-05:00,600.94,601.16,600.8934,601.12,91901.0,601.0753362487894
2025-02-07 15:53:26.489777-05:00,601.13,601.21,600.96,600.99,83077.0,601.1323085005471
2025-02-07 15:54:04.247781-05:00,600.99,601.27,600.96,601.23,94903.0,601.1335103927174
2025-02-07 15:54:42.042106-05:00,601.23,601.25,600.84,600.88,90356.0,601.0411392978885
2025-02-07 15:55:00.820314-05:00,600.89,601.0941,600.69,600.71,100943.0,600.8713473118497
2025-02-07 15:55:25.777335-05:00,600.71,601.0556,600.66,600.66,116958.0,600.7458901374856
2025-02-07 15:55:48.495812-05:00,600.66,600.9975,600.56,600.7,90438.0,600.6044711183349
2025-02-07 15:56:17.419974-05:00,600.7,600.9552,600.53,600.54,130106.0,600.6209077513713
2025-02-07 15:56:44.739601-05:00,600.53,600.8796,600.5,600.715,137240.0,600.6384854648786
2025-02-07 15:57:04.891963-05:00,600.7136,600.86,600.6558,600.82,142439.0,600.7552813112983
2025-02-07 15:57:31.888596-05:00,600.81,600.85,600.67,600.77,124811.0,600.7723620209757
2025-02-07 15:57:48.510096-05:00,600.77,600.91,600.7082,600.86,171499.0,600.8489835917412
2025-02-07 15:58:15.802309-05:00,600.86,600.9,600.7429,600.82,128084.0,600.8539082578624
2025-02-07 15:58:34.361914-05:00,600.82,600.8452,600.71,600.75,113492.0,600.7672227179008
2025-02-07 15:58:55.628880-05:00,600.75,600.7968,600.64,600.72,149675.0,600.7003235510269
2025-02-07 15:59:07.935468-05:00,600.72,600.771,600.68,600.745,134250.0,600.7267961497209
2025-02-07 15:59:20.534638-05:00,600.76,600.91,600.75,600.91,167486.0,600.81607981085
2025-02-07 15:59:31.864906-05:00,600.91,600.93,600.82,600.91,181295.0,600.8600367152972
2025-02-07 15:59:44.034305-05:00,600.9,600.93,600.75,600.77,110314.0,600.8535197400154
2025-02-07 15:59:50.269834-05:00,600.78,600.97,600.72,600.97,133198.0,600.8343546269465
2025-02-10 09:30:00.475039-05:00,600.96,604.06,600.72,604.0,492258.0,602.9094302000173
2025-02-10 09:30:01.657831-05:00,604.0,604.08,603.91,604.0,23462.0,603.9792735060956
2025-02-10 09:30:02.519035-05:00,604.0,604.03,603.94,604.0,9543.0,603.9956993817458
2025-02-10 09:30:02.871764-05:00,604.0,604.0,603.9418,604.0,2211.0,603.9922203075529
2025-02-10 09:30:04.949766-05:00,604.0,604.01,603.9,604.0,14708.0,603.9545130813163
2025-02-10 09:30:11.499414-05:00,604.0,604.1,603.9584,604.0,35081.0,604.0586148114363
2025-02-10 09:30:20.248691-05:00,604.1,604.12,603.92,603.99,43696.0,604.0520364129441
2025-02-10 09:30:49.225219-05:00,603.99,604.0388,603.57,603.6,113577.0,603.7239705327671
2025-02-10 09:31:15.025736-05:00,603.595,604.0,603.58,603.84,125563.0,603.6788109339523
2025-02-10 09:31:47.259998-05:00,603.84,604.062,603.83,603.98,94876.0,603.9609247417687
2025-02-10 09:32:32.301700-05:00,603.98,604.049,603.73,603.8206,113864.0,603.9335981811632
2025-02-10 09:33:18.992819-05:00,603.84,603.9,603.6,603.6587,120679.0,603.6984663860317
2025-02-10 09:34:05.160751-05:00,603.6788,603.8217,603.52,603.53,115551.0,603.5830011414871
2025-02-10 09:34:41.104023-05:00,603.53,604.0,603.3901,603.52,96655.0,603.4872826165229
2025-02-10 09:35:32.808711-05:00,603.52,604.0,603.36,603.37,82320.0,603.4944658284736
2025-02-10 09:36:21.362972-05:00,603.37,604.0,603.21,603.41,91680.0,603.3301107286211
2025-02-10 09:37:09.819004-05:00,603.41,604.0,603.254,603.265,92442.0,603.3543627723336
2025-02-10 09:37:54.144605-05:00,603.265,603.3107,603.0,603.0205,83541.0,603.0991438299758
2025-02-10 09:38:42.282112-05:00,603.0203,604.0,602.9,603.08,103711.0,603.0143490941176
2025-02-10 09:39:42.759458-05:00,603.09,603.31,603.05,603.31,106556.0,603.163445310447
2025-02-10 09:40:41.887525-05:00,603.31,604.0,602.81,602.8662,79618.0,603.0882283591653
2025-02-10 09:41:38.966909-05:00,602.8699,603.1292,602.76,602.76,65068.0,602.9245316714822
2025-02-10 09:42:30.660627-05:00,602.77,603.59,602.7312,602.89,82230.0,602.9298243390488
2025-02-10 09:43:31.369641-05:00,602.89,603.157,602.77,602.95,53268.0,602.9324954419164
2025-02-10 09:44:37.095209-05:00,602.93,603.16,602.88,603.15,58109.0,603.0147905419127
2025-02-10 09:45:22.648208-05:00,603.15,603.19,602.949,603.11,87475.0,603.0973837839389
2025-02-10 09:46:13.830819-05:00,603.12,603.34,602.9889,603.29,66909.0,603.2072845940011
2025-02-10 09:46:51.218208-05:00,603.29,603.42,603.0512,603.2448,78372.0,603.3147663387443
2025-02-10 09:47:42.176339-05:00,603.26,603.39,602.9691,602.9691,54534.0,603.2438842281874
2025-02-10 09:48:47.673960-05:00,602.97,603.27,602.935,603.25,69261.0,603.078858410939
2025-02-10 09:49:44.934401-05:00,603.235,603.38,603.0971,603.16,60392.0,603.2432630580199
2025-02-10 09:50:40.875086-05:00,603.16,603.1991,602.8685,602.99,70674.0,602.9594742026768
2025-02-10 09:51:41.557608-05:00,602.995,603.2288,602.95,602.95,50901.0,603.0566957603969
2025-02-10 09:52:43.695561-05:00,602.95,603.14,602.81,603.12,55584.0,602.9441317537426
2025-02-10 09:54:06.283840-05:00,603.14,603.31,603.0037,603.29,44526.0,603.2139908031268
2025-02-10 09:55:10.891709-05:00,603.29,603.47,602.95,603.41,56644.0,603.396476696561
2025-02-10 09:56:10.434476-05:00,603.41,603.44,603.1,603.4031,56829.0,603.2779976402901
2025-02-10 09:57:15.014949-05:00,603.41,603.5,603.1693,603.495,64123.0,603.4118679834073
2025-02-10 09:58:27.295160-05:00,603.5,603.52,603.2112,603.4,62298.0,603.4488460656848
2025-02-10 09:59:50.942511-05:00,603.4,603.5,603.23,603.48,49325.0,603.409999626964
2025-02-10 10:00:48.926178-05:00,603.49,603.6,603.2755,603.49,54286.0,603.4765959566
2025-02-10 10:01:44.133844-05:00,603.51,603.89,603.3098,603.89,63470.0,603.6664384102716
2025-02-10 10:02:17.957007-05:00,603.89,603.94,603.5521,603.8388,47272.0,603.8539543831363
2025-02-10 10:02:37.476693-05:00,603.85,603.91,603.8,603.8399,16164.0,603.8489622370707
2025-02-10 10:02:55.348539-05:00,603.84,603.89,603.63,603.75,39229.0,603.824448229627
2025-02-10 10:03:14.895064-05:00,603.74,603.89,603.67,603.809,16975.0,603.7350694197338
2025-02-10 10:03:35.257751-05:00,603.8,603.89,603.78,603.875,16153.0,603.8170659629769
2025-02-10 10:03:53.105908-05:00,603.8683,604.0,603.7678,603.94,24800.0,603.9463210483864
2025-02-10 10:04:12.532196-05:00,603.94,603.97,603.7242,603.94,16852.0,603.936958622123
2025-02-10 10:04:33.305635-05:00,603.94,603.99,603.7385,603.97,18790.0,603.9501084300164
2025-02-10 10:04:51.269574-05:00,603.98,604.12,603.609,604.1,21140.0,604.0473470719031
2025-02-10 10:05:19.934384-05:00,604.115,604.18,603.647,604.13,44356.0,604.1222904206872
2025-02-10 10:05:24.102701-05:00,604.13,604.6,604.12,604.49,98078.0,604.3289343644848
2025-02-10 10:05:52.350740-05:00,604.49,604.58,603.7953,604.47,70847.0,604.4444358392025
2025-02-10 10:06:33.875972-05:00,604.47,604.7,603.9086,604.62,78474.0,604.5234211139991
2025-02-10 10:07:21.322505-05:00,604.62,604.62,604.1993,604.46,71233.0,604.4989428930411
2025-02-10 10:08:20.048057-05:00,604.46,604.59,604.2859,604.55,53993.0,604.5055512121944
2025-02-10 10:09:11.598837-05:00,604.55,604.8,604.163,604.64,71917.0,604.6894453050041
2025-02-10 10:10:07.047985-05:00,604.64,604.66,604.1666,604.61,73455.0,604.5743732380371
2025-02-10 10:10:58.781515-05:00,604.62,604.7,604.2347,604.52,75336.0,604.5944813409264
2025-02-10 10:11:59.302270-05:00,604.52,604.6115,604.3107,604.395,78022.0,604.4817178424031
2025-02-10 10:13:02.263011-05:00,604.4,604.5645,604.21,604.41,59680.0,604.3541496062329
2025-02-10 10:14:13.805958-05:00,604.41,604.5445,604.3819,604.48,61625.0,604.4674633476671
2025-02-10 10:15:25.547289-05:00,604.4713,604.5,604.28,604.3,49300.0,604.3830894137926
2025-02-10 10:16:40.486155-05:00,604.3,604.52,604.22,604.4706,67002.0,604.4025961508626
2025-02-10 10:18:03.650017-05:00,604.48,604.5,604.32,604.47,84826.0,604.3505414554498
2025-02-10 10:19:38.084201-05:00,604.47,604.49,604.31,604.3899,51118.0,604.4003516549944
2025-02-10 10:21:01.282584-05:00,604.38,604.43,603.39,604.3407,59290.0,604.372287335133
2025-02-10 10:22:00.906777-05:00,604.346,604.3827,604.1,604.17,85465.0,604.178336686363
2025-02-10 10:22:54.205643-05:00,604.17,604.6,604.13,604.56,71854.0,604.4171839674893
2025-02-10 10:24:04.509181-05:00,604.57,604.69,604.3117,604.65,53582.0,604.6210688048234
2025-02-10 10:25:12.461931-05:00,604.66,604.7,604.3756,604.4,56700.0,604.5607224162262
2025-02-10 10:26:30.691405-05:00,604.4,604.63,604.38,604.544,54130.0,604.4973087142068
2025-02-10 10:27:59.263710-05:00,604.56,604.63,604.4311,604.63,53420.0,604.5981894945708
2025-02-10 10:28:52.118066-05:00,604.63,604.79,604.4522,604.75,69734.0,604.7343293300257
2025-02-10 10:29:53.038557-05:00,604.7396,604.79,604.4974,604.69,55548.0,604.7229569363444
2025-02-10 10:30:40.046889-05:00,604.69,604.94,604.5226,604.9175,68525.0,604.820005002553
2025-02-10 10:31:32.061252-05:00,604.9109,604.94,604.5598,604.89,90625.0,604.8854620800007
2025-02-10 10:32:00.610346-05:00,604.89,604.96,604.6865,604.915,133965.0,604.9311973478153
2025-02-10 10:33:06.816119-05:00,604.92,604.97,604.7604,604.92,55823.0,604.9162196334854
2025-02-10 10:34:06.873326-05:00,604.92,604.98,604.7749,604.93,68594.0,604.9361428740128
2025-02-10 10:35:01.713698-05:00,604.925,604.96,604.7,604.8313,55951.0,604.8545665242807
2025-02-10 10:36:03.416337-05:00,604.8499,604.92,604.8,604.8712,47513.0,604.8682323174713
2025-02-10 10:37:05.503571-05:00,604.88,604.95,604.79,604.81,52706.0,604.8885901035931
2025-02-10 10:38:15.986976-05:00,604.8,604.8947,604.73,604.76,36300.0,604.7882951184578
2025-02-10 10:39:17.527056-05:00,604.755,604.8653,604.67,604.79,57790.0,604.7539471223404
2025-02-10 10:40:17.780352-05:00,604.78,604.89,604.72,604.87,38587.0,604.7975210977795
2025-02-10 10:41:05.217537-05:00,604.88,604.96,604.8041,604.9178,55831.0,604.9215663878505
2025-02-10 10:42:07.078959-05:00,604.9,604.95,604.7512,604.79,60054.0,604.8703939820834
2025-02-10 10:42:54.650886-05:00,604.79,604.8287,604.56,604.59,49713.0,604.6474847042022
2025-02-10 10:43:56.561619-05:00,604.58,604.834,604.56,604.67,49013.0,604.6127705567922
2025-02-10 10:44:57.981910-05:00,604.67,604.84,604.6331,604.83,44076.0,604.756137167619
2025-02-10 10:45:32.592854-05:00,604.8204,605.15,604.7579,605.12,61505.0,604.9455017461996
2025-02-10 10:45:56.295708-05:00,605.12,605.22,604.99,605.15,87940.0,605.1408306333848
2025-02-10 10:46:51.646947-05:00,605.15,605.2,604.8713,605.1,59738.0,605.1213133834389
2025-02-10 10:47:54.023991-05:00,605.108,605.22,604.8847,605.22,46682.0,605.1532376076452
2025-02-10 10:48:45.415790-05:00,605.2199,605.36,605.07,605.24,46327.0,605.2663969154063
2025-02-10 10:49:53.549900-05:00,605.25,605.27,604.9497,605.175,59973.0,605.17233560102
2025-02-10 10:50:54.663903-05:00,605.18,605.27,605.09,605.17,44047.0,605.1777895679611
2025-02-10 10:52:03.376599-05:00,605.17,605.22,605.0042,605.19,39160.0,605.1740691266598
2025-02-10 10:53:08.919885-05:00,605.19,605.24,605.0412,605.125,39336.0,605.1748561648354
2025-02-10 10:54:01.957800-05:00,605.14,605.19,605.01,605.14,72635.0,605.0966323012328
2025-02-10 10:55:23.513751-05:00,605.1399,605.25,605.1016,605.23,38314.0,605.1543446546951
2025-02-10 10:56:37.477366-05:00,605.23,605.24,605.09,605.09,39001.0,605.1622014050918
2025-02-10 10:57:44.915727-05:00,605.09,605.1537,604.96,605.02,67000.0,605.0383102985074
2025-02-10 10:58:58.486651-05:00,605.04,605.15,604.98,605.09,38636.0,605.0460417667457
2025-02-10 10:59:59.695709-05:00,605.07,605.09,604.81,604.85,64393.0,604.9320627552671
2025-02-10 11:00:56.354493-05:00,604.85,605.13,604.84,605.05,56998.0,605.0514001982522
2025-02-10 11:02:04.083348-05:00,605.07,605.11,604.82,604.965,72022.0,604.9519091624775
2025-02-10 11:03:17.938509-05:00,604.97,605.06,604.9373,605.02,36896.0,604.9915880718775
2025-02-10 11:04:39.150225-05:00,605.025,605.03,604.87,604.92,36686.0,604.9577078994713
2025-02-10 11:05:35.844031-05:00,604.92,604.9728,604.67,604.68,63381.0,604.7703769994162
2025-02-10 11:06:37.597212-05:00,604.68,604.8799,604.68,604.77,39635.0,604.7560081947773
2025-02-10 11:07:42.408336-05:00,604.78,604.8373,604.67,604.75,34028.0,604.7407021658647
2025-02-10 11:08:48.446103-05:00,604.74,604.8981,604.54,604.6,54446.0,604.6590326617189
2025-02-10 11:09:50.910984-05:00,604.6,604.8685,604.58,604.72,45854.0,604.6606041195967
2025-02-10 11:10:54.939817-05:00,604.7,604.8708,604.7,604.84,43966.0,604.8137785243139
2025-02-10 11:12:05.114225-05:00,604.83,604.9,604.72,604.88,37284.0,604.8186716902691
2025-02-10 11:13:19.646105-05:00,604.88,604.93,604.67,604.685,30926.0,604.8425490137745
2025-02-10 11:14:19.035689-05:00,604.67,604.8261,604.53,604.57,39994.0,604.6014712406836
2025-02-10 11:15:13.719161-05:00,604.57,604.765,604.54,604.65,38447.0,604.6527232007743
2025-02-10 11:15:57.807811-05:00,604.65,604.7342,604.29,604.36,51844.0,604.5035266183163
2025-02-10 11:16:20.976926-05:00,604.37,604.6514,604.32,604.429,65453.0,604.389731026844
2025-02-10 11:17:10.030888-05:00,604.4114,604.5614,604.36,604.45,38312.0,604.4359522264567
2025-02-10 11:18:03.141372-05:00,604.43,604.6148,604.27,604.275,32129.0,604.4139508107938
2025-02-10 11:18:55.020653-05:00,604.28,604.4822,604.26,604.3,46735.0,604.3102258243281
2025-02-10 11:19:31.814766-05:00,604.33,604.5675,604.09,604.18,65432.0,604.1749703188049
2025-02-10 11:20:24.881148-05:00,604.17,604.3513,604.16,604.3,58777.0,604.2742166391614
2025-02-10 11:21:26.862537-05:00,604.3,604.34,604.05,604.09,44680.0,604.2042002059076
2025-02-10 11:22:21.265757-05:00,604.0714,604.308,604.05,604.11,66370.0,604.1093909281293
2025-02-10 11:23:25.065712-05:00,604.11,604.3405,604.07,604.16,45650.0,604.1196112880601
2025-02-10 11:24:27.181502-05:00,604.16,604.35,604.1,604.3,46366.0,604.1851553681578
2025-02-10 11:25:23.810563-05:00,604.31,604.58,604.1554,604.58,51492.0,604.4262536724156
2025-02-10 11:26:31.410713-05:00,604.58,604.59,604.2379,604.34,44531.0,604.4043260537586
2025-02-10 11:27:56.220304-05:00,604.33,604.51,604.2482,604.5,41896.0,604.3418023271923
2025-02-10 11:29:14.580291-05:00,604.4989,604.505,604.2498,604.3,38823.0,604.4095740051014
2025-02-10 11:30:18.827400-05:00,604.3,604.3933,604.23,604.3,79512.0,604.287866872927
2025-02-10 11:31:25.748291-05:00,604.31,604.3461,604.14,604.175,68225.0,604.226573121289
2025-02-10 11:32:45.387394-05:00,604.18,604.2809,604.05,604.08,40332.0,604.1502858449858
2025-02-10 11:33:50.251438-05:00,604.08,604.2782,603.88,603.89,53618.0,603.9758070088411
2025-02-10 11:35:10.514732-05:00,603.89,604.1746,603.83,604.03,49028.0,603.9570078383775
2025-02-10 11:36:22.831550-05:00,604.03,604.25,603.9824,604.2219,52965.0,604.1851838629284
2025-02-10 11:37:46.384944-05:00,604.225,604.26,604.06,604.15,51733.0,604.1834044749
2025-02-10 11:39:27.233455-05:00,604.16,604.26,604.0832,604.2587,53284.0,604.1596559436238
2025-02-10 11:40:48.568533-05:00,604.26,604.36,604.1519,604.3,72722.0,604.2914344173691
2025-02-10 11:42:18.415812-05:00,604.3051,604.36,604.143,604.32,42131.0,604.3052031117226
2025-02-10 11:43:43.856387-05:00,604.32,604.35,604.13,604.1307,48313.0,604.264859435349
2025-02-10 11:45:12.001359-05:00,604.1307,604.2751,604.1201,604.25,67786.0,604.204821154811
2025-02-10 11:46:26.979412-05:00,604.25,604.35,604.1,604.1008,39826.0,604.2599008763126
2025-02-10 11:47:43.862627-05:00,604.2477,604.2477,603.93,604.05,47214.0,604.0475275426776
2025-02-10 11:49:23.678240-05:00,604.06,604.1837,603.97,604.1146,35219.0,604.0415238337251
2025-02-10 11:50:45.004677-05:00,604.1107,604.16,604.04,604.1,46144.0,604.106853018811
2025-02-10 11:51:57.437572-05:00,604.11,604.31,604.0731,604.2999,47099.0,604.1890488757712
2025-02-10 11:53:26.188912-05:00,604.29,604.35,604.1204,604.3075,36631.0,604.2865629930925
2025-02-10 11:55:09.860395-05:00,604.3,604.47,604.1693,604.4587,46149.0,604.3164843810258
2025-02-10 11:56:27.899614-05:00,604.4581,604.47,604.2758,604.38,43688.0,604.4027485327787
2025-02-10 11:57:50.835026-05:00,604.37,604.45,604.31,604.35,49177.0,604.4005485694538
2025-02-10 11:59:15.548639-05:00,604.37,604.51,604.32,604.4607,63038.0,604.4319872013707
2025-02-10 12:00:57.288504-05:00,604.47,604.49,604.27,604.4201,40648.0,604.3819793150955
2025-02-10 12:02:38.477523-05:00,604.43,604.48,604.18,604.22,40114.0,604.3526107792778
2025-02-10 12:04:21.285936-05:00,604.2234,604.3706,604.07,604.09,53604.0,604.1643029755245
2025-02-10 12:05:58.562459-05:00,604.0899,604.2736,603.92,603.94,35414.0,604.0244890551771
2025-02-10 12:07:20.999253-05:00,603.95,604.2809,603.83,603.83,54922.0,603.9242983267181
2025-02-10 12:08:30.917944-05:00,603.82,604.0205,603.6215,603.7099,72430.0,603.8064456730638
2025-02-10 12:09:36.473610-05:00,603.7,603.9297,603.59,603.74,66382.0,603.6854586303514
2025-02-10 12:10:41.784396-05:00,603.74,603.85,603.33,603.34,51204.0,603.5980250937424
2025-02-10 12:11:46.754737-05:00,603.34,603.8313,603.22,603.2615,58470.0,603.3842406960829
2025-02-10 12:12:59.330545-05:00,603.26,603.59,603.2,603.53,58812.0,603.4071648439096
2025-02-10 12:14:33.016743-05:00,603.53,603.6898,603.3,603.43,42521.0,603.4178234519422
2025-02-10 12:15:48.019919-05:00,603.43,603.54,603.23,603.28,47707.0,603.3414338964931
2025-02-10 12:16:57.751042-05:00,603.285,603.39,603.2425,603.3012,44411.0,603.2965780031969
2025-02-10 12:17:56.515677-05:00,603.32,603.49,603.27,603.4892,81976.0,603.4232548636185
2025-02-10 12:19:11.707715-05:00,603.49,603.68,603.3957,603.64,49062.0,603.5859175614524
2025-02-10 12:20:36.779818-05:00,603.64,603.68,603.43,603.48,47699.0,603.5683930837134
2025-02-10 12:22:19.789791-05:00,603.495,603.67,603.4381,603.59,34540.0,603.5918394180665
2025-02-10 12:24:07.247292-05:00,603.6,603.7299,603.5554,603.71,37347.0,603.6535539079454
2025-02-10 12:25:41.053216-05:00,603.7194,603.96,603.6191,603.94,46677.0,603.8925268461984
2025-02-10 12:27:28.963881-05:00,603.94,603.94,603.5615,603.86,34176.0,603.8900281513353
2025-02-10 12:29:26.061559-05:00,603.86,603.9,603.6,603.615,48974.0,603.7686672989756
2025-02-10 12:31:26.866197-05:00,603.6,603.92,603.58,603.82,35201.0,603.6972470185507
2025-02-10 12:33:15.442371-05:00,603.83,603.95,603.7118,603.89,23865.0,603.8656724785249
2025-02-10 12:35:05.093752-05:00,603.88,604.04,603.7474,604.0,26354.0,603.9747245541477
2025-02-10 12:36:33.185496-05:00,604.0,604.09,603.8681,604.02,57870.0,604.0286723829272
2025-02-10 12:38:04.603593-05:00,604.02,604.23,603.9004,604.2,40234.0,604.1233689466621
2025-02-10 12:39:46.700063-05:00,604.1908,604.27,604.067,604.2056,41327.0,604.2057750719875
2025-02-10 12:41:15.410698-05:00,604.205,604.33,604.0357,604.22,52169.0,604.2318614962907
2025-02-10 12:43:01.790778-05:00,604.21,604.35,604.1307,604.33,37554.0,604.2684049155864
2025-02-10 12:44:43.869461-05:00,604.33,604.4,604.2406,604.3082,31099.0,604.3301938776175
2025-02-10 12:46:22.946837-05:00,604.3,604.3197,604.16,604.18,68737.0,604.2223991649337
2025-02-10 12:48:13.409346-05:00,604.18,604.2545,603.97,604.03,49640.0,604.0786799073325
2025-02-10 12:50:10.625680-05:00,604.03,604.19,604.01,604.13,32960.0,604.1082052366501
2025-02-10 12:52:21.777065-05:00,604.121,604.325,604.0947,604.27,31561.0,604.2266026361654
2025-02-10 12:54:06.957979-05:00,604.28,604.45,604.1262,604.45,37073.0,604.3312958810993
2025-02-10 12:55:43.140751-05:00,604.45,604.6,604.2097,604.59,41345.0,604.4897918998655
2025-02-10 12:57:24.933477-05:00,604.5989,604.63,604.3114,604.52,43813.0,604.5393475794838
2025-02-10 12:59:41.025085-05:00,604.511,604.62,604.3364,604.6,28333.0,604.532568598453
2025-02-10 13:01:36.434017-05:00,604.6,604.72,604.4458,604.7,36949.0,604.5899890037616
2025-02-10 13:03:40.807243-05:00,604.7073,604.75,604.5477,604.7201,41326.0,604.7136154212862
2025-02-10 13:05:38.339899-05:00,604.7226,604.82,604.6476,604.8013,32936.0,604.7698057110754
2025-02-10 13:07:40.024732-05:00,604.82,604.82,604.6501,604.6634,37379.0,604.760130792691
2025-02-10 13:09:20.684416-05:00,604.68,604.77,604.67,604.73,55218.0,604.7228746242165
2025-02-10 13:11:09.725387-05:00,604.75,604.79,604.69,604.75,47410.0,604.7352354988415
2025-02-10 13:13:03.716477-05:00,604.755,604.88,604.7341,604.85,60183.0,604.828051042653
2025-02-10 13:15:12.013981-05:00,604.86,604.92,604.74,604.91,48234.0,604.824725224945
2025-02-10 13:16:46.480493-05:00,604.9,605.0,604.7875,604.959,46461.0,604.9430939648308
2025-02-10 13:18:19.651411-05:00,604.9435,604.96,604.74,604.74,62400.0,604.8753084006408
2025-02-10 13:19:49.491390-05:00,604.74,604.8623,604.63,604.755,73050.0,604.7213929993164
2025-02-10 13:21:43.220741-05:00,604.76,604.98,604.7234,604.9299,52201.0,604.8873609681807
2025-02-10 13:23:39.026312-05:00,604.92,604.9493,604.69,604.71,63040.0,604.7872746335665
2025-02-10 13:25:47.987847-05:00,604.71,604.95,604.71,604.91,38094.0,604.8316983724477
2025-02-10 13:28:00.286985-05:00,604.93,604.95,604.67,604.69,38159.0,604.8140567100809
2025-02-10 13:29:59.417326-05:00,604.69,604.8075,604.63,604.68,51466.0,604.683161386158
2025-02-10 13:31:24.951916-05:00,604.689,604.81,604.63,604.69,40570.0,604.6866089228488
2025-02-10 13:32:52.699274-05:00,604.69,604.7632,604.56,604.69,36939.0,604.6470695037774
2025-02-10 13:34:31.134097-05:00,604.69,604.75,604.6346,604.7099,20522.0,604.6926298119097
2025-02-10 13:36:12.686695-05:00,604.705,604.73,604.6234,604.71,31798.0,604.6794905151282
2025-02-10 13:37:54.967911-05:00,604.71,604.875,604.65,604.83,36131.0,604.7468228723258
2025-02-10 13:40:00.477314-05:00,604.83,604.86,604.6998,604.7799,29086.0,604.7849797084485
2025-02-10 13:41:46.135499-05:00,604.775,604.84,604.66,604.73,60571.0,604.7531657195676
2025-02-10 13:43:24.731986-05:00,604.7529,604.79,604.69,604.75,94511.0,604.742473085674
2025-02-10 13:45:01.551984-05:00,604.75,604.84,604.7418,604.82,39513.0,604.7887884316544
2025-02-10 13:46:53.831900-05:00,604.82,604.85,604.7535,604.8,33161.0,604.8058549531071
2025-02-10 13:48:34.098974-05:00,604.7999,604.91,604.7682,604.8,32563.0,604.8566620243834
2025-02-10 13:50:17.186174-05:00,604.8,604.98,604.78,604.98,44498.0,604.8991225673067
2025-02-10 13:52:00.667117-05:00,604.9701,605.0,604.8615,605.0,64118.0,604.9902318132199
2025-02-10 13:53:06.825195-05:00,605.0,605.13,604.9193,605.0955,73248.0,605.0720318452377
2025-02-10 13:54:38.340965-05:00,605.1,605.25,604.9557,605.1214,56666.0,605.1654373310287
2025-02-10 13:56:15.954077-05:00,605.12,605.2,605.0665,605.15,44703.0,605.1298477976876
2025-02-10 13:57:55.408847-05:00,605.15,605.17,605.08,605.13,61098.0,605.1374949310954
2025-02-10 13:59:45.374918-05:00,605.13,605.16,605.05,605.07,51873.0,605.0920925722431
2025-02-10 14:00:43.020973-05:00,605.07,605.1219,604.63,604.78,66357.0,604.8473732221175
2025-02-10 14:02:25.351257-05:00,604.78,605.0283,604.63,604.9,51365.0,604.7865936824685
2025-02-10 14:03:34.746753-05:00,604.91,605.0234,604.7886,604.97,92306.0,604.9465341646257
2025-02-10 14:05:29.242380-05:00,604.97,604.99,604.8743,604.93,52977.0,604.9513488797032
2025-02-10 14:07:23.294866-05:00,604.92,605.02,604.875,604.92,42153.0,604.9491747894596
2025-02-10 14:09:28.400747-05:00,604.92,605.09,604.92,605.065,39075.0,605.0188675265505
2025-02-10 14:11:42.127341-05:00,605.0545,605.12,604.9696,605.1,49715.0,605.0838046907362
2025-02-10 14:13:27.735450-05:00,605.1,605.23,605.0133,605.19,65067.0,605.1669295141926
2025-02-10 14:14:49.464966-05:00,605.19,605.33,605.0,605.27,60258.0,605.2458335324764
2025-02-10 14:16:35.563664-05:00,605.27,605.3,605.1463,605.2868,58977.0,605.2710097631287
2025-02-10 14:18:33.109403-05:00,605.28,605.33,605.162,605.27,71141.0,605.2745733304271
2025-02-10 14:20:18.479658-05:00,605.27,605.2737,605.07,605.2479,80994.0,605.142221031188
2025-02-10 14:22:05.218893-05:00,605.25,605.35,605.104,605.3392,55097.0,605.2868908361604
2025-02-10 14:23:20.579785-05:00,605.34,605.5,605.115,605.46,74276.0,605.421630554957
2025-02-10 14:25:05.338424-05:00,605.46,605.4726,605.084,605.295,65303.0,605.3248206820517
2025-02-10 14:26:52.638183-05:00,605.295,605.441,605.12,605.18,51272.0,605.2305409911847
2025-02-10 14:28:36.704332-05:00,605.19,605.3462,605.01,605.06,65850.0,605.1008598071368
2025-02-10 14:30:37.721016-05:00,605.06,605.25,605.04,605.24,41748.0,605.1611248035837
2025-02-10 14:32:20.917463-05:00,605.235,605.3599,605.1191,605.32,58237.0,605.2827504885212
2025-02-10 14:34:13.621483-05:00,605.31,605.37,605.14,605.1628,132490.0,605.2002921895996
2025-02-10 14:36:21.949036-05:00,605.17,605.2218,605.1401,605.17,44517.0,605.182337399196
2025-02-10 14:38:21.025016-05:00,605.19,605.3,605.15,605.23,49231.0,605.215174485589
2025-02-10 14:40:17.338449-05:00,605.2012,605.2397,605.0501,605.07,53034.0,605.1375372723153
2025-02-10 14:42:19.069757-05:00,605.07,605.1723,604.996,604.996,51854.0,605.0629315231221
2025-02-10 14:44:07.616287-05:00,604.99,605.1302,604.8811,605.0,67798.0,604.9599205079778
2025-02-10 14:45:57.717360-05:00,604.995,605.0928,604.76,604.79,61616.0,604.9312252726572
2025-02-10 14:47:45.525207-05:00,604.8,604.98,604.7255,604.9,418448.0,604.7465831238293
2025-02-10 14:50:01.349841-05:00,604.9,605.0111,604.84,604.865,68143.0,604.8839308909211
2025-02-10 14:51:49.939796-05:00,604.865,604.9334,604.75,604.79,71917.0,604.8268647524234
2025-02-10 14:53:36.838321-05:00,604.8013,605.0,604.72,604.95,75515.0,604.8161109276302
2025-02-10 14:55:40.437235-05:00,604.9575,605.03,604.829,605.0,67418.0,604.9691288854599
2025-02-10 14:57:43.874250-05:00,605.0,605.2,604.8864,605.14,105018.0,605.0940237502145
2025-02-10 14:59:10.875180-05:00,605.14,605.1469,604.87,604.92,77716.0,604.9575992935818
2025-02-10 15:00:36.118172-05:00,604.93,605.05,604.75,604.99,57107.0,604.9135265326483
2025-02-10 15:02:36.851217-05:00,604.99,605.14,604.88,605.0198,65981.0,604.982843618617
2025-02-10 15:04:36.945757-05:00,605.02,605.09,604.9578,605.0001,48876.0,605.029318675831
2025-02-10 15:06:43.391553-05:00,605.01,605.06,604.95,605.05,38665.0,605.015394160092
2025-02-10 15:08:32.863052-05:00,605.04,605.17,604.9853,605.05,63527.0,605.086466378076
2025-02-10 15:10:17.277914-05:00,605.05,605.08,604.95,605.0264,83598.0,605.0375652156747
2025-02-10 15:12:25.047678-05:00,604.97,605.07,604.95,605.05,64829.0,605.013782406021
2025-02-10 15:14:46.966631-05:00,605.06,605.19,605.0141,605.18,80063.0,605.0951477136754
2025-02-10 15:16:18.931690-05:00,605.18,605.19,605.0674,605.15,133132.0,605.1720905890401
2025-02-10 15:18:32.712061-05:00,605.1668,605.1697,605.0707,605.115,70406.0,605.1105779848299
2025-02-10 15:20:25.650208-05:00,605.115,605.1515,604.8901,604.91,80172.0,605.0161402397349
2025-02-10 15:21:34.408314-05:00,604.91,605.0899,604.8212,605.0,90014.0,604.918393814296
2025-02-10 15:23:02.129402-05:00,605.0,605.1,604.93,604.94,77387.0,604.9978621977853
2025-02-10 15:25:03.940432-05:00,604.9402,605.054,604.87,604.885,64770.0,604.920849604756
2025-02-10 15:26:48.279371-05:00,604.89,605.0155,604.86,604.88,68465.0,604.920530449135
2025-02-10 15:28:35.218231-05:00,604.88,604.99,604.88,604.9,54717.0,604.9368654275638
2025-02-10 15:30:19.174195-05:00,604.9,604.9516,604.75,604.77,79335.0,604.8651790294333
2025-02-10 15:31:31.581722-05:00,604.77,604.91,604.71,604.85,94802.0,604.7898678920275
2025-02-10 15:33:03.071516-05:00,604.85,604.8701,604.75,604.83,112176.0,604.8066623591495
2025-02-10 15:34:14.091983-05:00,604.83,604.92,604.8085,604.86,100514.0,604.8674112820102
2025-02-10 15:34:49.257988-05:00,604.8692,604.88,604.72,604.77,161279.0,604.8081709193387
2025-02-10 15:35:59.091971-05:00,604.77,604.8312,604.63,604.64,114998.0,604.7254973182144
2025-02-10 15:37:21.025097-05:00,604.64,604.8077,604.5,604.535,88414.0,604.5616155835053
2025-02-10 15:38:28.692590-05:00,604.535,604.7578,604.51,604.59,115368.0,604.6138769459468
2025-02-10 15:39:22.718763-05:00,604.6,604.76,604.57,604.7192,106202.0,604.6797761699402
2025-02-10 15:40:29.975705-05:00,604.7108,604.75,604.62,604.72,118655.0,604.6980519809525
2025-02-10 15:42:00.371246-05:00,604.72,604.87,604.646,604.83,77610.0,604.8027178688318
2025-02-10 15:43:01.264205-05:00,604.83,604.86,604.6666,604.735,76398.0,604.7721078732432
2025-02-10 15:44:01.712136-05:00,604.735,605.03,604.6888,605.01,91119.0,604.8822939090637
2025-02-10 15:45:08.203184-05:00,605.01,605.01,604.7248,604.88,91943.0,604.9284241171159
2025-02-10 15:46:14.038323-05:00,604.865,604.9262,604.7333,604.89,70911.0,604.8381737078869
2025-02-10 15:47:21.381598-05:00,604.89,604.89,604.63,604.67,93274.0,604.7479496279781
2025-02-10 15:48:20.784153-05:00,604.68,604.8281,604.53,604.7,162025.0,604.5990674648976
2025-02-10 15:49:04.763548-05:00,604.68,604.81,604.65,604.75,131681.0,604.7051278172256
2025-02-10 15:50:00.235019-05:00,604.74,604.85,604.6493,604.8,89402.0,604.759975371915
2025-02-10 15:50:33.627591-05:00,604.8,605.0,604.62,604.63,100932.0,604.8096326110658
2025-02-10 15:51:21.953792-05:00,604.63,604.7651,604.52,604.55,165485.0,604.5833051327909
2025-02-10 15:52:07.360103-05:00,604.55,604.735,604.43,604.49,87567.0,604.499020237075
2025-02-10 15:52:55.408534-05:00,604.49,604.7015,604.44,604.51,95674.0,604.4922932155024
2025-02-10 15:53:26.098414-05:00,604.51,604.627,604.24,604.31,111551.0,604.3578879893504
2025-02-10 15:54:00.719686-05:00,604.31,604.6392,604.29,604.34,102461.0,604.3354740027908
2025-02-10 15:54:33.768773-05:00,604.34,604.6288,604.3,604.58,103464.0,604.4750922195163
2025-02-10 15:55:00.060907-05:00,604.58,604.7888,604.398,604.58,102571.0,604.6545576683469
2025-02-10 15:55:24.006390-05:00,604.58,604.82,604.4821,604.79,103608.0,604.6992503059607
2025-02-10 15:55:55.285752-05:00,604.79,604.9,604.5182,604.88,112012.0,604.8363481707318
2025-02-10 15:56:29.854596-05:00,604.88,604.89,604.5499,604.705,107177.0,604.8063847672539
2025-02-10 15:57:04.491698-05:00,604.705,604.8335,604.5769,604.74,112068.0,604.7273502944643
2025-02-10 15:57:28.594484-05:00,604.74,604.7866,604.6085,604.68,130511.0,604.7251735914987
2025-02-10 15:57:58.759231-05:00,604.68,604.7734,604.63,604.645,122170.0,604.6733101907174
2025-02-10 15:58:21.081124-05:00,604.65,604.709,604.58,604.63,111014.0,604.623027521754
2025-02-10 15:58:51.645228-05:00,604.63,604.7198,604.5,604.57,139415.0,604.562627637628
2025-02-10 15:59:08.518544-05:00,604.57,604.62,604.44,604.46,156798.0,604.549314756566
2025-02-10 15:59:25.962699-05:00,604.47,604.58,604.34,604.58,173432.0,604.455599420522
2025-02-10 15:59:39.037975-05:00,604.57,604.78,604.57,604.78,149077.0,604.6809605908354
2025-02-10 15:59:50.007148-05:00,604.78,604.87,604.71,604.79,138880.0,604.7924095341306
2025-02-10 15:59:58.801975-05:00,604.8,604.91,604.73,604.81,154543.0,604.8469464382081
2025-02-11 09:30:00.634603-05:00,604.81,604.88,602.5,602.5,425658.0,602.9345652676557
2025-02-11 09:30:03.804180-05:00,602.53,602.56,602.42,602.56,21898.0,602.5058650744362
2025-02-11 09:30:14.558740-05:00,602.5,602.78,602.43,602.7788,58237.0,602.6338495990524
2025-02-11 09:30:48.814861-05:00,602.7788,602.93,602.5,602.86,81214.0,602.858920098751
2025-02-11 09:31:22.238389-05:00,602.86,602.96,602.82,602.9095,75979.0,602.8981169678464
2025-02-11 09:32:17.446071-05:00,602.91,603.0,602.5,602.87,72927.0,602.9015346922263
2025-02-11 09:33:07.699141-05:00,602.87,603.05,602.8,603.03,62226.0,602.912449567705
2025-02-11 09:33:46.516153-05:00,603.04,603.09,602.5,603.05,87179.0,603.0183741623551
2025-02-11 09:34:22.436366-05:00,603.05,603.4,602.5,603.33,65878.0,603.1321437657482
2025-02-11 09:34:42.959220-05:00,603.36,603.41,602.5,603.27,103511.0,603.2761363826072
2025-02-11 09:35:23.592668-05:00,603.27,603.32,602.9697,603.22,61234.0,603.2307694140522
2025-02-11 09:36:04.454949-05:00,603.2012,603.55,603.0951,603.52,56868.0,603.3457954156994
2025-02-11 09:36:48.219713-05:00,603.52,603.59,603.2994,603.536,44017.0,603.4741201126836
2025-02-11 09:37:32.367877-05:00,603.54,603.57,602.855,603.28,73595.0,603.3618544561447
2025-02-11 09:38:25.479890-05:00,603.27,603.3978,603.06,603.34,60379.0,603.2091679590583
2025-02-11 09:39:15.505432-05:00,603.34,603.39,603.18,603.349,45350.0,603.2875535744223
2025-02-11 09:40:13.480380-05:00,603.35,603.471,603.25,603.278,45909.0,603.3501525038664
2025-02-11 09:41:36.912540-05:00,603.2988,603.35,603.13,603.3,135208.0,603.3002983935876
2025-02-11 09:43:00.604492-05:00,603.3,603.4,603.21,603.3,53726.0,603.3078782098047
2025-02-11 09:44:18.945993-05:00,603.3,603.43,603.2101,603.39,34132.0,603.3365688444868
2025-02-11 09:45:26.368492-05:00,603.39,603.5285,603.3216,603.396,57672.0,603.4207895304482
2025-02-11 09:46:42.414644-05:00,603.41,603.44,603.23,603.26,56809.0,603.3437445369568
2025-02-11 09:47:58.270509-05:00,603.26,603.363,603.2,603.28,64350.0,603.2686143714066
2025-02-11 09:49:03.514964-05:00,603.28,603.37,603.2512,603.285,54937.0,603.3106363725698
2025-02-11 09:50:05.966804-05:00,603.2899,603.3357,603.12,603.22,48775.0,603.2090409246543
2025-02-11 09:51:05.001469-05:00,603.211,603.38,603.21,603.2772,42102.0,603.3094012398449
2025-02-11 09:52:05.539716-05:00,603.335,603.4222,603.2609,603.41,35666.0,603.3589932036116
2025-02-11 09:53:02.132065-05:00,603.4116,603.59,603.2874,603.415,42676.0,603.5121440739521
2025-02-11 09:54:20.156457-05:00,603.4135,603.4802,603.29,603.34,43686.0,603.414815249736
2025-02-11 09:56:01.752966-05:00,603.34,603.4431,603.2105,603.28,32870.0,603.3190230209916
2025-02-11 09:57:09.158672-05:00,603.28,603.49,603.26,603.4,53169.0,603.3983242923515
2025-02-11 09:58:29.680631-05:00,603.38,603.46,603.22,603.44,37774.0,603.3323065256528
2025-02-11 09:59:42.776598-05:00,603.4588,603.5,603.21,603.24,47445.0,603.4034108546739
2025-02-11 10:00:03.269334-05:00,603.2301,603.45,603.0,603.0,63384.0,603.2243167013758
2025-02-11 10:00:14.907786-05:00,603.0,603.76,602.92,603.71,86027.0,603.3615579236753
2025-02-11 10:00:35.736951-05:00,603.71,603.99,603.4236,603.6518,81492.0,603.8090336720162
2025-02-11 10:01:27.063688-05:00,603.65,603.8,603.45,603.78,113565.0,603.6083361220443
2025-02-11 10:02:33.707831-05:00,603.78,603.9,603.4905,603.59,49189.0,603.751084262742
2025-02-11 10:03:55.845229-05:00,603.59,603.7587,603.51,603.54,63559.0,603.5640787032514
2025-02-11 10:04:52.017185-05:00,603.5383,603.625,603.14,603.27,69652.0,603.3385703037959
2025-02-11 10:05:53.951886-05:00,603.25,603.5815,602.92,602.94,68836.0,603.1268512202926
2025-02-11 10:06:42.265180-05:00,602.9492,603.4457,602.8401,602.96,82316.0,602.9672819123858
2025-02-11 10:07:56.537476-05:00,602.95,603.2802,602.95,602.99,37572.0,603.039590162889
2025-02-11 10:08:54.219365-05:00,603.1922,603.2948,602.681,602.94,67446.0,602.8491993550402
2025-02-11 10:09:29.792332-05:00,602.9475,603.23,602.9286,602.9286,42401.0,603.0453900544766
2025-02-11 10:09:46.704679-05:00,603.21,603.27,603.16,603.23,19183.0,603.2102466819608
2025-02-11 10:10:03.826499-05:00,603.22,603.34,603.0092,603.34,15198.0,603.2727706277137
2025-02-11 10:10:21.568915-05:00,603.33,603.39,603.0077,603.28,20033.0,603.3113756202267
2025-02-11 10:11:08.522506-05:00,603.29,603.305,603.0326,603.17,32246.0,603.1776745642874
2025-02-11 10:12:10.091604-05:00,603.1812,603.33,603.0371,603.275,39780.0,603.2265903494224
2025-02-11 10:13:10.614817-05:00,603.28,603.51,603.084,603.362,45711.0,603.3769512874362
2025-02-11 10:14:37.024933-05:00,603.37,603.39,603.1486,603.28,35870.0,603.309979654307
2025-02-11 10:15:46.823479-05:00,603.28,603.49,603.1166,603.37,32374.0,603.3864640575785
2025-02-11 10:16:58.556558-05:00,603.36,603.47,603.3,603.305,40163.0,603.3954904987166
2025-02-11 10:17:50.936465-05:00,603.305,603.39,603.24,603.37,55122.0,603.3229857969595
2025-02-11 10:18:49.342388-05:00,603.37,603.57,596.92,603.4,36924.0,603.4867737216986
2025-02-11 10:20:02.628911-05:00,603.41,603.45,603.28,603.34,27699.0,603.3541101231103
2025-02-11 10:21:02.648814-05:00,603.34,603.4209,603.1401,603.16,47688.0,603.3138417148971
2025-02-11 10:22:05.939775-05:00,603.16,603.48,603.13,603.41,40864.0,603.3507475210453
2025-02-11 10:23:15.211825-05:00,603.4108,603.71,603.32,603.66,39875.0,603.5028207047018
2025-02-11 10:24:20.606165-05:00,603.6601,603.74,603.393,603.67,46131.0,603.6645864689693
2025-02-11 10:25:40.483762-05:00,603.67,603.7,603.4201,603.64,54628.0,603.6002206194619
2025-02-11 10:26:47.839663-05:00,603.63,603.88,603.5412,603.8,50375.0,603.7741337290319
2025-02-11 10:28:06.347675-05:00,603.79,603.8633,603.6658,603.78,58101.0,603.7889709178838
2025-02-11 10:28:59.177182-05:00,603.75,604.13,603.7141,604.1,66693.0,603.9243843042003
2025-02-11 10:29:31.101703-05:00,604.12,604.27,603.6599,604.21,89259.0,604.1835767989779
2025-02-11 10:30:27.231915-05:00,604.21,604.27,603.7639,604.12,69087.0,604.1627484505051
2025-02-11 10:31:17.733615-05:00,604.12,604.2,603.8882,604.18,90625.0,604.1343723575179
2025-02-11 10:32:21.765651-05:00,604.18,604.3,603.94,604.225,39055.0,604.1949639098714
2025-02-11 10:33:16.260456-05:00,604.21,604.26,604.0,604.075,54532.0,604.0914986484987
2025-02-11 10:34:25.896173-05:00,604.0788,604.17,603.9871,604.11,29856.0,604.1123154541796
2025-02-11 10:35:41.239534-05:00,604.09,604.1405,604.0,604.08,27771.0,604.0661819776026
2025-02-11 10:36:58.572019-05:00,604.06,604.18,604.01,604.14,49770.0,604.1175273598557
2025-02-11 10:38:12.155023-05:00,604.14,604.272,604.1,604.1,46739.0,604.2173797727819
2025-02-11 10:39:27.838044-05:00,604.105,604.32,604.08,604.28,53025.0,604.2233761848184
2025-02-11 10:40:26.617650-05:00,604.28,604.43,604.1692,604.28,45564.0,604.3615615178646
2025-02-11 10:41:34.231893-05:00,604.28,604.46,604.1777,604.36,30530.0,604.380115892564
2025-02-11 10:42:36.330094-05:00,604.3612,604.42,604.2043,604.33,31607.0,604.3536769956015
2025-02-11 10:43:44.323231-05:00,604.33,604.49,604.2118,604.38,31990.0,604.4189088934056
2025-02-11 10:44:51.448443-05:00,604.39,604.46,604.2697,604.44,37306.0,604.3710369967308
2025-02-11 10:45:30.495926-05:00,604.45,604.8,604.2805,604.79,76928.0,604.6074100106588
2025-02-11 10:46:28.918611-05:00,604.79,604.81,604.4737,604.6501,53980.0,604.696197880698
2025-02-11 10:47:29.231794-05:00,604.65,604.85,604.4321,604.78,37010.0,604.7562800378273
2025-02-11 10:48:35.588381-05:00,604.78,604.8,604.596,604.68,32460.0,604.734050218731
2025-02-11 10:49:33.198914-05:00,604.68,604.89,604.5454,604.87,52962.0,604.7610508930936
2025-02-11 10:50:15.425248-05:00,604.89,605.02,604.6898,604.94,48507.0,604.9376525429324
2025-02-11 10:51:06.759852-05:00,604.94,605.0,604.6347,604.91,31888.0,604.9489342166346
2025-02-11 10:51:53.030474-05:00,604.91,604.99,604.8332,604.9407,58344.0,604.9340456619367
2025-02-11 10:52:42.859983-05:00,604.95,605.07,604.7328,605.05,39345.0,604.9643277087312
2025-02-11 10:53:33.425258-05:00,605.05,605.22,604.7555,605.125,47460.0,605.1160617656974
2025-02-11 10:54:29.978503-05:00,605.15,605.17,604.9514,605.08,59916.0,605.107469544028
2025-02-11 10:55:20.410095-05:00,605.08,605.23,604.8742,605.1292,41932.0,605.096616180959
2025-02-11 10:56:18.812445-05:00,605.12,605.13,604.91,605.02,52988.0,605.0074454555755
2025-02-11 10:57:25.896960-05:00,605.01,605.0774,604.85,604.97,40502.0,604.947104750383
2025-02-11 10:58:22.343930-05:00,604.95,605.0595,604.81,604.85,36812.0,604.8982231527756
2025-02-11 10:59:22.328377-05:00,604.83,605.0297,604.66,604.7,53002.0,604.7792955020565
2025-02-11 11:00:18.851046-05:00,604.71,604.9469,604.66,604.82,43637.0,604.7643139193801
2025-02-11 11:01:12.310986-05:00,604.83,604.8755,604.62,604.68,38370.0,604.6999093510556
2025-02-11 11:02:09.294796-05:00,604.69,604.82,604.56,604.67,40614.0,604.6777622297733
2025-02-11 11:03:01.911389-05:00,604.6693,604.7575,604.55,604.67,51975.0,604.6138670918712
2025-02-11 11:04:19.455452-05:00,604.67,604.8649,604.6338,604.65,35649.0,604.720206594856
2025-02-11 11:05:35.346902-05:00,604.65,604.6898,604.54,604.6,35851.0,604.6176858832395
2025-02-11 11:06:40.759289-05:00,604.61,604.78,604.508,604.76,42226.0,604.6528139629615
2025-02-11 11:07:49.956144-05:00,604.76,604.85,604.6574,604.8,31961.0,604.7943388723763
2025-02-11 11:08:54.055039-05:00,604.77,604.85,604.6936,604.84,30844.0,604.7999249481245
2025-02-11 11:09:41.035383-05:00,604.82,604.86,604.7,604.7,52846.0,604.7746104700452
2025-02-11 11:10:41.142108-05:00,604.7,604.82,604.69,604.78,25920.0,604.751710154319
2025-02-11 11:11:33.747868-05:00,604.79,604.8,604.67,604.67,24686.0,604.7552179656491
2025-02-11 11:12:39.922653-05:00,604.67,604.7758,604.62,604.69,31916.0,604.6734280924928
2025-02-11 11:14:04.384679-05:00,604.696,604.7534,604.64,604.7,40812.0,604.6760429947076
2025-02-11 11:15:26.995542-05:00,604.71,604.88,604.67,604.88,37959.0,604.7748314549902
2025-02-11 11:16:28.900384-05:00,604.875,604.91,604.64,604.705,41462.0,604.8025225748886
2025-02-11 11:17:25.178391-05:00,604.7341,604.86,604.67,604.7922,38240.0,604.7791088676764
2025-02-11 11:18:32.328081-05:00,604.7906,604.84,604.7,604.81,26604.0,604.7694175311977
2025-02-11 11:19:10.820881-05:00,604.8,604.84,604.5,604.64,69799.0,604.681037701113
2025-02-11 11:20:00.271847-05:00,604.64,604.83,604.5,604.8088,40237.0,604.7328067301238
2025-02-11 11:20:52.926194-05:00,604.801,604.96,604.7342,604.8301,49928.0,604.8543757871329
2025-02-11 11:22:33.677291-05:00,604.831,604.9,604.7495,604.84,29904.0,604.8338947431783
2025-02-11 11:23:44.124933-05:00,604.84,604.94,604.7636,604.8899,33288.0,604.8890768565253
2025-02-11 11:25:15.699964-05:00,604.87,604.94,604.7801,604.86,25817.0,604.8812396018131
2025-02-11 11:26:24.771541-05:00,604.86,604.96,604.7903,604.96,31760.0,604.9103724779591
2025-02-11 11:27:04.818430-05:00,604.96,604.99,604.8886,604.97,48619.0,604.9530192064813
2025-02-11 11:27:54.983884-05:00,604.97,605.05,604.81,604.85,104899.0,604.9804261260836
2025-02-11 11:28:58.157182-05:00,604.84,604.9593,604.62,604.77,55815.0,604.8022811699364
2025-02-11 11:29:41.080293-05:00,604.77,604.9023,604.53,604.59,73692.0,604.6405463130344
2025-02-11 11:30:49.160338-05:00,604.61,604.8568,604.55,604.6508,45084.0,604.6325459475654
2025-02-11 11:31:53.607119-05:00,604.64,604.8207,604.46,604.55,49041.0,604.5629089496539
2025-02-11 11:32:55.511056-05:00,604.55,604.7764,604.53,604.6,145872.0,604.6651681659256
2025-02-11 11:34:07.261478-05:00,604.6,604.65,604.54,604.56,24304.0,604.6006585376895
2025-02-11 11:35:10.888640-05:00,604.57,604.65,604.49,604.59,28625.0,604.5740141519645
2025-02-11 11:36:10.654383-05:00,604.61,604.82,604.58,604.81,31494.0,604.6958139105866
2025-02-11 11:37:03.501542-05:00,604.81,604.82,604.6286,604.655,37910.0,604.7341351358484
2025-02-11 11:38:06.249235-05:00,604.65,604.7009,604.43,604.61,35892.0,604.5310958012928
2025-02-11 11:39:25.725885-05:00,604.61,604.81,604.5222,604.75,33520.0,604.6864567243438
2025-02-11 11:40:44.338875-05:00,604.75,604.9,604.653,604.87,41308.0,604.8155812239751
2025-02-11 11:42:20.208081-05:00,604.85,604.9,604.7044,604.74,39043.0,604.8232071920704
2025-02-11 11:43:57.128720-05:00,604.74,604.84,604.68,604.81,38413.0,604.7479197016623
2025-02-11 11:45:30.429505-05:00,604.8,604.88,604.73,604.84,35535.0,604.831684964119
2025-02-11 11:47:13.854944-05:00,604.84,604.88,604.7447,604.85,32946.0,604.8348203454134
2025-02-11 11:48:57.385181-05:00,604.85,604.86,604.67,604.7,43883.0,604.7493832600328
2025-02-11 11:50:23.738182-05:00,604.7,604.8003,604.65,604.67,42004.0,604.6908338110662
2025-02-11 11:51:33.276485-05:00,604.66,604.7528,604.42,604.43,60189.0,604.5185104055554
2025-02-11 11:52:51.138968-05:00,604.43,604.643,604.3,604.33,72250.0,604.4184766034602
2025-02-11 11:54:02.048482-05:00,604.35,604.6205,604.28,604.37,45984.0,604.3573449373699
2025-02-11 11:55:08.754712-05:00,604.38,604.5746,604.1,604.1113,95185.0,604.2715321342654
2025-02-11 11:56:06.756699-05:00,604.11,604.3711,604.03,604.19,69114.0,604.1172453656279
2025-02-11 11:57:13.224341-05:00,604.19,604.4225,604.06,604.095,53013.0,604.1798526059644
2025-02-11 11:58:19.835745-05:00,604.09,604.3,604.045,604.21,55906.0,604.161488253497
2025-02-11 11:59:21.055963-05:00,604.1927,604.332,604.1,604.25,54113.0,604.1910011032467
2025-02-11 12:00:03.474560-05:00,604.24,604.28,603.96,604.1,71042.0,604.1256751133126
2025-02-11 12:00:03.667340-05:00,604.1,604.13,603.98,604.01,126565.0,604.0556187326665
2025-02-11 12:00:04.066577-05:00,604.0,604.085,603.6,603.79,114124.0,603.927739825102
2025-02-11 12:00:05.227869-05:00,603.78,604.065,603.74,603.99,111447.0,603.9529739759718
2025-02-11 12:01:01.055228-05:00,603.98,604.1601,603.95,604.1601,93190.0,604.0177048985937
2025-02-11 12:02:26.002967-05:00,604.1551,604.22,603.98,603.983,43944.0,604.0728103836694
2025-02-11 12:03:55.119441-05:00,603.98,604.06,603.84,603.88,64708.0,603.9344191475549
2025-02-11 12:04:45.999690-05:00,603.9,604.006,603.58,603.7425,76065.0,603.766094941169
2025-02-11 12:05:38.956198-05:00,603.7499,603.9723,603.58,603.77,91883.0,603.6925619603192
2025-02-11 12:06:36.336422-05:00,603.76,603.8383,603.37,603.42,66063.0,603.5886534565495
2025-02-11 12:07:39.000356-05:00,603.43,603.7564,603.37,603.39,70590.0,603.5107808301465
2025-02-11 12:08:39.629912-05:00,603.38,603.8898,603.26,603.3,57031.0,603.3705608914448
2025-02-11 12:09:21.015701-05:00,603.3,603.6054,603.1,603.18,95683.0,603.1897309522066
2025-02-11 12:10:15.022981-05:00,603.19,603.47,603.19,603.41,74148.0,603.3610521983055
2025-02-11 12:11:15.173537-05:00,603.41,603.5582,603.23,603.4,68591.0,603.3170475033172
2025-02-11 12:12:13.996546-05:00,603.41,603.55,603.28,603.34,45603.0,603.4471591561949
2025-02-11 12:13:24.949720-05:00,603.335,603.52,603.27,603.3908,65622.0,603.3901957712349
2025-02-11 12:14:29.436886-05:00,603.395,603.4287,603.2984,603.31,40605.0,603.344355357715
2025-02-11 12:15:35.805666-05:00,603.32,603.399,603.2201,603.27,40730.0,603.3200867640556
2025-02-11 12:16:41.978583-05:00,603.27,603.4,603.25,603.4,41906.0,603.2946255023134
2025-02-11 12:17:26.979781-05:00,603.39,603.59,603.3058,603.56,84952.0,603.5405818874193
2025-02-11 12:18:07.905412-05:00,603.56,603.78,603.4175,603.65,75654.0,603.6567012570378
2025-02-11 12:19:02.379454-05:00,603.65,603.92,603.4781,603.69,52141.0,603.7673750580161
2025-02-11 12:19:49.906758-05:00,603.69,603.9487,603.535,603.92,79945.0,603.8609326236781
2025-02-11 12:20:57.015196-05:00,603.92,604.0,603.5285,603.91,48148.0,603.91828344895
2025-02-11 12:22:12.692047-05:00,603.91,603.98,603.5869,603.9399,55841.0,603.8909685320821
2025-02-11 12:23:10.088980-05:00,603.94,604.29,603.7993,604.28,65519.0,604.1008819884305
2025-02-11 12:24:21.054628-05:00,604.28,604.355,603.9293,604.29,78639.0,604.2863101514517
2025-02-11 12:25:43.726344-05:00,604.29,604.42,604.0698,604.35,64720.0,604.3417136866491
2025-02-11 12:27:16.985377-05:00,604.35,604.38,603.9139,604.18,80520.0,604.2557084985101
2025-02-11 12:29:05.141696-05:00,604.17,604.35,604.1038,604.33,45430.0,604.2716280937702
2025-02-11 12:30:55.464870-05:00,604.33,604.37,604.1876,604.37,39180.0,604.3056578866759
2025-02-11 12:32:12.877764-05:00,604.37,604.4388,604.286,604.31,70967.0,604.3794590372993
2025-02-11 12:34:09.669275-05:00,604.31,604.3669,604.175,604.26,36073.0,604.253132972029
2025-02-11 12:35:46.074614-05:00,604.261,604.3287,603.98,603.995,59984.0,604.1177734129099
2025-02-11 12:37:20.769622-05:00,603.98,604.2531,603.94,604.055,48872.0,604.019022567114
2025-02-11 12:39:20.011692-05:00,604.05,604.18,603.85,604.04,57468.0,603.9944455383867
2025-02-11 12:41:21.611805-05:00,604.04,604.1529,603.9418,604.015,54900.0,604.0190901074689
2025-02-11 12:43:21.993061-05:00,604.015,604.12,603.83,603.95,39191.0,603.9297407899776
2025-02-11 12:45:48.811070-05:00,603.95,604.08,603.91,603.94,33974.0,603.9801408282808
2025-02-11 12:47:34.884870-05:00,603.92,604.059,603.92,604.04,34022.0,603.9788222591271
2025-02-11 12:49:28.557550-05:00,604.03,604.04,603.87,603.95,45997.0,603.9284856273242
2025-02-11 12:51:28.472566-05:00,603.94,603.98,603.79,603.791,31994.0,603.9030384915917
2025-02-11 12:52:55.964438-05:00,603.8,603.9325,603.6,603.63,65775.0,603.7240770976811
2025-02-11 12:55:07.022365-05:00,603.6221,603.85,603.5956,603.785,47987.0,603.755026648884
2025-02-11 12:57:28.503467-05:00,603.79,603.84,603.67,603.78,39502.0,603.7634612070268
2025-02-11 12:59:24.550013-05:00,603.78,603.83,603.715,603.78,32442.0,603.7722655354166
2025-02-11 13:01:03.436238-05:00,603.7827,603.8,603.62,603.65,35202.0,603.7143139111429
2025-02-11 13:02:49.346712-05:00,603.67,603.79,603.6,603.62,53277.0,603.6848140454609
2025-02-11 13:04:22.011450-05:00,603.625,603.7062,603.5,603.63,63738.0,603.5723807195067
2025-02-11 13:05:43.118372-05:00,603.64,603.77,603.5902,603.76,53261.0,603.6652016071798
2025-02-11 13:07:24.997890-05:00,603.76,603.8,603.61,603.64,41678.0,603.7163305700847
2025-02-11 13:09:25.737084-05:00,603.63,603.79,603.61,603.7675,35745.0,603.704445141978
2025-02-11 13:10:38.612748-05:00,603.76,604.04,603.7006,604.0111,69014.0,603.8835311386098
2025-02-11 13:12:08.806738-05:00,604.02,604.05,603.55,603.6401,73098.0,603.6843221114117
2025-02-11 13:13:49.469991-05:00,603.65,603.92,603.6287,603.895,55023.0,603.7984156825315
2025-02-11 13:15:43.019846-05:00,603.8955,603.9225,603.76,603.79,67673.0,603.8197796432847
2025-02-11 13:17:16.345699-05:00,603.8,604.02,603.761,603.96,77142.0,603.8600844572335
2025-02-11 13:18:34.309144-05:00,603.93,604.11,603.8389,603.8901,64309.0,604.0007501096278
2025-02-11 13:20:05.462191-05:00,604.05,604.1,603.8923,604.09,43956.0,604.0266881904638
2025-02-11 13:21:37.138045-05:00,604.09,604.19,603.8655,604.0299,42702.0,604.0857215423157
2025-02-11 13:23:16.601073-05:00,604.03,604.04,603.86,603.93,43018.0,603.9645973359999
2025-02-11 13:25:06.193358-05:00,603.9737,604.0267,603.85,603.94,36189.0,603.9082970405381
2025-02-11 13:27:02.275938-05:00,603.921,604.04,603.855,603.98,33827.0,603.952156138588
2025-02-11 13:29:20.008163-05:00,603.98,603.99,603.86,603.97,33891.0,603.9150314301722
2025-02-11 13:30:58.531132-05:00,603.97,604.215,603.9291,604.215,35584.0,604.0695551905344
2025-02-11 13:32:11.552889-05:00,604.22,604.37,603.981,604.35,46993.0,604.297998938139
2025-02-11 13:33:27.807623-05:00,604.35,604.54,604.1578,604.5,55045.0,604.453775803433
2025-02-11 13:35:14.802887-05:00,604.5075,604.58,604.3396,604.5,50563.0,604.5056985107672
2025-02-11 13:36:50.696172-05:00,604.5,604.78,604.3952,604.75,48284.0,604.6430760251848
2025-02-11 13:37:34.348108-05:00,604.76,605.1,604.3927,605.0454,64386.0,604.9559085298051
2025-02-11 13:38:32.714395-05:00,605.05,605.22,604.6806,605.18,61280.0,605.069851266318
2025-02-11 13:39:36.057588-05:00,605.18,605.22,604.8268,605.02,72757.0,605.141842611708
2025-02-11 13:40:42.269841-05:00,605.02,605.24,604.96,605.23,70405.0,605.0403361465806
2025-02-11 13:41:36.993570-05:00,605.23,605.29,604.8001,605.17,85677.0,605.2154134703594
2025-02-11 13:42:52.502246-05:00,605.0884,605.215,604.93,604.9722,65129.0,605.0648205069942
2025-02-11 13:44:17.003489-05:00,604.97,605.1202,604.93,605.04,45919.0,605.0013995535608
2025-02-11 13:45:33.169160-05:00,605.03,605.28,605.0115,605.2701,55900.0,605.1194530393565
2025-02-11 13:46:57.706247-05:00,605.28,605.3,605.0756,605.15,48118.0,605.2199502057445
2025-02-11 13:48:52.659386-05:00,605.15,605.1904,604.98,605.0499,75920.0,605.0960338211263
2025-02-11 13:50:50.177425-05:00,605.05,605.1361,604.7614,604.7799,68356.0,604.9530332084976
2025-02-11 13:52:46.138334-05:00,604.76,605.0626,604.67,604.9028,71762.0,604.7571698308315
2025-02-11 13:55:08.115265-05:00,604.76,604.8997,604.56,604.56,59034.0,604.7208288071276
2025-02-11 13:57:01.422502-05:00,604.56,604.9457,604.55,604.56,51996.0,604.636360889299
2025-02-11 13:59:10.886407-05:00,604.56,604.7995,604.55,604.58,43065.0,604.6238785069075
2025-02-11 14:00:42.745048-05:00,604.58,604.7,604.49,604.62,55324.0,604.6121337502709
2025-02-11 14:02:06.376950-05:00,604.62,604.77,604.56,604.64,415597.0,604.7524927975895
2025-02-11 14:03:45.495859-05:00,604.64,604.72,604.6,604.69,55313.0,604.6656598412669
2025-02-11 14:05:08.333184-05:00,604.7,604.8,604.6462,604.76,74462.0,604.7370692071134
2025-02-11 14:06:02.239951-05:00,604.76,604.85,604.68,604.74,125155.0,604.7852178818271
2025-02-11 14:07:31.680769-05:00,604.74,604.85,604.7,604.78,61055.0,604.7783118466962
2025-02-11 14:09:03.176698-05:00,604.78,604.79,604.5,604.636,72200.0,604.6109431454287
2025-02-11 14:10:42.837667-05:00,604.7382,606.83,604.48,604.6609,413620.0,604.5099441516363
2025-02-11 14:12:31.141658-05:00,604.67,604.77,604.39,604.44,53162.0,604.5569447011022
2025-02-11 14:14:59.604357-05:00,604.44,604.6977,604.43,604.46,47486.0,604.4975384323799
2025-02-11 14:16:52.522052-05:00,604.46,604.61,604.42,604.5836,57757.0,604.5117331371085
2025-02-11 14:19:00.052079-05:00,604.5893,604.66,604.47,604.5535,55948.0,604.5513220329594
2025-02-11 14:21:05.007741-05:00,604.52,604.69,604.51,604.67,62893.0,604.6045672793468
2025-02-11 14:22:48.403831-05:00,604.675,604.74,604.5796,604.7086,64534.0,604.6812644249547
2025-02-11 14:25:05.091772-05:00,604.71,604.7918,604.6029,604.6827,39836.0,604.7258038256851
2025-02-11 14:26:48.282759-05:00,604.758,604.82,604.6631,604.775,74220.0,604.7705796672062
2025-02-11 14:28:25.491841-05:00,604.7785,604.78,604.63,604.71,43159.0,604.7102982552894
2025-02-11 14:30:26.659829-05:00,604.72,604.84,604.67,604.81,48604.0,604.742629135462
2025-02-11 14:31:51.287867-05:00,604.81,604.95,604.736,604.8778,129422.0,604.8714602447811
2025-02-11 14:33:51.920080-05:00,604.86,604.89,604.77,604.8151,59379.0,604.8291246636006
2025-02-11 14:36:16.235494-05:00,604.8137,604.88,604.73,604.88,56731.0,604.8107497153231
2025-02-11 14:38:22.522021-05:00,604.88,604.97,604.78,604.91,51662.0,604.8816625585553
2025-02-11 14:39:34.375696-05:00,604.91,605.1,604.8497,605.07,96968.0,605.042381062825
2025-02-11 14:40:34.852013-05:00,605.07,605.34,604.8941,605.34,123746.0,605.1700928215854
2025-02-11 14:41:26.207687-05:00,605.3303,605.49,605.0726,605.39,97472.0,605.4115314418511
2025-02-11 14:42:13.713115-05:00,605.39,605.83,605.0829,605.82,86139.0,605.5683534995762
2025-02-11 14:43:00.047251-05:00,605.83,605.86,605.2996,605.585,104820.0,605.7360645439798
2025-02-11 14:44:24.879522-05:00,605.585,605.65,605.4,605.59,67303.0,605.5317087692969
2025-02-11 14:45:45.376944-05:00,605.59,605.65,605.51,605.56,64092.0,605.5971387895528
2025-02-11 14:46:52.366013-05:00,605.55,605.6283,605.36,605.5,78547.0,605.5007998905128
2025-02-11 14:47:54.509131-05:00,605.48,605.62,605.44,605.54,71718.0,605.5136517861631
2025-02-11 14:49:40.688073-05:00,605.5565,605.56,605.42,605.53,60227.0,605.486653275109
2025-02-11 14:51:23.460489-05:00,605.522,605.64,605.47,605.57,53966.0,605.5674948245176
2025-02-11 14:52:50.383783-05:00,605.55,605.62,605.5084,605.555,72862.0,605.5698044769557
2025-02-11 14:54:39.775639-05:00,605.555,605.5643,605.41,605.48,85369.0,605.4834571495518
2025-02-11 14:56:32.546407-05:00,605.48,605.63,605.48,605.54,55188.0,605.5551648909176
2025-02-11 14:58:15.023323-05:00,605.56,605.59,605.47,605.51,50223.0,605.5196157318367
2025-02-11 14:59:49.439170-05:00,605.51,605.5327,605.38,605.395,52738.0,605.4596649835037
2025-02-11 15:01:01.808507-05:00,605.39,605.59,605.39,605.49,83738.0,605.5066384699888
2025-02-11 15:02:20.419691-05:00,605.49,605.65,605.47,605.61,78874.0,605.5780761721222
2025-02-11 15:03:49.794860-05:00,605.61,605.66,605.52,605.56,54286.0,605.5792441052934
2025-02-11 15:05:22.232429-05:00,605.56,605.58,605.4,605.5,75970.0,605.481813355272
2025-02-11 15:06:51.159660-05:00,605.5,605.57,605.37,605.38,46478.0,605.4545495675369
2025-02-11 15:08:05.223218-05:00,605.38,605.5218,605.28,605.41,72896.0,605.3648158115656
2025-02-11 15:09:49.819305-05:00,605.41,605.5,605.3,605.35,47850.0,605.407619230929
2025-02-11 15:11:30.459256-05:00,605.35,605.4789,605.32,605.3823,39479.0,605.3784676232946
2025-02-11 15:13:26.267396-05:00,605.425,605.489,605.36,605.39,62419.0,605.4043695845817
2025-02-11 15:15:08.186191-05:00,605.39,605.53,605.38,605.41,45771.0,605.4720038976646
2025-02-11 15:16:18.245426-05:00,605.41,605.4531,605.2101,605.2223,61910.0,605.3261325747047
2025-02-11 15:17:34.509520-05:00,605.23,605.3742,605.18,605.3,137722.0,605.2756255478432
2025-02-11 15:19:01.825204-05:00,605.3,605.42,605.26,605.305,85785.0,605.3457391082361
2025-02-11 15:20:40.041273-05:00,605.31,605.41,605.29,605.3692,45934.0,605.3490015827056
2025-02-11 15:22:23.077270-05:00,605.36,605.38,605.26,605.3,74909.0,605.3221835039857
2025-02-11 15:23:56.749187-05:00,605.3,605.3405,605.18,605.285,58926.0,605.262617364152
2025-02-11 15:25:22.406895-05:00,605.2809,605.32,605.08,605.08,90983.0,605.1758052108651
2025-02-11 15:27:00.028259-05:00,605.08,605.2682,605.035,605.11,82889.0,605.1035229053315
2025-02-11 15:28:26.729115-05:00,605.11,605.36,605.09,605.345,74854.0,605.2454073823712
2025-02-11 15:30:07.055966-05:00,605.345,605.38,605.1703,605.2418,62828.0,605.3080646001766
2025-02-11 15:31:09.108304-05:00,605.245,605.3075,605.14,605.245,105136.0,605.2048223738784
2025-02-11 15:32:31.795150-05:00,605.245,605.54,605.2045,605.52,73567.0,605.3908651175116
2025-02-11 15:33:46.790843-05:00,605.52,605.59,605.2505,605.49,67711.0,605.5053604362646
2025-02-11 15:35:11.618050-05:00,605.49,605.5,605.21,605.27,77376.0,605.3570596102155
2025-02-11 15:36:20.078122-05:00,605.26,605.3977,605.16,605.19,86678.0,605.2474502007435
2025-02-11 15:37:28.024094-05:00,605.18,605.3503,605.0,605.09,86632.0,605.1440048515569
2025-02-11 15:38:27.309036-05:00,605.088,605.2847,605.03,605.09,84144.0,605.0838912210015
2025-02-11 15:39:25.414839-05:00,605.09,605.257,604.97,604.97,101551.0,605.0804584553575
2025-02-11 15:40:08.082448-05:00,604.988,605.1308,604.67,604.9846,85144.0,604.856323958236
2025-02-11 15:40:55.325366-05:00,604.7,605.0345,604.65,604.91,95357.0,604.7663196671458
2025-02-11 15:41:42.413047-05:00,604.91,605.119,604.7607,605.04,92293.0,605.0008642063871
2025-02-11 15:42:57.488315-05:00,605.04,605.1193,604.86,604.95,132228.0,604.9484876175999
2025-02-11 15:44:00.597337-05:00,604.94,605.0516,604.83,604.9407,159246.0,604.9168463980246
2025-02-11 15:45:01.225263-05:00,604.945,605.0023,604.88,604.93,128798.0,604.9386552625041
2025-02-11 15:46:02.107684-05:00,604.93,604.99,604.91,604.92,82928.0,604.9415475737991
2025-02-11 15:47:01.247244-05:00,604.92,604.98,604.86,604.95,106713.0,604.9150566107218
2025-02-11 15:48:14.585806-05:00,604.95,604.95,604.78,604.86,112606.0,604.8529735928815
2025-02-11 15:49:14.447400-05:00,604.86,604.91,604.68,604.77,110369.0,604.7933010936048
2025-02-11 15:50:00.036971-05:00,604.78,604.92,604.76,604.91,97516.0,604.8304156292301
2025-02-11 15:50:28.436552-05:00,604.92,605.17,604.845,604.9301,105150.0,605.0281199448411
2025-02-11 15:51:18.561678-05:00,604.92,604.99,604.75,604.82,109046.0,604.876516589329
2025-02-11 15:52:28.159567-05:00,604.82,604.92,604.78,604.86,105024.0,604.836046637911
2025-02-11 15:53:25.770043-05:00,604.86,605.03,604.8409,604.98,85693.0,604.9530993861817
2025-02-11 15:54:06.850360-05:00,604.97,604.98,604.7813,604.8,102285.0,604.8676373006793
2025-02-11 15:54:48.830704-05:00,604.79,604.92,604.74,604.83,104031.0,604.8247753996405
2025-02-11 15:55:20.558590-05:00,604.83,604.95,604.75,604.83,105135.0,604.8607218985119
2025-02-11 15:56:13.398831-05:00,604.83,604.92,604.73,604.75,106053.0,604.8146710795544
2025-02-11 15:56:55.320427-05:00,604.75,604.8558,604.61,604.73,112175.0,604.7001223365286
2025-02-11 15:57:41.959118-05:00,604.73,604.8501,604.71,604.74,87783.0,604.7520927320782
2025-02-11 15:58:09.582923-05:00,604.74,604.86,604.74,604.8071,91094.0,604.8181667903489
2025-02-11 15:58:36.879116-05:00,604.81,604.96,604.8,604.93,148734.0,604.8912749720974
2025-02-11 15:59:00.009348-05:00,604.93,605.05,604.8214,605.02,151444.0,604.9912280493128
2025-02-11 15:59:10.183208-05:00,605.02,605.15,604.8682,605.11,204470.0,605.095092386658
2025-02-11 15:59:23.013426-05:00,605.11,605.15,605.08,605.11,176114.0,605.1182033909847
2025-02-11 15:59:31.794506-05:00,605.11,605.23,605.11,605.225,251011.0,605.1695620108283
2025-02-11 15:59:38.684166-05:00,605.225,605.34,605.2033,605.3,218069.0,605.2808388945698
2025-02-11 15:59:44.807301-05:00,605.3,605.3075,605.21,605.21,248844.0,605.2580221259097
2025-02-11 15:59:50.403393-05:00,605.21,605.225,605.1,605.12,169221.0,605.1373755721808
2025-02-11 15:59:54.475288-05:00,605.1,605.17,605.03,605.1,212317.0,605.1125937913591
2025-02-12 09:30:00.398969-05:00,605.09,605.23,599.2,599.23,679248.0,601.4938723616408
2025-02-12 09:30:01.879829-05:00,599.24,599.28,599.15,599.27,34771.0,599.218453035594
2025-02-12 09:30:05.340499-05:00,599.175,599.36,599.152,599.33,52801.0,599.2537523664352
2025-02-12 09:30:23.300219-05:00,599.33,599.5299,599.15,599.29,101516.0,599.3898842615943
2025-02-12 09:30:44.806195-05:00,599.29,599.31,598.93,598.965,141527.0,599.0204260444997
2025-02-12 09:31:12.261072-05:00,598.9697,599.26,598.7,598.7699,123437.0,598.8545360718431
2025-02-12 09:31:39.980633-05:00,598.76,599.26,598.57,598.58,2240127.0,599.0140395773552
2025-02-12 09:32:08.407236-05:00,598.58,599.26,598.51,598.865,122671.0,598.62569550668
2025-02-12 09:32:31.901427-05:00,598.865,599.4,598.6907,599.34,116214.0,599.1290513655841
2025-02-12 09:33:03.241495-05:00,599.3392,599.41,598.8641,599.2358,103487.0,599.3266969107237
2025-02-12 09:33:34.289669-05:00,599.21,599.42,598.953,599.26,117541.0,599.3099224559949
2025-02-12 09:34:13.885344-05:00,599.26,599.6599,599.0734,599.53,95016.0,599.406014246022
2025-02-12 09:34:55.700092-05:00,599.5266,599.7,599.1217,599.6305,124564.0,599.5556570855146
2025-02-12 09:35:37.787961-05:00,599.64,599.72,599.0914,599.555,80369.0,599.6205353195893
2025-02-12 09:36:20.229716-05:00,599.54,599.555,599.26,599.5499,92559.0,599.4184290603829
2025-02-12 09:37:05.256157-05:00,599.5499,599.83,599.2302,599.81,93224.0,599.659365373724
2025-02-12 09:37:55.453712-05:00,599.8101,599.899,599.4422,599.85,85602.0,599.8114648185787
2025-02-12 09:38:45.753124-05:00,599.8474,599.86,599.43,599.76,3629467.0,599.4410017768167
2025-02-12 09:39:25.396211-05:00,599.76,600.17,599.6809,600.11,98270.0,600.0112694240352
2025-02-12 09:40:01.424423-05:00,600.1,600.35,599.6993,600.08,116341.0,600.1773766118573
2025-02-12 09:40:46.154201-05:00,600.08,600.15,599.8075,600.0788,116751.0,599.9854293128105
2025-02-12 09:41:38.226493-05:00,600.065,600.1281,599.8891,600.01,104041.0,600.0167688440134
2025-02-12 09:42:24.543550-05:00,599.9901,600.25,599.9901,600.15,91191.0,600.144092698841
2025-02-12 09:43:04.314855-05:00,600.15,600.2,600.01,600.14,126080.0,600.1110515133242
2025-02-12 09:43:57.486086-05:00,600.14,600.34,600.0406,600.25,81406.0,600.1696491094018
2025-02-12 09:44:37.942409-05:00,600.25,600.54,600.1116,600.49,114048.0,600.4285268273005
2025-02-12 09:45:14.828866-05:00,600.5,600.7591,600.1819,600.55,87641.0,600.5916132129945
2025-02-12 09:46:01.321908-05:00,600.54,604.0,600.0263,600.59,75729.0,600.604406772835
2025-02-12 09:46:35.838329-05:00,600.59,600.9,600.47,600.88,103785.0,600.6264173069331
2025-02-12 09:46:58.093433-05:00,600.89,601.09,600.4388,600.94,133584.0,601.0023111285778
2025-02-12 09:47:36.051947-05:00,600.94,601.08,600.65,600.9097,90380.0,600.9409402655454
2025-02-12 09:48:30.508168-05:00,600.9,601.095,600.3755,600.93,82521.0,600.9379330752166
2025-02-12 09:49:18.285361-05:00,600.93,601.0,600.7675,600.98,63661.0,600.8863340412494
2025-02-12 09:50:08.804446-05:00,600.98,601.33,600.8107,601.33,75997.0,601.1525725857599
2025-02-12 09:50:43.666816-05:00,601.33,601.34,600.5787,600.905,110904.0,601.1033951219075
2025-02-12 09:51:26.607919-05:00,600.905,601.09,600.83,601.09,88898.0,600.9341363630225
2025-02-12 09:52:06.986293-05:00,601.095,601.43,600.9782,601.41,72775.0,601.2762767200282
2025-02-12 09:52:39.937092-05:00,601.41,601.57,601.0964,601.46,105711.0,601.4956452545149
2025-02-12 09:53:21.112979-05:00,601.46,601.68,601.1716,601.5521,83234.0,601.4812345519864
2025-02-12 09:54:06.987075-05:00,601.56,601.6398,601.37,601.48,78317.0,601.504165741793
2025-02-12 09:54:57.348438-05:00,601.48,601.54,601.2469,601.51,99005.0,601.4457278026362
2025-02-12 09:55:32.520125-05:00,601.51,601.52,601.26,601.26,90396.0,601.387328324262
2025-02-12 09:56:11.477586-05:00,601.25,601.4154,601.16,601.318,83096.0,601.2409375048143
2025-02-12 09:57:14.330131-05:00,601.31,601.52,601.26,601.27,60551.0,601.3801394592981
2025-02-12 09:58:05.353398-05:00,601.27,601.4159,601.21,601.31,66870.0,601.2891166322718
2025-02-12 09:58:57.931467-05:00,601.31,601.38,601.2,601.32,60462.0,601.2815443170914
2025-02-12 10:00:00.351901-05:00,601.32,601.37,601.24,601.3,59875.0,601.2903511816277
2025-02-12 10:00:30.292110-05:00,601.3,601.44,600.85,600.9099,97819.0,601.0424077858088
2025-02-12 10:01:06.321418-05:00,600.899,601.23,600.7001,600.73,76848.0,600.8289525478876
2025-02-12 10:01:48.505800-05:00,600.74,601.1332,600.57,600.6275,78569.0,600.7087141391639
2025-02-12 10:02:40.600770-05:00,600.63,600.9646,600.42,600.5812,500798.0,600.5278452483835
2025-02-12 10:02:56.742711-05:00,600.605,600.916,600.29,600.3,35939.0,600.478996978215
2025-02-12 10:03:11.922739-05:00,600.295,600.506,600.0319,600.1,39719.0,600.1252040736168
2025-02-12 10:03:25.935628-05:00,600.1,600.8053,599.92,599.985,30883.0,600.0234767412481
2025-02-12 10:03:43.523836-05:00,599.9853,600.2974,599.9,600.02,36681.0,599.986736293995
2025-02-12 10:04:01.323079-05:00,600.02,600.27,600.01,600.15,35143.0,600.1514578835046
2025-02-12 10:04:50.651326-05:00,600.15,600.3945,600.0,600.0201,58801.0,600.1446740106461
2025-02-12 10:05:31.560145-05:00,600.0362,600.3227,599.78,599.78,65324.0,599.9255938276907
2025-02-12 10:06:16.641768-05:00,599.78,600.26,599.72,600.1499,86278.0,600.0177916015673
2025-02-12 10:07:09.874339-05:00,600.13,600.5747,599.84,599.9,77303.0,600.1654728070064
2025-02-12 10:07:52.551182-05:00,599.8973,600.3,599.7368,600.29,100421.0,600.1011475448364
2025-02-12 10:08:28.231308-05:00,600.27,600.58,600.0798,600.34,77034.0,600.4704496235429
2025-02-12 10:09:13.497345-05:00,600.325,600.43,600.1,600.335,557049.0,600.1188870305845
2025-02-12 10:10:00.713246-05:00,600.335,600.6,600.1591,600.4,63001.0,600.4338212123612
2025-02-12 10:10:47.549263-05:00,600.4,600.47,599.95,600.11,72847.0,600.129587287054
2025-02-12 10:11:22.738040-05:00,600.11,600.2618,599.79,599.86,56336.0,600.0004284773497
2025-02-12 10:12:09.646108-05:00,599.8899,600.2239,599.65,599.68,57361.0,599.8829274716263
2025-02-12 10:13:06.003509-05:00,599.68,600.1621,599.56,599.79,84861.0,599.6651874700983
2025-02-12 10:14:08.650239-05:00,599.81,600.165,599.66,599.975,55594.0,599.9505988973633
2025-02-12 10:15:17.472260-05:00,599.9753,600.0805,599.7735,599.785,61526.0,599.8704893947271
2025-02-12 10:16:04.668995-05:00,599.78,600.31,599.735,600.28,95018.0,600.1122263044904
2025-02-12 10:16:49.000396-05:00,600.28,600.5,599.9107,600.39,86839.0,600.3632083787238
2025-02-12 10:17:29.489027-05:00,600.39,600.88,600.022,600.73,76677.0,600.6536399702638
2025-02-12 10:18:24.060354-05:00,600.73,600.8725,600.2531,600.685,75345.0,600.7517083190648
2025-02-12 10:19:10.878233-05:00,600.69,601.12,600.3295,601.08,318214.0,600.6002423315753
2025-02-12 10:20:04.618515-05:00,601.08,601.35,600.4347,601.345,52396.0,601.1682441102379
2025-02-12 10:20:52.339607-05:00,601.36,601.411,600.2896,601.175,64507.0,601.2789626707189
2025-02-12 10:21:43.369191-05:00,601.175,601.6,600.793,601.4,70885.0,601.426211659731
2025-02-12 10:22:30.409136-05:00,601.4,601.6,600.6439,601.51,92454.0,601.4149378393589
2025-02-12 10:23:23.149665-05:00,601.5115,601.6,601.1821,601.28,93758.0,601.4225970797154
2025-02-12 10:24:16.510289-05:00,601.28,601.75,601.13,601.75,106391.0,601.3567471261671
2025-02-12 10:24:26.390258-05:00,601.75,602.3,601.7,602.3,116104.0,601.9891567181154
2025-02-12 10:24:47.458816-05:00,602.3,602.36,601.505,601.98,121811.0,602.1397561574902
2025-02-12 10:25:21.845589-05:00,601.99,602.22,601.6262,602.21,109699.0,601.9823800918882
2025-02-12 10:25:59.730368-05:00,602.21,602.23,601.7,601.82,87529.0,601.8955509305488
2025-02-12 10:26:47.269192-05:00,601.82,602.0338,601.585,601.87,78611.0,601.7685643713984
2025-02-12 10:27:40.637636-05:00,601.87,601.8847,601.53,601.685,63372.0,601.6622900302974
2025-02-12 10:28:24.737049-05:00,601.69,601.88,601.21,601.3153,64330.0,601.443742522929
2025-02-12 10:29:30.277858-05:00,601.3191,601.8468,601.3,601.34,74366.0,601.456535779792
2025-02-12 10:30:38.032307-05:00,601.34,601.7355,601.19,601.55,54701.0,601.4066601341844
2025-02-12 10:32:02.443652-05:00,601.59,601.75,601.4363,601.735,42046.0,601.6272540527036
2025-02-12 10:33:25.246857-05:00,601.71,601.8996,601.4712,601.82,49344.0,601.6561997284367
2025-02-12 10:34:29.000274-05:00,601.82,601.96,601.5323,601.8119,66717.0,601.8548285714294
2025-02-12 10:35:47.094879-05:00,601.8201,601.8984,601.6573,601.8984,98147.0,601.7889934791685
2025-02-12 10:36:44.039216-05:00,601.88,602.25,601.7607,602.13,68038.0,602.0188166833244
2025-02-12 10:37:43.767087-05:00,602.13,602.38,601.9014,602.3,197411.0,602.1352150244919
2025-02-12 10:38:00.928252-05:00,602.295,602.54,602.2221,602.38,75798.0,602.4299294889053
2025-02-12 10:38:28.078834-05:00,602.38,602.81,602.0883,602.72,79699.0,602.4737851252839
2025-02-12 10:38:32.447487-05:00,602.75,603.32,602.31,603.13,105240.0,602.9938405264153
2025-02-12 10:38:42.157057-05:00,603.15,603.3,602.3015,602.8,112742.0,602.8490344006663
2025-02-12 10:39:07.119798-05:00,602.8,603.09,602.4344,602.865,102941.0,602.8830108722475
2025-02-12 10:39:36.927213-05:00,602.865,602.9599,602.55,602.56,110027.0,602.7310726885213
2025-02-12 10:40:22.934513-05:00,602.56,602.88,602.3938,602.7,94928.0,602.6962300870134
2025-02-12 10:41:11.653404-05:00,602.6817,602.82,602.4001,602.68,63357.0,602.5484566567229
2025-02-12 10:42:19.688408-05:00,602.6601,602.69,602.3,602.5,60368.0,602.4775878843104
2025-02-12 10:43:40.687306-05:00,602.5,602.7347,602.3,602.45,50386.0,602.4855534731871
2025-02-12 10:44:42.692768-05:00,602.43,602.6732,602.17,602.4099,71999.0,602.2720041806133
2025-02-12 10:45:56.236577-05:00,602.4,602.61,602.2692,602.29,46062.0,602.449150916156
2025-02-12 10:46:55.299930-05:00,602.29,602.5847,601.97,602.1,61251.0,602.1488517493588
2025-02-12 10:48:23.740752-05:00,602.1299,602.6018,601.97,602.275,37567.0,602.155031162988
2025-02-12 10:49:33.672655-05:00,602.29,602.6283,601.76,601.85,70342.0,602.0234590699725
2025-02-12 10:51:06.265232-05:00,601.85,602.2,601.81,602.08,40077.0,602.051167337875
2025-02-12 10:52:48.285344-05:00,602.07,602.2,601.97,602.02,42383.0,602.0565542811977
2025-02-12 10:54:11.882446-05:00,602.02,602.28,601.9512,602.23,59753.0,602.1510948303851
2025-02-12 10:55:28.801675-05:00,602.23,602.49,602.1111,602.31,48866.0,602.327870979823
2025-02-12 10:56:52.854182-05:00,602.32,605.89,602.1439,602.3387,59558.0,602.3596487810197
2025-02-12 10:58:18.365050-05:00,602.34,602.44,602.1862,602.42,44235.0,602.3510802780607
2025-02-12 10:59:42.548606-05:00,602.42,602.54,602.1893,602.5301,43844.0,602.4419498699925
2025-02-12 11:00:43.024960-05:00,602.53,602.56,602.1,602.13,63579.0,602.3574428160241
2025-02-12 11:02:18.817413-05:00,602.13,602.3759,602.01,602.17,60710.0,602.1787817048266
2025-02-12 11:03:40.628674-05:00,602.189,602.3049,601.97,601.98,59143.0,602.1308855299867
2025-02-12 11:05:10.927165-05:00,601.98,602.2893,601.69,601.7,57482.0,601.9208349761668
2025-02-12 11:06:39.919645-05:00,601.7388,602.1017,601.68,601.86,75712.0,601.872421374419
2025-02-12 11:07:55.151002-05:00,601.86,602.0616,601.41,601.52,75685.0,601.5797963321648
2025-02-12 11:09:17.653962-05:00,601.52,601.773,601.36,601.6188,68782.0,601.5186760009889
2025-02-12 11:10:30.446405-05:00,601.6091,601.686,601.37,601.52,78421.0,601.494195809797
2025-02-12 11:11:36.538701-05:00,601.55,601.82,601.46,601.46,98097.0,601.6707042498746
2025-02-12 11:12:27.509246-05:00,601.44,601.7383,601.01,601.03,85227.0,601.2065650251683
2025-02-12 11:12:54.495676-05:00,601.02,601.5589,600.78,601.0,106975.0,600.8923345529328
2025-02-12 11:14:02.454316-05:00,601.0,601.3067,600.72,600.97,82422.0,600.868285198127
2025-02-12 11:15:16.402327-05:00,600.965,601.2113,600.86,600.91,84974.0,601.0010224209752
2025-02-12 11:16:48.642656-05:00,600.91,601.3126,600.79,600.905,65730.0,600.877129339723
2025-02-12 11:18:06.184822-05:00,600.905,601.1919,600.82,600.93,74374.0,600.9348078051464
2025-02-12 11:19:22.925913-05:00,600.9202,601.13,600.82,600.8936,78720.0,601.0074861788604
2025-02-12 11:21:04.673226-05:00,600.893,601.15,600.88,601.03,50030.0,601.0022359744154
2025-02-12 11:22:31.414720-05:00,601.01,601.05,600.55,600.57,80951.0,600.8559911860258
2025-02-12 11:23:34.991293-05:00,600.58,600.9253,600.3515,600.72,87376.0,600.5800993178905
2025-02-12 11:24:42.988054-05:00,600.74,600.882,600.6335,600.7,69760.0,600.7924167904249
2025-02-12 11:25:59.970627-05:00,600.7,600.8487,600.29,600.515,57867.0,600.4805567646506
2025-02-12 11:27:23.823543-05:00,600.52,600.7738,600.23,600.34,63646.0,600.4017445071187
2025-02-12 11:28:40.198140-05:00,600.34,600.6867,600.15,600.57,85790.0,600.3310073505077
2025-02-12 11:29:53.739880-05:00,600.57,600.7,600.3585,600.63,74946.0,600.59133556961
2025-02-12 11:30:58.757472-05:00,600.64,600.985,600.4408,600.81,82235.0,600.8305577868294
2025-02-12 11:32:12.011393-05:00,600.79,601.0772,600.5962,600.885,98634.0,600.9292083946718
2025-02-12 11:33:47.107919-05:00,600.885,601.0081,600.6495,600.8714,61470.0,600.8982905840245
2025-02-12 11:35:10.593689-05:00,600.89,601.09,600.66,600.9115,108670.0,600.8650162961266
2025-02-12 11:36:46.916176-05:00,600.925,601.17,600.8125,601.17,72672.0,600.9442696471815
2025-02-12 11:38:00.778071-05:00,601.16,601.42,600.8304,601.4,85794.0,601.2555690479522
2025-02-12 11:39:40.704823-05:00,601.41,601.54,601.018,601.37,66033.0,601.4543976981213
2025-02-12 11:41:06.020421-05:00,601.37,601.67,601.0382,601.42,59988.0,601.5136145729141
2025-02-12 11:42:57.490797-05:00,601.42,601.77,601.34,601.75,65010.0,601.5034247054314
2025-02-12 11:44:02.808766-05:00,601.76,602.075,601.5508,602.05,86680.0,601.9162101499774
2025-02-12 11:45:20.188861-05:00,602.05,602.2,601.69,602.11,64131.0,602.0763806754921
2025-02-12 11:46:41.118578-05:00,602.11,602.2,601.6293,602.0,52666.0,602.0332527645924
2025-02-12 11:48:02.999332-05:00,602.02,602.0529,601.6729,601.9173,72569.0,601.9144284983946
2025-02-12 11:50:02.615323-05:00,601.9187,602.22,601.7839,602.1399,46457.0,602.0423346191106
2025-02-12 11:51:45.477690-05:00,602.1219,602.28,602.0096,602.2788,62830.0,602.18463013847
2025-02-12 11:53:28.491635-05:00,602.27,602.4,602.0984,602.345,73592.0,602.3284876440378
2025-02-12 11:53:44.853075-05:00,602.3491,602.79,602.2246,602.57,99091.0,602.5147921758788
2025-02-12 11:54:24.200019-05:00,602.57,602.69,602.3526,602.69,124031.0,602.5634325733085
2025-02-12 11:55:12.543591-05:00,602.67,602.9,602.3169,602.86,77746.0,602.7544753222037
2025-02-12 11:56:21.119262-05:00,602.86,602.91,602.5213,602.73,79511.0,602.7662246984692
2025-02-12 11:57:16.345536-05:00,602.73,603.19,602.5824,603.09,102412.0,603.0143825655197
2025-02-12 11:58:18.008909-05:00,603.09,603.16,602.54,603.15,99364.0,602.9755151040623
2025-02-12 11:59:04.143376-05:00,603.14,603.52,602.7677,603.44,85202.0,603.3576507499826
2025-02-12 12:00:01.327148-05:00,603.44,603.5485,602.9369,603.41,92642.0,603.4134017324764
2025-02-12 12:00:03.965214-05:00,603.4002,603.43,603.0,603.1,120573.0,603.2550385990227
2025-02-12 12:00:04.413046-05:00,603.08,603.2709,602.84,603.23,127253.0,603.1727305116588
2025-02-12 12:00:05.822998-05:00,603.23,603.32,603.13,603.26,116936.0,603.2504528374496
2025-02-12 12:00:29.278889-05:00,603.26,603.46,603.1588,603.42,101420.0,603.2856100197193
2025-02-12 12:00:57.184409-05:00,603.42,603.68,603.1819,603.646,104371.0,603.4719933717223
2025-02-12 12:01:36.656188-05:00,603.65,603.77,603.2664,603.71,100725.0,603.6524267103501
2025-02-12 12:02:33.239948-05:00,603.72,603.74,603.1236,603.1236,93378.0,603.617280842382
2025-02-12 12:03:36.527885-05:00,603.58,603.64,603.1414,603.4113,85925.0,603.4627451835898
2025-02-12 12:04:18.979845-05:00,603.415,603.5111,603.2,603.36,80958.0,603.3204007917685
2025-02-12 12:05:06.513896-05:00,603.4,603.47,603.2,603.24,91187.0,603.3317885575797
2025-02-12 12:06:31.998114-05:00,603.24,603.5173,603.22,603.47,93173.0,603.3637439279628
2025-02-12 12:07:37.028491-05:00,603.47,603.55,603.13,603.21,98052.0,603.3636899787873
2025-02-12 12:08:58.967086-05:00,603.2,603.4272,603.05,603.27,76343.0,603.1521225914616
2025-02-12 12:10:32.968630-05:00,603.27,603.36,603.17,603.29,71790.0,603.2611804178862
2025-02-12 12:12:00.625378-05:00,603.31,603.3854,603.11,603.1349,66530.0,603.246219149256
2025-02-12 12:13:46.939237-05:00,603.1397,603.35,603.08,603.34,58959.0,603.2299820705915
2025-02-12 12:14:00.509698-05:00,603.34,603.87,603.2527,603.7,112398.0,603.614622566238
2025-02-12 12:14:42.472210-05:00,603.7,603.97,603.5022,603.79,101590.0,603.8043060419336
2025-02-12 12:15:47.749009-05:00,603.79,603.84,603.4125,603.78,89390.0,603.7475165454746
2025-02-12 12:17:07.731764-05:00,603.785,603.936,603.4676,603.89,63644.0,603.7982420463837
2025-02-12 12:18:44.497777-05:00,603.895,603.98,603.5601,603.81,61195.0,603.7956619070178
2025-02-12 12:20:20.976549-05:00,603.7901,603.83,603.55,603.69,64742.0,603.6894960072295
2025-02-12 12:21:58.204256-05:00,603.685,603.88,603.61,603.7,80727.0,603.7234658416637
2025-02-12 12:22:46.922894-05:00,603.7,603.99,603.6897,603.88,91872.0,603.8667154671714
2025-02-12 12:25:05.317683-05:00,603.88,603.93,603.68,603.71,52775.0,603.8100136598761
2025-02-12 12:26:50.904830-05:00,603.7,603.9491,603.69,603.7693,61744.0,603.8040704424723
2025-02-12 12:29:06.620815-05:00,603.7662,603.84,603.64,603.78,51840.0,603.7497017631172
2025-02-12 12:30:49.895383-05:00,603.78,603.85,603.55,603.78,51657.0,603.7263993456834
2025-02-12 12:32:46.169529-05:00,603.78,603.89,603.49,603.51,67150.0,603.7647645614293
2025-02-12 12:34:24.370682-05:00,603.51,603.7417,603.41,603.63,66967.0,603.5302250929557
2025-02-12 12:36:31.814394-05:00,603.66,603.81,603.5617,603.74,54879.0,603.7288704021579
2025-02-12 12:38:31.148239-05:00,603.74,603.8224,603.3725,603.51,46443.0,603.6143173072367
2025-02-12 12:40:52.316278-05:00,603.5,606.44,603.4,603.47,46110.0,603.4675333333338
2025-02-12 12:42:48.542923-05:00,603.46,603.5903,603.12,603.16,50710.0,603.300019982252
2025-02-12 12:44:21.003984-05:00,603.16,603.3825,603.0798,603.19,73460.0,603.1656700408395
2025-02-12 12:45:36.833353-05:00,603.19,603.41,603.16,603.375,110405.0,603.2104633422396
2025-02-12 12:47:05.492570-05:00,603.3793,603.76,603.2182,603.74,75570.0,603.5484314582502
2025-02-12 12:48:23.545640-05:00,603.74,604.01,603.3334,604.0,76059.0,603.8530792319124
2025-02-12 12:49:44.512407-05:00,604.01,604.17,603.5438,603.8401,63390.0,604.0252648982495
2025-02-12 12:51:26.188518-05:00,603.86,604.07,603.5107,604.0588,68538.0,603.904200647816
2025-02-12 12:53:26.484399-05:00,604.05,604.08,603.89,603.9206,50701.0,603.9938622946291
2025-02-12 12:54:50.688140-05:00,603.925,604.29,603.6832,604.25,329655.0,603.9713287958622
2025-02-12 12:56:19.700668-05:00,604.25,604.27,603.9361,604.22,89456.0,604.210487415042
2025-02-12 12:58:07.836719-05:00,604.2101,604.4,604.0639,604.325,56388.0,604.2848505940985
2025-02-12 12:59:39.084044-05:00,604.325,604.53,604.1541,604.41,68402.0,604.4340048492724
2025-02-12 13:01:19.660709-05:00,604.41,604.55,604.299,604.44,66604.0,604.4561068914778
2025-02-12 13:02:55.340018-05:00,604.45,604.4902,604.23,604.2407,72978.0,604.3605130587292
2025-02-12 13:04:20.123865-05:00,604.24,604.4103,603.94,604.06,59821.0,604.1000046405103
2025-02-12 13:05:43.024824-05:00,604.06,604.32,603.96,604.12,183903.0,604.2045632094093
2025-02-12 13:07:34.462534-05:00,604.12,604.27,603.76,603.7791,53316.0,604.0157128272937
2025-02-12 13:09:53.560017-05:00,603.7832,604.2019,603.7,603.87,62998.0,603.808061525762
2025-02-12 13:12:05.540720-05:00,603.88,604.1053,603.7409,603.86,54635.0,603.8198327756932
2025-02-12 13:14:28.182263-05:00,603.87,603.94,603.81,603.82,53711.0,603.8801519483912
2025-02-12 13:17:05.516279-05:00,603.82,604.11,603.81,603.93,48075.0,603.9730154300588
2025-02-12 13:19:07.482201-05:00,603.93,603.96,603.66,603.685,68007.0,603.7465358095488
2025-02-12 13:21:34.062023-05:00,603.652,603.8439,603.53,603.585,47718.0,603.6840968774882
2025-02-12 13:23:57.476064-05:00,603.58,603.7253,603.475,603.56,62842.0,603.5664037602251
2025-02-12 13:26:19.980171-05:00,603.56,603.77,603.5,603.76,78680.0,603.6259424669545
2025-02-12 13:27:52.431799-05:00,603.76,603.825,603.39,603.41,68153.0,603.5907807477286
2025-02-12 13:28:32.936174-05:00,603.42,603.64,603.12,603.53,87186.0,603.4071822735305
2025-02-12 13:30:26.861833-05:00,603.53,603.71,603.43,603.45,62362.0,603.5588956944927
2025-02-12 13:31:17.400070-05:00,603.45,603.7684,603.425,603.55,87760.0,603.5711335346398
2025-02-12 13:33:05.242938-05:00,603.55,603.71,603.46,603.645,38236.0,603.5483677842873
2025-02-12 13:35:04.249750-05:00,603.6327,603.76,603.5194,603.54,49737.0,603.6413560427851
2025-02-12 13:37:04.632062-05:00,603.54,603.7,603.49,603.64,44644.0,603.5931094503186
2025-02-12 13:38:58.500488-05:00,603.64,603.71,603.5431,603.71,81803.0,603.6263907008301
2025-02-12 13:41:16.108684-05:00,603.71,603.74,603.45,603.47,46053.0,603.6494434846807
2025-02-12 13:43:07.146408-05:00,603.465,603.5969,603.205,603.23,101924.0,603.3781948569529
2025-02-12 13:44:31.541630-05:00,603.2301,603.4874,602.99,603.0,73135.0,603.1279467300211
2025-02-12 13:45:49.969795-05:00,603.0,603.3888,602.92,603.15,96242.0,603.0481870825627
2025-02-12 13:47:33.877808-05:00,603.14,603.3459,603.067,603.18,77897.0,603.2088020668319
2025-02-12 13:49:50.348652-05:00,603.18,603.33,603.07,603.0999,49554.0,603.2414213665893
2025-02-12 13:51:59.498917-05:00,603.1,603.32,603.06,603.32,62311.0,603.1760387844828
2025-02-12 13:54:05.528398-05:00,603.33,603.52,603.1894,603.36,58528.0,603.4180057288821
2025-02-12 13:56:05.711603-05:00,603.36,603.4399,603.2695,603.3616,55091.0,603.3639952823497
2025-02-12 13:57:56.841328-05:00,603.37,603.48,603.206,603.25,74194.0,603.3727031498511
2025-02-12 14:00:01.677909-05:00,603.25,603.3572,603.15,603.2193,80036.0,603.1990080013991
2025-02-12 14:01:44.819351-05:00,603.215,603.2924,603.025,603.15,82662.0,603.146143314945
2025-02-12 14:03:22.631181-05:00,603.155,603.1931,602.98,603.095,112651.0,603.0810784005475
2025-02-12 14:04:38.037326-05:00,603.09,603.27,602.89,602.95,153522.0,603.1082777269712
2025-02-12 14:05:28.327289-05:00,602.95,603.0956,602.62,602.65,121136.0,602.7787794999011
2025-02-12 14:06:47.107277-05:00,602.64,603.0307,602.61,602.69,111407.0,602.6770519294123
2025-02-12 14:08:06.508532-05:00,602.69,602.9799,602.55,602.85,82037.0,602.7486428038561
2025-02-12 14:09:58.494590-05:00,602.85,603.07,602.7267,602.975,61478.0,602.9387741826343
2025-02-12 14:12:01.866334-05:00,602.975,602.98,602.7527,602.8255,60421.0,602.8504929345753
2025-02-12 14:13:58.266265-05:00,602.825,602.8849,602.53,602.7081,53400.0,602.6780635543065
2025-02-12 14:15:44.262320-05:00,602.71,602.7944,602.57,602.72,66311.0,602.6917525222063
2025-02-12 14:17:18.734242-05:00,602.72,602.78,602.64,602.691,79278.0,602.7192828628374
2025-02-12 14:19:19.527418-05:00,602.69,602.77,602.67,602.7101,70195.0,602.7157783246681
2025-02-12 14:21:17.226101-05:00,602.71,602.85,602.62,602.78,74592.0,602.7185826496133
2025-02-12 14:22:53.481864-05:00,602.78,603.01,602.7,602.88,70558.0,602.8697842229083
2025-02-12 14:23:45.967837-05:00,602.89,603.04,602.7741,603.0,87341.0,602.9817454517357
2025-02-12 14:25:16.638940-05:00,602.9818,603.22,602.8608,603.04,70637.0,603.0763012613797
2025-02-12 14:27:04.349131-05:00,603.035,603.1148,602.7,602.98,58951.0,602.8664007090624
2025-02-12 14:28:59.001152-05:00,602.98,603.19,602.7821,603.11,50678.0,603.0981676565771
2025-02-12 14:30:11.437205-05:00,603.11,603.31,602.9843,603.11,74312.0,603.1967782363545
2025-02-12 14:31:52.338632-05:00,603.11,603.2057,603.0218,603.18,59505.0,603.1168785749101
2025-02-12 14:33:14.738497-05:00,603.18,603.32,603.123,603.3,76904.0,603.2182082765524
2025-02-12 14:34:45.932006-05:00,603.3,603.44,603.1217,603.41,57148.0,603.3414992703151
2025-02-12 14:36:31.886944-05:00,603.405,603.47,603.2187,603.39,56807.0,603.3864901438202
2025-02-12 14:38:08.043368-05:00,603.395,603.61,603.266,603.5914,55954.0,603.5259075776522
2025-02-12 14:40:09.408071-05:00,603.6,603.62,603.4409,603.5578,57920.0,603.5425852020028
2025-02-12 14:42:29.188537-05:00,603.5501,603.59,603.371,603.5332,59289.0,603.5212479330069
2025-02-12 14:44:43.538176-05:00,603.5332,603.58,603.45,603.53,49564.0,603.5231531151645
2025-02-12 14:46:10.375035-05:00,603.53,603.76,603.5,603.76,67064.0,603.5872399454258
2025-02-12 14:47:30.734821-05:00,603.757,603.82,603.5715,603.82,110149.0,603.7382818046467
2025-02-12 14:48:20.253246-05:00,603.82,603.9,603.6509,603.8,116446.0,603.8417991979122
2025-02-12 14:48:55.650231-05:00,603.8,603.98,603.7369,603.98,141846.0,603.9081135943211
2025-02-12 14:49:17.993977-05:00,603.98,604.2,603.7939,604.2,130624.0,604.0801602913707
2025-02-12 14:50:09.033478-05:00,604.2,604.23,603.8204,604.07,107640.0,604.1743310962463
2025-02-12 14:51:29.285131-05:00,604.08,604.1633,603.79,603.79,124342.0,603.9632398545945
2025-02-12 14:53:18.784464-05:00,603.8,604.0061,603.78,603.9,71494.0,603.8976918119008
2025-02-12 14:54:50.435365-05:00,603.9,604.08,603.89,604.03,85186.0,604.023300578734
2025-02-12 14:55:54.489550-05:00,604.04,604.13,603.95,604.0699,115123.0,604.0502063201961
2025-02-12 14:57:13.843726-05:00,604.0693,604.14,603.9583,604.13,95647.0,604.1033287160079
2025-02-12 14:58:28.056593-05:00,604.13,604.14,603.88,603.88,101868.0,603.9757209349351
2025-02-12 14:59:45.600043-05:00,603.89,604.0363,603.72,603.785,93546.0,603.8197410343575
2025-02-12 15:01:12.835071-05:00,603.78,604.0185,603.75,603.92,85796.0,603.8995403468689
2025-02-12 15:03:14.713010-05:00,603.925,604.05,603.8573,603.891,84175.0,603.9378189082264
2025-02-12 15:04:59.680574-05:00,603.891,603.9457,603.69,603.84,106551.0,603.8014143499353
2025-02-12 15:06:46.584355-05:00,603.84,603.97,603.7784,603.79,97375.0,603.8467301607186
2025-02-12 15:08:46.421923-05:00,603.79,603.88,603.74,603.83,78653.0,603.805191102692
2025-02-12 15:10:40.924858-05:00,603.83,603.9639,603.7813,603.91,81532.0,603.8833108435946
2025-02-12 15:11:56.865197-05:00,603.91,604.01,603.8386,603.9251,97873.0,603.931118245072
2025-02-12 15:13:17.322846-05:00,603.93,604.01,603.78,603.83,109560.0,603.8858041931361
2025-02-12 15:14:06.745380-05:00,603.83,603.896,603.65,603.76,117123.0,603.7576631780262
2025-02-12 15:15:05.035283-05:00,603.75,603.93,603.68,603.7885,135109.0,603.8137871755399
2025-02-12 15:16:09.088461-05:00,603.6978,603.8349,603.57,603.61,153433.0,603.6824243533011
2025-02-12 15:17:23.392172-05:00,603.61,603.7886,603.55,603.72,115439.0,603.6354147991582
2025-02-12 15:18:29.676688-05:00,603.72,603.7602,603.6,603.63,110039.0,603.6671714301292
2025-02-12 15:19:42.087092-05:00,603.63,603.752,603.56,603.59,106815.0,603.6255782970554
2025-02-12 15:21:27.136148-05:00,603.59,603.7088,603.57,603.68,69429.0,603.653812558153
2025-02-12 15:23:26.594155-05:00,603.68,603.79,603.62,603.785,63457.0,603.6730359298424
2025-02-12 15:25:17.800440-05:00,603.79,603.8,603.57,603.571,72949.0,603.6933611399754
2025-02-12 15:26:22.072743-05:00,603.575,603.6997,603.55,603.6924,113195.0,603.6277595556347
2025-02-12 15:27:53.708791-05:00,603.69,603.79,603.6462,603.73,89863.0,603.7267549836972
2025-02-12 15:29:10.154518-05:00,603.73,603.77,603.37,603.4,102544.0,603.637084188251
2025-02-12 15:30:20.290737-05:00,603.4,603.6468,603.26,603.38,75997.0,603.3624619077065
2025-02-12 15:31:42.209735-05:00,603.38,603.5853,603.32,603.37,94868.0,603.4122644716864
2025-02-12 15:33:05.088521-05:00,603.351,603.4998,603.23,603.33,107543.0,603.3138375115068
2025-02-12 15:34:23.780729-05:00,603.33,603.5126,603.3107,603.475,96804.0,603.3926383413901
2025-02-12 15:36:16.696714-05:00,603.47,603.59,603.3663,603.54,64775.0,603.5192509224233
2025-02-12 15:37:46.742170-05:00,603.54,603.58,603.371,603.38,100075.0,603.4456988578562
2025-02-12 15:39:06.425199-05:00,603.38,603.4559,603.23,603.23,86624.0,603.3608330543491
2025-02-12 15:40:18.297422-05:00,603.22,603.4167,603.1706,603.33,76931.0,603.2339339590023
2025-02-12 15:41:39.740743-05:00,603.33,603.4,603.23,603.24,89344.0,603.3282842395691
2025-02-12 15:42:51.674048-05:00,603.245,603.3418,603.06,603.075,92705.0,603.177908107438
2025-02-12 15:43:47.045449-05:00,603.08,603.2676,602.85,602.96,100115.0,602.9983140578338
2025-02-12 15:44:53.260342-05:00,602.96,603.3807,602.68,602.8281,99231.0,602.830872644638
2025-02-12 15:45:46.766255-05:00,602.83,603.206,602.71,602.845,109178.0,602.8091055661396
2025-02-12 15:46:40.611011-05:00,602.84,603.1163,602.69,602.79,114050.0,602.8181622770711
2025-02-12 15:47:47.952855-05:00,602.8,603.0288,602.65,602.69,86179.0,602.7465288794253
2025-02-12 15:48:50.401478-05:00,602.6867,602.91,602.685,602.83,87251.0,602.8065158920814
2025-02-12 15:49:50.862113-05:00,602.82,602.99,602.7758,602.83,87894.0,602.8923373233679
2025-02-12 15:50:07.237728-05:00,602.84,603.2,602.79,603.07,98200.0,602.986232918533
2025-02-12 15:50:45.752250-05:00,603.07,603.2,602.8542,602.88,82826.0,603.0438871682793
2025-02-12 15:51:19.556714-05:00,602.88,603.0112,602.79,602.87,73458.0,602.8900973631188
2025-02-12 15:52:14.326171-05:00,602.868,602.9655,602.73,602.769,72239.0,602.7947120627359
2025-02-12 15:53:04.773836-05:00,602.76,602.9262,602.62,602.67,70438.0,602.72571894006
2025-02-12 15:53:48.124641-05:00,602.67,602.8995,602.59,602.59,86907.0,602.6910222341124
2025-02-12 15:54:13.444981-05:00,602.59,602.93,602.57,602.93,91742.0,602.7476317738879
2025-02-12 15:54:48.840611-05:00,602.9293,603.12,602.7261,603.0,113630.0,602.9454931021737
2025-02-12 15:55:16.437820-05:00,603.0,603.31,602.8013,603.27,100790.0,603.1969662486355
2025-02-12 15:55:49.533474-05:00,603.27,603.36,602.9078,603.33,110291.0,603.2958713331096
2025-02-12 15:56:24.281901-05:00,603.33,603.39,602.9462,603.28,116145.0,603.2868712127083
2025-02-12 15:57:00.159039-05:00,603.28,603.2905,603.0215,603.17,103130.0,603.2100246135935
2025-02-12 15:57:34.075641-05:00,603.17,603.2668,603.0442,603.16,98534.0,603.1184153885971
2025-02-12 15:58:08.062438-05:00,603.16,603.35,603.0584,603.33,106937.0,603.266230380505
2025-02-12 15:58:35.869737-05:00,603.33,603.33,603.1208,603.259,78100.0,603.2737193700382
2025-02-12 15:58:58.005431-05:00,603.26,603.42,603.1777,603.42,113033.0,603.3345188590946
2025-02-12 15:59:12.016626-05:00,603.42,603.43,603.12,603.12,83067.0,603.2795399243979
2025-02-12 15:59:30.168954-05:00,603.12,603.34,603.1,603.32,122759.0,603.2604688389449
2025-02-12 15:59:38.264233-05:00,603.32,603.4,603.31,603.32,124792.0,603.3545833755371
2025-02-12 15:59:45.504003-05:00,603.32,603.49,603.25,603.46,121907.0,603.3857278048011
2025-02-12 15:59:50.049145-05:00,603.46,603.51,603.36,603.51,142002.0,603.4324383874877
2025-02-12 15:59:50.359316-05:00,603.51,603.57,603.43,603.45,159441.0,603.4911571459033
2025-02-13 09:30:00.556073-05:00,603.45,604.502,603.25,604.43,476506.0,604.1070209588137
2025-02-13 09:30:02.001219-05:00,604.43,604.4887,604.31,604.43,15156.0,604.386446813136
2025-02-13 09:30:13.952653-05:00,604.43,604.56,604.22,604.41,48735.0,604.328411388119
2025-02-13 09:30:57.167996-05:00,604.38,604.6,604.3201,604.505,105943.0,604.486632369293
2025-02-13 09:31:29.623865-05:00,604.505,605.0,604.43,604.9999,87729.0,604.7915492163366
2025-02-13 09:32:13.189587-05:00,605.0,605.0543,604.43,604.91,87994.0,604.8518958281246
2025-02-13 09:33:03.345328-05:00,604.93,604.98,604.67,604.761,113330.0,604.8777915794586
2025-02-13 09:34:06.865556-05:00,604.761,604.89,604.43,604.6999,89882.0,604.7674777697423
2025-02-13 09:35:00.969033-05:00,604.7,604.72,604.3815,604.61,88809.0,604.5520899233171
2025-02-13 09:35:54.605151-05:00,604.61,604.67,604.4401,604.505,99980.0,604.5898085717145
2025-02-13 09:37:11.503001-05:00,604.5,604.7429,604.26,604.2896,70301.0,604.4441104265948
2025-02-13 09:38:01.054470-05:00,604.26,604.4633,603.98,603.99,82325.0,604.164357264501
2025-02-13 09:38:41.291313-05:00,603.99,604.5085,603.5,603.53,103884.0,603.7479632060767
2025-02-13 09:39:00.089986-05:00,603.53,604.2801,603.2,603.26,67618.0,603.3570600091685
2025-02-13 09:39:42.106238-05:00,603.25,604.0454,603.25,603.6627,127322.0,603.4740715775755
2025-02-13 09:40:41.488211-05:00,603.7075,603.9071,603.49,603.7487,97139.0,603.6771958955723
2025-02-13 09:41:39.227896-05:00,603.74,603.87,603.6019,603.7487,98789.0,603.7786089412787
2025-02-13 09:42:50.431917-05:00,603.7773,603.96,603.65,603.9599,71511.0,603.7576826614089
2025-02-13 09:43:42.360761-05:00,603.96,604.32,603.629,604.32,76429.0,604.121537709508
2025-02-13 09:44:42.371396-05:00,604.31,604.36,603.7883,604.22,109290.0,604.2521469301856
2025-02-13 09:45:39.050976-05:00,604.22,604.63,603.9478,604.4609,86554.0,604.4828799131174
2025-02-13 09:46:35.755414-05:00,604.46,604.7,604.127,604.67,70627.0,604.4443506562636
2025-02-13 09:47:27.866026-05:00,604.67,604.73,603.9338,604.14,82645.0,604.4512143977252
2025-02-13 09:48:17.459244-05:00,604.14,604.3604,603.9,604.02,90421.0,604.0828758264123
2025-02-13 09:49:22.731472-05:00,604.02,604.3104,603.97,604.13,75504.0,604.0781584737223
2025-02-13 09:50:33.941313-05:00,604.12,604.2915,603.88,604.0312,71745.0,604.0568067098758
2025-02-13 09:51:46.597705-05:00,604.08,604.1879,603.9512,604.0,83176.0,604.0747198747229
2025-02-13 09:52:36.812229-05:00,604.0,604.29,603.91,604.11,87257.0,604.1027378536967
2025-02-13 09:54:02.922827-05:00,604.1,604.4992,604.0833,604.256,64251.0,604.2956818415282
2025-02-13 09:55:18.347225-05:00,604.256,604.48,604.1244,604.48,80349.0,604.3262623616977
2025-02-13 09:56:27.612549-05:00,604.4687,604.7488,604.2735,604.69,84589.0,604.5836877028933
2025-02-13 09:57:19.501988-05:00,604.69,604.8069,604.3948,604.66,128557.0,604.6821119215597
2025-02-13 09:58:15.797640-05:00,604.66,604.8992,604.553,604.76,123535.0,604.778936738577
2025-02-13 09:59:08.665190-05:00,604.76,604.95,604.64,604.87,83877.0,604.7741295122613
2025-02-13 09:59:59.045093-05:00,604.87,605.06,604.449,604.79,97733.0,604.9594964157455
2025-02-13 10:00:59.510471-05:00,604.79,605.05,604.764,604.98,66133.0,604.9143480743354
2025-02-13 10:02:04.176893-05:00,604.97,605.02,604.81,604.9,75315.0,604.9199984717525
2025-02-13 10:02:43.956809-05:00,604.9,605.24,604.8524,605.2,98914.0,605.049566420325
2025-02-13 10:02:49.177744-05:00,605.21,605.68,605.09,605.48,111269.0,605.4461760948686
2025-02-13 10:03:06.353032-05:00,605.48,605.73,605.1111,605.57,147565.0,605.5986468261447
2025-02-13 10:03:32.460150-05:00,605.57,605.77,605.1419,605.62,114197.0,605.6184054642416
2025-02-13 10:04:21.534793-05:00,605.62,605.63,605.1422,605.1422,100944.0,605.4340106504591
2025-02-13 10:05:03.437267-05:00,605.15,605.5051,604.894,605.03,94733.0,605.0247703820204
2025-02-13 10:06:08.169699-05:00,605.03,605.3498,604.94,605.16,80206.0,605.1322731454012
2025-02-13 10:07:02.722307-05:00,605.15,605.3528,604.7,604.7,76065.0,604.963860893973
2025-02-13 10:07:34.178124-05:00,604.7,605.0859,604.21,604.77,96926.0,604.5369433330578
2025-02-13 10:08:40.107669-05:00,604.77,605.2562,604.611,604.81,72403.0,604.8530575197167
2025-02-13 10:09:42.549356-05:00,604.81,605.1472,604.5193,604.8093,59983.0,604.6993323374954
2025-02-13 10:10:43.606848-05:00,604.81,605.2,604.7794,605.1,79697.0,605.038920820106
2025-02-13 10:11:50.870646-05:00,605.1,605.33,604.8368,605.33,78848.0,605.1623569526183
2025-02-13 10:12:20.853961-05:00,605.33,605.72,604.9299,605.5,105780.0,605.4875495263758
2025-02-13 10:13:03.302198-05:00,605.5,605.52,605.11,605.19,113105.0,605.3227790433664
2025-02-13 10:14:02.354871-05:00,605.19,605.37,604.98,605.295,111883.0,605.1729106638184
2025-02-13 10:14:59.121006-05:00,605.3,605.43,605.21,605.28,113889.0,605.3389293355813
2025-02-13 10:16:21.191794-05:00,605.25,605.61,605.1044,605.58,61618.0,605.4312799376806
2025-02-13 10:17:30.099778-05:00,605.5999,605.75,605.3185,605.75,83582.0,605.6111251417772
2025-02-13 10:18:19.977934-05:00,605.7499,605.9,605.3643,605.72,84396.0,605.7621035025346
2025-02-13 10:19:13.631718-05:00,605.72,605.96,605.494,605.94,78827.0,605.8168337359018
2025-02-13 10:19:50.243453-05:00,605.94,606.16,605.92,606.09,94113.0,606.0622353808711
2025-02-13 10:20:39.031399-05:00,606.09,606.26,605.5111,606.22,90122.0,606.1409197021818
2025-02-13 10:21:22.263471-05:00,606.22,606.34,605.9101,606.09,85677.0,606.1797885325124
2025-02-13 10:22:03.521244-05:00,606.08,606.2,605.93,606.2,132166.0,606.0768908826781
2025-02-13 10:23:01.147404-05:00,606.2,606.4199,606.0152,606.36,99272.0,606.3361419292452
2025-02-13 10:23:52.899535-05:00,606.36,606.4,605.9095,606.125,51359.0,606.2844260227029
2025-02-13 10:24:10.612860-05:00,606.125,606.37,606.12,606.34,39333.0,606.2661463554779
2025-02-13 10:24:31.330671-05:00,606.34,606.36,606.1761,606.33,21317.0,606.3229972744767
2025-02-13 10:24:56.830322-05:00,606.34,606.37,605.9998,606.22,52395.0,606.2865230098296
2025-02-13 10:25:52.064142-05:00,606.22,606.36,606.0414,606.31,92999.0,606.2101835019738
2025-02-13 10:27:01.031949-05:00,606.35,606.35,605.89,605.97,71015.0,606.075231777793
2025-02-13 10:28:10.781883-05:00,605.97,606.2391,605.64,605.759,70773.0,605.8241492956357
2025-02-13 10:29:30.075237-05:00,605.7438,606.141,605.7438,606.1,62435.0,605.9874257547849
2025-02-13 10:30:37.788965-05:00,606.1,606.14,605.8988,606.07,65898.0,606.0732018027853
2025-02-13 10:31:51.960607-05:00,606.085,606.21,605.9721,606.1976,48626.0,606.0909956443056
2025-02-13 10:32:53.439003-05:00,606.2,606.45,605.998,606.2,82998.0,606.2535086062309
2025-02-13 10:34:08.491491-05:00,606.2,606.48,606.1278,606.48,53548.0,606.3169001736753
2025-02-13 10:35:00.816484-05:00,606.48,606.5353,606.1502,606.37,95812.0,606.399886730263
2025-02-13 10:36:15.345381-05:00,606.36,606.52,606.1538,606.44,74675.0,606.4082361098083
2025-02-13 10:37:28.490109-05:00,606.44,606.6,606.3381,606.6,69665.0,606.5348379961247
2025-02-13 10:38:23.547639-05:00,606.6,606.7,606.4517,606.67,113793.0,606.5942013955157
2025-02-13 10:39:17.638148-05:00,606.67,606.75,606.4,606.54,104663.0,606.5769893830677
2025-02-13 10:39:26.851399-05:00,606.54,607.06,606.3939,607.0,102511.0,606.7644354420504
2025-02-13 10:39:53.594018-05:00,607.0,607.1,606.62,606.95,91377.0,606.9917808540444
2025-02-13 10:40:49.334108-05:00,606.9508,607.2,606.524,607.16,73185.0,607.0618284238574
2025-02-13 10:41:49.841990-05:00,607.1601,607.25,606.6362,607.07,90423.0,607.1685406909746
2025-02-13 10:42:55.710714-05:00,607.075,607.32,606.8424,607.17,90419.0,607.195644573596
2025-02-13 10:43:46.593737-05:00,607.17,607.39,606.7813,607.33,82101.0,607.2801859343981
2025-02-13 10:44:26.859632-05:00,607.33,607.49,606.9044,607.49,120302.0,607.412159082143
2025-02-13 10:45:11.159270-05:00,607.49,607.49,606.9416,607.29,80873.0,607.2837956301864
2025-02-13 10:46:28.130824-05:00,607.2993,607.3514,607.09,607.2066,70698.0,607.2195205083596
2025-02-13 10:47:36.447387-05:00,607.2066,607.2788,606.93,607.165,84441.0,607.1477284790562
2025-02-13 10:48:33.307730-05:00,607.18,607.3,607.04,607.12,76362.0,607.1531505290587
2025-02-13 10:49:40.313070-05:00,607.12,607.2447,606.97,607.115,81750.0,607.0770665700308
2025-02-13 10:51:02.514778-05:00,607.11,607.2186,606.93,607.0695,52633.0,607.0883449755852
2025-02-13 10:51:56.935929-05:00,607.05,607.108,606.88,607.04,72689.0,606.9713190028757
2025-02-13 10:53:04.803543-05:00,607.04,607.33,606.8302,606.88,52422.0,607.0676902579064
2025-02-13 10:54:32.256559-05:00,606.8838,607.1593,606.83,607.02,71881.0,606.9661998761835
2025-02-13 10:55:54.550349-05:00,607.02,607.1109,606.75,606.75,61853.0,606.9349878712429
2025-02-13 10:57:14.805620-05:00,606.75,606.9752,606.66,606.86,64460.0,606.7512313481235
2025-02-13 10:58:52.592676-05:00,606.865,607.04,606.7817,607.015,52616.0,606.9370328531256
2025-02-13 11:00:07.680912-05:00,607.02,607.17,606.8611,607.12,54888.0,607.0198343189768
2025-02-13 11:01:33.686206-05:00,607.12,607.12,606.8989,607.0488,60947.0,607.0237840221828
2025-02-13 11:03:31.639337-05:00,607.035,607.08,606.9457,607.03,63611.0,607.0151335177874
2025-02-13 11:05:32.074253-05:00,607.0152,607.12,606.9532,607.075,81523.0,607.0606934079955
2025-02-13 11:06:47.760076-05:00,607.075,607.39,607.0439,607.38,64207.0,607.2102054075092
2025-02-13 11:08:14.245563-05:00,607.39,607.45,607.0758,607.4,64125.0,607.354140993372
2025-02-13 11:09:50.289682-05:00,607.4,607.4078,607.1167,607.2212,68740.0,607.2450614518475
2025-02-13 11:11:19.971054-05:00,607.2316,607.41,607.17,607.38,75137.0,607.2894661684657
2025-02-13 11:12:51.739152-05:00,607.39,607.48,607.2061,607.45,48288.0,607.4277661945
2025-02-13 11:14:44.659229-05:00,607.44,607.44,607.2508,607.33,65203.0,607.3893205220629
2025-02-13 11:16:20.945983-05:00,607.32,607.3927,607.245,607.29,103101.0,607.3238900932092
2025-02-13 11:17:34.185925-05:00,607.2901,607.3537,606.98,606.9892,76130.0,607.1248523643765
2025-02-13 11:19:08.354631-05:00,606.985,607.2922,606.98,607.23,53086.0,607.1551382078144
2025-02-13 11:20:54.423060-05:00,607.23,607.36,607.1218,607.252,60953.0,607.2946191557435
2025-02-13 11:22:42.611121-05:00,607.2522,607.3006,607.01,607.1065,44755.0,607.1343891632205
2025-02-13 11:24:48.353077-05:00,607.11,607.2901,607.1,607.29,51429.0,607.173644278521
2025-02-13 11:26:15.928672-05:00,607.3,607.33,606.88,606.8801,72721.0,607.0515786801611
2025-02-13 11:28:04.907153-05:00,606.88,607.1149,606.765,606.7988,53097.0,606.8705477107933
2025-02-13 11:29:24.484712-05:00,606.77,607.0877,606.605,606.7,68369.0,606.6863925009874
2025-02-13 11:30:45.366934-05:00,606.6978,606.8803,606.52,606.52,80371.0,606.623103654304
2025-02-13 11:31:53.029507-05:00,606.53,606.73,606.47,606.51,96513.0,606.613941793334
2025-02-13 11:33:19.013771-05:00,606.51,606.7629,606.38,606.4507,80863.0,606.4510435811187
2025-02-13 11:34:40.497171-05:00,606.46,606.81,606.46,606.79,73034.0,606.6380614029076
2025-02-13 11:36:10.636929-05:00,606.7988,606.85,606.5771,606.84,77770.0,606.7956869654101
2025-02-13 11:37:48.890928-05:00,606.84,606.99,606.61,606.83,68068.0,606.7963926926008
2025-02-13 11:39:56.023793-05:00,606.83,606.85,606.52,606.58,66017.0,606.6460209718717
2025-02-13 11:42:31.611847-05:00,606.58,606.77,606.56,606.7301,42551.0,606.7087565086606
2025-02-13 11:44:38.747424-05:00,606.73,606.76,606.5,606.5,61971.0,606.6056280937848
2025-02-13 11:47:08.947678-05:00,606.5,606.75,606.5,606.66,60673.0,606.6760883638515
2025-02-13 11:50:02.824389-05:00,606.6779,606.75,606.5915,606.7199,46486.0,606.6916727165163
2025-02-13 11:52:03.518698-05:00,606.7138,606.88,606.64,606.67,65294.0,606.7536510827938
2025-02-13 11:53:51.931432-05:00,606.68,606.73,606.33,606.35,63527.0,606.5102651738622
2025-02-13 11:55:14.760511-05:00,606.36,606.6291,606.17,606.24,81998.0,606.3259556062342
2025-02-13 11:56:13.824492-05:00,606.24,606.5072,606.09,606.235,105237.0,606.1718204452791
2025-02-13 11:57:14.402039-05:00,606.235,606.28,605.75,605.87,94805.0,605.9972355308271
2025-02-13 11:58:27.475762-05:00,605.87,606.186,605.73,605.92,105941.0,605.893831903607
2025-02-13 11:59:56.032886-05:00,605.93,606.16,605.89,606.14,107051.0,606.0176086454115
2025-02-13 12:01:19.092218-05:00,606.1599,606.17,605.71,606.0,68074.0,605.9476965258395
2025-02-13 12:02:44.855996-05:00,606.0,606.3,605.8971,606.27,79674.0,606.1781348419808
2025-02-13 12:04:26.971964-05:00,606.25,606.48,606.0499,606.41,66122.0,606.3392837179763
2025-02-13 12:06:34.747391-05:00,606.41,606.52,606.1691,606.4885,51157.0,606.424793473034
2025-02-13 12:08:34.543857-05:00,606.4601,606.7,606.1919,606.55,68467.0,606.5723825828503
2025-02-13 12:10:30.167868-05:00,606.5403,606.58,606.2647,606.38,65530.0,606.4737758797502
2025-02-13 12:12:23.835458-05:00,606.38,606.5447,606.139,606.28,72180.0,606.3255476932674
2025-02-13 12:14:27.894089-05:00,606.265,606.4479,606.04,606.23,70110.0,606.1687677221507
2025-02-13 12:16:52.013672-05:00,606.23,606.3098,606.1758,606.24,73467.0,606.2510672642135
2025-02-13 12:19:26.025826-05:00,606.22,606.4,606.17,606.2112,57441.0,606.2536257794951
2025-02-13 12:21:29.733432-05:00,606.21,606.39,606.12,606.35,69603.0,606.2370948091324
2025-02-13 12:24:04.548956-05:00,606.345,606.56,606.2433,606.55,72527.0,606.4584282611988
2025-02-13 12:26:51.224824-05:00,606.5422,606.5799,606.3573,606.5393,41028.0,606.5097500536216
2025-02-13 12:29:16.718420-05:00,606.4894,606.64,606.3714,606.44,48724.0,606.5442510405538
2025-02-13 12:31:21.532490-05:00,606.44,606.55,606.24,606.411,214629.0,606.4480515335764
2025-02-13 12:34:07.547638-05:00,606.43,606.5899,606.4096,606.561,51960.0,606.5063446247109
2025-02-13 12:36:58.651492-05:00,606.5651,606.58,606.4513,606.54,33531.0,606.5423952760113
2025-02-13 12:39:13.103605-05:00,606.54,606.64,606.45,606.5456,53477.0,606.5473852385136
2025-02-13 12:42:21.146761-05:00,606.51,606.6,606.45,606.525,34224.0,606.5198144898309
2025-02-13 12:44:55.743986-05:00,606.53,606.56,606.35,606.5,63324.0,606.4510533510208
2025-02-13 12:46:20.898407-05:00,606.5,606.86,606.4508,606.8,61335.0,606.6819692867036
2025-02-13 12:47:37.163032-05:00,606.8,606.975,606.631,606.7203,116058.0,606.8824305424878
2025-02-13 12:50:16.748112-05:00,606.7203,606.94,606.6822,606.7613,58816.0,606.8229914428039
2025-02-13 12:52:49.461677-05:00,606.76,606.854,606.56,606.64,62417.0,606.6442584151754
2025-02-13 12:55:16.528706-05:00,606.63,606.7151,606.41,606.54,92341.0,606.5575630889855
2025-02-13 12:57:22.508694-05:00,606.54,606.7321,606.1198,606.14,80835.0,606.4126904336001
2025-02-13 12:58:40.203168-05:00,606.14,606.4797,605.7922,605.85,80726.0,605.9769988045991
2025-02-13 13:00:17.916968-05:00,605.85,606.2594,605.84,605.89,74457.0,606.005322772875
2025-02-13 13:02:18.112133-05:00,605.8912,606.2746,605.81,606.099,78080.0,606.0296052279718
2025-02-13 13:03:36.404713-05:00,606.09,606.1696,605.8,605.8317,89615.0,605.9884005903028
2025-02-13 13:05:51.700096-05:00,605.8398,606.0716,605.8398,606.06,79713.0,605.9521416004915
2025-02-13 13:08:26.695357-05:00,606.06,606.12,605.88,605.96,56483.0,606.0123326399093
2025-02-13 13:11:10.995972-05:00,605.95,606.17,605.9151,606.151,58002.0,606.0133111444433
2025-02-13 13:13:26.015827-05:00,606.15,606.3399,605.9207,606.32,64356.0,606.2048526664178
2025-02-13 13:16:09.464464-05:00,606.31,606.3286,606.0282,606.05,54184.0,606.2267234681829
2025-02-13 13:19:04.104889-05:00,606.0499,606.2177,605.89,605.89,42470.0,606.0297101860128
2025-02-13 13:19:11.496536-05:00,605.8981,605.92,605.13,605.39,108277.0,605.5087011692233
2025-02-13 13:19:29.702499-05:00,605.39,605.76,604.99,605.45,86092.0,605.2381472401613
2025-02-13 13:20:07.974437-05:00,605.43,605.6836,605.01,605.27,88217.0,605.1943684981364
2025-02-13 13:20:56.295425-05:00,605.27,605.86,605.2245,605.8,108187.0,605.5545820181718
2025-02-13 13:22:31.329414-05:00,605.8,605.99,605.3634,605.8993,149607.0,605.8419936660719
2025-02-13 13:24:01.518964-05:00,605.885,605.93,605.4878,605.86,72512.0,605.7804040862203
2025-02-13 13:25:50.982636-05:00,605.86,606.18,605.526,606.06,47463.0,606.030844483071
2025-02-13 13:27:08.514964-05:00,606.06,606.44,605.5906,606.22,58810.0,606.2975330522021
2025-02-13 13:29:24.712837-05:00,606.22,606.4,605.6483,606.2642,44865.0,606.2622367123575
2025-02-13 13:31:05.965800-05:00,606.265,606.48,605.9935,606.305,45994.0,606.3042195873373
2025-02-13 13:33:00.443211-05:00,606.2958,606.4,606.1172,606.215,36124.0,606.2590875816638
2025-02-13 13:35:20.501847-05:00,606.2114,606.35,606.09,606.35,39664.0,606.2363029522991
2025-02-13 13:37:04.181181-05:00,606.35,606.53,606.2583,606.47,74732.0,606.3844481306536
2025-02-13 13:38:20.579710-05:00,606.47,606.53,606.23,606.49,119092.0,606.4156737228355
2025-02-13 13:39:23.374783-05:00,606.485,606.76,606.3558,606.7495,106663.0,606.5996586173275
2025-02-13 13:40:42.723802-05:00,606.76,606.87,606.4652,606.51,81992.0,606.7173353497909
2025-02-13 13:40:49.444614-05:00,606.51,606.6688,605.93,606.22,128517.0,606.2609577892418
2025-02-13 13:41:11.525427-05:00,606.23,606.4546,605.813,606.18,110264.0,606.076405341726
2025-02-13 13:41:55.414842-05:00,606.18,606.46,606.03,606.45,87562.0,606.2248280110091
2025-02-13 13:42:21.581782-05:00,606.45,606.63,605.83,606.07,99781.0,606.1772807538516
2025-02-13 13:43:32.561653-05:00,606.06,606.3299,605.64,605.64,68590.0,605.8902365811343
2025-02-13 13:43:53.406623-05:00,605.64,606.226,605.31,605.61,90357.0,605.4645590302914
2025-02-13 13:44:11.512546-05:00,605.61,606.1877,605.52,605.97,106504.0,605.7644952227145
2025-02-13 13:44:30.783950-05:00,605.96,606.43,605.8517,606.295,86193.0,606.2171449398436
2025-02-13 13:45:24.807660-05:00,606.3099,606.51,605.99,606.4107,87621.0,606.2644311203935
2025-02-13 13:47:06.408882-05:00,606.4,606.58,605.9332,606.46,63738.0,606.3721997834881
2025-02-13 13:48:19.731946-05:00,606.46,606.715,605.9879,606.63,95933.0,606.5933878852944
2025-02-13 13:50:06.841866-05:00,606.6113,606.7697,606.0781,606.56,59098.0,606.6298686046896
2025-02-13 13:52:05.765309-05:00,606.56,606.715,606.26,606.26,63055.0,606.5280918912058
2025-02-13 13:52:34.061133-05:00,606.26,606.85,605.93,606.13,105669.0,606.1899902658295
2025-02-13 13:52:50.476226-05:00,606.11,606.47,605.82,606.15,90973.0,606.1883490596116
2025-02-13 13:53:08.051010-05:00,606.12,606.4,606.06,606.33,88708.0,606.2432140077548
2025-02-13 13:54:05.657702-05:00,606.32,606.6,606.24,606.53,82879.0,606.4418186416337
2025-02-13 13:55:18.607737-05:00,606.5127,606.81,606.321,606.61,80280.0,606.6545671412557
2025-02-13 13:57:20.016142-05:00,606.61,606.69,606.3384,606.65,54301.0,606.5379732233291
2025-02-13 13:57:52.149323-05:00,606.65,607.07,606.3905,607.05,100499.0,606.9267494363132
2025-02-13 13:59:05.802609-05:00,607.03,607.26,606.4872,607.25,74359.0,607.1021493175004
2025-02-13 14:00:23.552607-05:00,607.25,607.34,606.5255,607.34,75820.0,607.1830526721182
2025-02-13 14:01:23.807003-05:00,607.33,607.38,603.4189,607.315,402596.0,604.0860026329128
2025-02-13 14:02:42.168796-05:00,607.33,607.37,607.06,607.15,100775.0,607.2662043473078
2025-02-13 14:03:47.893465-05:00,607.15,607.41,606.8345,607.36,74731.0,607.2526853006127
2025-02-13 14:04:13.012815-05:00,607.36,607.46,607.2605,607.41,165479.0,607.3521270668781
2025-02-13 14:04:18.850367-05:00,607.41,607.62,607.36,607.6005,118177.0,607.4657586247738
2025-02-13 14:04:37.718259-05:00,607.62,607.71,607.3647,607.65,108816.0,607.6386469462209
2025-02-13 14:05:10.266565-05:00,607.65,607.73,607.2351,607.4312,115979.0,607.6797905198354
2025-02-13 14:06:17.438488-05:00,607.61,607.6543,607.4334,607.6284,86528.0,607.5760229151258
2025-02-13 14:07:09.682422-05:00,607.61,607.85,607.4689,607.85,78077.0,607.7638559447712
2025-02-13 14:08:11.868397-05:00,607.85,608.0,607.5107,607.95,73088.0,607.8716263435853
2025-02-13 14:08:19.360413-05:00,607.99,608.19,607.5255,608.12,116128.0,608.0673351353681
2025-02-13 14:09:21.585112-05:00,608.13,608.16,606.4638,608.05,335654.0,606.9458259395093
2025-02-13 14:10:26.238935-05:00,608.05,608.0899,607.602,608.005,86103.0,607.9766815592952
2025-02-13 14:11:19.752980-05:00,607.99,608.0199,607.6349,607.8,88567.0,607.865346631363
2025-02-13 14:12:28.496107-05:00,607.78,608.0299,607.75,607.98,67838.0,607.8679437955132
2025-02-13 14:13:37.447402-05:00,607.97,608.07,607.7328,607.98,101848.0,607.9996035464619
2025-02-13 14:14:24.046220-05:00,607.9773,608.01,607.87,607.99,117534.0,607.9386436112103
2025-02-13 14:15:18.714364-05:00,607.99,608.14,607.8971,608.1093,106410.0,608.0555007067009
2025-02-13 14:16:22.140094-05:00,608.1001,608.2299,607.9364,608.17,90165.0,608.1126457927139
2025-02-13 14:17:04.815814-05:00,608.17,608.38,607.9861,608.34,114169.0,608.3021249954015
2025-02-13 14:18:18.829247-05:00,608.34,608.42,608.062,608.28,94846.0,608.3312554425062
2025-02-13 14:19:54.061963-05:00,608.28,608.33,606.965,608.26,90040.0,608.2638656652605
2025-02-13 14:21:27.800450-05:00,608.26,608.3,608.16,608.3,84636.0,608.2373172586144
2025-02-13 14:22:53.845588-05:00,608.3,608.4,608.2464,608.29,91284.0,608.3328551805351
2025-02-13 14:24:10.624623-05:00,608.29,608.34,608.1914,608.23,91483.0,608.2653702523967
2025-02-13 14:25:02.788166-05:00,608.24,608.2981,608.0,608.03,111535.0,608.1389037109424
2025-02-13 14:25:58.162485-05:00,608.03,608.33,607.99,608.31,85306.0,608.1420838205989
2025-02-13 14:27:28.574110-05:00,608.31,608.33,608.1406,608.19,87867.0,608.246832634549
2025-02-13 14:28:53.892651-05:00,608.21,608.3,608.11,608.28,134592.0,608.2007677127922
2025-02-13 14:30:25.981450-05:00,608.2801,608.32,608.15,608.21,78582.0,608.2711066872821
2025-02-13 14:31:43.396052-05:00,608.21,608.4,608.14,608.34,110410.0,608.2625728964771
2025-02-13 14:33:19.894915-05:00,608.34,608.4,608.2396,608.4,87199.0,608.3380172972169
2025-02-13 14:33:58.538356-05:00,608.4,608.63,608.2953,608.62,105751.0,608.4791290020903
2025-02-13 14:34:45.604431-05:00,608.62,608.7,608.2655,608.62,102541.0,608.6492761412516
2025-02-13 14:35:45.028558-05:00,608.63,608.6788,608.3653,608.57,110977.0,608.5919150562728
2025-02-13 14:36:42.191972-05:00,608.575,608.76,608.4026,608.69,77116.0,608.6843304606053
2025-02-13 14:37:38.610649-05:00,608.6992,608.87,608.417,608.86,90505.0,608.7383060295014
2025-02-13 14:38:43.391677-05:00,608.865,608.89,608.5004,608.88,106222.0,608.8519579079665
2025-02-13 14:39:48.719064-05:00,608.88,608.91,608.711,608.76,105968.0,608.8183331930397
2025-02-13 14:40:31.278021-05:00,608.76,608.7915,606.965,608.62,121632.0,608.6392750065775
2025-02-13 14:41:52.993090-05:00,608.615,608.7488,608.59,608.59,86394.0,608.6600768027878
2025-02-13 14:43:03.130942-05:00,608.59,608.7396,608.44,608.59,93814.0,608.5889207890082
2025-02-13 14:44:14.956686-05:00,608.59,608.693,608.4603,608.58,98355.0,608.5368186345378
2025-02-13 14:45:22.995169-05:00,608.58,608.6234,608.41,608.55,107784.0,608.5198759342759
2025-02-13 14:46:15.714606-05:00,608.55,608.6629,608.5001,608.54,108042.0,608.5807910368192
2025-02-13 14:47:42.335142-05:00,608.5233,608.68,608.5221,608.6493,97287.0,608.6134155591192
2025-02-13 14:49:06.384236-05:00,608.65,608.71,608.5629,608.62,81058.0,608.6674380937102
2025-02-13 14:50:22.213457-05:00,608.62,608.87,608.58,608.87,94167.0,608.7246142576483
2025-02-13 14:51:11.281098-05:00,608.87,608.9177,608.6869,608.9,110736.0,608.8747650836218
2025-02-13 14:52:00.324806-05:00,608.9,609.02,608.7265,609.0,104108.0,608.9517488079688
2025-02-13 14:52:50.116064-05:00,609.0,609.27,608.6968,609.27,89978.0,609.1623640200943
2025-02-13 14:54:01.529906-05:00,609.27,609.29,608.8879,609.09,101993.0,609.183295554597
2025-02-13 14:55:04.800024-05:00,609.09,609.18,608.9654,609.15,127943.0,609.1167107844907
2025-02-13 14:56:16.905385-05:00,609.15,609.2,608.913,609.135,110749.0,609.1590649333167
2025-02-13 14:57:09.947062-05:00,609.135,609.1617,608.95,609.03,101334.0,609.0371848441788
2025-02-13 14:58:14.611213-05:00,609.03,609.1326,607.69,608.9,97364.0,608.958074869562
2025-02-13 14:59:07.184662-05:00,608.9,609.0579,608.7603,608.88,91341.0,608.8850715527526
2025-02-13 15:00:07.992605-05:00,608.88,609.0362,608.801,608.9,82757.0,608.8940763439953
2025-02-13 15:01:11.456503-05:00,608.9,609.02,608.82,609.01,85337.0,608.9105617446126
2025-02-13 15:02:22.909317-05:00,609.008,609.1,608.9287,609.06,90279.0,609.0411626169983
2025-02-13 15:03:38.000151-05:00,609.06,609.18,608.9323,609.15,89420.0,609.1084406396773
2025-02-13 15:04:47.892084-05:00,609.15,609.2,608.9777,609.12,100287.0,609.167516057914
2025-02-13 15:06:02.553683-05:00,609.12,609.156,609.0,609.08,107269.0,609.0680936151167
2025-02-13 15:07:33.262728-05:00,609.08,609.18,609.0739,609.11,94091.0,609.1223984674409
2025-02-13 15:08:40.560471-05:00,609.11,609.26,609.022,609.245,85670.0,609.1721576421154
2025-02-13 15:09:36.697392-05:00,609.24,609.37,609.1358,609.29,93406.0,609.3171048037605
2025-02-13 15:10:38.969143-05:00,609.295,609.3153,609.1134,609.24,117639.0,609.2501991252905
2025-02-13 15:11:42.170404-05:00,609.24,609.2543,609.13,609.17,85676.0,609.1874128449056
2025-02-13 15:12:45.899906-05:00,609.1687,609.3,609.0802,609.295,79472.0,609.1908106049942
2025-02-13 15:13:38.358989-05:00,609.295,609.37,609.18,609.23,89886.0,609.2849167089424
2025-02-13 15:14:56.588024-05:00,609.24,609.28,609.1961,609.28,103995.0,609.242949627386
2025-02-13 15:16:08.493724-05:00,609.2706,609.338,609.2268,609.325,98128.0,609.3002267303938
2025-02-13 15:17:05.468687-05:00,609.33,609.47,609.24,609.45,101860.0,609.3357916336147
2025-02-13 15:17:34.280256-05:00,609.46,609.56,609.3034,609.55,105973.0,609.467051947194
2025-02-13 15:18:44.903575-05:00,609.552,609.638,609.2918,609.6,74945.0,609.5452960357608
2025-02-13 15:19:38.782727-05:00,609.59,609.71,609.373,609.6701,112597.0,609.6404411813813
2025-02-13 15:20:44.543699-05:00,609.6906,609.72,609.3585,609.635,103296.0,609.6610725729944
2025-02-13 15:21:45.223378-05:00,609.635,609.652,609.3979,609.51,119579.0,609.5422906363161
2025-02-13 15:22:35.504465-05:00,609.51,609.5911,609.41,609.46,97059.0,609.4728615388574
2025-02-13 15:23:51.565887-05:00,609.455,609.549,609.43,609.47,262429.0,609.4822197744913
2025-02-13 15:24:47.744492-05:00,609.47,609.5423,609.29,609.365,131328.0,609.4202033260243
2025-02-13 15:25:58.345795-05:00,609.37,609.4915,609.24,609.2999,90675.0,609.3100245701684
2025-02-13 15:26:58.661623-05:00,609.29,609.4858,609.1514,609.28,97740.0,609.2530457110706
2025-02-13 15:28:04.552540-05:00,609.28,609.4722,609.25,609.3813,118576.0,609.3361595752933
2025-02-13 15:28:54.865604-05:00,609.39,609.48,609.3186,609.455,110245.0,609.4428571808254
2025-02-13 15:29:54.406373-05:00,609.455,609.54,609.3468,609.52,94010.0,609.4457422774173
2025-02-13 15:30:33.763554-05:00,609.5209,609.58,609.3201,609.36,112630.0,609.4314952916626
2025-02-13 15:31:36.795397-05:00,609.38,609.4399,609.25,609.27,119088.0,609.3464055992215
2025-02-13 15:32:36.610528-05:00,609.2701,609.41,606.965,609.4,114196.0,609.3564070063745
2025-02-13 15:33:34.481506-05:00,609.4,609.42,609.24,609.25,140604.0,609.3581913523082
2025-02-13 15:34:22.421260-05:00,609.25,609.3665,609.18,609.27,124367.0,609.2439415351341
2025-02-13 15:35:08.814919-05:00,609.2768,609.3476,609.22,609.3,154305.0,609.2547731641886
2025-02-13 15:36:02.063973-05:00,609.3,609.3353,609.2002,609.2949,142481.0,609.2639444936519
2025-02-13 15:37:01.916094-05:00,609.2946,609.2946,609.2,609.2755,125340.0,609.2502565948608
2025-02-13 15:37:59.788741-05:00,609.26,609.38,609.23,609.36,137734.0,609.2930843771326
2025-02-13 15:38:52.050008-05:00,609.36,609.51,609.2728,609.47,126608.0,609.4471493649692
2025-02-13 15:39:47.362688-05:00,609.46,609.51,609.3035,609.44,131429.0,609.4761869731944
2025-02-13 15:40:59.313631-05:00,609.44,609.49,609.3335,609.42,115727.0,609.4503379392885
2025-02-13 15:42:03.691708-05:00,609.42,609.4469,609.31,609.35,129164.0,609.3800334853369
2025-02-13 15:43:01.897533-05:00,609.35,609.4283,609.23,609.2409,105916.0,609.319322379055
2025-02-13 15:44:03.062601-05:00,609.245,609.4177,609.12,609.1799,118652.0,609.2152145248299
2025-02-13 15:44:46.528814-05:00,609.18,609.3663,609.1,609.17,221915.0,609.150938344862
2025-02-13 15:45:42.140887-05:00,609.17,609.3066,609.08,609.16,119680.0,609.1351255589907
2025-02-13 15:46:15.526625-05:00,609.16,609.3,609.1363,609.285,114613.0,609.2395142374778
2025-02-13 15:47:09.087842-05:00,609.24,609.2922,609.17,609.2,143576.0,609.2013547438285
2025-02-13 15:47:55.831675-05:00,609.1948,609.2851,609.1773,609.2199,122549.0,609.2220543904882
2025-02-13 15:48:46.680047-05:00,609.21,609.42,609.1875,609.41,118360.0,609.3133339498149
2025-02-13 15:49:27.111948-05:00,609.41,609.49,609.2116,609.43,106176.0,609.4354520249395
2025-02-13 15:50:00.021577-05:00,609.43,609.465,609.2516,609.37,143914.0,609.431658222272
2025-02-13 15:50:23.654540-05:00,609.37,609.52,609.2804,609.32,94430.0,609.4065132182573
2025-02-13 15:51:02.137248-05:00,609.32,609.4185,609.28,609.3,146640.0,609.331787860065
2025-02-13 15:51:34.549065-05:00,609.3,609.3818,609.175,609.205,212684.0,609.2355086005534
2025-02-13 15:52:17.016754-05:00,609.21,609.3436,609.15,609.32,136218.0,609.2497667679753
2025-02-13 15:53:06.188131-05:00,609.32,609.356,609.2566,609.35,116428.0,609.3061435780057
2025-02-13 15:53:42.862722-05:00,609.36,609.4,609.2555,609.3299,100611.0,609.3525616224862
2025-02-13 15:54:20.379875-05:00,609.3001,609.425,609.2751,609.35,104983.0,609.3463161407085
2025-02-13 15:54:48.928566-05:00,609.355,609.56,609.294,609.51,123981.0,609.4445375299446
2025-02-13 15:55:04.369449-05:00,609.51,609.55,609.18,609.32,127111.0,609.4278060915267
2025-02-13 15:55:22.364653-05:00,609.32,609.52,609.15,609.475,128785.0,609.3543708560784
2025-02-13 15:55:58.751929-05:00,609.475,609.64,609.3311,609.62,131392.0,609.5460948832496
2025-02-13 15:56:28.240300-05:00,609.62,609.67,609.3572,609.635,121543.0,609.6246430292163
2025-02-13 15:56:55.161876-05:00,609.65,609.75,609.3616,609.64,110696.0,609.6729046812892
2025-02-13 15:57:27.413864-05:00,609.64,609.76,609.4543,609.74,108482.0,609.6946765656977
2025-02-13 15:57:51.597532-05:00,609.74,609.82,609.4935,609.78,152279.0,609.7710088436361
2025-02-13 15:58:12.438703-05:00,609.78,609.9,609.5434,609.9,132050.0,609.8180905997731
2025-02-13 15:58:24.109640-05:00,609.9,609.92,609.77,609.79,159003.0,609.8579580976464
2025-02-13 15:58:43.952469-05:00,609.79,609.93,609.6153,609.89,131414.0,609.8603272954175
2025-02-13 15:59:00.049436-05:00,609.89,609.92,609.6463,609.86,150100.0,609.8713327055299
2025-02-13 15:59:02.007426-05:00,609.87,609.94,609.68,609.875,225329.0,609.9024978773265
2025-02-13 15:59:11.791973-05:00,609.87,609.89,609.6919,609.86,195832.0,609.8452234900321
2025-02-13 15:59:23.092343-05:00,609.86,609.94,609.85,609.93,181403.0,609.8904366846192
2025-02-13 15:59:30.997753-05:00,609.93,609.93,609.835,609.85,157594.0,609.8642133088824
2025-02-13 15:59:39.923540-05:00,609.845,609.86,609.72,609.77,183236.0,609.7817703333402
2025-02-13 15:59:46.856830-05:00,609.77,609.82,609.64,609.66,159728.0,609.728749326355
2025-02-13 15:59:50.756648-05:00,609.66,609.71,609.57,609.58,168513.0,609.6275905128973
2025-02-13 15:59:56.761453-05:00,609.66,609.69,609.55,609.6,149882.0,609.6058602340507
2025-02-14 09:30:00.534627-05:00,609.6,609.99,609.59,609.98,410622.0,609.8789685141068
2025-02-14 09:30:01.347186-05:00,609.98,609.98,609.81,609.94,23024.0,609.8834314107098
2025-02-14 09:30:03.966787-05:00,609.95,610.0675,609.815,610.02,31784.0,609.9867872042594
2025-02-14 09:30:21.097065-05:00,610.02,610.15,609.82,610.15,76837.0,610.0566425810471
2025-02-14 09:31:05.728452-05:00,610.15,610.35,609.98,610.32,97794.0,610.2258201137088
2025-02-14 09:31:38.246379-05:00,610.32,610.37,609.98,610.02,103396.0,610.2555871126546
2025-02-14 09:32:37.053372-05:00,610.025,610.19,609.87,610.06,70558.0,610.0437341010231
2025-02-14 09:33:34.931427-05:00,610.05,610.23,609.98,610.21,57439.0,610.0982164278623
2025-02-14 09:34:23.359002-05:00,610.21,610.23,609.94,609.95,104651.0,610.05246000516
2025-02-14 09:35:09.853557-05:00,609.95,610.1399,609.92,609.96,97966.0,610.0290517261085
2025-02-14 09:35:33.767228-05:00,609.96,609.98,609.76,609.77,79831.0,609.8267793300846
2025-02-14 09:36:41.732484-05:00,609.77,610.0477,609.77,609.8914,75421.0,609.881787576405
2025-02-14 09:37:40.510599-05:00,609.9,610.02,609.87,610.01,99246.0,609.9291381365492
2025-02-14 09:38:41.130839-05:00,610.0199,610.34,609.97,610.26,65154.0,610.1791933756941
2025-02-14 09:39:47.212635-05:00,610.2598,610.37,609.9724,610.25,58414.0,610.3080213681642
2025-02-14 09:40:39.423902-05:00,610.25,610.38,610.0058,610.37,91388.0,610.3342228837471
2025-02-14 09:41:13.223939-05:00,610.3719,610.48,610.185,610.48,123912.0,610.3963465903224
2025-02-14 09:42:15.768979-05:00,610.48,610.48,610.25,610.42,93819.0,610.3675174527544
2025-02-14 09:43:22.938604-05:00,610.42,610.49,610.32,610.35,88399.0,610.4355579836869
2025-02-14 09:44:47.117824-05:00,610.35,610.455,610.32,610.36,67153.0,610.3755842077056
2025-02-14 09:45:44.553669-05:00,610.36,610.5,610.34,610.4799,105667.0,610.4355061873622
2025-02-14 09:47:10.810487-05:00,610.47,610.49,610.2924,610.35,65181.0,610.3995850339822
2025-02-14 09:48:29.052944-05:00,610.35,610.48,610.29,610.435,84872.0,610.3848641719297
2025-02-14 09:49:33.002045-05:00,610.44,610.45,610.32,610.37,132539.0,610.3743850345936
2025-02-14 09:50:13.825682-05:00,610.36,610.55,610.36,610.54,110465.0,610.4744471162819
2025-02-14 09:51:19.192362-05:00,610.52,610.56,610.4,610.465,91235.0,610.5101957910896
2025-02-14 09:52:11.608953-05:00,610.465,610.64,610.45,610.58,89801.0,610.5891595895367
2025-02-14 09:53:30.321520-05:00,610.58,610.5899,610.4627,610.49,91951.0,610.525942847821
2025-02-14 09:54:26.225938-05:00,610.49,610.53,610.31,610.3408,125080.0,610.412774314039
2025-02-14 09:55:40.866236-05:00,610.35,610.4875,610.3101,610.36,73074.0,610.3725856501624
2025-02-14 09:56:45.235652-05:00,610.36,610.55,610.3,610.5325,69092.0,610.4530440079882
2025-02-14 09:58:15.698893-05:00,610.5301,610.55,610.4,610.44,81564.0,610.4468251250556
2025-02-14 09:59:32.799490-05:00,610.44,610.53,610.39,610.475,76786.0,610.4472348605226
2025-02-14 10:00:39.204042-05:00,610.475,610.58,610.4259,610.4698,70227.0,610.5037653623245
2025-02-14 10:01:47.885806-05:00,610.47,610.49,610.25,610.25,66127.0,610.3774663707716
2025-02-14 10:02:51.351919-05:00,610.25,610.4154,610.02,610.1,82629.0,610.14058693437
2025-02-14 10:04:00.508064-05:00,610.0995,610.41,610.0826,610.37,84928.0,610.2808015471932
2025-02-14 10:05:06.439973-05:00,610.37,610.64,610.318,610.63,73593.0,610.4902729906379
2025-02-14 10:06:06.016222-05:00,610.64,610.68,610.3357,610.6178,70654.0,610.6140425609309
2025-02-14 10:07:12.521591-05:00,610.61,610.76,610.3677,610.76,76357.0,610.6648313645112
2025-02-14 10:08:12.878294-05:00,610.76,610.87,610.4394,610.86,60825.0,610.7801240411017
2025-02-14 10:09:13.412350-05:00,610.86,610.94,610.6855,610.91,71567.0,610.876404985537
2025-02-14 10:09:59.963380-05:00,610.91,610.97,610.5286,610.94,83175.0,610.9369291505873
2025-02-14 10:10:51.448132-05:00,610.94,610.99,610.7805,610.915,93055.0,610.9463725087307
2025-02-14 10:12:10.796975-05:00,610.91,610.96,610.6172,610.86,77195.0,610.8707156538649
2025-02-14 10:13:34.895723-05:00,610.8599,610.899,610.58,610.69,63504.0,610.747566702885
2025-02-14 10:15:03.388785-05:00,610.6984,610.8763,610.65,610.6507,69161.0,610.7496675192663
2025-02-14 10:16:09.735046-05:00,610.65,610.8312,610.44,610.65,70999.0,610.5677254595136
2025-02-14 10:17:39.535679-05:00,610.65,610.8038,610.59,610.66,58383.0,610.6925632512889
2025-02-14 10:18:46.497379-05:00,610.651,610.688,610.25,610.415,66621.0,610.3913288842858
2025-02-14 10:19:39.985562-05:00,610.415,610.5837,610.29,610.298,71462.0,610.4216738350455
2025-02-14 10:20:02.663705-05:00,610.3,610.6782,610.19,610.295,23130.0,610.2527819974063
2025-02-14 10:20:24.214203-05:00,610.2941,610.6463,610.25,610.36,16851.0,610.3115568749582
2025-02-14 10:20:45.182906-05:00,610.36,610.43,610.3,610.4165,26555.0,610.3801280549777
2025-02-14 10:21:07.655188-05:00,610.41,610.4599,610.37,610.405,15094.0,610.4141103087302
2025-02-14 10:21:30.215677-05:00,610.4001,610.5713,610.32,610.42,18406.0,610.3814623981344
2025-02-14 10:22:11.337116-05:00,610.425,610.5591,610.1402,610.18,37332.0,610.2949370298935
2025-02-14 10:23:48.062857-05:00,610.339,610.4913,610.1803,610.2693,68015.0,610.2760459148705
2025-02-14 10:25:09.831245-05:00,610.265,610.49,610.245,610.46,53380.0,610.3763783289613
2025-02-14 10:26:34.784680-05:00,610.45,610.56,610.3201,610.4426,57802.0,610.4437899173043
2025-02-14 10:28:12.832766-05:00,610.46,610.63,610.3724,610.62,57655.0,610.512893948487
2025-02-14 10:29:41.838477-05:00,610.61,610.6288,610.2107,610.265,62098.0,610.4613247673035
2025-02-14 10:30:50.726024-05:00,610.27,610.4346,610.14,610.14,66781.0,610.2124567496743
2025-02-14 10:32:11.582434-05:00,610.1388,610.3769,610.108,610.1212,52901.0,610.1846268577148
2025-02-14 10:33:34.463038-05:00,610.14,610.3473,610.0501,610.18,57136.0,610.1521350707085
2025-02-14 10:35:03.123393-05:00,610.165,610.3307,610.08,610.29,60441.0,610.1876785840727
2025-02-14 10:36:25.384026-05:00,610.29,610.41,610.1722,610.275,51303.0,610.3214122215061
2025-02-14 10:38:06.110874-05:00,610.275,610.35,610.04,610.04,40843.0,610.1936086991672
2025-02-14 10:38:59.118380-05:00,610.04,610.196,609.92,610.02,85898.0,609.9917715418283
2025-02-14 10:40:27.570452-05:00,610.02,610.17,609.97,610.03,55446.0,610.0708343848063
2025-02-14 10:41:25.128284-05:00,610.04,610.0649,609.73,609.74,47357.0,609.8740790844022
2025-02-14 10:43:02.645793-05:00,609.74,610.0913,609.73,609.92,49740.0,609.9232451970247
2025-02-14 10:44:48.712354-05:00,609.9199,610.09,609.87,610.06,210943.0,609.9073903163404
2025-02-14 10:46:10.264103-05:00,610.065,610.25,609.9548,610.14,54476.0,610.1479239261328
2025-02-14 10:47:38.532503-05:00,610.15,610.31,610.0189,610.215,60311.0,610.2357779575862
2025-02-14 10:49:34.062621-05:00,610.2107,610.455,610.0417,610.455,49175.0,610.296919955261
2025-02-14 10:51:05.448746-05:00,610.4599,610.49,610.1039,610.44,61009.0,610.3977305250032
2025-02-14 10:52:29.132716-05:00,610.44,610.57,610.1714,610.49,78136.0,610.5005104433311
2025-02-14 10:54:20.770437-05:00,610.485,610.5688,610.2654,610.55,61691.0,610.5086630448521
2025-02-14 10:55:58.783332-05:00,610.55,610.59,610.3934,610.47,52310.0,610.514378287134
2025-02-14 10:57:50.745066-05:00,610.47,610.65,610.4171,610.63,53916.0,610.5524942632977
2025-02-14 10:59:10.311545-05:00,610.64,610.67,610.481,610.5669,71048.0,610.5928010823675
2025-02-14 11:00:32.171631-05:00,610.57,610.6,610.43,610.43,51948.0,610.5243947177938
2025-02-14 11:01:34.397383-05:00,610.43,610.5404,610.26,610.39,63096.0,610.3920413465191
2025-02-14 11:02:32.104185-05:00,610.42,610.605,610.36,610.6,102820.0,610.5394928904875
2025-02-14 11:03:19.853560-05:00,610.6,610.68,610.4909,610.645,84727.0,610.6363450175269
2025-02-14 11:05:04.405783-05:00,610.64,610.6573,610.51,610.58,83208.0,610.5818512955486
2025-02-14 11:06:52.141597-05:00,610.56,610.61,610.4822,610.56,55337.0,610.5534598460347
2025-02-14 11:08:20.282375-05:00,610.56,610.755,610.5561,610.6345,81112.0,610.644013153418
2025-02-14 11:09:55.343149-05:00,610.74,610.84,610.5619,610.82,86013.0,610.7847717298553
2025-02-14 11:12:04.665275-05:00,610.8201,610.859,610.6028,610.7413,44619.0,610.7844636881149
2025-02-14 11:13:45.309651-05:00,610.7323,610.8,610.44,610.44,49343.0,610.6829681677241
2025-02-14 11:15:17.413319-05:00,610.44,610.6724,610.35,610.4302,71043.0,610.4600398744423
2025-02-14 11:16:52.821929-05:00,610.44,610.6483,610.18,610.19,54602.0,610.3403800739906
2025-02-14 11:18:13.937988-05:00,610.2004,610.56,610.08,610.25,71278.0,610.1799955666555
2025-02-14 11:19:32.470443-05:00,610.26,610.325,609.88,609.91,61634.0,610.0389781516689
2025-02-14 11:20:25.926597-05:00,609.91,610.3748,609.59,609.63,56655.0,609.7980334939533
2025-02-14 11:20:56.336666-05:00,609.65,610.2316,609.3901,609.59,772330.0,609.5923460167284
2025-02-14 11:22:04.255162-05:00,609.59,610.1394,609.43,609.65,69826.0,609.5756666499585
2025-02-14 11:23:11.721108-05:00,609.6583,610.004,609.592,609.77,392038.0,609.7565044454881
2025-02-14 11:24:12.254848-05:00,609.77,609.9183,609.63,609.7,88320.0,609.7427343976452
2025-02-14 11:25:56.350737-05:00,609.7,609.98,609.65,609.98,68441.0,609.7835439254249
2025-02-14 11:27:35.671722-05:00,609.9775,610.19,609.7314,610.0049,73395.0,610.0255956345799
2025-02-14 11:29:24.724707-05:00,610.18,610.25,609.7886,610.09,54016.0,610.1491183723347
2025-02-14 11:30:52.631720-05:00,610.09,610.096,609.76,609.7675,62354.0,609.9229773871758
2025-02-14 11:32:42.826401-05:00,609.7688,610.018,609.7,609.84,49203.0,609.8813234660489
2025-02-14 11:33:28.811195-05:00,609.84,609.8928,609.65,609.6599,98848.0,609.8013761350765
2025-02-14 11:35:23.308777-05:00,609.6407,609.92,609.61,609.83,54586.0,609.7664424651014
2025-02-14 11:37:04.698835-05:00,609.8481,609.9899,609.6224,609.695,53306.0,609.8043638052005
2025-02-14 11:39:03.065858-05:00,609.695,609.94,609.66,609.9,58993.0,609.828170760938
2025-02-14 11:41:08.067649-05:00,609.9088,610.07,609.8193,609.95,45560.0,609.9760159635641
2025-02-14 11:43:41.793527-05:00,609.9513,610.13,609.836,610.08,42307.0,610.049982199163
2025-02-14 11:46:02.220024-05:00,610.08,610.09,609.9227,610.09,56467.0,610.0522819062461
2025-02-14 11:47:14.148414-05:00,610.09,610.13,609.87,609.875,82272.0,610.0646593859387
2025-02-14 11:48:42.861845-05:00,609.875,610.0517,609.625,609.63,61102.0,609.7544230417975
2025-02-14 11:50:14.538627-05:00,609.63,609.9752,609.5,609.55,63040.0,609.6489364118024
2025-02-14 11:51:19.014671-05:00,609.55,609.84,609.54,609.83,84343.0,609.6991945828346
2025-02-14 11:53:40.317628-05:00,609.826,609.96,609.7079,609.95,56425.0,609.8305313141326
2025-02-14 11:55:41.975437-05:00,609.96,610.12,609.7208,610.105,57099.0,610.026251435227
2025-02-14 11:57:24.003973-05:00,610.1,610.1,609.8139,609.9006,167815.0,609.9032974370583
2025-02-14 11:58:51.977338-05:00,609.905,610.25,609.9,610.25,67506.0,610.1333024471909
2025-02-14 12:00:00.214895-05:00,610.25,610.3,610.1092,610.2,80613.0,610.2518467368785
2025-02-14 12:01:40.190234-05:00,610.2,610.3885,610.0436,610.12,212274.0,610.3138260342764
2025-02-14 12:03:42.430423-05:00,610.12,610.26,610.1012,610.1701,77152.0,610.1814370580148
2025-02-14 12:05:35.190713-05:00,610.1726,610.2015,609.95,610.01,64343.0,610.0600882908775
2025-02-14 12:07:30.343133-05:00,610.01,610.1403,609.75,609.755,56662.0,609.9386881790266
2025-02-14 12:08:45.894055-05:00,609.76,610.0468,609.61,609.64,91619.0,609.7474448455002
2025-02-14 12:10:42.351070-05:00,609.64,610.0138,609.46,609.53,50230.0,609.6052676249271
2025-02-14 12:12:09.980223-05:00,609.53,609.8497,609.41,609.61,108568.0,609.5466656003612
2025-02-14 12:13:26.525969-05:00,609.61,609.6285,609.3,609.48,95897.0,609.5136716789883
2025-02-14 12:15:38.249371-05:00,609.48,609.6712,609.44,609.58,52183.0,609.5287431059921
2025-02-14 12:17:45.037254-05:00,609.58,609.68,609.51,609.5412,42738.0,609.6094128152927
2025-02-14 12:19:46.270360-05:00,609.54,609.61,609.4101,609.56,52391.0,609.5111837701132
2025-02-14 12:21:52.699557-05:00,609.5623,609.76,609.54,609.7,59099.0,609.6489632091909
2025-02-14 12:24:34.798812-05:00,609.7,609.7099,609.42,609.4994,43677.0,609.5119076974146
2025-02-14 12:27:07.854411-05:00,609.4999,609.5904,609.43,609.5799,49452.0,609.5111437515159
2025-02-14 12:29:31.204493-05:00,609.57,609.58,609.27,609.29,48854.0,609.3996754881891
2025-02-14 12:30:38.821176-05:00,609.29,609.4408,609.14,609.2088,97597.0,609.264411269814
2025-02-14 12:32:34.982113-05:00,609.2091,609.49,609.2,609.43,55496.0,609.3934077843451
2025-02-14 12:35:12.318320-05:00,609.41,609.54,609.3154,609.53,46930.0,609.3989430129982
2025-02-14 12:37:52.955659-05:00,609.53,609.6,609.3692,609.49,54508.0,609.5047294709033
2025-02-14 12:40:21.128625-05:00,609.49,609.49,609.27,609.28,55040.0,609.3603825272522
2025-02-14 12:43:08.833483-05:00,609.285,609.44,609.13,609.13,58597.0,609.3165164923116
2025-02-14 12:44:37.534936-05:00,609.13,609.3546,609.07,609.2916,74030.0,609.2186190125627
2025-02-14 12:47:13.952246-05:00,609.31,609.4824,609.2,609.45,66358.0,609.337542968445
2025-02-14 12:49:25.255700-05:00,609.44,609.68,609.2787,609.68,51093.0,609.5288944141075
2025-02-14 12:51:10.977204-05:00,609.68,609.8,609.3757,609.72,53535.0,609.7290252582425
2025-02-14 12:53:19.554172-05:00,609.72,609.93,609.4153,609.855,48363.0,609.8444956888536
2025-02-14 12:55:22.421128-05:00,609.85,609.98,609.6258,609.97,62949.0,609.8770583313485
2025-02-14 12:57:07.619279-05:00,609.975,610.0,609.7106,609.99,51299.0,609.8797749917155
2025-02-14 12:58:57.648430-05:00,609.99,610.0468,609.7927,609.98,63605.0,609.972513862117
2025-02-14 13:01:25.715109-05:00,609.98,610.02,609.8102,609.8102,56820.0,609.9142481168607
2025-02-14 13:03:23.630205-05:00,609.8238,610.09,609.76,610.0,70915.0,609.9295974011138
2025-02-14 13:05:25.775223-05:00,610.0001,610.0697,609.7959,609.86,76454.0,609.9006037251155
2025-02-14 13:08:02.146076-05:00,609.86,609.93,609.7959,609.8501,59095.0,609.867819778322
2025-02-14 13:10:39.198225-05:00,609.8644,610.06,609.8499,610.03,41059.0,609.9881685891042
2025-02-14 13:13:18.830516-05:00,610.035,610.09,609.9318,610.0,49612.0,610.007527382488
2025-02-14 13:15:50.829227-05:00,610.0,610.04,609.8114,609.8318,37708.0,609.9487852948981
2025-02-14 13:18:15.572132-05:00,609.9338,609.9772,609.79,609.91,31320.0,609.8663459035752
2025-02-14 13:20:55.443476-05:00,609.91,610.07,609.8648,609.965,30346.0,609.9599469287554
2025-02-14 13:24:07.765882-05:00,609.97,610.01,609.84,609.9279,33381.0,609.9303517180437
2025-02-14 13:26:13.852203-05:00,609.9279,609.97,609.77,609.83,28692.0,609.8702455457945
2025-02-14 13:28:34.914540-05:00,609.82,609.9126,609.69,609.78,34792.0,609.7712475885266
2025-02-14 13:30:23.521104-05:00,609.775,610.04,609.7553,610.04,40728.0,609.9148407066378
2025-02-14 13:31:34.564335-05:00,610.03,610.17,609.912,610.0614,59361.0,610.0964662337229
2025-02-14 13:33:09.390377-05:00,610.06,610.2375,609.9463,610.2365,34098.0,610.1500710393575
2025-02-14 13:34:07.077520-05:00,610.235,610.4,610.0785,610.4,67549.0,610.3072493700884
2025-02-14 13:35:51.495643-05:00,610.39,610.43,610.0897,610.3,58986.0,610.3642477130163
2025-02-14 13:37:24.521912-05:00,610.3,610.47,610.1499,610.38,59291.0,610.3445124588889
2025-02-14 13:39:48.339711-05:00,610.375,610.3866,610.2118,610.36,47354.0,610.3423042045013
2025-02-14 13:41:37.649271-05:00,610.3673,610.55,610.2715,610.48,49235.0,610.4703885995734
2025-02-14 13:44:17.918284-05:00,610.4758,610.49,610.3655,610.405,58878.0,610.4368135007987
2025-02-14 13:46:17.618451-05:00,610.405,610.65,610.4,610.65,51593.0,610.5050712112105
2025-02-14 13:48:19.015104-05:00,610.65,610.7647,610.4662,610.7,61720.0,610.6759657242395
2025-02-14 13:50:54.945992-05:00,610.69,610.76,610.5167,610.6897,52186.0,610.6847070517001
2025-02-14 13:53:21.403108-05:00,610.7288,610.73,610.56,610.61,71698.0,610.6492277511232
2025-02-14 13:55:47.795689-05:00,610.6,610.7,610.58,610.6278,53587.0,610.6355801929575
2025-02-14 13:58:16.112942-05:00,610.6268,610.6595,610.49,610.51,52508.0,610.576749234402
2025-02-14 14:00:12.046302-05:00,610.505,610.6221,610.4314,610.44,67481.0,610.4950670129375
2025-02-14 14:01:47.935507-05:00,610.449,610.5879,610.37,610.49,80206.0,610.4566525671399
2025-02-14 14:03:11.023047-05:00,610.485,610.59,610.44,610.53,95545.0,610.5130539201418
2025-02-14 14:03:55.489649-05:00,610.53,610.54,610.45,610.5,154943.0,610.4856775865966
2025-02-14 14:05:25.994168-05:00,610.5,610.5,610.41,610.47,107895.0,610.4646675554939
2025-02-14 14:08:05.549702-05:00,610.47,610.56,610.45,610.49,55852.0,610.4952626136933
2025-02-14 14:10:32.571685-05:00,610.49,610.64,610.478,610.63,67795.0,610.5276741160839
2025-02-14 14:13:03.111360-05:00,610.64,610.72,610.4925,610.69,44446.0,610.6558859334938
2025-02-14 14:15:40.522333-05:00,610.69,610.72,610.5332,610.655,64742.0,610.6836281718209
2025-02-14 14:17:19.227817-05:00,610.655,610.674,610.56,610.6692,75535.0,610.6177104534321
2025-02-14 14:18:50.404622-05:00,610.66,610.67,610.38,610.41,63317.0,610.5443914477945
2025-02-14 14:20:36.572734-05:00,610.42,610.6052,610.3,610.36,59389.0,610.4140816632712
2025-02-14 14:22:46.564755-05:00,610.36,610.5079,610.29,610.4,65759.0,610.3585027403097
2025-02-14 14:25:30.358492-05:00,610.4,610.521,610.31,610.34,53151.0,610.3707904874793
2025-02-14 14:27:30.289760-05:00,610.3322,610.4541,610.25,610.2801,59915.0,610.3005809446718
2025-02-14 14:29:11.464409-05:00,610.28,610.3398,610.06,610.1091,58963.0,610.1384803673488
2025-02-14 14:30:29.382291-05:00,610.1099,610.306,609.94,609.9726,91439.0,610.0308054648456
2025-02-14 14:31:56.942292-05:00,609.98,610.1823,609.89,609.96,86738.0,610.0532318718435
2025-02-14 14:33:59.310679-05:00,609.96,610.1695,609.93,610.06,60754.0,610.0333559897281
2025-02-14 14:36:06.108370-05:00,610.06,610.177,609.9727,610.08,53304.0,610.0787486173643
2025-02-14 14:37:42.784699-05:00,610.09,610.27,610.0574,610.2,58019.0,610.1922651855432
2025-02-14 14:40:06.305194-05:00,610.2062,610.3,610.07,610.1752,60202.0,610.2056219278429
2025-02-14 14:42:47.660977-05:00,610.16,610.21,610.06,610.18,53382.0,610.1533633116034
2025-02-14 14:45:31.698265-05:00,610.1748,610.28,610.13,610.28,46073.0,610.196690124368
2025-02-14 14:48:03.391829-05:00,610.28,610.3102,610.1,610.12,42337.0,610.2029631339013
2025-02-14 14:49:50.808523-05:00,610.12,610.1881,609.95,610.02,61097.0,610.0336953074606
2025-02-14 14:51:37.690136-05:00,610.02,610.13,609.95,609.97,46570.0,610.0309135172859
2025-02-14 14:53:47.956584-05:00,609.9672,610.1146,609.83,609.93,47470.0,609.9214791973886
2025-02-14 14:55:42.747644-05:00,609.93,610.1563,609.92,610.07,309706.0,610.1353505295338
2025-02-14 14:57:29.523640-05:00,610.07,610.0821,609.89,609.99,60217.0,609.9655123088164
2025-02-14 14:58:59.169716-05:00,609.99,610.1801,609.964,610.165,69097.0,610.0814654384413
2025-02-14 15:00:00.249760-05:00,610.16,610.3,610.012,610.18,67572.0,610.2353768262006
2025-02-14 15:02:08.503437-05:00,610.175,610.1986,609.97,609.985,51996.0,610.0302448957599
2025-02-14 15:04:04.796539-05:00,609.98,610.1038,609.85,609.865,68365.0,609.9525871103639
2025-02-14 15:06:03.402318-05:00,609.87,610.055,609.84,609.9249,50207.0,609.9283989842061
2025-02-14 15:08:27.387110-05:00,609.925,610.0359,609.8333,609.97,44028.0,609.9196458458259
2025-02-14 15:10:15.318567-05:00,609.97,610.05,609.9236,610.0,54837.0,609.9797320768816
2025-02-14 15:11:24.588612-05:00,610.0,610.0,609.79,609.9,96833.0,609.8715699358687
2025-02-14 15:12:51.354378-05:00,609.9,609.92,609.8,609.85,97033.0,609.8599016015178
2025-02-14 15:14:37.813170-05:00,609.85,610.05,609.85,610.02,73327.0,609.9541727617394
2025-02-14 15:16:26.066579-05:00,610.0192,610.2,609.8959,610.07,74628.0,610.0988691295495
2025-02-14 15:18:38.038375-05:00,610.07,610.19,609.9421,610.1418,59504.0,610.1294329120741
2025-02-14 15:20:46.739723-05:00,610.15,610.25,609.9648,610.12,57674.0,610.1620860439714
2025-02-14 15:22:46.222447-05:00,610.12,610.1624,609.9,609.9021,70602.0,610.0209239115045
2025-02-14 15:24:52.130508-05:00,609.91,610.0907,609.81,609.825,74794.0,609.8967906396235
2025-02-14 15:26:35.491001-05:00,609.82,610.0232,609.75,609.8216,57071.0,609.8455873841348
2025-02-14 15:28:11.015229-05:00,609.83,609.9577,609.65,609.66,72211.0,609.7701823863396
2025-02-14 15:29:39.514700-05:00,609.66,609.9153,609.58,609.63,77830.0,609.6702982821537
2025-02-14 15:30:49.997295-05:00,609.625,609.8481,609.55,609.61,97742.0,609.6198607650753
2025-02-14 15:32:03.101919-05:00,609.61,609.7978,609.58,609.79,96377.0,609.673736685101
2025-02-14 15:32:37.620732-05:00,609.79,609.89,609.6564,609.88,140938.0,609.8320236267015
2025-02-14 15:33:09.565181-05:00,609.87,609.88,609.66,609.78,136225.0,609.7547939137457
2025-02-14 15:34:06.958002-05:00,609.78,609.88,609.73,609.84,151927.0,609.8180155449654
2025-02-14 15:35:24.603929-05:00,609.84,610.0,609.7537,609.93,74254.0,609.9433241791695
2025-02-14 15:36:50.673708-05:00,609.93,610.06,609.7726,609.99,89739.0,609.9678951526093
2025-02-14 15:37:56.505367-05:00,609.99,610.09,609.8108,610.0,108522.0,610.0351326901458
2025-02-14 15:39:16.560170-05:00,610.0,610.14,609.8215,610.1254,91017.0,610.0624337332586
2025-02-14 15:40:48.896306-05:00,610.1262,610.15,609.8629,610.01,86898.0,610.0966188255204
2025-02-14 15:41:39.037313-05:00,610.01,610.0759,609.76,609.8052,111244.0,609.8951675317318
2025-02-14 15:42:49.887650-05:00,609.81,610.0054,609.71,609.78,63749.0,609.7867455536552
2025-02-14 15:43:49.822545-05:00,609.78,609.9675,609.62,609.63,88549.0,609.6808325582441
2025-02-14 15:44:46.577906-05:00,609.63,609.9279,609.5927,609.73,87133.0,609.6582669585574
2025-02-14 15:45:50.392103-05:00,609.72,609.8643,609.65,609.74,103266.0,609.7117366354852
2025-02-14 15:46:53.605544-05:00,609.74,609.8488,609.65,609.67,126156.0,609.7038123046071
2025-02-14 15:47:59.724033-05:00,609.67,609.846,609.58,609.6499,81018.0,609.6632076205298
2025-02-14 15:49:15.489068-05:00,609.633,609.7782,609.545,609.575,120444.0,609.6516379172067
2025-02-14 15:50:00.148655-05:00,609.575,609.84,609.57,609.84,97984.0,609.6560551355325
2025-02-14 15:50:20.507909-05:00,609.84,610.02,609.7,609.964,118632.0,609.9592520500377
2025-02-14 15:50:52.664596-05:00,609.9776,609.99,609.71,609.89,126898.0,609.8499008258593
2025-02-14 15:51:30.738113-05:00,609.89,609.9288,609.7624,609.89,120203.0,609.8792509205256
2025-02-14 15:52:16.992405-05:00,609.8649,610.0286,609.793,610.02,104056.0,609.9574455927575
2025-02-14 15:53:00.562414-05:00,610.02,610.11,609.7977,610.1001,123230.0,610.0551678820087
2025-02-14 15:53:31.075220-05:00,610.09,610.25,609.8775,610.22,118922.0,610.1777512344228
2025-02-14 15:53:59.222457-05:00,610.22,610.24,609.8735,610.11,138817.0,610.1522799772366
2025-02-14 15:54:17.259220-05:00,610.11,610.25,609.9011,610.25,142015.0,610.1450785973317
2025-02-14 15:54:43.207326-05:00,610.25,610.29,610.0001,610.2,137511.0,610.2274963522913
2025-02-14 15:55:03.676217-05:00,610.19,610.19,609.88,609.89,120968.0,610.0764647733291
2025-02-14 15:55:30.164435-05:00,609.89,610.1557,609.81,610.14,125099.0,609.9884082142939
2025-02-14 15:56:04.785079-05:00,610.14,610.14,609.9615,610.07,139972.0,610.0621766103224
2025-02-14 15:56:42.463766-05:00,610.07,610.19,610.05,610.17,106608.0,610.137068956363
2025-02-14 15:57:14.715597-05:00,610.17,610.2,610.0602,610.195,113878.0,610.1563710795768
2025-02-14 15:57:37.476472-05:00,610.195,610.23,610.1193,610.16,129771.0,610.1775712663081
2025-02-14 15:58:05.017074-05:00,610.16,610.19,610.1315,610.18,122091.0,610.1698977295623
2025-02-14 15:58:21.476978-05:00,610.1619,610.18,610.02,610.08,152733.0,610.0971343154387
2025-02-14 15:58:42.209040-05:00,610.0789,610.1542,609.93,609.96,122443.0,610.0382630048267
2025-02-14 15:59:00.569283-05:00,609.96,610.1287,609.96,610.085,131456.0,610.0448850459464
2025-02-14 15:59:17.010758-05:00,610.08,610.15,610.05,610.11,138164.0,610.098402921166
2025-02-14 15:59:31.278250-05:00,610.11,610.11,609.93,609.93,120828.0,610.0216599645773
2025-02-14 15:59:39.609889-05:00,609.93,610.0,609.7,609.75,164029.0,609.8480978467222
2025-02-14 15:59:50.106233-05:00,609.74,609.93,609.7,609.8,128889.0,609.7795065451668
2025-02-18 09:30:00.059175-05:00,609.82,610.92,609.56,610.89,237246.0,609.6653156386191
2025-02-18 09:30:02.466949-05:00,610.885,610.96,610.8,610.86,454844.0,610.8599758211777
2025-02-18 09:30:02.770015-05:00,610.86,610.96,610.8125,610.91,2523.0,610.8781051129599
2025-02-18 09:30:03.879217-05:00,610.86,610.98,610.801,610.8021,11513.0,610.9039197515879
2025-02-18 09:30:05.160863-05:00,610.86,610.98,610.8019,610.86,16148.0,610.9243761270843
2025-02-18 09:30:06.520950-05:00,610.86,610.99,610.801,610.86,16562.0,610.9569032000855
2025-02-18 09:30:07.898578-05:00,610.86,610.97,610.8009,610.86,9816.0,610.9192060004215
2025-02-18 09:30:09.936006-05:00,610.86,610.97,610.8009,610.955,15917.0,610.9273439906967
2025-02-18 09:30:15.368087-05:00,610.9,611.0,610.85,610.9725,44469.0,610.9704726281237
2025-02-18 09:30:26.756477-05:00,610.96,611.0,610.8,610.8481,34298.0,610.8869131552883
2025-02-18 09:31:00.605857-05:00,610.8481,611.0,610.58,610.86,95285.0,610.7456644225216
2025-02-18 09:31:30.004370-05:00,610.88,610.9388,610.48,610.52,96427.0,610.7123331110572
2025-02-18 09:32:03.515228-05:00,610.52,610.86,610.38,610.46,76434.0,610.4691653020897
2025-02-18 09:32:32.922705-05:00,610.46,610.86,610.4,610.67,89140.0,610.6333899596142
2025-02-18 09:33:12.859299-05:00,610.68,610.86,610.5748,610.83,67581.0,610.7253942927744
2025-02-18 09:33:58.608352-05:00,610.83,610.85,610.613,610.73,54460.0,610.7713945978703
2025-02-18 09:34:44.214356-05:00,610.7412,610.86,610.55,610.555,67742.0,610.6779439712438
2025-02-18 09:35:38.534651-05:00,610.56,610.775,610.56,610.71,69818.0,610.6638381907233
2025-02-18 09:36:22.724593-05:00,610.7119,610.7299,610.6,610.61,43240.0,610.6652091882529
2025-02-18 09:37:12.367387-05:00,610.61,610.68,610.44,610.46,54426.0,610.5433925237938
2025-02-18 09:37:56.547081-05:00,610.46,610.7,610.29,610.69,79519.0,610.4923159509042
2025-02-18 09:38:38.413192-05:00,610.68,610.86,610.5136,610.7575,74786.0,610.7092282860423
2025-02-18 09:39:41.809817-05:00,610.7568,610.86,610.5892,610.7,54390.0,610.706850757491
2025-02-18 09:40:44.361724-05:00,610.7,610.86,610.6,610.67,64165.0,610.7154782389147
2025-02-18 09:41:45.990871-05:00,610.66,610.86,610.47,610.6,61835.0,610.5680090304835
2025-02-18 09:42:59.085249-05:00,610.62,610.86,610.54,610.555,56094.0,610.6305393624992
2025-02-18 09:43:48.941329-05:00,610.555,610.6662,610.46,610.51,66987.0,610.5348790362323
2025-02-18 09:44:38.671736-05:00,610.52,610.6143,610.16,610.18,54701.0,610.4156900477132
2025-02-18 09:45:18.450599-05:00,610.1825,610.86,610.1,610.26,99703.0,610.2207935709054
2025-02-18 09:46:05.851173-05:00,610.26,610.5403,610.17,610.3088,92363.0,610.3098716769706
2025-02-18 09:47:01.106263-05:00,610.32,610.86,610.1,610.18,62904.0,610.314397542288
2025-02-18 09:47:43.246479-05:00,610.18,610.4757,610.0,610.0,58904.0,610.0645011374445
2025-02-18 09:48:22.479574-05:00,610.0,610.31,609.95,610.3003,63889.0,610.1269025732126
2025-02-18 09:49:14.509498-05:00,610.31,610.35,610.1263,610.26,74036.0,610.2670246798855
2025-02-18 09:50:10.300567-05:00,610.26,610.68,610.0801,610.081,59526.0,610.2611974784129
2025-02-18 09:51:00.230606-05:00,610.09,610.264,609.95,610.065,58652.0,610.014431700538
2025-02-18 09:52:06.227657-05:00,610.05,610.35,610.02,610.35,67952.0,610.1437242656566
2025-02-18 09:53:05.828290-05:00,610.3407,610.57,610.1172,610.56,71228.0,610.444281340204
2025-02-18 09:54:05.796398-05:00,610.56,610.62,610.2343,610.61,82989.0,610.5623739097941
2025-02-18 09:55:10.409936-05:00,610.61,610.61,610.2881,610.445,80613.0,610.4845192028579
2025-02-18 09:56:16.967833-05:00,610.4399,610.55,610.2959,610.4988,77084.0,610.4866044561782
2025-02-18 09:57:31.205522-05:00,610.49,610.65,610.4795,610.5487,68196.0,610.553578712826
2025-02-18 09:58:48.016356-05:00,610.545,610.5899,610.14,610.46,59375.0,610.5169584892628
2025-02-18 09:59:54.632028-05:00,610.46,610.5296,610.07,610.255,75870.0,610.2754270159489
2025-02-18 10:00:44.666471-05:00,610.25,610.4335,609.98,610.01,96425.0,610.104477148043
2025-02-18 10:00:54.306246-05:00,609.9922,610.1772,609.8,609.8,38204.0,609.9236156842281
2025-02-18 10:01:02.733771-05:00,609.8,610.2858,609.69,609.7,63504.0,609.7688079128895
2025-02-18 10:01:24.362048-05:00,609.7,610.1766,609.64,609.72,50485.0,609.7024472219458
2025-02-18 10:02:00.023908-05:00,609.72,610.2369,609.37,609.51,75718.0,609.565536235769
2025-02-18 10:02:38.183364-05:00,609.51,610.1459,609.33,609.651,129258.0,609.5488127551108
2025-02-18 10:03:32.944426-05:00,609.68,610.0796,609.45,609.7,77078.0,609.6281651716433
2025-02-18 10:04:47.487250-05:00,609.7,610.3,609.5666,609.7716,48451.0,609.7603017522853
2025-02-18 10:05:55.612822-05:00,609.77,610.13,609.614,609.8199,60606.0,609.7409544203538
2025-02-18 10:07:08.826134-05:00,609.81,610.01,609.6316,610.01,84631.0,609.8236253524126
2025-02-18 10:08:32.760735-05:00,610.0,610.05,609.7322,609.92,41324.0,609.9702503460459
2025-02-18 10:09:59.500237-05:00,609.92,610.02,609.7821,609.92,76427.0,609.9278948041916
2025-02-18 10:11:09.309549-05:00,609.92,609.9488,609.5,609.82,68367.0,609.7834767987484
2025-02-18 10:12:56.256564-05:00,609.8153,610.02,609.6383,610.02,41463.0,609.9127846393181
2025-02-18 10:14:01.020164-05:00,610.0139,610.31,609.8231,610.2,76037.0,610.181234296461
2025-02-18 10:15:29.048909-05:00,610.2,610.22,609.9052,610.14,74568.0,610.1488401324965
2025-02-18 10:16:46.501294-05:00,610.1207,610.156,609.79,609.81,61374.0,609.9266539023046
2025-02-18 10:17:57.802086-05:00,609.81,610.0707,609.57,609.71,62830.0,609.7094296291582
2025-02-18 10:19:25.765065-05:00,609.72,609.9988,609.65,609.75,104868.0,609.7470482816491
2025-02-18 10:20:37.587207-05:00,609.74,609.894,609.46,609.6594,78578.0,609.6313037020536
2025-02-18 10:21:48.530253-05:00,609.655,609.8736,609.57,609.81,75927.0,609.7552547433722
2025-02-18 10:23:07.253029-05:00,609.79,609.88,609.6984,609.848,84370.0,609.7713467630681
2025-02-18 10:24:18.090225-05:00,609.8563,610.0372,609.69,609.807,69281.0,609.8772014636052
2025-02-18 10:25:55.540171-05:00,609.81,609.96,609.7608,609.84,59483.0,609.851240046736
2025-02-18 10:27:19.896205-05:00,609.84,609.8573,609.42,609.4808,72755.0,609.6590912913217
2025-02-18 10:28:57.595011-05:00,609.7162,609.7509,609.44,609.509,84045.0,609.5057971634246
2025-02-18 10:30:24.264954-05:00,609.5102,609.702,609.49,609.6593,88733.0,609.5838357364223
2025-02-18 10:31:52.479448-05:00,609.6551,609.7024,609.35,609.67,51340.0,609.5744557518508
2025-02-18 10:33:14.419886-05:00,609.6692,609.86,609.5493,609.69,72214.0,609.7322725108702
2025-02-18 10:35:09.438839-05:00,609.69,609.8899,609.6,609.7,41135.0,609.7433783930956
2025-02-18 10:36:40.884038-05:00,609.7,609.88,609.631,609.86,54210.0,609.7886800479611
2025-02-18 10:38:07.366819-05:00,609.86,609.99,609.6464,609.9766,96362.0,609.8820289315292
2025-02-18 10:39:30.275033-05:00,609.98,610.2,609.7178,610.17,48225.0,610.0914684955943
2025-02-18 10:41:03.967960-05:00,610.1599,610.18,609.7917,610.04,37957.0,610.0484446716015
2025-02-18 10:42:42.392922-05:00,610.05,610.11,609.8573,610.0186,37026.0,610.0138984173276
2025-02-18 10:44:11.107844-05:00,610.07,610.24,609.9051,610.19,51013.0,610.1685081704665
2025-02-18 10:45:31.974771-05:00,610.19,610.2399,609.9786,610.0375,60074.0,610.1619551353341
2025-02-18 10:46:51.185161-05:00,610.025,610.1665,609.69,609.77,67394.0,609.9349977505417
2025-02-18 10:48:10.019651-05:00,609.77,610.0711,609.68,609.7954,77396.0,609.7779055274176
2025-02-18 10:49:49.549123-05:00,609.79,610.0,609.7001,609.905,45220.0,609.8559639385218
2025-02-18 10:51:16.772981-05:00,609.905,610.12,609.8402,610.035,45620.0,609.9622649693109
2025-02-18 10:52:49.498472-05:00,610.03,610.42,609.8584,610.38,48247.0,610.243273869878
2025-02-18 10:53:49.835019-05:00,610.38,610.48,610.0321,610.4,72172.0,610.411850533448
2025-02-18 10:54:57.020454-05:00,610.4,610.49,610.067,610.49,81207.0,610.4467791311102
2025-02-18 10:56:18.896665-05:00,610.49,610.57,610.1384,610.5699,50213.0,610.4872229323081
2025-02-18 10:57:36.808423-05:00,610.5598,610.57,610.205,610.535,72528.0,610.5237259458415
2025-02-18 10:58:51.353863-05:00,610.515,610.57,610.33,610.43,58430.0,610.4553633801119
2025-02-18 11:00:05.442263-05:00,610.42,610.6388,610.3972,610.565,56872.0,610.5417462424386
2025-02-18 11:01:39.311776-05:00,610.5625,610.616,610.4405,610.551,43294.0,610.5694864484672
2025-02-18 11:03:15.961103-05:00,610.56,610.6,610.4738,610.55,60651.0,610.5491349079155
2025-02-18 11:04:50.753975-05:00,610.5575,610.58,610.427,610.52,52304.0,610.5196748661667
2025-02-18 11:06:22.551573-05:00,610.52,610.549,610.31,610.44,47744.0,610.421827957439
2025-02-18 11:08:08.122870-05:00,610.4412,610.58,610.4301,610.54,48528.0,610.5183017021097
2025-02-18 11:10:01.992968-05:00,610.54,610.6,610.4855,610.5692,47073.0,610.5580993032092
2025-02-18 11:12:01.272936-05:00,610.565,610.67,610.5062,610.64,48224.0,610.6261916721971
2025-02-18 11:13:44.581914-05:00,610.64,610.7491,610.5325,610.6299,62947.0,610.6717280553498
2025-02-18 11:15:41.798909-05:00,610.625,610.6704,610.36,610.45,58066.0,610.4825097044742
2025-02-18 11:17:58.209159-05:00,610.45,610.5779,610.38,610.4626,50604.0,610.4666243320698
2025-02-18 11:20:01.115533-05:00,610.45,610.5612,610.35,610.365,73227.0,610.3977164174414
2025-02-18 11:21:18.565371-05:00,610.37,610.4577,610.07,610.1505,73617.0,610.2586112569112
2025-02-18 11:22:39.082126-05:00,610.15,610.4217,609.88,609.895,79878.0,610.1401479293415
2025-02-18 11:24:21.829938-05:00,609.895,610.3434,609.75,609.92,65466.0,609.8531271392776
2025-02-18 11:26:11.640163-05:00,609.925,610.219,609.8567,610.11,62309.0,609.9983472836992
2025-02-18 11:27:54.996767-05:00,610.11,610.5,609.9272,610.2284,67172.0,610.2540280340019
2025-02-18 11:29:54.872588-05:00,610.4508,610.4508,610.0584,610.4301,43449.0,610.3593009735548
2025-02-18 11:31:48.715486-05:00,610.436,610.436,610.12,610.16,58150.0,610.293600942389
2025-02-18 11:33:39.976244-05:00,610.15,610.3213,610.06,610.0888,49520.0,610.1326842023427
2025-02-18 11:35:50.210609-05:00,610.1321,610.24,610.0627,610.22,42123.0,610.1511405265533
2025-02-18 11:37:36.004262-05:00,610.22,610.36,610.09,610.31,56481.0,610.2170249429006
2025-02-18 11:39:41.724449-05:00,610.31,610.42,610.18,610.4,59195.0,610.2902017585945
2025-02-18 11:41:34.488282-05:00,610.4,610.43,610.2,610.3049,52219.0,610.3369041287659
2025-02-18 11:43:56.752702-05:00,610.2985,610.3467,610.14,610.25,49901.0,610.2198303240413
2025-02-18 11:45:57.521284-05:00,610.24,610.4,610.175,610.31,53213.0,610.2851983913706
2025-02-18 11:47:40.232694-05:00,610.3,610.52,610.2612,610.45,52762.0,610.4007447519048
2025-02-18 11:49:19.469537-05:00,610.45,610.68,610.3078,610.67,62278.0,610.6165909903979
2025-02-18 11:50:42.385494-05:00,610.66,610.86,610.4699,610.79,62402.0,610.7267845629942
2025-02-18 11:52:39.722533-05:00,610.79,610.81,610.4916,610.73,60468.0,610.739301430508
2025-02-18 11:53:24.370825-05:00,610.73,610.79,610.5463,610.715,21519.0,610.7386239741616
2025-02-18 11:53:48.115124-05:00,610.7,610.7499,610.5777,610.699,13988.0,610.7199121532717
2025-02-18 11:54:10.076114-05:00,610.685,610.8,610.67,610.76,18458.0,610.7545867157877
2025-02-18 11:54:34.245375-05:00,610.77,610.78,610.717,610.72,10501.0,610.7522118369722
2025-02-18 11:54:58.397180-05:00,610.72,610.75,610.6174,610.72,8975.0,610.730767966568
2025-02-18 11:55:20.543944-05:00,610.73,610.785,610.632,610.72,15597.0,610.7282867025731
2025-02-18 11:55:43.170545-05:00,610.72,610.7483,610.6573,610.69,14449.0,610.719810658178
2025-02-18 11:56:05.837856-05:00,610.7,610.7249,610.63,610.665,11002.0,610.6774951008946
2025-02-18 11:56:27.031656-05:00,610.665,610.7238,610.5,610.5,21399.0,610.6305013178153
2025-02-18 11:56:47.453729-05:00,610.5,610.7138,610.4,610.57,20958.0,610.4739477240186
2025-02-18 11:57:10.410358-05:00,610.5691,610.75,610.53,610.58,11515.0,610.5749948849375
2025-02-18 11:57:29.000173-05:00,610.59,610.6791,610.5552,610.6201,43213.0,610.596079279386
2025-02-18 11:58:26.125862-05:00,610.63,610.6745,610.32,610.32,37051.0,610.5111140805928
2025-02-18 12:00:11.751495-05:00,610.32,610.6217,610.18,610.22,73910.0,610.32154396834
2025-02-18 12:02:21.076260-05:00,610.22,610.5984,610.0515,610.14,55103.0,610.1477182167938
2025-02-18 12:04:47.598759-05:00,610.15,610.5072,610.075,610.22,68104.0,610.1928744860811
2025-02-18 12:06:45.112296-05:00,610.22,610.3683,610.0702,610.1969,47958.0,610.2277990032943
2025-02-18 12:08:26.377423-05:00,610.1493,610.2251,609.86,609.945,74693.0,610.007615271845
2025-02-18 12:10:46.313196-05:00,609.9489,610.1489,609.92,609.94,55091.0,610.0001124775368
2025-02-18 12:12:32.837179-05:00,609.94,610.16,609.77,610.15,60215.0,610.0039763680151
2025-02-18 12:14:51.039803-05:00,610.1575,610.3,609.9898,610.19,53918.0,610.1884195259468
2025-02-18 12:17:02.125952-05:00,610.1899,610.2099,609.91,609.936,41124.0,610.0519288031313
2025-02-18 12:19:26.362532-05:00,609.94,610.24,609.81,609.91,50888.0,609.9120895220886
2025-02-18 12:21:19.802929-05:00,609.89,609.9728,609.87,609.9,63458.0,609.9149767830706
2025-02-18 12:22:59.917022-05:00,609.9,610.0211,609.78,609.9599,61072.0,609.882980727666
2025-02-18 12:25:45.116856-05:00,609.95,610.02,609.865,609.95,52497.0,609.9398742232901
2025-02-18 12:28:43.667460-05:00,609.95,610.04,609.9088,610.01,50078.0,609.9827440632619
2025-02-18 12:30:58.161924-05:00,609.99,610.19,609.91,610.16,57804.0,610.0911018770331
2025-02-18 12:33:34.851320-05:00,610.16,610.32,609.9831,610.29,45569.0,610.237674912769
2025-02-18 12:35:54.303741-05:00,610.29,610.3099,610.05,610.175,70123.0,610.1954640588685
2025-02-18 12:38:43.735291-05:00,610.18,610.28,610.07,610.24,43799.0,610.1823332039547
2025-02-18 12:41:07.560221-05:00,610.2399,610.3111,610.1848,610.3,59413.0,610.2765502751927
2025-02-18 12:43:52.222192-05:00,610.3,610.4,610.2265,610.31,38654.0,610.3479434935582
2025-02-18 12:46:07.843322-05:00,610.3,610.3392,610.1234,610.295,49179.0,610.2130494967357
2025-02-18 12:48:04.871741-05:00,610.3,610.3,610.11,610.1488,69662.0,610.2159499870826
2025-02-18 12:50:21.262156-05:00,610.13,610.28,610.11,610.26,54917.0,610.2023120090313
2025-02-18 12:52:10.068357-05:00,610.26,610.545,610.2276,610.525,82633.0,610.4484471191903
2025-02-18 12:54:29.680770-05:00,610.54,610.55,610.3152,610.49,72078.0,610.4558392671826
2025-02-18 12:56:59.830449-05:00,610.48,610.51,610.3328,610.47,49838.0,610.4432032806295
2025-02-18 12:59:05.708357-05:00,610.401,610.4623,610.28,610.35,60148.0,610.3702721187723
2025-02-18 13:01:05.559075-05:00,610.35,610.43,610.3,610.41,70743.0,610.3667436311714
2025-02-18 13:03:08.142968-05:00,610.41,610.64,610.3728,610.57,61221.0,610.5386015223539
2025-02-18 13:05:13.337872-05:00,610.57,610.66,610.4401,610.64,59635.0,610.6093164265948
2025-02-18 13:07:17.558868-05:00,610.65,610.66,610.45,610.51,57968.0,610.5638764266499
2025-02-18 13:09:19.422806-05:00,610.52,610.5785,610.29,610.33,55247.0,610.4339680018829
2025-02-18 13:11:18.033447-05:00,610.33,610.498,610.1,610.19,38103.0,610.2045956617595
2025-02-18 13:13:09.387531-05:00,610.195,610.4722,610.0398,610.16,64921.0,610.1389067497424
2025-02-18 13:15:04.378755-05:00,610.16,610.625,609.96,610.14,60752.0,610.0696986140371
2025-02-18 13:17:26.919847-05:00,610.14,610.35,610.04,610.1,54117.0,610.1045512241981
2025-02-18 13:19:28.361831-05:00,610.09,610.1241,609.86,609.96,79177.0,609.9861028985698
2025-02-18 13:21:04.003744-05:00,609.965,610.498,609.59,609.59,69455.0,609.8317850997048
2025-02-18 13:22:31.079208-05:00,609.59,609.955,609.52,609.8388,87025.0,609.7131191048543
2025-02-18 13:24:31.700904-05:00,609.8465,609.952,609.71,609.95,51011.0,609.8147353551188
2025-02-18 13:26:42.053007-05:00,609.955,609.97,609.7649,609.895,54318.0,609.9055889097546
2025-02-18 13:28:02.332219-05:00,609.895,609.97,609.85,609.9402,115943.0,609.8906138568094
2025-02-18 13:29:28.259534-05:00,609.94,610.07,609.8997,609.975,68938.0,609.9966843366504
2025-02-18 13:31:00.340504-05:00,609.97,609.99,609.65,609.675,48379.0,609.8021650550853
2025-02-18 13:32:26.228650-05:00,609.67,609.9089,609.65,609.725,40801.0,609.715083706282
2025-02-18 13:33:44.320906-05:00,609.7308,609.89,609.56,609.6955,49196.0,609.6461253719807
2025-02-18 13:35:09.393894-05:00,609.71,609.8373,609.68,609.7075,49918.0,609.7367759685885
2025-02-18 13:36:54.471275-05:00,609.7045,609.8267,609.61,609.63,26641.0,609.6865894673626
2025-02-18 13:38:58.110757-05:00,609.63,609.8047,609.5,609.605,39926.0,609.6027864474273
2025-02-18 13:40:43.625410-05:00,609.6075,609.6809,609.5642,609.57,38607.0,609.6155958582643
2025-02-18 13:41:54.337704-05:00,609.59,609.642,609.44,609.56,62950.0,609.5537163018267
2025-02-18 13:43:35.724391-05:00,609.56,609.6298,609.49,609.54,43131.0,609.5304993345843
2025-02-18 13:45:04.935613-05:00,609.5608,609.6146,609.47,609.49,98837.0,609.5188046763867
2025-02-18 13:46:50.978582-05:00,609.49,609.69,609.47,609.63,47255.0,609.6127930525868
2025-02-18 13:48:35.084619-05:00,609.64,609.67,609.45,609.59,52295.0,609.5371031092844
2025-02-18 13:50:07.512686-05:00,609.58,609.81,609.5466,609.79,64401.0,609.7437070573432
2025-02-18 13:51:55.779391-05:00,609.79,609.92,609.5875,609.85,44330.0,609.8252474351456
2025-02-18 13:53:38.783609-05:00,609.85,609.93,609.6262,609.825,75180.0,609.8840346541637
2025-02-18 13:55:31.434155-05:00,609.82,609.91,609.67,609.84,46300.0,609.7905043023742
2025-02-18 13:57:35.187857-05:00,609.84,609.92,609.7574,609.7762,42906.0,609.8399614086619
2025-02-18 13:59:38.952578-05:00,609.78,609.8448,609.64,609.67,64061.0,609.735534400025
2025-02-18 14:01:35.065018-05:00,609.688,609.8052,609.62,609.7,75068.0,609.6862140232854
2025-02-18 14:03:33.057662-05:00,609.705,609.7797,609.67,609.73,91702.0,609.7322545309812
2025-02-18 14:05:10.659994-05:00,609.7465,609.83,609.66,609.68,81845.0,609.7574480725757
2025-02-18 14:06:48.089747-05:00,609.68,609.78,609.46,609.495,75983.0,609.6356850677128
2025-02-18 14:07:17.482319-05:00,609.495,609.705,609.09,609.1,102919.0,609.2915973484003
2025-02-18 14:07:46.481918-05:00,609.1,609.5212,609.0,609.0,88645.0,609.0529740459131
2025-02-18 14:08:04.051830-05:00,609.0,609.513,608.47,608.47,74593.0,608.8169083372434
2025-02-18 14:08:37.381298-05:00,608.47,609.0407,608.4,608.68,118665.0,608.5468666734082
2025-02-18 14:09:15.068738-05:00,608.69,609.2862,608.6346,608.71,116785.0,608.7790660872544
2025-02-18 14:10:00.760313-05:00,608.71,608.819,608.63,608.79,85101.0,608.7177540475429
2025-02-18 14:10:43.022153-05:00,608.79,609.1399,608.77,608.93,77089.0,608.8890999792451
2025-02-18 14:11:30.800617-05:00,608.93,609.1095,608.8145,609.0388,95353.0,608.9638895598458
2025-02-18 14:12:42.993172-05:00,609.03,609.1,608.8157,609.02,89861.0,609.0103219405535
2025-02-18 14:13:53.791665-05:00,609.025,609.04,608.66,608.96,107587.0,608.8376394397095
2025-02-18 14:15:31.896689-05:00,608.96,609.0,608.76,608.83,77404.0,608.8823860368985
2025-02-18 14:17:26.398869-05:00,608.83,608.9224,608.71,608.71,94481.0,608.8238199352261
2025-02-18 14:19:24.919095-05:00,608.71,608.9,608.6,608.6,66737.0,608.7480514587115
2025-02-18 14:20:55.753422-05:00,608.61,608.8615,608.37,608.46,74375.0,608.5156442124364
2025-02-18 14:22:05.724174-05:00,608.46,608.7999,608.45,608.6593,85225.0,608.694107973012
2025-02-18 14:23:56.509210-05:00,608.77,608.85,608.6592,608.6773,87252.0,608.8033426706558
2025-02-18 14:24:22.485222-05:00,608.83,609.4,608.6829,609.35,101300.0,609.0543212625867
2025-02-18 14:25:00.823361-05:00,609.42,609.61,608.911,609.43,97295.0,609.4535582825422
2025-02-18 14:26:20.615355-05:00,609.435,609.5,608.9474,609.335,118120.0,609.3679397968172
2025-02-18 14:28:38.242219-05:00,609.35,609.36,608.9954,609.34,108732.0,609.2749004920347
2025-02-18 14:31:03.698902-05:00,609.34,609.34,609.0653,609.14,48087.0,609.2219627009388
2025-02-18 14:33:07.351805-05:00,609.1731,609.46,609.09,609.42,60301.0,609.3310716886949
2025-02-18 14:35:08.505221-05:00,609.42,609.54,609.2626,609.5175,89497.0,609.4152858766207
2025-02-18 14:37:03.531448-05:00,609.53,609.57,609.29,609.3784,101067.0,609.4070037786813
2025-02-18 14:39:33.107903-05:00,609.4075,609.44,609.16,609.2,51938.0,609.3225576976399
2025-02-18 14:41:36.073716-05:00,609.2,609.3812,609.12,609.335,55816.0,609.27804983159
2025-02-18 14:43:39.433739-05:00,609.335,609.4869,609.26,609.34,82109.0,609.3731456381163
2025-02-18 14:45:53.911374-05:00,609.349,609.5,609.29,609.415,76995.0,609.3999642496274
2025-02-18 14:47:36.616471-05:00,609.415,609.46,609.346,609.37,180534.0,609.4032410105576
2025-02-18 14:48:42.673781-05:00,609.37,609.76,609.36,609.7,95117.0,609.5401662605005
2025-02-18 14:50:17.534457-05:00,609.7,609.84,609.4501,609.77,135090.0,609.723793646459
2025-02-18 14:51:45.702438-05:00,609.77,609.96,609.5006,609.95,99689.0,609.750805909378
2025-02-18 14:52:24.806853-05:00,609.93,610.03,609.5392,609.935,144674.0,609.946405907074
2025-02-18 14:54:06.386960-05:00,609.94,610.02,609.6306,609.99,107194.0,609.9313443858802
2025-02-18 14:55:54.678326-05:00,609.99,610.04,609.6906,609.94,71074.0,609.9298869333383
2025-02-18 14:57:45.464137-05:00,609.94,609.98,609.739,609.955,75560.0,609.9340018594498
2025-02-18 14:59:38.666350-05:00,609.96,610.02,609.82,609.82,61692.0,609.9378348635164
2025-02-18 15:01:18.036422-05:00,609.8,609.9347,609.72,609.8688,85766.0,609.8083231898418
2025-02-18 15:03:09.451699-05:00,609.85,609.9144,609.7501,609.8,75377.0,609.8461406582909
2025-02-18 15:05:11.122980-05:00,609.79,609.89,609.78,609.81,87902.0,609.8239003936197
2025-02-18 15:07:00.812936-05:00,609.81,609.88,609.674,609.78,64827.0,609.7745297885145
2025-02-18 15:08:50.056938-05:00,609.78,609.8424,609.685,609.76,97654.0,609.7500764515536
2025-02-18 15:10:28.962753-05:00,609.76,609.8064,609.69,609.755,90346.0,609.7468991311185
2025-02-18 15:12:20.280056-05:00,609.75,609.7881,609.64,609.7306,89630.0,609.7080135044079
2025-02-18 15:14:07.913320-05:00,609.7307,609.9199,609.6773,609.905,74329.0,609.8059125644091
2025-02-18 15:16:04.159204-05:00,609.909,609.9345,609.74,609.7401,81283.0,609.8583859983024
2025-02-18 15:17:55.646067-05:00,609.76,609.8082,609.63,609.72,81144.0,609.6939541518782
2025-02-18 15:19:59.072779-05:00,609.7,609.7891,609.6248,609.74,94907.0,609.6819455793568
2025-02-18 15:22:06.256221-05:00,609.7101,609.8292,609.63,609.715,67279.0,609.7499682099908
2025-02-18 15:24:17.696218-05:00,609.718,609.79,609.6701,609.7722,60101.0,609.7300047619832
2025-02-18 15:26:01.057370-05:00,609.7853,609.96,609.7321,609.88,77300.0,609.8771875381631
2025-02-18 15:27:39.426581-05:00,609.88,609.91,609.76,609.78,106033.0,609.8430198457082
2025-02-18 15:29:41.135041-05:00,609.78,609.8699,609.715,609.82,62698.0,609.8020501084562
2025-02-18 15:31:27.851617-05:00,609.815,609.88,609.75,609.88,66230.0,609.8115529291863
2025-02-18 15:32:50.078511-05:00,609.88,610.07,609.8101,610.03,84672.0,609.9783246149836
2025-02-18 15:34:05.417243-05:00,610.03,610.06,609.863,609.93,100107.0,609.9510862966629
2025-02-18 15:35:37.201755-05:00,609.93,610.07,609.795,609.815,71881.0,609.8931836952737
2025-02-18 15:37:07.562141-05:00,609.8,609.9431,609.69,609.72,114835.0,609.77124406235
2025-02-18 15:38:35.911284-05:00,609.72,609.88,609.7,609.8597,98015.0,609.788250114779
2025-02-18 15:39:52.395184-05:00,609.82,609.92,609.78,609.79,138717.0,609.8546589855614
2025-02-18 15:41:06.582752-05:00,609.79,610.86,609.76,609.92,103985.0,609.8656848285805
2025-02-18 15:42:13.476579-05:00,609.92,610.86,609.8226,609.933,100507.0,609.974557959148
2025-02-18 15:43:32.917453-05:00,609.93,609.9727,609.67,609.685,74642.0,609.8412254896699
2025-02-18 15:44:30.181824-05:00,609.685,609.8906,609.64,609.75,102206.0,609.7153627839848
2025-02-18 15:45:23.641334-05:00,609.75,610.86,609.7173,609.8,98945.0,609.7775328091366
2025-02-18 15:46:10.487245-05:00,609.8,609.94,609.7492,609.84,113804.0,609.8492731538435
2025-02-18 15:47:06.547012-05:00,609.84,609.89,609.68,609.69,142813.0,609.8031159103159
2025-02-18 15:48:28.413334-05:00,609.69,609.8283,609.658,609.7,79770.0,609.7474611746263
2025-02-18 15:49:30.761679-05:00,609.7,609.8134,609.63,609.7786,90931.0,609.6815006400464
2025-02-18 15:50:06.585662-05:00,609.65,610.18,609.6468,609.995,129016.0,609.8791883541576
2025-02-18 15:50:58.813079-05:00,610.01,610.07,609.8023,609.85,89130.0,609.9178299831708
2025-02-18 15:51:48.659951-05:00,609.84,609.93,609.72,609.93,87457.0,609.8380932035169
2025-02-18 15:52:30.728419-05:00,609.925,609.99,609.8096,609.901,92888.0,609.9134593973384
2025-02-18 15:53:29.829288-05:00,609.91,609.94,609.8176,609.898,77161.0,609.8985579541479
2025-02-18 15:54:10.765130-05:00,609.89,610.05,609.8198,609.99,87048.0,609.9110742314585
2025-02-18 15:54:41.065268-05:00,610.0,610.25,609.885,610.19,106707.0,610.0886010083688
2025-02-18 15:55:01.713555-05:00,610.19,610.4,609.8771,610.36,114997.0,610.2183928319872
2025-02-18 15:55:21.919892-05:00,610.36,610.6,609.9883,610.59,101496.0,610.4590834072275
2025-02-18 15:55:39.837404-05:00,610.59,610.66,610.1132,610.45,116251.0,610.540124308608
2025-02-18 15:56:03.444650-05:00,610.45,610.55,609.9973,610.44,108790.0,610.4823486285504
2025-02-18 15:56:33.238149-05:00,610.44,610.54,610.0879,610.435,123477.0,610.473351906833
2025-02-18 15:57:05.645869-05:00,610.43,610.69,610.2776,610.69,104325.0,610.5146414061819
2025-02-18 15:57:35.027228-05:00,610.695,610.71,610.4958,610.69,99980.0,610.670131426286
2025-02-18 15:57:58.654419-05:00,610.69,610.79,610.3626,610.77,115955.0,610.7307806261051
2025-02-18 15:58:14.131880-05:00,610.78,610.8973,610.6104,610.85,153146.0,610.8567429328873
2025-02-18 15:58:38.454125-05:00,610.85,610.98,610.4942,610.98,119764.0,610.8621011814905
2025-02-18 15:58:57.131017-05:00,610.97,611.0,610.5459,611.0,103792.0,610.966231223986
2025-02-18 15:59:00.382204-05:00,611.0,611.13,610.985,611.02,135671.0,611.0306914300039
2025-02-18 15:59:16.767181-05:00,611.02,611.14,610.608,611.14,207910.0,611.0611144908858
2025-02-18 15:59:31.358175-05:00,611.14,611.16,610.99,611.015,133493.0,611.0786954881527
2025-02-18 15:59:45.017163-05:00,611.02,611.17,610.96,611.17,145256.0,611.0835656489231
2025-02-18 15:59:53.951574-05:00,611.18,611.25,611.06,611.24,110037.0,611.158172941829
2025-02-19 09:30:00.736497-05:00,611.2301,611.38,609.98,610.04,455752.0,610.3706131709885
2025-02-19 09:30:02.964629-05:00,610.04,610.11,609.94,610.04,18925.0,610.0052757780624
2025-02-19 09:30:11.473478-05:00,610.04,610.0988,609.89,610.04,66757.0,609.9473369174765
2025-02-19 09:30:44.789834-05:00,610.04,610.1,609.9,609.92,78485.0,610.0074533949168
2025-02-19 09:31:32.045543-05:00,609.93,610.1,609.79,609.83,79826.0,609.9443274835266
2025-02-19 09:32:14.630943-05:00,609.83,610.05,609.77,609.865,86270.0,609.8813382577958
2025-02-19 09:33:07.574844-05:00,609.8651,610.07,609.75,609.895,64758.0,609.8884837070328
2025-02-19 09:34:11.675261-05:00,609.895,610.16,609.86,610.1188,67144.0,609.9968537039804
2025-02-19 09:35:08.110029-05:00,610.1,610.23,609.9734,610.17,100926.0,610.1411021788236
2025-02-19 09:35:44.670748-05:00,610.16,610.25,610.04,610.14,127864.0,610.1644566656763
2025-02-19 09:36:48.989374-05:00,610.135,610.27,610.0313,610.266,74506.0,610.1904402423966
2025-02-19 09:37:54.504942-05:00,610.27,610.28,610.0915,610.2188,77511.0,610.1911392112094
2025-02-19 09:39:07.074418-05:00,610.2001,610.22,610.0,610.1088,85363.0,610.0827319599825
2025-02-19 09:40:03.358530-05:00,610.1088,610.1517,609.95,609.9565,96096.0,610.0399616061022
2025-02-19 09:41:27.339271-05:00,609.955,610.23,609.9,610.2188,69717.0,610.0798250068129
2025-02-19 09:42:47.269859-05:00,610.22,610.2699,610.021,610.17,77055.0,610.1709803971182
2025-02-19 09:44:09.219837-05:00,610.16,610.2,609.95,610.0,58391.0,610.0552290986635
2025-02-19 09:45:25.602785-05:00,610.0146,610.19,609.95,610.115,72370.0,610.0861912449908
2025-02-19 09:46:37.742020-05:00,610.12,610.21,610.07,610.1199,54641.0,610.1398185483424
2025-02-19 09:47:48.654827-05:00,610.1024,610.2,610.0,610.185,63184.0,610.1142268454037
2025-02-19 09:49:06.538407-05:00,610.185,610.24,610.05,610.09,54754.0,610.1590226997115
2025-02-19 09:50:00.655561-05:00,610.09,610.1234,609.67,609.78,75217.0,609.8635291995162
2025-02-19 09:51:06.282224-05:00,609.77,610.0665,609.7389,609.74,75424.0,609.8530940920665
2025-02-19 09:52:28.990551-05:00,609.74,609.9898,609.73,609.8,54878.0,609.826764432012
2025-02-19 09:53:54.494749-05:00,609.8,610.07,609.7927,610.03,70446.0,609.980762223548
2025-02-19 09:55:37.814119-05:00,610.0075,610.18,609.8778,610.02,54239.0,610.0659621785067
2025-02-19 09:57:20.728904-05:00,610.0281,610.17,609.9467,610.09,61610.0,610.079108816751
2025-02-19 09:58:48.780581-05:00,610.09,610.12,609.92,610.0432,96241.0,610.0342203083926
2025-02-19 10:00:25.994405-05:00,610.05,610.088,609.84,609.9987,66205.0,609.9697023412127
2025-02-19 10:02:00.046648-05:00,610.01,610.25,609.96,610.03,47333.0,610.1021753364458
2025-02-19 10:03:12.119119-05:00,610.03,610.11,609.69,609.69,57415.0,609.9385941200029
2025-02-19 10:04:38.166630-05:00,609.715,610.0228,609.58,609.61,68323.0,609.7530804648509
2025-02-19 10:05:56.176305-05:00,609.61,609.9125,609.56,609.65,70408.0,609.6397886333937
2025-02-19 10:07:18.203633-05:00,609.65,609.88,609.65,609.82,54655.0,609.7693342146184
2025-02-19 10:08:52.282657-05:00,609.81,610.0,609.58,609.6413,46530.0,609.8321456931005
2025-02-19 10:10:21.066578-05:00,609.6799,609.77,609.5602,609.67,53496.0,609.6727222689552
2025-02-19 10:11:35.668950-05:00,609.67,609.7739,609.59,609.64,67591.0,609.6624801127371
2025-02-19 10:13:16.778727-05:00,609.64,609.85,609.6,609.68,55244.0,609.6905098399839
2025-02-19 10:15:01.846125-05:00,609.665,609.81,609.63,609.67,43150.0,609.735717793743
2025-02-19 10:16:17.516658-05:00,609.67,609.96,609.6,609.932,65473.0,609.7679342782513
2025-02-19 10:17:26.208973-05:00,609.94,610.15,609.7415,610.15,68619.0,610.065811358371
2025-02-19 10:18:46.188082-05:00,610.142,610.15,609.7994,609.955,53979.0,610.0611013542309
2025-02-19 10:20:09.333831-05:00,609.95,610.08,609.8988,609.92,47601.0,609.9615419991175
2025-02-19 10:21:33.826817-05:00,609.92,610.02,609.73,609.76,50303.0,609.856932019958
2025-02-19 10:23:18.122941-05:00,609.76,609.9879,609.74,609.8199,47232.0,609.8182964134478
2025-02-19 10:24:38.733118-05:00,609.81,610.06,609.73,609.99,77776.0,609.9454787878008
2025-02-19 10:26:12.722778-05:00,610.0,610.09,609.891,610.02,95507.0,610.0195606144055
2025-02-19 10:26:47.704689-05:00,610.02,610.04,609.9559,610.0,29220.0,610.0007478336748
2025-02-19 10:27:11.013710-05:00,610.0,610.05,609.9625,610.02,8960.0,610.0195583705299
2025-02-19 10:27:31.323853-05:00,610.015,610.02,609.88,609.94,19327.0,609.96081788172
2025-02-19 10:27:59.653523-05:00,609.92,609.9734,609.9,609.92,13079.0,609.9344465478994
2025-02-19 10:29:28.181483-05:00,609.93,610.18,609.93,610.075,52795.0,610.0876996533763
2025-02-19 10:30:34.690780-05:00,610.11,610.36,609.9642,610.36,74263.0,610.1842567361942
2025-02-19 10:31:14.292402-05:00,610.36,610.61,610.1066,610.6,103064.0,610.3320562456342
2025-02-19 10:31:52.658168-05:00,610.51,610.79,610.37,610.43,92762.0,610.5083924904603
2025-02-19 10:32:26.928130-05:00,610.43,610.72,610.3802,610.56,103227.0,610.6437090867704
2025-02-19 10:33:10.752882-05:00,610.56,610.61,610.26,610.34,86687.0,610.4796413995175
2025-02-19 10:34:17.924638-05:00,610.35,610.5563,610.14,610.39,77194.0,610.2987000932711
2025-02-19 10:35:46.095042-05:00,610.3901,610.53,610.27,610.31,51528.0,610.4246207673499
2025-02-19 10:37:00.007772-05:00,610.31,610.5173,610.29,610.46,68778.0,610.3761849428612
2025-02-19 10:38:29.199143-05:00,610.46,610.6,610.3794,610.42,40548.0,610.4907335182991
2025-02-19 10:40:06.515492-05:00,610.3937,610.48,610.29,610.46,42620.0,610.3686768207417
2025-02-19 10:41:35.309953-05:00,610.46,610.52,610.32,610.425,51828.0,610.4494156189697
2025-02-19 10:43:24.920756-05:00,610.43,610.47,610.36,610.4677,35644.0,610.414988458085
2025-02-19 10:45:04.017078-05:00,610.47,610.57,610.4201,610.54,58734.0,610.496926846462
2025-02-19 10:46:50.139795-05:00,610.54,610.57,610.41,610.4862,49818.0,610.484446850536
2025-02-19 10:48:27.766464-05:00,610.4818,610.65,610.4645,610.55,46646.0,610.5798418899794
2025-02-19 10:50:01.406932-05:00,610.55,610.551,610.39,610.5,64254.0,610.4550801724399
2025-02-19 10:51:32.585393-05:00,610.5,610.5,610.42,610.47,51387.0,610.468945416156
2025-02-19 10:53:07.873566-05:00,610.47,610.4951,610.33,610.34,75544.0,610.4039438367037
2025-02-19 10:54:46.227336-05:00,610.34,610.49,610.32,610.4888,63831.0,610.4327150538127
2025-02-19 10:56:16.261214-05:00,610.475,610.49,610.07,610.07,53119.0,610.2767703100582
2025-02-19 10:57:17.093851-05:00,610.0508,610.4022,609.81,609.87,65837.0,609.9742741665035
2025-02-19 10:58:49.985437-05:00,609.86,610.2221,609.84,610.1299,78721.0,610.0157026498648
2025-02-19 11:00:29.352780-05:00,610.12,610.35,610.03,610.29,61403.0,610.1774587886594
2025-02-19 11:01:55.300447-05:00,610.29,610.55,610.065,610.48,86120.0,610.4114291836966
2025-02-19 11:03:42.254506-05:00,610.475,610.71,610.2003,610.68,57969.0,610.590068700512
2025-02-19 11:05:32.306242-05:00,610.68,610.7097,610.2703,610.69,54858.0,610.6190425480319
2025-02-19 11:07:27.965680-05:00,610.69,610.75,610.2826,610.68,67489.0,610.7031575841977
2025-02-19 11:09:26.021508-05:00,610.68,610.7899,610.64,610.745,65181.0,610.718151271076
2025-02-19 11:11:23.543677-05:00,610.75,610.9,610.5724,610.9,59263.0,610.7652045340261
2025-02-19 11:12:12.705038-05:00,610.9,611.19,610.7698,611.07,81136.0,611.0301126589934
2025-02-19 11:13:52.441230-05:00,611.07,611.12,610.7818,611.08,1424103.0,610.8000405821074
2025-02-19 11:15:19.205188-05:00,611.08,611.26,610.8599,611.21,59477.0,611.1801495620153
2025-02-19 11:16:36.787222-05:00,611.21,611.27,611.0361,611.06,63073.0,611.1753353891525
2025-02-19 11:18:02.525828-05:00,611.06,611.1548,611.0,611.09,75075.0,611.0404302923743
2025-02-19 11:19:35.440789-05:00,611.09,611.18,611.01,611.15,113684.0,611.0987999393049
2025-02-19 11:21:28.391758-05:00,611.1488,611.18,611.01,611.0675,64826.0,611.0782926079054
2025-02-19 11:23:25.233720-05:00,611.065,611.1166,610.95,611.11,41310.0,611.0630875187603
2025-02-19 11:25:31.218061-05:00,611.105,611.19,611.065,611.1,59370.0,611.13397776318
2025-02-19 11:28:01.385012-05:00,611.11,611.24,611.087,611.24,56254.0,611.1618587069365
2025-02-19 11:30:18.401418-05:00,611.24,611.25,611.07,611.16,52748.0,611.1641346363838
2025-02-19 11:32:25.200331-05:00,611.16,611.17,610.98,611.135,64239.0,611.0897305717712
2025-02-19 11:34:43.586465-05:00,611.15,611.28,611.11,611.1425,58639.0,611.1641807244328
2025-02-19 11:36:10.940958-05:00,611.2101,611.29,611.1253,611.27,71440.0,611.2365499818022
2025-02-19 11:38:49.010662-05:00,611.251,611.3,611.08,611.13,61609.0,611.2084360905064
2025-02-19 11:41:22.113408-05:00,611.13,611.34,611.0801,611.335,59467.0,611.2126718902931
2025-02-19 11:42:23.370392-05:00,611.33,611.58,611.2064,611.56,85693.0,611.4336915383989
2025-02-19 11:44:11.521089-05:00,611.56,611.6,611.3377,611.59,77252.0,611.5326335693577
2025-02-19 11:45:49.937736-05:00,611.587,611.77,611.3485,611.67,75463.0,611.6544035752627
2025-02-19 11:47:45.850720-05:00,611.68,611.72,611.445,611.69,68001.0,611.6651332171587
2025-02-19 11:50:03.894622-05:00,611.6801,611.73,611.4549,611.5303,68099.0,611.5835689525551
2025-02-19 11:52:41.384000-05:00,611.54,611.6242,611.46,611.5583,59014.0,611.5377819686851
2025-02-19 11:55:17.002844-05:00,611.5594,611.72,611.534,611.695,48491.0,611.65768416201
2025-02-19 11:57:11.363510-05:00,611.695,611.78,611.5961,611.64,75555.0,611.7083315915548
2025-02-19 11:59:02.232851-05:00,611.66,611.72,611.6,611.7179,88634.0,611.6642801159827
2025-02-19 12:01:02.330016-05:00,611.71,611.76,611.62,611.6801,65847.0,611.7024470256812
2025-02-19 12:03:16.669727-05:00,611.69,611.7977,611.6782,611.79,56608.0,611.7409995689661
2025-02-19 12:04:39.072530-05:00,611.79,611.97,611.7029,611.84,60158.0,611.8599691695198
2025-02-19 12:06:48.127562-05:00,611.83,611.8536,611.728,611.81,62810.0,611.809580035026
2025-02-19 12:09:01.513095-05:00,611.81,611.83,611.73,611.81,63046.0,611.7914385972149
2025-02-19 12:11:20.485839-05:00,611.81,611.84,611.65,611.65,57710.0,611.7715056506671
2025-02-19 12:13:17.750222-05:00,611.65,611.7973,611.49,611.5,70188.0,611.5923882501286
2025-02-19 12:15:17.116982-05:00,611.5,611.7545,611.4225,611.5891,98961.0,611.5365643627298
2025-02-19 12:17:47.543131-05:00,611.5632,611.6696,611.37,611.4609,55475.0,611.4725601171707
2025-02-19 12:20:16.273976-05:00,611.465,611.5905,611.38,611.398,79745.0,611.5010286588493
2025-02-19 12:22:24.925754-05:00,611.4,611.5421,611.29,611.3399,58075.0,611.3613273301759
2025-02-19 12:24:40.034564-05:00,611.335,611.4492,611.1701,611.21,63009.0,611.2329863527435
2025-02-19 12:26:40.300233-05:00,611.21,611.4022,611.02,611.05,94140.0,611.1303357605691
2025-02-19 12:28:32.039518-05:00,611.05,611.1834,611.0,611.095,66065.0,611.0850445379543
2025-02-19 12:31:01.135635-05:00,611.09,611.2501,611.02,611.035,50049.0,611.0884987931817
2025-02-19 12:33:06.320761-05:00,611.035,611.0814,610.89,610.925,62449.0,610.9449025797062
2025-02-19 12:35:04.462043-05:00,610.925,611.0466,610.86,610.95,70421.0,610.9288476406182
2025-02-19 12:36:49.435242-05:00,610.93,611.15,610.93,611.11,84666.0,611.0637666454073
2025-02-19 12:38:52.816709-05:00,611.11,611.2,610.9972,611.155,68339.0,611.1509119009636
2025-02-19 12:41:29.781117-05:00,611.1551,611.2,611.03,611.15,51529.0,611.1139267131132
2025-02-19 12:44:02.610116-05:00,611.16,611.35,611.05,611.32,58786.0,611.1949092913278
2025-02-19 12:46:29.987962-05:00,611.31,611.32,611.1311,611.2267,55723.0,611.2668966620599
2025-02-19 12:49:06.515459-05:00,611.23,611.43,611.1836,611.38,35390.0,611.3526984684934
2025-02-19 12:52:08.941899-05:00,611.3835,611.54,611.2873,611.52,44497.0,611.4679464256009
2025-02-19 12:54:04.500653-05:00,611.502,611.79,611.4303,611.77,71828.0,611.6233253132492
2025-02-19 12:55:59.088565-05:00,611.77,611.82,611.508,611.67,102511.0,611.7229334998184
2025-02-19 12:58:07.619676-05:00,611.665,611.8,611.6113,611.79,84058.0,611.7088995146214
2025-02-19 13:00:22.960287-05:00,611.79,611.82,611.51,611.5393,70666.0,611.6142272974272
2025-02-19 13:02:12.721360-05:00,611.535,611.6669,611.44,611.5291,68544.0,611.521561032329
2025-02-19 13:05:00.395441-05:00,611.52,611.6504,611.365,611.43,60108.0,611.452817531776
2025-02-19 13:07:35.837066-05:00,611.43,611.5851,611.28,611.29,48822.0,611.3448186288955
2025-02-19 13:09:40.735375-05:00,611.29,611.4355,611.04,611.1922,58600.0,611.1992814897601
2025-02-19 13:11:47.875809-05:00,611.075,611.4041,610.869,610.9,54594.0,611.0017990493462
2025-02-19 13:13:23.588543-05:00,610.9,611.1224,610.65,610.81,64430.0,610.795350945212
2025-02-19 13:14:46.275372-05:00,610.81,611.09,610.78,611.01,94072.0,610.9851231811804
2025-02-19 13:16:36.263090-05:00,611.01,611.24,610.9204,611.2286,64341.0,611.1004305124262
2025-02-19 13:18:36.000394-05:00,611.0288,611.48,610.9793,611.435,67480.0,611.3653594531722
2025-02-19 13:20:34.152612-05:00,611.45,611.58,611.0836,611.46,61320.0,611.4823486187222
2025-02-19 13:23:19.826128-05:00,611.465,611.63,611.1349,611.63,42113.0,611.5425745399278
2025-02-19 13:25:53.348627-05:00,611.6298,611.64,611.2855,611.59,67676.0,611.5701230096358
2025-02-19 13:27:36.805312-05:00,611.5901,611.71,611.45,611.53,64459.0,611.5782723421096
2025-02-19 13:30:02.597138-05:00,611.53,611.78,611.51,611.76,51403.0,611.6250776122013
2025-02-19 13:31:08.301764-05:00,611.76,611.94,611.5985,611.9175,80588.0,611.8648932570604
2025-02-19 13:32:21.083193-05:00,611.9175,611.95,611.7206,611.86,101226.0,611.8674706774943
2025-02-19 13:34:09.038092-05:00,611.86,611.8762,611.7409,611.84,67711.0,611.840762728359
2025-02-19 13:36:12.456065-05:00,611.8475,611.97,611.7887,611.93,43358.0,611.8894204691185
2025-02-19 13:38:41.151503-05:00,611.93,611.96,611.705,611.935,192047.0,611.7507510447988
2025-02-19 13:40:25.700440-05:00,611.94,611.99,611.83,611.9809,84220.0,611.8942122714315
2025-02-19 13:41:28.653030-05:00,611.9886,612.05,611.8923,611.97,104221.0,611.9655240316249
2025-02-19 13:43:30.836818-05:00,611.97,612.0,611.7918,611.815,69073.0,611.9032776627628
2025-02-19 13:45:24.079260-05:00,611.815,611.9314,611.72,611.75,55398.0,611.8331931531817
2025-02-19 13:47:16.188917-05:00,611.75,611.91,611.68,611.9,65495.0,611.7810341537527
2025-02-19 13:49:22.770073-05:00,611.9011,611.93,611.74,611.76,59232.0,611.8137591200704
2025-02-19 13:51:37.652836-05:00,611.75,611.8714,611.5507,611.61,50962.0,611.6725150798627
2025-02-19 13:54:11.497338-05:00,611.61,611.7835,611.5301,611.5498,46440.0,611.6497099483205
2025-02-19 13:56:38.463424-05:00,611.54,611.7444,611.51,611.67,53703.0,611.6157752304343
2025-02-19 13:58:49.318670-05:00,611.67,611.6825,611.56,611.6,72254.0,611.6115152434477
2025-02-19 14:00:13.560078-05:00,611.6,611.6239,611.398,611.47,80647.0,611.514869795528
2025-02-19 14:01:41.524095-05:00,611.47,611.65,611.47,611.5301,99508.0,611.560807143145
2025-02-19 14:03:02.333941-05:00,611.545,611.91,611.53,611.83,70345.0,611.7835980254457
2025-02-19 14:04:49.552752-05:00,611.83,611.86,611.58,611.6,85464.0,611.7044525168502
2025-02-19 14:06:32.442311-05:00,611.6188,611.75,611.4,611.74,155016.0,611.5246725931513
2025-02-19 14:07:53.968245-05:00,611.74,611.8,611.6319,611.73,96738.0,611.7383924569456
2025-02-19 14:08:59.293173-05:00,611.73,611.81,611.64,611.72,99030.0,611.722780715944
2025-02-19 14:10:59.811729-05:00,611.72,611.89,611.67,611.8202,59547.0,611.8042353519068
2025-02-19 14:13:04.421064-05:00,611.835,611.99,611.7167,611.97,111342.0,611.7933103932032
2025-02-19 14:14:08.707136-05:00,611.97,612.16,611.734,612.16,100914.0,612.015834674079
2025-02-19 14:14:48.670044-05:00,612.16,612.4,611.8885,612.38,76947.0,612.2537911393554
2025-02-19 14:15:09.025258-05:00,612.38,612.75,611.9787,612.73,106032.0,612.6085017390976
2025-02-19 14:15:53.056356-05:00,612.73,612.86,612.139,612.68,89542.0,612.7271250809669
2025-02-19 14:17:01.467992-05:00,612.7184,612.89,612.2683,612.6,76592.0,612.7485742910486
2025-02-19 14:18:41.321917-05:00,612.619,612.75,612.1709,612.71,73677.0,612.6465149273174
2025-02-19 14:20:14.635654-05:00,612.71,612.9,612.346,612.9,90920.0,612.7626157699077
2025-02-19 14:20:42.767058-05:00,612.89,613.02,612.4259,613.02,122113.0,612.940223834481
2025-02-19 14:21:46.062214-05:00,613.02,613.08,612.8251,612.93,95679.0,613.0065883245013
2025-02-19 14:23:13.101057-05:00,612.93,612.95,612.6328,612.89,109142.0,612.8843890060646
2025-02-19 14:24:33.303837-05:00,612.8888,613.09,612.6954,612.97,106115.0,612.9865952033168
2025-02-19 14:25:52.767959-05:00,612.96,613.0002,612.62,612.6399,126110.0,612.8406381817463
2025-02-19 14:27:25.104376-05:00,612.64,612.9079,612.57,612.77,71649.0,612.7083153107511
2025-02-19 14:29:13.883480-05:00,612.77,612.9,612.7124,612.8087,58497.0,612.8240022787487
2025-02-19 14:31:04.213253-05:00,612.8,612.8878,612.6203,612.7425,93645.0,612.7237293203058
2025-02-19 14:32:38.966706-05:00,612.75,612.8067,612.68,612.7008,175924.0,612.7313854488298
2025-02-19 14:34:22.272881-05:00,612.7,612.87,612.63,612.85,83894.0,612.7634960616965
2025-02-19 14:36:11.301056-05:00,612.85,612.96,612.739,612.9,66309.0,612.8646922619852
2025-02-19 14:38:25.417307-05:00,612.9,612.92,612.7689,612.87,59065.0,612.8564508253611
2025-02-19 14:40:27.543043-05:00,612.88,613.0,612.7722,613.0,56941.0,612.9069738553949
2025-02-19 14:42:18.909897-05:00,613.0,613.01,612.731,612.7391,61233.0,612.912500011433
2025-02-19 14:44:32.730778-05:00,612.735,612.91,612.67,612.8894,57245.0,612.7917185972578
2025-02-19 14:46:59.526734-05:00,612.8893,612.8893,612.73,612.7349,47450.0,612.810857574289
2025-02-19 14:49:09.752118-05:00,612.73,612.8442,612.66,612.8,50821.0,612.7237938667088
2025-02-19 14:51:06.486837-05:00,612.79,612.96,612.7267,612.9492,59282.0,612.879950448703
2025-02-19 14:52:04.490127-05:00,612.94,613.23,612.8156,613.18,93245.0,613.108508871253
2025-02-19 14:53:31.226866-05:00,613.17,613.17,612.9518,613.0811,91522.0,613.0803630733591
2025-02-19 14:55:21.322098-05:00,613.085,613.18,612.9585,613.08,59811.0,613.1358959071084
2025-02-19 14:56:27.819568-05:00,613.08,613.1288,613.01,613.09,128734.0,613.0810809902598
2025-02-19 14:58:20.745360-05:00,613.1,613.1035,612.96,613.0399,68309.0,613.013076784904
2025-02-19 15:00:04.316140-05:00,613.03,613.14,613.0098,613.03,66243.0,613.0874942680726
2025-02-19 15:01:36.644468-05:00,613.025,613.1,612.95,613.02,54726.0,613.0218334009431
2025-02-19 15:03:20.745996-05:00,613.01,613.0748,612.88,612.93,69025.0,612.988243579862
2025-02-19 15:05:11.642415-05:00,612.93,613.0469,612.81,612.9621,53030.0,612.876512238355
2025-02-19 15:06:35.272980-05:00,612.9621,612.9621,612.72,612.84,72764.0,612.7958336127758
2025-02-19 15:08:01.268434-05:00,612.84,612.9596,612.78,612.78,73614.0,612.8595802197952
2025-02-19 15:09:18.388574-05:00,612.768,612.9067,612.6,612.6791,84112.0,612.6900884594352
2025-02-19 15:10:27.464142-05:00,612.6788,612.8713,612.43,612.55,75570.0,612.558459458779
2025-02-19 15:11:57.515136-05:00,612.54,612.791,612.48,612.51,81955.0,612.5379110096999
2025-02-19 15:13:07.945720-05:00,612.5454,612.6987,612.47,612.66,88112.0,612.5623822078717
2025-02-19 15:15:00.056276-05:00,612.66,612.6717,612.53,612.6402,73819.0,612.6117816727395
2025-02-19 15:16:23.739181-05:00,612.64,612.85,594.5165,612.8,53015.0,612.7617848439121
2025-02-19 15:17:51.060121-05:00,612.81,612.97,612.6207,612.87,86968.0,612.8953720552389
2025-02-19 15:19:27.993969-05:00,612.87,612.97,612.6635,612.835,59826.0,612.9061621268347
2025-02-19 15:20:52.483536-05:00,612.82,612.8823,612.65,612.68,86989.0,612.7189659416701
2025-02-19 15:22:19.131130-05:00,612.67,612.8276,612.565,612.64,70985.0,612.6392284412198
2025-02-19 15:23:56.654332-05:00,612.64,612.752,612.56,612.61,62903.0,612.631967852089
2025-02-19 15:25:26.692115-05:00,612.61,612.8,612.6007,612.69,79700.0,612.7120813212049
2025-02-19 15:26:43.136417-05:00,612.69,612.7481,612.55,612.58,78678.0,612.6641997572392
2025-02-19 15:27:41.263693-05:00,612.57,612.6747,612.28,612.29,74947.0,612.4465852936072
2025-02-19 15:28:13.567800-05:00,612.29,612.5273,612.25,612.3,124066.0,612.3145591185332
2025-02-19 15:28:42.112541-05:00,612.305,612.4995,611.84,611.845,103896.0,612.0885237285368
2025-02-19 15:29:17.244222-05:00,611.845,612.477,611.8,612.015,113419.0,611.9598179555458
2025-02-19 15:30:04.195745-05:00,612.015,612.3061,611.97,612.12,80029.0,612.0641363480729
2025-02-19 15:30:57.120539-05:00,612.12,612.42,612.0156,612.27,86727.0,612.2781474431258
2025-02-19 15:31:58.514364-05:00,612.27,612.58,612.1569,612.56,85842.0,612.4003163474764
2025-02-19 15:33:10.300349-05:00,612.56,612.78,612.2041,612.71,73657.0,612.6840876250725
2025-02-19 15:34:36.904436-05:00,612.71,612.79,612.2208,612.59,69765.0,612.6813179072597
2025-02-19 15:35:50.044115-05:00,612.59,612.6788,612.3413,612.51,96737.0,612.5633752008022
2025-02-19 15:36:38.348118-05:00,612.5962,612.65,612.3432,612.61,131394.0,612.5383525686099
2025-02-19 15:37:37.342551-05:00,612.61,612.61,612.32,612.38,87907.0,612.4215311658915
2025-02-19 15:38:27.327369-05:00,612.38,612.5382,612.29,612.31,116623.0,612.3685096113119
2025-02-19 15:39:58.787448-05:00,612.31,612.4909,612.22,612.46,94135.0,612.3838534190263
2025-02-19 15:41:05.590427-05:00,612.49,612.65,612.4114,612.52,83888.0,612.5552940265595
2025-02-19 15:42:06.907740-05:00,612.52,612.53,612.295,612.2998,94129.0,612.3887832963276
2025-02-19 15:43:08.385071-05:00,612.31,612.5,612.26,612.42,354248.0,612.4218538303679
2025-02-19 15:44:02.382592-05:00,612.42,612.5,612.35,612.36,142247.0,612.4295698425976
2025-02-19 15:44:51.578934-05:00,612.36,612.51,612.3,612.31,124991.0,612.3810149858799
2025-02-19 15:45:56.989934-05:00,612.31,612.4253,612.18,612.34,98112.0,612.2734839938013
2025-02-19 15:47:06.850913-05:00,612.34,612.425,612.29,612.34,79391.0,612.3664733760753
2025-02-19 15:48:13.419693-05:00,612.34,612.5,612.28,612.49,97387.0,612.3885577705441
2025-02-19 15:49:18.446690-05:00,612.495,612.5,612.28,612.33,81450.0,612.4036896009823
2025-02-19 15:50:00.761716-05:00,612.3508,612.72,612.22,612.72,78347.0,612.3947241515314
2025-02-19 15:50:19.047739-05:00,612.71,612.8,612.3764,612.65,120950.0,612.7071188730873
2025-02-19 15:50:59.589486-05:00,612.65,612.66,612.4328,612.6,97250.0,612.5458053377894
2025-02-19 15:51:28.677087-05:00,612.605,612.6349,612.4372,612.49,97846.0,612.5214455348198
2025-02-19 15:52:06.265610-05:00,612.49,612.66,612.46,612.5179,87522.0,612.5713794977256
2025-02-19 15:52:54.309059-05:00,612.5,612.625,612.4602,612.605,92889.0,612.5456511449145
2025-02-19 15:53:23.995300-05:00,612.605,612.67,612.4768,612.56,114736.0,612.6002284208968
2025-02-19 15:54:05.762118-05:00,612.56,612.63,612.4819,612.555,100132.0,612.5826456437496
2025-02-19 15:54:27.947695-05:00,612.555,612.5616,612.35,612.4399,107907.0,612.4644281798213
2025-02-19 15:54:55.098107-05:00,612.4285,612.57,612.42,612.48,115422.0,612.4835150066709
2025-02-19 15:55:18.408770-05:00,612.485,612.66,612.46,612.61,94278.0,612.568398797174
2025-02-19 15:55:54.242968-05:00,612.605,612.72,612.5129,612.7,106635.0,612.6227038608341
2025-02-19 15:56:21.313538-05:00,612.7,612.78,612.5373,612.76,125145.0,612.7399033601022
2025-02-19 15:56:53.209086-05:00,612.76,612.8,612.5781,612.715,112591.0,612.7488672824644
2025-02-19 15:57:27.150130-05:00,612.71,612.75,612.601,612.725,98652.0,612.7117556035353
2025-02-19 15:57:55.905851-05:00,612.73,612.85,612.62,612.795,99755.0,612.8006254212822
2025-02-19 15:58:26.572547-05:00,612.79,612.84,612.605,612.79,135850.0,612.7644012285604
2025-02-19 15:58:50.718017-05:00,612.79,612.88,612.6619,612.86,115102.0,612.8361252549913
2025-02-19 15:59:00.543418-05:00,612.86,612.95,612.681,612.92,183664.0,612.8907871923728
2025-02-19 15:59:13.719891-05:00,612.92,612.93,612.7219,612.86,154422.0,612.8616829875288
2025-02-19 15:59:27.858454-05:00,612.86,612.95,612.833,612.91,135586.0,612.9057366394755
2025-02-19 15:59:35.796059-05:00,612.91,613.06,612.91,613.015,156055.0,613.0044002710586
2025-02-19 15:59:47.049490-05:00,613.015,613.04,612.81,612.86,137583.0,612.9349744168971
2025-02-19 15:59:55.709746-05:00,612.86,612.94,612.76,612.87,153814.0,612.84653354311
2025-02-20 09:30:00.509519-05:00,612.87,612.945,611.5,611.51,414596.0,611.9310603290866
2025-02-20 09:30:02.110535-05:00,611.51,611.5481,611.43,611.51,12873.0,611.4887682436012
2025-02-20 09:30:09.830148-05:00,611.51,611.64,611.39,611.51,45602.0,611.4976617626455
2025-02-20 09:30:55.870448-05:00,611.51,611.65,611.42,611.555,93584.0,611.5817622916306
2025-02-20 09:31:46.416055-05:00,611.555,611.63,611.42,611.56,89118.0,611.5500016506203
2025-02-20 09:32:44.669725-05:00,611.57,611.69,611.48,611.48,73956.0,611.5795424766073
2025-02-20 09:33:34.163475-05:00,611.48,611.609,611.295,611.3,63248.0,611.4442997992024
2025-02-20 09:34:25.441710-05:00,611.295,611.3367,611.16,611.1713,106150.0,611.222254346679
2025-02-20 09:35:24.417203-05:00,611.17,611.51,611.15,611.3,84129.0,611.2488353790019
2025-02-20 09:36:29.631225-05:00,611.3,611.51,611.2,611.348,73696.0,611.2749944596728
2025-02-20 09:37:32.823500-05:00,611.34,611.51,611.2609,611.27,87270.0,611.3550148653602
2025-02-20 09:38:38.495795-05:00,611.2699,611.2956,611.15,611.21,84943.0,611.224683439483
2025-02-20 09:39:58.229236-05:00,611.2099,611.39,611.2,611.3688,63107.0,611.3071907854912
2025-02-20 09:41:23.028001-05:00,611.37,611.4,611.16,611.1888,53287.0,611.2989038283268
2025-02-20 09:42:35.983040-05:00,611.1888,611.33,611.13,611.33,53776.0,611.1952075498367
2025-02-20 09:44:02.119066-05:00,611.33,611.34,611.08,611.1088,63659.0,611.1870912958102
2025-02-20 09:44:37.769142-05:00,611.09,611.2461,610.66,610.7494,70503.0,610.841403262273
2025-02-20 09:45:12.352796-05:00,610.745,611.0203,610.41,610.47,98740.0,610.5855755742349
2025-02-20 09:45:55.539475-05:00,610.48,610.9302,610.25,610.485,74681.0,610.4463162558078
2025-02-20 09:46:48.642124-05:00,610.5,610.9957,610.42,610.4775,94758.0,610.4935035870326
2025-02-20 09:47:37.143194-05:00,610.4893,610.5087,610.14,610.14,86194.0,610.3400254170828
2025-02-20 09:48:19.757784-05:00,610.15,610.49,610.13,610.47,82103.0,610.3314299952503
2025-02-20 09:48:57.252499-05:00,610.47,610.59,610.31,610.38,102525.0,610.4159370104845
2025-02-20 09:49:55.879062-05:00,610.38,610.6817,610.25,610.41,72155.0,610.3251031778791
2025-02-20 09:50:52.176138-05:00,610.41,610.5918,610.22,610.27,63182.0,610.3092264110029
2025-02-20 09:51:39.920173-05:00,610.27,610.5521,610.19,610.27,87874.0,610.2761055795795
2025-02-20 09:52:29.787479-05:00,610.27,610.4958,610.18,610.2,95323.0,610.2833450248104
2025-02-20 09:52:41.501208-05:00,610.2,610.323,609.96,610.13,76832.0,610.0706868700548
2025-02-20 09:53:05.951549-05:00,609.98,610.2325,609.7314,609.76,97586.0,609.9026251368027
2025-02-20 09:53:30.807415-05:00,609.77,610.1772,609.34,609.4,80314.0,609.5381825285746
2025-02-20 09:54:00.807513-05:00,609.4,610.0755,609.02,609.31,92221.0,609.2193145129639
2025-02-20 09:54:28.405667-05:00,609.31,609.9525,609.27,609.4699,95666.0,609.4332780528084
2025-02-20 09:55:07.900603-05:00,609.47,609.8406,609.2112,609.35,91799.0,609.3900622817246
2025-02-20 09:55:42.897486-05:00,609.35,609.38,609.22,609.31,86657.0,609.3156091140934
2025-02-20 09:56:30.075608-05:00,609.31,609.9163,609.26,609.4188,76430.0,609.4411714483834
2025-02-20 09:57:15.656994-05:00,609.41,609.8831,609.0,609.0,73271.0,609.2700786764212
2025-02-20 09:57:34.407249-05:00,609.0,609.1581,608.73,608.8899,92191.0,608.8737120456443
2025-02-20 09:58:19.334854-05:00,608.89,609.14,608.88,608.9199,81259.0,609.0094877859691
2025-02-20 09:59:00.587895-05:00,608.91,609.2459,608.69,608.74,99618.0,608.757790571985
2025-02-20 09:59:35.617538-05:00,608.74,609.5212,608.4801,608.59,78005.0,608.6185332978661
2025-02-20 09:59:58.009422-05:00,608.59,608.9753,608.31,608.38,143742.0,608.4143838697107
2025-02-20 10:00:15.201861-05:00,608.38,608.8529,608.2,608.25,126353.0,608.3314505417353
2025-02-20 10:00:35.617912-05:00,608.25,608.8001,607.95,607.95,69603.0,608.0896473801415
2025-02-20 10:00:53.176123-05:00,607.9825,608.37,607.5,608.2002,143751.0,607.760408405507
2025-02-20 10:01:12.423556-05:00,607.59,608.5575,607.49,607.64,115317.0,607.5832583071021
2025-02-20 10:01:31.160969-05:00,607.64,608.9672,607.3,607.3,98727.0,607.5045884064135
2025-02-20 10:01:46.413627-05:00,607.3,607.8138,607.02,607.39,87900.0,607.2050292002275
2025-02-20 10:02:10.710114-05:00,607.39,607.7063,607.203,607.6,113879.0,607.4732797179454
2025-02-20 10:02:36.669359-05:00,607.6,607.709,607.35,607.3609,94033.0,607.513209503047
2025-02-20 10:03:07.088330-05:00,607.37,608.4982,607.367,607.743,87029.0,607.7044424697515
2025-02-20 10:03:30.046191-05:00,607.77,608.02,607.5295,607.95,107864.0,607.8725503671287
2025-02-20 10:03:51.179823-05:00,607.95,608.14,607.6391,608.14,145974.0,608.0564839519369
2025-02-20 10:04:19.805016-05:00,608.14,608.3025,607.7499,608.28,98084.0,608.1453354767341
2025-02-20 10:04:53.214488-05:00,608.265,608.4,607.79,608.29,112041.0,608.2797777554646
2025-02-20 10:05:23.253947-05:00,608.29,608.62,608.0744,608.55,102589.0,608.461418141321
2025-02-20 10:06:03.380851-05:00,608.55,608.68,607.8285,608.5398,80856.0,608.5231453893344
2025-02-20 10:06:51.139377-05:00,608.54,608.7,607.9265,608.5,85800.0,608.5856324685312
2025-02-20 10:07:24.378160-05:00,608.48,608.5418,608.12,608.2,69150.0,608.2856564511928
2025-02-20 10:08:08.934287-05:00,608.2,608.4479,607.79,607.845,93564.0,607.9740445748369
2025-02-20 10:08:52.640150-05:00,607.83,608.2242,607.64,607.87,115880.0,607.7564578451852
2025-02-20 10:09:40.947556-05:00,607.88,608.2313,607.735,607.8,105052.0,607.8187367027763
2025-02-20 10:10:36.200455-05:00,607.8,608.1792,607.61,607.7,276194.0,607.915718967827
2025-02-20 10:11:32.586042-05:00,607.7,608.024,607.67,607.775,68267.0,607.8079865967452
2025-02-20 10:12:21.735473-05:00,607.775,608.1653,607.775,608.1003,88950.0,607.9726991557056
2025-02-20 10:13:10.477122-05:00,608.13,608.33,607.8397,608.29,83634.0,608.1730800703061
2025-02-20 10:14:02.357804-05:00,608.2988,608.59,607.9115,608.59,71702.0,608.4530534601549
2025-02-20 10:14:38.372310-05:00,608.59,608.83,608.0933,608.69,88861.0,608.7054726978087
2025-02-20 10:15:25.433934-05:00,608.7,608.72,608.1622,608.64,67363.0,608.5596386146699
2025-02-20 10:16:13.105280-05:00,608.64,608.86,608.2852,608.73,265833.0,608.6205375705798
2025-02-20 10:17:03.586873-05:00,608.73,608.93,608.45,608.895,88689.0,608.7838463676443
2025-02-20 10:17:47.756326-05:00,608.9,609.15,608.6,609.1,108512.0,609.0037179371868
2025-02-20 10:18:36.655889-05:00,609.1,609.23,608.7184,609.08,77372.0,609.0919639430282
2025-02-20 10:19:36.608936-05:00,609.08,609.19,608.4239,609.14,75651.0,609.0700559212695
2025-02-20 10:20:39.523013-05:00,609.14,609.35,608.8993,609.3187,75384.0,609.1154597368147
2025-02-20 10:21:50.726550-05:00,609.3273,609.38,608.7455,609.29,64352.0,609.2414976970416
2025-02-20 10:23:04.129101-05:00,609.2973,609.3,608.8665,608.98,73417.0,609.1853383099282
2025-02-20 10:23:42.487222-05:00,608.98,609.153,608.66,608.71,85796.0,608.8336318709486
2025-02-20 10:24:32.115590-05:00,608.72,609.077,608.71,608.77,74052.0,608.789981795226
2025-02-20 10:25:53.817921-05:00,608.765,609.07,608.73,608.94,57467.0,608.9244896444918
2025-02-20 10:26:34.957048-05:00,608.94,609.04,608.8093,609.03,35967.0,608.9340037729036
2025-02-20 10:26:58.671441-05:00,609.04,609.13,608.92,609.075,11662.0,609.0647459097946
2025-02-20 10:27:19.331221-05:00,609.075,609.18,608.904,608.995,39750.0,609.0885650968559
2025-02-20 10:28:05.397163-05:00,608.99,609.12,608.9,609.08,21426.0,609.0328207504899
2025-02-20 10:29:47.123448-05:00,609.065,611.54,608.89,609.1,44127.0,609.0372226709266
2025-02-20 10:31:03.726875-05:00,609.1,609.45,609.0092,609.45,59578.0,609.2709113196149
2025-02-20 10:32:16.760357-05:00,609.45,609.52,609.127,609.4513,72756.0,609.3876883927098
2025-02-20 10:33:38.356061-05:00,609.47,609.48,609.0434,609.41,54678.0,609.4167125425222
2025-02-20 10:34:52.447743-05:00,609.41,609.439,609.1313,609.1895,56457.0,609.320391606001
2025-02-20 10:35:47.739604-05:00,609.17,609.3567,608.9401,609.199,61739.0,609.1033962471034
2025-02-20 10:36:37.976883-05:00,609.19,609.3005,608.62,608.6689,85658.0,608.8219090020767
2025-02-20 10:37:24.518990-05:00,608.6605,609.108,608.58,608.77,90040.0,608.7148834384716
2025-02-20 10:38:13.694180-05:00,608.77,609.0119,608.42,608.7199,68497.0,608.5774051929278
2025-02-20 10:39:29.161648-05:00,608.71,609.0285,608.6415,608.82,53809.0,608.7357522421898
2025-02-20 10:40:39.475414-05:00,608.82,608.92,608.33,608.42,58215.0,608.5965904028174
2025-02-20 10:41:58.679676-05:00,608.4,608.709,608.4,608.625,72062.0,608.5595354874966
2025-02-20 10:43:27.699755-05:00,608.64,608.8372,608.47,608.5299,54308.0,608.6467684576861
2025-02-20 10:45:05.452166-05:00,608.52,608.7765,608.4,608.51,35626.0,608.5879556447542
2025-02-20 10:46:24.937981-05:00,608.4803,608.6701,608.32,608.4,76498.0,608.4332485045366
2025-02-20 10:47:16.298430-05:00,608.4,608.5388,607.98,608.0186,67486.0,608.1395908203184
2025-02-20 10:48:10.537743-05:00,608.01,608.5226,607.8007,608.14,68911.0,607.9609942868329
2025-02-20 10:49:21.427899-05:00,608.1403,608.2149,607.8,607.9,84320.0,607.9870241864336
2025-02-20 10:50:20.553195-05:00,607.9,608.2665,607.8,607.87,93880.0,607.8652108819773
2025-02-20 10:51:12.018717-05:00,607.86,608.0476,607.5,607.5313,79805.0,607.7212694743432
2025-02-20 10:52:15.297329-05:00,607.5313,608.098,607.4901,607.58,66612.0,607.5901847339813
2025-02-20 10:53:14.929175-05:00,607.58,608.0164,607.47,607.5,74942.0,607.5381487830592
2025-02-20 10:54:14.439616-05:00,607.5,607.81,607.43,607.62,56040.0,607.6446606192006
2025-02-20 10:55:06.382138-05:00,607.62,607.8537,607.43,607.495,103563.0,607.5215738062818
2025-02-20 10:56:02.131868-05:00,607.5,607.799,607.47,607.71,67593.0,607.6186907357268
2025-02-20 10:57:15.062086-05:00,607.69,607.76,607.51,607.62,49310.0,607.6195698560133
2025-02-20 10:58:35.203506-05:00,607.61,607.6685,607.43,607.43,48773.0,607.5400052959626
2025-02-20 10:59:25.029134-05:00,607.43,607.5773,607.2,607.205,79566.0,607.371115193676
2025-02-20 11:00:10.091598-05:00,607.2,607.5042,607.07,607.25,71335.0,607.218605580711
2025-02-20 11:00:52.882561-05:00,607.25,607.79,607.23,607.78,73341.0,607.5423228821533
2025-02-20 11:01:35.302928-05:00,607.7899,607.84,607.4498,607.7,76002.0,607.6919447554003
2025-02-20 11:02:31.460826-05:00,607.7,607.87,607.4815,607.5693,49015.0,607.7539938284195
2025-02-20 11:03:38.220685-05:00,607.7509,607.7509,607.39,607.4,58404.0,607.5030568454221
2025-02-20 11:04:51.860918-05:00,607.405,607.604,607.3609,607.46,64623.0,607.4361375934267
2025-02-20 11:06:00.508042-05:00,607.46,607.72,607.39,607.645,98348.0,607.5098946292752
2025-02-20 11:07:11.856134-05:00,607.66,607.81,607.4925,607.75,59744.0,607.6952828217057
2025-02-20 11:08:22.120899-05:00,607.74,607.86,607.521,607.8,55073.0,607.7638494870448
2025-02-20 11:09:06.622771-05:00,607.81,608.08,607.5923,608.01,87071.0,607.9576796407532
2025-02-20 11:10:04.451226-05:00,608.0019,608.2,607.7056,608.18,58310.0,608.0923700222942
2025-02-20 11:10:59.670512-05:00,608.17,608.4,607.7087,608.3,72561.0,608.3018532669062
2025-02-20 11:11:55.718389-05:00,608.3,608.46,607.7727,608.3,65300.0,608.3166129019912
2025-02-20 11:13:08.613175-05:00,608.3,608.45,607.8532,608.3812,71198.0,608.3677762423099
2025-02-20 11:14:15.425576-05:00,608.41,608.41,607.964,608.23,112609.0,608.2663353328763
2025-02-20 11:15:20.846835-05:00,608.2839,608.31,607.91,607.9807,218120.0,607.9830166871449
2025-02-20 11:16:24.791864-05:00,607.9891,608.1682,607.67,607.81,61999.0,607.8138425797184
2025-02-20 11:17:49.917520-05:00,607.81,608.089,607.6603,607.72,49200.0,607.7780851158545
2025-02-20 11:19:02.635707-05:00,607.72,608.0824,607.555,607.575,45237.0,607.6475933439441
2025-02-20 11:20:11.824458-05:00,607.5883,608.0733,607.51,607.76,53963.0,607.641360663788
2025-02-20 11:21:21.548561-05:00,607.8204,608.0156,607.6311,607.91,60884.0,607.8036479616973
2025-02-20 11:22:53.483190-05:00,607.915,608.13,607.7213,608.0,57694.0,608.019837431968
2025-02-20 11:24:21.483027-05:00,608.0,608.0599,607.75,607.9,85191.0,607.9565860830375
2025-02-20 11:25:31.624385-05:00,607.9,608.11,607.88,608.03,76284.0,607.9792009071372
2025-02-20 11:26:57.414063-05:00,608.0295,608.13,607.8542,607.86,47422.0,607.9717332588268
2025-02-20 11:28:11.919034-05:00,607.87,608.2745,607.86,608.23,70498.0,607.9971021887143
2025-02-20 11:29:41.697306-05:00,608.2275,608.33,607.9774,608.3,51279.0,608.1955269506032
2025-02-20 11:30:51.110935-05:00,608.3,608.43,608.027,608.11,60599.0,608.2806650076734
2025-02-20 11:32:05.599828-05:00,608.11,608.2363,607.85,607.93,65783.0,608.0032985634582
2025-02-20 11:33:58.568548-05:00,608.1186,608.1385,607.73,607.89,44070.0,607.8482945586558
2025-02-20 11:35:36.201358-05:00,607.8899,608.0781,607.69,607.75,63921.0,607.821052356815
2025-02-20 11:36:33.222663-05:00,607.76,607.9468,607.43,607.6743,90971.0,607.6164334491219
2025-02-20 11:37:40.928463-05:00,607.5,607.7034,607.14,607.15,88651.0,607.4257847333921
2025-02-20 11:38:51.151982-05:00,607.15,607.6247,607.1,607.32,72868.0,607.2213792858315
2025-02-20 11:39:52.088201-05:00,607.32,607.71,607.2756,607.69,84167.0,607.5005486996087
2025-02-20 11:41:26.432162-05:00,607.7,607.8,607.4105,607.6692,69670.0,607.679796332712
2025-02-20 11:43:06.234594-05:00,607.66,607.75,607.4572,607.71,64474.0,607.6692930033803
2025-02-20 11:44:28.088567-05:00,607.71,607.89,607.5242,607.885,134822.0,607.7572255974544
2025-02-20 11:45:26.484630-05:00,607.88,608.05,607.7004,607.96,115440.0,607.9778063296945
2025-02-20 11:47:00.844683-05:00,607.96,608.0,607.6212,607.77,56352.0,607.7839562003126
2025-02-20 11:48:15.905182-05:00,607.77,607.8846,607.54,607.59,63281.0,607.649537109085
2025-02-20 11:49:42.146690-05:00,607.585,607.8398,607.48,607.51,340328.0,607.7442625114614
2025-02-20 11:51:17.216065-05:00,607.51,607.7667,607.44,607.61,333865.0,607.6929790322437
2025-02-20 11:52:53.054907-05:00,607.62,607.91,607.56,607.8988,51204.0,607.6599488750877
2025-02-20 11:54:25.148974-05:00,607.89,607.96,607.57,607.6,61758.0,607.7385584750157
2025-02-20 11:56:22.244017-05:00,607.6,607.7239,607.515,607.59,49198.0,607.6021275580299
2025-02-20 11:58:25.105233-05:00,607.59,607.6791,607.48,607.53,42138.0,607.5593626085719
2025-02-20 12:00:08.811354-05:00,607.53,607.6286,607.28,607.28,52849.0,607.4608360385246
2025-02-20 12:01:31.538123-05:00,607.28,607.69,607.28,607.5687,53206.0,607.5460126940575
2025-02-20 12:03:18.729755-05:00,607.57,607.8,607.4401,607.8,58273.0,607.6319624131258
2025-02-20 12:04:39.260637-05:00,607.8,608.08,607.5564,608.04,62549.0,607.9316007897804
2025-02-20 12:05:58.855258-05:00,608.045,608.3,607.6499,608.1599,77734.0,608.1404824774222
2025-02-20 12:07:27.818178-05:00,608.16,608.36,607.7715,608.34,72529.0,608.2688842669835
2025-02-20 12:09:00.077434-05:00,608.34,608.43,607.8962,608.3,64949.0,608.3425182912752
2025-02-20 12:10:17.123480-05:00,608.29,608.48,607.9657,608.445,65395.0,608.3638255952293
2025-02-20 12:11:24.610906-05:00,608.46,608.65,608.3158,608.61,90547.0,608.5380794570782
2025-02-20 12:12:56.102719-05:00,608.61,608.6366,608.2804,608.46,74806.0,608.5174730877198
2025-02-20 12:14:24.378350-05:00,608.45,608.52,608.3003,608.47,116828.0,608.4366682687362
2025-02-20 12:15:44.352687-05:00,608.47,608.66,608.4186,608.56,99852.0,608.5537234697351
2025-02-20 12:17:32.514468-05:00,608.5693,608.74,608.4433,608.74,56819.0,608.6512002622376
2025-02-20 12:18:38.912518-05:00,608.71,608.88,608.5205,608.825,77737.0,608.8132656945845
2025-02-20 12:20:20.502809-05:00,608.82,608.84,608.5582,608.84,68621.0,608.7654584456649
2025-02-20 12:22:10.325654-05:00,608.82,608.89,608.6002,608.79,61561.0,608.8233531651531
2025-02-20 12:23:35.228189-05:00,608.78,608.799,608.628,608.68,118203.0,608.6770742891463
2025-02-20 12:25:11.133862-05:00,608.68,608.88,608.64,608.865,73226.0,608.7409836041835
2025-02-20 12:27:14.816873-05:00,608.865,608.94,608.5632,608.891,55797.0,608.8500634604006
2025-02-20 12:29:22.806318-05:00,608.89,608.94,608.1974,608.8,60552.0,608.8387630086531
2025-02-20 12:31:08.123621-05:00,608.81,608.89,608.3577,608.8554,80462.0,608.7946386505439
2025-02-20 12:32:49.327654-05:00,608.85,608.98,608.4134,608.92,78678.0,608.8717172208245
2025-02-20 12:34:58.590679-05:00,608.93,608.98,608.5752,608.84,61962.0,608.9251943949524
2025-02-20 12:36:37.793154-05:00,608.84,609.05,608.5849,609.0,57615.0,608.9725688605396
2025-02-20 12:38:30.159734-05:00,609.0,609.07,608.84,608.87,66961.0,608.9803480399044
2025-02-20 12:40:06.022671-05:00,608.88,608.9616,608.61,608.71,78106.0,608.7202042519141
2025-02-20 12:42:29.110908-05:00,608.705,608.8786,608.62,608.74,43171.0,608.7346947974328
2025-02-20 12:44:08.618731-05:00,608.74,609.08,608.665,609.05,53582.0,608.8896110186249
2025-02-20 12:46:03.255405-05:00,609.05,609.1,608.7765,608.9815,66904.0,609.0096765469916
2025-02-20 12:48:36.877769-05:00,608.99,609.03,608.62,608.65,48982.0,608.9126970764772
2025-02-20 12:50:36.613091-05:00,608.65,608.9693,608.52,608.54,53025.0,608.6118229646396
2025-02-20 12:52:09.365597-05:00,608.54,608.7981,608.37,608.59,67885.0,608.4789676069832
2025-02-20 12:54:14.477236-05:00,608.58,608.7612,608.42,608.5457,58567.0,608.521180955145
2025-02-20 12:56:19.943281-05:00,608.6,608.6795,597.36,608.255,54439.0,608.3456137107585
2025-02-20 12:57:57.497779-05:00,608.2386,608.5075,608.02,608.21,60591.0,608.1340149741714
2025-02-20 13:00:00.397523-05:00,608.21,608.4155,608.0,608.0,51705.0,608.1091786171553
2025-02-20 13:00:49.049491-05:00,608.0,608.1469,607.79,608.03,115546.0,607.938305228221
2025-02-20 13:02:14.876086-05:00,608.03,608.2029,607.76,607.81,68104.0,608.0265558821799
2025-02-20 13:04:06.742980-05:00,607.79,608.1213,607.76,607.87,63376.0,607.8968914226203
2025-02-20 13:06:00.930178-05:00,607.86,608.0398,607.86,607.92,50432.0,607.9567195768575
2025-02-20 13:07:41.933456-05:00,607.92,608.159,607.92,608.1,99989.0,608.0414484793333
2025-02-20 13:09:15.767276-05:00,608.1,608.18,607.991,608.18,71238.0,608.0979393610148
2025-02-20 13:10:57.072876-05:00,608.18,608.3,608.0363,608.22,63483.0,608.2106103508022
2025-02-20 13:12:10.077219-05:00,608.2,608.34,608.04,608.2,124119.0,608.1992810101592
2025-02-20 13:14:17.203745-05:00,608.2,608.41,608.096,608.38,66176.0,608.2679418474972
2025-02-20 13:15:51.876120-05:00,608.3619,608.495,608.1523,608.32,87178.0,608.3715939893101
2025-02-20 13:17:26.192146-05:00,608.32,608.3644,607.97,608.0,106982.0,608.1170677487803
2025-02-20 13:19:33.587109-05:00,608.0,608.2391,607.94,608.02,120334.0,608.0247088653248
2025-02-20 13:21:30.705305-05:00,608.01,608.1713,607.78,607.78,58950.0,607.9736579592877
2025-02-20 13:23:34.326149-05:00,607.78,608.1542,607.73,607.77,53799.0,607.8566362683321
2025-02-20 13:25:36.370580-05:00,607.77,608.0494,607.64,607.8978,63072.0,607.7568718543894
2025-02-20 13:27:29.630132-05:00,607.8887,608.08,607.7821,608.07,52251.0,607.9612186235669
2025-02-20 13:29:57.576621-05:00,608.05,608.09,607.85,607.94,769265.0,607.9476719745473
2025-02-20 13:31:25.916371-05:00,607.95,608.14,607.815,608.12,35159.0,607.9662119457321
2025-02-20 13:32:34.611426-05:00,608.13,608.28,607.9276,608.19,87823.0,608.1825357013547
2025-02-20 13:34:19.639168-05:00,608.18,608.3702,607.9812,608.31,49509.0,608.2663805873672
2025-02-20 13:36:18.113728-05:00,608.31,608.39,608.1063,608.2325,42479.0,608.2770630382067
2025-02-20 13:38:22.934172-05:00,608.23,608.45,608.1472,608.435,53754.0,608.3039066655499
2025-02-20 13:40:33.826669-05:00,608.43,608.45,608.1944,608.425,57012.0,608.3852327580158
2025-02-20 13:42:30.715279-05:00,608.4212,608.43,608.17,608.38,69091.0,608.2796230695758
2025-02-20 13:44:29.526849-05:00,608.395,608.59,608.3076,608.57,52866.0,608.5248885030073
2025-02-20 13:46:40.343372-05:00,608.57,608.67,608.3847,608.62,1059859.0,608.5678336958971
2025-02-20 13:48:59.213993-05:00,608.62,608.64,608.35,608.3523,53185.0,608.5334723380643
2025-02-20 13:51:23.513342-05:00,608.351,608.5767,608.15,608.18,52336.0,608.3316612446492
2025-02-20 13:53:21.322504-05:00,608.18,608.4867,608.17,608.3,141847.0,608.2826532764167
2025-02-20 13:56:00.651780-05:00,608.3,608.4197,608.2088,608.31,46018.0,608.2813388956488
2025-02-20 13:57:56.172055-05:00,608.33,608.58,608.2628,608.55,70268.0,608.4763984715673
2025-02-20 13:59:39.810271-05:00,608.5591,608.7795,608.3701,608.6507,80323.0,608.6504185824723
2025-02-20 14:01:38.665865-05:00,608.66,608.78,608.4287,608.78,61170.0,608.6229318211532
2025-02-20 14:03:34.765316-05:00,608.775,608.84,608.54,608.62,75482.0,608.6961330436394
2025-02-20 14:05:37.138686-05:00,608.62,608.85,608.59,608.77,107039.0,608.7218346948304
2025-02-20 14:07:08.975423-05:00,608.77,608.92,608.7,608.73,101419.0,608.8191420177683
2025-02-20 14:09:28.246076-05:00,608.73,608.95,608.66,608.88,67864.0,608.8677583799961
2025-02-20 14:10:45.771076-05:00,608.87,609.09,608.7502,608.8844,95266.0,608.9235839502021
2025-02-20 14:12:04.068764-05:00,609.05,609.28,608.8132,609.2,75610.0,609.1679311479965
2025-02-20 14:13:34.348818-05:00,609.2,609.43,608.8619,609.3279,84486.0,609.3066085008169
2025-02-20 14:15:16.671802-05:00,609.315,609.3588,609.0176,609.28,74307.0,609.2711280027452
2025-02-20 14:16:50.023914-05:00,609.29,609.32,609.0852,609.16,70744.0,609.2033067101098
2025-02-20 14:18:48.382336-05:00,609.16,609.3,609.13,609.2263,94853.0,609.2362591314976
2025-02-20 14:20:05.135550-05:00,609.22,609.44,609.1752,609.44,137377.0,609.2929160376195
2025-02-20 14:21:45.001816-05:00,609.44,609.5,609.2498,609.38,66454.0,609.4198494597774
2025-02-20 14:24:01.385493-05:00,609.385,609.45,609.2936,609.42,62068.0,609.3997960978288
2025-02-20 14:25:18.569435-05:00,609.42,609.43,609.18,609.18,101923.0,609.3351563238908
2025-02-20 14:27:10.513295-05:00,609.19,609.3471,609.08,609.21,69355.0,609.1851148165241
2025-02-20 14:29:23.174682-05:00,609.2014,609.3093,609.06,609.19,52524.0,609.1864514831316
2025-02-20 14:31:36.865571-05:00,609.1985,609.24,609.08,609.13,118941.0,609.1572772391359
2025-02-20 14:32:44.386270-05:00,609.14,609.2469,608.88,608.92,95679.0,609.0278136539885
2025-02-20 14:34:10.088842-05:00,608.91,609.1935,608.84,608.895,131309.0,608.9360716371323
2025-02-20 14:36:09.701050-05:00,608.895,609.0349,608.78,608.8,120977.0,608.897128588078
2025-02-20 14:38:11.679416-05:00,608.79,609.0255,608.71,608.86,67096.0,608.8832710623585
2025-02-20 14:40:20.485623-05:00,608.85,608.9965,608.72,608.7994,69140.0,608.8016572085623
2025-02-20 14:42:36.446787-05:00,608.7908,609.03,608.72,608.99,47147.0,608.8636115532272
2025-02-20 14:44:35.903351-05:00,608.99,609.15,608.8494,609.15,50426.0,609.0565813429569
2025-02-20 14:47:00.122594-05:00,609.145,609.35,608.9079,609.329,58644.0,609.2422013232377
2025-02-20 14:48:17.941857-05:00,609.314,609.515,609.0972,609.49,107714.0,609.4024319410655
2025-02-20 14:48:58.761949-05:00,609.49,609.77,609.2559,609.5194,98111.0,609.6470818613606
2025-02-20 14:50:05.886002-05:00,609.725,610.02,609.2777,610.01,80724.0,609.8307530622865
2025-02-20 14:51:28.371986-05:00,610.015,610.1,609.4809,609.92,86934.0,609.9755859422095
2025-02-20 14:52:39.792480-05:00,609.93,609.9493,609.5637,609.71,441750.0,609.611188529485
2025-02-20 14:54:23.364903-05:00,609.71,609.92,609.6293,609.92,71821.0,609.7447250093988
2025-02-20 14:56:01.771098-05:00,609.92,609.92,609.6745,609.89,92591.0,609.8691630018029
2025-02-20 14:57:39.570426-05:00,609.8894,610.02,609.7556,610.0,73662.0,609.9382597160004
2025-02-20 14:59:20.266949-05:00,609.99,610.0951,609.8364,609.98,81705.0,609.996655790954
2025-02-20 15:00:32.758818-05:00,609.98,610.0069,609.68,609.68,125728.0,609.8321394701259
2025-02-20 15:02:04.805794-05:00,609.69,609.8744,609.67,609.75,105963.0,609.7303810405523
2025-02-20 15:04:12.829398-05:00,609.75,609.96,609.7419,609.88,74654.0,609.8762007246779
2025-02-20 15:06:12.149202-05:00,609.87,609.96,609.75,609.8,62093.0,609.8610326671293
2025-02-20 15:07:38.283336-05:00,609.81,609.92,609.78,609.84,122924.0,609.8420133993361
2025-02-20 15:09:05.154279-05:00,609.85,609.86,609.6,609.72,88166.0,609.7218894471796
2025-02-20 15:11:06.009447-05:00,609.71,609.8198,609.64,609.72,79902.0,609.7510287627341
2025-02-20 15:12:45.219051-05:00,609.7504,609.8039,609.44,609.55,76594.0,609.5562188709306
2025-02-20 15:14:44.447798-05:00,609.6747,609.77,609.52,609.64,65441.0,609.6695101587692
2025-02-20 15:16:51.238288-05:00,609.6975,609.7329,609.445,609.45,74903.0,609.5917241832768
2025-02-20 15:18:21.291164-05:00,609.445,609.627,609.26,609.39,85231.0,609.3581857375848
2025-02-20 15:19:40.416217-05:00,609.39,609.81,609.3736,609.81,77103.0,609.6178129774466
2025-02-20 15:20:38.801686-05:00,609.81,610.06,609.5224,609.98,93477.0,609.9251603003947
2025-02-20 15:22:13.467052-05:00,609.99,610.04,609.6395,609.92,81283.0,609.9649668676108
2025-02-20 15:24:14.051591-05:00,609.93,610.1,609.7366,610.04,72390.0,610.0436018800937
2025-02-20 15:25:31.607694-05:00,610.04,610.048,609.7101,609.89,117589.0,609.892647336061
2025-02-20 15:27:31.119622-05:00,609.89,609.9562,609.72,609.79,79769.0,609.8344714137071
2025-02-20 15:29:22.207488-05:00,609.763,609.9139,609.64,609.7963,66138.0,609.7695750037802
2025-02-20 15:31:08.028265-05:00,609.81,609.94,609.774,609.84,71932.0,609.8404443585607
2025-02-20 15:32:41.546866-05:00,609.84,609.92,609.781,609.92,66485.0,609.854674194179
2025-02-20 15:33:58.267073-05:00,609.9,609.94,609.81,609.88,112193.0,609.8654626438368
2025-02-20 15:35:28.335779-05:00,609.88,609.99,609.73,609.76,87656.0,609.9132937631192
2025-02-20 15:36:57.650095-05:00,609.7612,609.9135,609.65,609.71,71021.0,609.7396491150498
2025-02-20 15:38:23.778667-05:00,609.73,609.9,609.62,609.62,89824.0,609.7555471555485
2025-02-20 15:39:56.052304-05:00,609.62,609.8084,609.46,609.59,77144.0,609.5716856009544
2025-02-20 15:41:01.522715-05:00,609.64,609.7851,609.578,609.71,115134.0,609.6981188875576
2025-02-20 15:42:40.354286-05:00,609.71,609.79,609.6597,609.705,70907.0,609.7122976095454
2025-02-20 15:44:18.915166-05:00,609.705,609.92,609.58,609.9199,73785.0,609.7186140543467
2025-02-20 15:45:44.734771-05:00,609.92,610.0,609.7018,609.98,78816.0,609.8912134744213
2025-02-20 15:47:01.607140-05:00,609.977,610.14,609.7601,610.14,92218.0,610.0627627925137
2025-02-20 15:48:14.489879-05:00,610.14,610.15,609.912,610.1088,104900.0,610.0436431477597
2025-02-20 15:49:30.290700-05:00,610.1,610.22,609.8418,610.0843,91199.0,610.1604220517767
2025-02-20 15:50:00.071721-05:00,610.2,610.62,609.9128,610.59,81081.0,610.3649683514014
2025-02-20 15:50:08.123034-05:00,610.59,610.7,610.1755,610.61,140741.0,610.6043337925697
2025-02-20 15:50:38.870038-05:00,610.61,610.64,610.107,610.32,139105.0,610.3617571295067
2025-02-20 15:51:04.626398-05:00,610.32,610.442,610.1621,610.22,141932.0,610.2674280056642
2025-02-20 15:51:30.122831-05:00,610.22,610.3816,610.11,610.17,113102.0,610.2072583208083
2025-02-20 15:52:01.846095-05:00,610.2,610.445,610.16,610.37,122581.0,610.3324869669854
2025-02-20 15:52:36.339167-05:00,610.36,610.4187,610.2266,610.345,136686.0,610.3409779896983
2025-02-20 15:53:09.130022-05:00,610.3425,610.44,610.2,610.23,135205.0,610.3514075359641
2025-02-20 15:53:48.406377-05:00,610.2299,610.3521,610.17,610.2,129989.0,610.2341346406238
2025-02-20 15:54:11.677154-05:00,610.2,610.3421,610.02,610.18,115249.0,610.1553530703081
2025-02-20 15:54:39.861497-05:00,610.18,610.3232,610.06,610.14,125297.0,610.1579922033245
2025-02-20 15:55:00.094782-05:00,610.14,610.3035,610.01,610.11,114744.0,610.1902435473756
2025-02-20 15:55:20.657696-05:00,610.11,610.335,610.0,610.25,115107.0,610.1863974849483
2025-02-20 15:55:53.818446-05:00,610.26,610.39,610.1718,610.35,119818.0,610.3369153315862
2025-02-20 15:56:20.712272-05:00,610.3404,610.4,610.2077,610.34,117172.0,610.3546751374046
2025-02-20 15:56:42.145111-05:00,610.34,610.4,610.2528,610.32,166648.0,610.3403204268876
2025-02-20 15:57:14.103220-05:00,610.32,610.35,610.25,610.35,137950.0,610.3009276324757
2025-02-20 15:57:42.016992-05:00,610.35,610.43,610.2708,610.41,160024.0,610.3791496881717
2025-02-20 15:58:07.012841-05:00,610.41,610.45,610.2771,610.41,146424.0,610.4196938773696
2025-02-20 15:58:32.900478-05:00,610.41,610.46,610.2868,610.44,178727.0,610.4251836303416
2025-02-20 15:58:55.795416-05:00,610.44,610.5,610.3145,610.49,157193.0,610.4563492528293
2025-02-20 15:59:07.939100-05:00,610.49,610.53,610.4384,610.46,190935.0,610.4900156739207
2025-02-20 15:59:24.005773-05:00,610.46,610.48,610.34,610.36,171067.0,610.4080928641988
2025-02-20 15:59:34.517869-05:00,610.36,610.37,610.18,610.27,150494.0,610.2922906142434
2025-02-20 15:59:46.777229-05:00,610.27,610.28,610.15,610.22,151880.0,610.1991793178821
2025-02-20 15:59:56.171013-05:00,610.22,610.415,610.2,610.31,157983.0,610.2973554724243
2025-02-21 09:30:00.609347-05:00,610.31,610.43,610.11,610.15,469582.0,610.27367138882
2025-02-21 09:30:02.096169-05:00,610.15,610.24,609.97,610.01,16000.0,610.0367545437555
2025-02-21 09:30:16.043875-05:00,610.01,610.24,609.83,610.12,48105.0,609.9834291466578
2025-02-21 09:30:56.209540-05:00,610.12,610.24,609.71,609.77,102013.0,609.9716702694751
2025-02-21 09:31:46.294004-05:00,609.74,609.7863,609.53,609.69,88515.0,609.6833631621757
2025-02-21 09:32:34.936791-05:00,609.69,610.24,609.59,609.9094,114541.0,609.7074790756152
2025-02-21 09:33:30.002602-05:00,609.9161,610.24,609.73,609.76,92810.0,609.8504348615458
2025-02-21 09:34:43.932654-05:00,609.76,610.24,609.638,609.68,81661.0,609.7180512117159
2025-02-21 09:36:01.298546-05:00,609.68,610.24,609.6101,609.77,64919.0,609.749393458001
2025-02-21 09:36:43.239190-05:00,609.77,609.83,609.18,609.2,92320.0,609.5358314233099
2025-02-21 09:37:32.362768-05:00,609.2,610.24,608.92,608.93,83937.0,609.1498008959103
2025-02-21 09:38:14.015968-05:00,608.93,609.467,608.87,609.17,126251.0,609.0118379894019
2025-02-21 09:39:16.635681-05:00,609.1688,609.3256,608.94,609.2,85814.0,609.1085830785182
2025-02-21 09:40:14.484987-05:00,609.21,609.2584,609.04,609.21,118030.0,609.1372978412268
2025-02-21 09:41:10.026243-05:00,609.21,609.8306,608.96,608.98,90227.0,609.2134939685463
2025-02-21 09:42:07.109212-05:00,608.98,609.8306,608.97,609.265,162477.0,609.4282632372586
2025-02-21 09:43:02.412327-05:00,609.265,609.34,609.091,609.13,137196.0,609.2121647693807
2025-02-21 09:44:12.610689-05:00,609.1299,609.4,609.12,609.24,97273.0,609.2778477398656
2025-02-21 09:45:00.073297-05:00,609.25,609.41,609.14,609.37,76667.0,609.2793480610951
2025-02-21 09:45:40.608775-05:00,609.37,609.6,609.15,609.4088,92842.0,609.4165116326666
2025-02-21 09:46:29.081240-05:00,609.4,609.49,609.21,609.45,89123.0,609.3459012398589
2025-02-21 09:47:30.738625-05:00,609.445,609.61,609.26,609.33,87123.0,609.4224258014538
2025-02-21 09:48:54.379703-05:00,609.33,609.5,609.26,609.31,79960.0,609.3457220497754
2025-02-21 09:49:34.594704-05:00,609.3099,609.362,608.76,608.81,76255.0,609.1093056848737
2025-02-21 09:50:20.444627-05:00,608.81,609.2773,608.62,608.62,192948.0,608.9514986177626
2025-02-21 09:50:55.148260-05:00,608.6287,609.086,608.28,608.45,98477.0,608.4134713415314
2025-02-21 09:51:51.080995-05:00,608.45,609.1295,608.43,608.62,103496.0,608.5823992376513
2025-02-21 09:52:58.533451-05:00,608.6161,608.8636,608.37,608.56,96866.0,608.4999029050445
2025-02-21 09:53:58.278770-05:00,608.545,609.0114,608.43,608.66,84183.0,608.5748323260043
2025-02-21 09:54:24.875519-05:00,608.64,608.75,608.51,608.54,115979.0,608.6635577802879
2025-02-21 09:55:18.690118-05:00,608.545,608.6649,608.5,608.6,81046.0,608.6025081953454
2025-02-21 09:56:09.694682-05:00,608.6,608.8397,608.4,608.46,87689.0,608.4849450341551
2025-02-21 09:57:03.307846-05:00,608.46,608.77,608.29,608.31,70773.0,608.4883144871629
2025-02-21 09:58:05.764439-05:00,608.31,608.72,608.28,608.68,104801.0,608.491698440855
2025-02-21 09:59:06.002854-05:00,608.66,608.68,608.49,608.58,107903.0,608.5865836473497
2025-02-21 09:59:59.512462-05:00,608.58,608.6399,608.24,608.49,92627.0,608.494271732864
2025-02-21 10:00:01.156663-05:00,608.5,608.55,607.51,607.54,91682.0,607.868002317795
2025-02-21 10:00:14.337193-05:00,607.52,608.3369,607.43,608.24,107050.0,607.8194012760396
2025-02-21 10:00:49.390309-05:00,608.23,608.5938,608.0306,608.26,113293.0,608.3353339103028
2025-02-21 10:01:14.941831-05:00,608.25,608.2895,607.8,607.81,179705.0,608.102229187279
2025-02-21 10:01:58.219343-05:00,607.8588,608.23,607.7,608.225,132093.0,607.8765281430505
2025-02-21 10:02:25.166422-05:00,608.2394,608.56,608.1936,608.34,115281.0,608.4314165890303
2025-02-21 10:03:12.482877-05:00,608.335,608.37,608.0531,608.06,104651.0,608.1605914898086
2025-02-21 10:04:03.019678-05:00,608.06,608.28,607.9707,608.27,88998.0,608.1283954706857
2025-02-21 10:04:48.649274-05:00,608.25,608.42,608.07,608.22,81195.0,608.294160282038
2025-02-21 10:05:32.581135-05:00,608.22,608.27,607.93,608.04,96543.0,608.1161582113687
2025-02-21 10:06:27.520312-05:00,608.04,608.2022,607.81,607.99,64416.0,607.9288099711249
2025-02-21 10:07:18.597100-05:00,607.99,608.1746,607.6,607.67,78403.0,607.8103953662484
2025-02-21 10:08:03.896714-05:00,607.67,608.0064,607.54,607.64,86904.0,607.6433171580139
2025-02-21 10:08:58.333339-05:00,607.6425,608.18,607.58,608.1788,76149.0,607.8420402395301
2025-02-21 10:09:53.841056-05:00,608.18,608.46,607.943,608.4,113163.0,608.2640441230792
2025-02-21 10:10:41.375647-05:00,608.4079,608.54,607.9434,608.38,76241.0,608.3974442583383
2025-02-21 10:11:10.631231-05:00,608.4,608.58,608.0474,608.575,136995.0,608.4489213234064
2025-02-21 10:11:40.241990-05:00,608.58,608.66,608.1321,608.62,162840.0,608.5839201780883
2025-02-21 10:12:28.331677-05:00,608.62,608.62,608.2433,608.2606,108084.0,608.4446502294512
2025-02-21 10:13:22.330934-05:00,608.2606,608.435,608.11,608.12,96773.0,608.3171066216815
2025-02-21 10:14:18.921053-05:00,608.1,608.405,607.845,607.93,69996.0,608.0238503443061
2025-02-21 10:15:16.027205-05:00,607.93,608.3948,607.75,607.905,89328.0,607.9379356551135
2025-02-21 10:16:22.883343-05:00,607.9086,608.349,607.9086,608.2094,57565.0,608.058190242334
2025-02-21 10:17:23.067562-05:00,608.205,608.28,607.93,608.08,68944.0,608.1440395625432
2025-02-21 10:19:06.037917-05:00,608.08,608.3,608.0034,608.07,42401.0,608.1506856442057
2025-02-21 10:20:12.985443-05:00,608.05,608.3057,607.8,607.8,92169.0,607.9316793271063
2025-02-21 10:21:26.472124-05:00,607.8002,608.2609,607.78,607.86,72396.0,607.8745810348637
2025-02-21 10:22:19.952322-05:00,607.8663,607.9916,607.43,607.438,88968.0,607.6502367626568
2025-02-21 10:23:25.384996-05:00,607.41,607.9034,607.37,607.57,85897.0,607.5117184139147
2025-02-21 10:24:07.547264-05:00,607.56,607.7479,607.2,607.2901,77655.0,607.4686621647016
2025-02-21 10:24:41.660041-05:00,607.31,607.6792,607.1,607.28,94701.0,607.261359749105
2025-02-21 10:25:36.917422-05:00,607.2988,607.7261,607.16,607.4,78296.0,607.3537163341672
2025-02-21 10:26:14.517998-05:00,607.4,607.6163,607.03,607.13,100531.0,607.2039042693307
2025-02-21 10:27:15.814990-05:00,607.1498,607.6106,607.0,607.0,62168.0,607.192182244885
2025-02-21 10:27:31.576987-05:00,607.0,607.2884,606.765,606.79,69567.0,606.8902982520449
2025-02-21 10:28:12.388762-05:00,606.79,607.2343,606.59,606.64,91337.0,606.662226080339
2025-02-21 10:28:52.866575-05:00,606.63,607.3446,606.52,606.6,96953.0,606.617274028652
2025-02-21 10:29:42.047904-05:00,606.6,607.001,606.55,606.7,102549.0,606.6683071955845
2025-02-21 10:30:39.745017-05:00,606.7,607.2066,606.58,606.8,70640.0,606.6977591435451
2025-02-21 10:31:13.428807-05:00,606.8,607.04,606.7856,606.88,89607.0,606.9299092849863
2025-02-21 10:31:32.172946-05:00,606.8887,606.96,606.7841,606.835,35560.0,606.8621995725525
2025-02-21 10:31:51.437426-05:00,606.835,606.94,606.7694,606.865,19819.0,606.8864566930753
2025-02-21 10:32:08.775324-05:00,606.865,607.06,606.7698,606.92,41595.0,606.9492866306051
2025-02-21 10:32:26.858639-05:00,606.92,606.98,606.7556,606.83,34978.0,606.8955817714038
2025-02-21 10:32:47.663080-05:00,606.84,606.9166,606.7581,606.835,15392.0,606.8207271894519
2025-02-21 10:33:08.589840-05:00,606.835,606.9299,606.7702,606.925,21944.0,606.8771072411577
2025-02-21 10:33:36.841164-05:00,606.92,606.9711,606.57,606.6286,33009.0,606.7289263140348
2025-02-21 10:34:10.290327-05:00,606.63,606.7709,606.4,606.4,89310.0,606.4821543153062
2025-02-21 10:35:03.512847-05:00,606.4,606.8764,606.28,606.51,82644.0,606.4305319539218
2025-02-21 10:35:42.552635-05:00,606.51,606.8,606.4949,606.7,85971.0,606.6865269777021
2025-02-21 10:36:29.037088-05:00,606.7,606.98,606.65,606.72,63864.0,606.7991628617063
2025-02-21 10:37:35.599583-05:00,606.72,606.7557,606.4907,606.58,68615.0,606.5898147781097
2025-02-21 10:38:38.324915-05:00,606.58,607.02,606.58,606.99,54264.0,606.7726068756458
2025-02-21 10:39:38.530776-05:00,606.99,607.0,606.6231,606.97,558394.0,606.7065293738837
2025-02-21 10:40:39.408193-05:00,606.98,606.99,606.6,606.71,48035.0,606.7843662787552
2025-02-21 10:41:51.205753-05:00,606.73,606.89,606.61,606.67,240379.0,606.8440279808145
2025-02-21 10:43:13.616945-05:00,606.66,606.7687,606.54,606.589,48126.0,606.6598984748376
2025-02-21 10:44:02.106889-05:00,606.5808,606.7626,606.22,606.23,72224.0,606.3992720771486
2025-02-21 10:44:17.549034-05:00,606.23,606.6146,605.87,605.91,82797.0,606.0297663816326
2025-02-21 10:44:57.610360-05:00,605.915,606.5761,605.75,605.8,84822.0,605.8660851736576
2025-02-21 10:45:37.954560-05:00,605.8,606.2514,605.75,606.1,77018.0,605.9645331701689
2025-02-21 10:46:10.121256-05:00,606.08,606.4393,605.9524,606.39,97715.0,606.293328077572
2025-02-21 10:46:43.038850-05:00,606.38,606.59,606.2092,606.51,70518.0,606.4420396111635
2025-02-21 10:47:31.140503-05:00,606.5,606.58,606.2118,606.395,56372.0,606.4695614152412
2025-02-21 10:48:26.198576-05:00,606.4,606.59,606.2098,606.41,60005.0,606.4932424414618
2025-02-21 10:49:12.137409-05:00,606.4007,606.79,606.2123,606.79,69488.0,606.5774476182942
2025-02-21 10:49:42.169806-05:00,606.78,606.79,606.2791,606.465,75070.0,606.6183474130811
2025-02-21 10:50:41.045830-05:00,606.47,606.48,606.34,606.42,63420.0,606.4107141217287
2025-02-21 10:51:39.558700-05:00,606.47,606.52,606.3412,606.41,63805.0,606.4436815672752
2025-02-21 10:52:14.842103-05:00,606.41,606.53,606.39,606.49,58824.0,606.4685592598265
2025-02-21 10:53:05.691122-05:00,606.49,606.61,606.3305,606.48,39737.0,606.4774795102792
2025-02-21 10:54:04.478510-05:00,606.47,606.53,606.3296,606.455,57507.0,606.4663626549809
2025-02-21 10:54:50.478359-05:00,606.455,606.5028,606.31,606.35,72811.0,606.3691558830399
2025-02-21 10:55:33.091829-05:00,606.34,606.4285,606.13,606.31,67333.0,606.2208444343779
2025-02-21 10:56:29.712859-05:00,606.31,606.4,606.21,606.32,49397.0,606.3204657570295
2025-02-21 10:57:37.120256-05:00,606.31,606.4476,606.22,606.3268,43375.0,606.2965985890488
2025-02-21 10:58:30.569256-05:00,606.31,606.49,606.27,606.46,67915.0,606.3733852683503
2025-02-21 10:59:11.325726-05:00,606.4789,606.54,606.3309,606.47,79448.0,606.4622793185488
2025-02-21 11:00:00.074334-05:00,606.47,606.84,606.3539,606.83,66996.0,606.67565530778
2025-02-21 11:00:21.557536-05:00,606.83,607.145,606.5308,607.1,145605.0,607.0159690251019
2025-02-21 11:01:14.352473-05:00,607.12,607.2,606.6236,607.1287,74318.0,607.11081604322
2025-02-21 11:02:12.827754-05:00,607.13,607.2,606.6174,606.97,75642.0,607.0624967425509
2025-02-21 11:03:22.094553-05:00,606.965,607.03,606.5,606.5,73945.0,606.7403770789105
2025-02-21 11:04:29.530339-05:00,606.5,606.971,606.3215,606.62,70271.0,606.486348772609
2025-02-21 11:06:00.151864-05:00,606.63,606.8946,606.4863,606.6,43280.0,606.5812080452853
2025-02-21 11:07:22.991854-05:00,606.5999,606.7325,606.43,606.637,47871.0,606.529532249169
2025-02-21 11:08:25.188753-05:00,606.64,606.86,606.5412,606.63,65993.0,606.7563172139462
2025-02-21 11:09:40.295127-05:00,606.63,606.8147,606.37,606.58,48208.0,606.560342963824
2025-02-21 11:10:41.958617-05:00,606.58,609.8226,606.21,606.21,2967959.0,609.7431971331818
2025-02-21 11:11:46.040459-05:00,606.22,606.525,606.17,606.43,63872.0,606.2807825760892
2025-02-21 11:12:57.664052-05:00,606.43,606.63,606.3877,606.62,79678.0,606.4541997000426
2025-02-21 11:13:53.607072-05:00,606.62,606.89,606.43,606.88,59191.0,606.7212860384178
2025-02-21 11:14:50.626039-05:00,606.87,607.12,606.4665,607.1,74794.0,607.0425317498728
2025-02-21 11:15:45.917995-05:00,607.1,607.26,606.6623,607.11,81335.0,607.1659604364663
2025-02-21 11:16:34.121208-05:00,607.11,607.14,606.681,606.9802,83592.0,607.0277123349127
2025-02-21 11:17:51.416724-05:00,607.0,607.01,606.72,606.85,59348.0,606.8614947597212
2025-02-21 11:18:38.651457-05:00,606.86,607.28,606.86,607.28,92286.0,607.1111618772073
2025-02-21 11:19:31.606200-05:00,607.27,607.31,606.8483,607.27,83688.0,607.2348717462492
2025-02-21 11:20:35.470738-05:00,607.27,607.39,606.8615,607.36,48553.0,607.2991201264595
2025-02-21 11:21:25.608280-05:00,607.35,607.445,606.9828,607.38,64392.0,607.3815748493595
2025-02-21 11:22:37.192363-05:00,607.38,607.48,607.118,607.305,79290.0,607.3843808462608
2025-02-21 11:23:57.279049-05:00,607.3,607.4,607.2412,607.35,68553.0,607.3397411521009
2025-02-21 11:25:18.111817-05:00,607.34,607.36,607.1961,607.35,75115.0,607.3246136683764
2025-02-21 11:26:14.541576-05:00,607.34,607.3569,606.89,606.9,81371.0,607.1811995760162
2025-02-21 11:27:04.351514-05:00,606.9,607.2638,606.705,606.7764,91709.0,606.8306352517201
2025-02-21 11:28:18.888765-05:00,606.78,607.1552,606.77,606.965,47518.0,606.8749314049415
2025-02-21 11:29:26.751643-05:00,606.98,607.1966,606.91,607.02,43787.0,606.9847121360216
2025-02-21 11:30:21.054184-05:00,607.005,607.1762,606.705,606.82,72841.0,606.8840654823518
2025-02-21 11:31:41.955441-05:00,606.825,606.907,606.72,606.85,59457.0,606.7793837395085
2025-02-21 11:32:42.692351-05:00,606.85,606.99,606.75,606.86,69527.0,606.856194403612
2025-02-21 11:33:55.117696-05:00,606.87,607.2366,606.85,607.23,58863.0,607.0534852912693
2025-02-21 11:35:02.988455-05:00,607.23,607.36,606.9053,607.245,71562.0,607.2409233238307
2025-02-21 11:36:28.852561-05:00,607.24,607.36,606.958,607.14,42719.0,607.2391494229739
2025-02-21 11:38:00.797383-05:00,607.1309,607.31,606.9674,607.29,47211.0,607.1644592425497
2025-02-21 11:39:07.487652-05:00,607.28,607.5,607.0221,607.2,52538.0,607.3626782500284
2025-02-21 11:40:43.180965-05:00,607.18,607.47,607.0611,607.28,59520.0,607.3086332963703
2025-02-21 11:42:16.341713-05:00,607.28,607.445,607.18,607.185,79419.0,607.3082444049903
2025-02-21 11:43:35.549772-05:00,607.18,607.3139,606.9401,607.07,58525.0,607.0576955865012
2025-02-21 11:45:13.543546-05:00,607.07,607.2134,606.82,606.85,65397.0,606.934397620687
2025-02-21 11:46:41.153559-05:00,606.86,607.1572,606.7,606.72,72493.0,606.8480799290968
2025-02-21 11:47:55.476328-05:00,606.71,607.0726,606.53,606.7143,66680.0,606.6603575569873
2025-02-21 11:49:03.823716-05:00,606.7,607.024,606.68,606.84,115606.0,606.7859847110016
2025-02-21 11:50:21.255710-05:00,606.84,606.9338,606.538,606.54,72933.0,606.7359064017663
2025-02-21 11:51:41.105974-05:00,606.55,606.755,606.465,606.635,71972.0,606.556374351136
2025-02-21 11:52:30.495051-05:00,606.635,606.7307,606.31,606.43,100255.0,606.4822289152668
2025-02-21 11:53:32.364673-05:00,606.42,606.6418,606.37,606.535,97252.0,606.4587908618852
2025-02-21 11:54:39.528637-05:00,606.53,606.6,606.43,606.51,82936.0,606.5270525694509
2025-02-21 11:55:37.552044-05:00,606.51,606.66,606.4,606.655,79045.0,606.474798192169
2025-02-21 11:56:47.774024-05:00,606.66,606.8399,606.4956,606.8294,43429.0,606.6621287181371
2025-02-21 11:57:46.899219-05:00,606.83,606.89,606.5035,606.88,62937.0,606.7627313646989
2025-02-21 11:58:20.332070-05:00,606.87,607.12,606.7356,606.84,103616.0,607.0366789115582
2025-02-21 11:59:50.681320-05:00,606.8454,606.9433,606.7088,606.8,64834.0,606.8107268871272
2025-02-21 12:00:54.879873-05:00,606.8,606.9818,606.6392,606.81,43386.0,606.8629765569539
2025-02-21 12:02:14.103090-05:00,606.82,606.98,606.635,606.92,1167639.0,606.644217447001
2025-02-21 12:03:32.567004-05:00,606.92,606.9213,606.72,606.86,38231.0,606.8402203264367
2025-02-21 12:04:50.499474-05:00,606.86,607.14,606.7603,607.065,40188.0,606.9810133223829
2025-02-21 12:06:12.417820-05:00,607.05,607.1,606.8937,607.0,37622.0,607.0327716336176
2025-02-21 12:07:54.706641-05:00,606.995,607.09,606.9,607.08,40600.0,606.9957025566506
2025-02-21 12:09:16.219982-05:00,607.08,607.09,606.77,606.795,38545.0,606.8916549487614
2025-02-21 12:10:18.752094-05:00,606.795,606.9498,606.51,606.51,51851.0,606.6535893328962
2025-02-21 12:11:11.418618-05:00,606.51,606.8508,606.25,606.27,101618.0,606.4009938003118
2025-02-21 12:12:11.379462-05:00,606.26,606.7602,606.26,606.4476,69567.0,606.3622955323636
2025-02-21 12:13:41.172028-05:00,606.45,606.6687,606.35,606.37,47940.0,606.4359275052157
2025-02-21 12:15:05.406833-05:00,606.38,606.4637,606.33,606.4,46820.0,606.3924507496802
2025-02-21 12:16:04.386169-05:00,606.39,606.5694,606.24,606.33,70766.0,606.2992141466232
2025-02-21 12:17:01.386270-05:00,606.33,606.5045,606.1,606.18,84919.0,606.1567292125438
2025-02-21 12:17:41.135698-05:00,606.1899,606.2903,606.0,606.0,104681.0,606.0661071082626
2025-02-21 12:18:38.622412-05:00,606.0,606.23,606.0,606.09,61548.0,606.0655770878006
2025-02-21 12:19:10.632849-05:00,606.1,606.1724,605.79,605.8,94240.0,605.9158240598473
2025-02-21 12:19:37.446406-05:00,605.8,606.0848,605.63,605.6402,95229.0,605.8164754633567
2025-02-21 12:20:08.663253-05:00,605.6425,606.158,605.37,605.429,57878.0,605.5972394035724
2025-02-21 12:20:37.025128-05:00,605.41,605.95,605.24,605.2784,99798.0,605.3107820717848
2025-02-21 12:21:05.235837-05:00,605.2778,605.83,605.1401,605.2945,88928.0,605.2799590578888
2025-02-21 12:21:45.255433-05:00,605.21,605.9397,605.15,605.58,88300.0,605.4177909535675
2025-02-21 12:22:40.453523-05:00,605.58,605.8185,605.3521,605.51,60638.0,605.5299195834284
2025-02-21 12:23:34.593392-05:00,605.52,605.8,605.3775,605.7367,67698.0,605.660723015451
2025-02-21 12:24:41.131547-05:00,605.73,605.74,605.489,605.595,60601.0,605.6341643471235
2025-02-21 12:25:46.852553-05:00,605.595,605.9,605.4542,605.87,54008.0,605.6716068545398
2025-02-21 12:27:10.028327-05:00,605.87,605.9,605.5293,605.775,48524.0,605.7606283467975
2025-02-21 12:28:49.131694-05:00,605.78,605.85,605.6604,605.6714,62071.0,605.7585992266913
2025-02-21 12:30:23.193052-05:00,605.69,605.8034,605.5265,605.56,59863.0,605.6465748626031
2025-02-21 12:32:11.245740-05:00,605.5693,605.7193,605.44,605.52,49083.0,605.5345577063346
2025-02-21 12:33:47.185634-05:00,605.52,605.663,605.33,605.335,48410.0,605.4387468560217
2025-02-21 12:34:56.827978-05:00,605.335,605.5441,605.29,605.325,76980.0,605.3386693024164
2025-02-21 12:35:36.361051-05:00,605.32,605.54,605.27,605.36,82633.0,605.3426057652513
2025-02-21 12:36:24.078982-05:00,605.3601,605.4903,605.06,605.15,80303.0,605.2616285829926
2025-02-21 12:37:10.500746-05:00,605.15,605.3309,604.95,605.0,92843.0,605.1111648934224
2025-02-21 12:37:15.297296-05:00,605.0,605.2572,604.9,604.9,29180.0,604.9679212440024
2025-02-21 12:37:42.651786-05:00,604.9,605.2472,604.72,604.75,129801.0,604.7770082495506
2025-02-21 12:38:17.857053-05:00,604.75,605.2405,604.54,604.7569,87329.0,604.6701574265142
2025-02-21 12:38:55.570792-05:00,604.9952,605.1538,604.62,604.6391,95181.0,604.8047850316766
2025-02-21 12:39:34.718168-05:00,604.6391,604.9651,604.59,604.78,107700.0,604.707600976788
2025-02-21 12:40:34.751961-05:00,604.78,605.0352,604.59,604.752,64896.0,604.7233082054354
2025-02-21 12:41:45.217648-05:00,604.76,604.9984,604.62,604.68,66085.0,604.6921293288955
2025-02-21 12:42:44.660860-05:00,604.685,604.8699,604.685,604.85,101490.0,604.7479356192739
2025-02-21 12:43:45.180208-05:00,604.85,605.05,604.7264,605.025,59810.0,604.9184231683668
2025-02-21 12:44:32.995434-05:00,605.02,605.17,604.7511,605.16,82153.0,605.0738213406679
2025-02-21 12:45:39.456781-05:00,605.15,605.17,604.73,604.74,67009.0,604.9865210240418
2025-02-21 12:46:46.708464-05:00,604.7325,604.949,604.56,604.77,68457.0,604.6973560775384
2025-02-21 12:48:00.793436-05:00,604.77,604.91,604.72,604.86,56568.0,604.8125076403613
2025-02-21 12:49:17.911668-05:00,604.85,604.92,604.77,604.8199,57607.0,604.8414613415036
2025-02-21 12:50:18.880151-05:00,604.8116,604.83,604.4401,604.47,65647.0,604.6384404070258
2025-02-21 12:51:16.003947-05:00,604.46,604.8076,604.44,604.45,77711.0,604.4805897144553
2025-02-21 12:51:42.144596-05:00,604.45,604.7853,604.26,604.32,142406.0,604.4035694830274
2025-02-21 12:52:39.740532-05:00,604.31,604.7194,604.29,604.44,62787.0,604.4824363769566
2025-02-21 12:53:38.894929-05:00,604.44,604.5329,604.28,604.36,57856.0,604.3807790393386
2025-02-21 12:54:39.005518-05:00,604.38,604.6083,604.29,604.46,61800.0,604.4025665598701
2025-02-21 12:55:42.080423-05:00,604.45,604.5331,604.25,604.26,55454.0,604.357593316984
2025-02-21 12:56:20.596695-05:00,604.26,604.4131,603.99,604.0,64682.0,604.1648119291301
2025-02-21 12:56:40.547593-05:00,604.0,604.4501,603.72,603.79,121207.0,603.8728093690956
2025-02-21 12:57:19.328838-05:00,603.79,604.3621,603.61,603.71,85460.0,603.770975947811
2025-02-21 12:57:57.467307-05:00,603.71,604.087,603.63,603.73,92669.0,603.7136229138114
2025-02-21 12:58:44.900340-05:00,603.72,604.2333,603.7,603.8988,59072.0,603.8166133108757
2025-02-21 12:59:32.162328-05:00,603.91,604.1596,603.7,603.86,1474385.0,603.7097904334348
2025-02-21 13:00:24.255367-05:00,603.86,603.8944,603.69,603.76,72913.0,603.7753342188637
2025-02-21 13:01:15.028086-05:00,603.75,603.8346,603.54,603.54,76184.0,603.676247225139
2025-02-21 13:02:02.005143-05:00,603.54,603.9641,603.515,603.65,87049.0,603.6190404255071
2025-02-21 13:02:34.019327-05:00,603.65,603.9053,603.33,603.37,87439.0,603.4788802502316
2025-02-21 13:03:10.186978-05:00,603.37,603.8558,603.32,603.32,117384.0,603.5078390649481
2025-02-21 13:03:32.610465-05:00,603.32,603.7908,603.17,603.23,110821.0,603.2732104610136
2025-02-21 13:04:03.681484-05:00,603.2325,603.7247,603.09,603.1632,79749.0,603.206174755797
2025-02-21 13:04:34.558278-05:00,603.18,603.485,603.1,603.15,116559.0,603.1681467866056
2025-02-21 13:05:09.309314-05:00,603.1425,603.4117,603.1201,603.31,98158.0,603.2637007783374
2025-02-21 13:05:39.236264-05:00,603.3,603.3913,603.1,603.3,111616.0,603.2137118262617
2025-02-21 13:06:30.124581-05:00,603.31,603.37,603.16,603.31,78273.0,603.2735219041052
2025-02-21 13:07:22.536022-05:00,603.32,603.4464,603.11,603.23,88921.0,603.1900097243622
2025-02-21 13:07:46.072724-05:00,603.23,603.23,602.97,603.02,51858.0,603.0858230629796
2025-02-21 13:08:26.078910-05:00,603.02,603.2234,603.0181,603.021,65751.0,603.0846411674329
2025-02-21 13:09:02.614704-05:00,603.021,603.1812,602.95,602.99,69375.0,603.0118641109902
2025-02-21 13:09:40.777631-05:00,602.985,603.3313,602.77,602.77,59589.0,602.9086627431245
2025-02-21 13:10:26.220332-05:00,602.76,603.1283,602.64,602.65,92852.0,602.7598204874423
2025-02-21 13:11:06.299529-05:00,602.64,603.2359,602.55,602.6,78806.0,602.6438034515136
2025-02-21 13:11:34.042857-05:00,602.6,602.9488,602.5,602.52,101015.0,602.5885617462751
2025-02-21 13:12:12.308307-05:00,602.52,602.8347,602.32,602.34,90668.0,602.4820550899984
2025-02-21 13:12:47.363773-05:00,602.34,603.0466,602.24,602.32,82413.0,602.3343432698724
2025-02-21 13:13:23.389364-05:00,602.32,602.9387,602.24,602.26,121843.0,602.3392199001992
2025-02-21 13:13:53.684582-05:00,602.26,602.906,602.2035,602.49,96283.0,602.3659583436329
2025-02-21 13:14:15.395316-05:00,602.47,602.69,602.3695,602.69,100213.0,602.5813316366138
2025-02-21 13:14:32.322811-05:00,602.69,602.81,602.4188,602.76,185332.0,602.72333160922
2025-02-21 13:14:55.545401-05:00,602.73,602.94,602.5588,602.89,99629.0,602.8033349667268
2025-02-21 13:15:10.396082-05:00,602.9,603.13,602.57,602.6499,114499.0,603.0061724783626
2025-02-21 13:15:43.677158-05:00,603.075,603.29,602.6326,603.1919,105649.0,603.1734368654697
2025-02-21 13:16:23.265784-05:00,603.1994,603.365,602.6609,603.25,84505.0,603.2847619560981
2025-02-21 13:16:47.747523-05:00,603.2599,603.46,602.7034,603.28,111506.0,603.3027105599701
2025-02-21 13:17:30.362823-05:00,603.28,603.37,602.7891,603.28,85816.0,603.2601997867536
2025-02-21 13:18:27.163053-05:00,603.27,603.54,602.8436,603.3196,78804.0,603.3710055847414
2025-02-21 13:19:09.619496-05:00,603.32,603.32,602.75,602.76,91864.0,603.0659129974747
2025-02-21 13:20:15.285864-05:00,602.76,603.1887,602.7509,602.9,82161.0,602.8382136585487
2025-02-21 13:21:17.893276-05:00,602.9,603.1926,602.69,602.69,75170.0,602.8152971172012
2025-02-21 13:22:02.105058-05:00,602.69,603.1082,602.52,602.62,107953.0,602.6102742100728
2025-02-21 13:22:56.465758-05:00,602.62,602.9262,602.56,602.64,110980.0,602.6263356271405
2025-02-21 13:23:41.385047-05:00,602.64,603.03,602.597,602.94,73762.0,602.7968345706453
2025-02-21 13:24:25.983347-05:00,602.93,602.9499,602.56,602.57,105388.0,602.7633961693928
2025-02-21 13:25:33.859678-05:00,602.57,602.9574,602.5301,602.81,75965.0,602.669062493253
2025-02-21 13:26:25.422091-05:00,602.81,603.05,602.6997,602.82,58382.0,602.9261757253942
2025-02-21 13:27:28.283950-05:00,602.815,602.92,602.56,602.56,74808.0,602.7649614613412
2025-02-21 13:28:21.545408-05:00,602.5402,602.8128,602.53,602.61,94321.0,602.5888322229412
2025-02-21 13:29:04.369395-05:00,602.61,602.7363,602.38,602.45,105735.0,602.4916812909635
2025-02-21 13:29:40.527437-05:00,602.45,602.6493,602.11,602.12,75786.0,602.279242210962
2025-02-21 13:30:21.481089-05:00,602.12,602.6005,602.01,602.035,109424.0,602.1185849201274
2025-02-21 13:30:38.229579-05:00,602.05,602.5746,601.86,602.0599,51791.0,601.9705750419967
2025-02-21 13:31:14.832575-05:00,602.05,602.4215,601.88,601.96,84753.0,601.990353894257
2025-02-21 13:31:53.726981-05:00,601.96,602.3403,601.67,601.67,76825.0,601.8818153140253
2025-02-21 13:32:25.251163-05:00,601.6775,602.237,601.58,601.76,84717.0,601.6692816353265
2025-02-21 13:33:04.595193-05:00,601.76,602.3795,601.65,601.83,61339.0,601.775059939027
2025-02-21 13:33:42.561854-05:00,601.8369,602.03,601.77,602.0288,64481.0,601.9280762364099
2025-02-21 13:34:26.773131-05:00,602.0,602.0867,601.8,602.06,767065.0,601.998001575877
2025-02-21 13:35:13.600881-05:00,602.06,602.2168,601.9035,602.16,64134.0,602.0898438846788
2025-02-21 13:35:47.099237-05:00,602.15,602.31,601.9133,602.19,98144.0,602.2062313060395
2025-02-21 13:36:15.825240-05:00,602.19,602.42,601.945,602.38,200049.0,602.382037432828
2025-02-21 13:36:43.175609-05:00,602.38,602.55,602.0056,602.51,97903.0,602.4415323452807
2025-02-21 13:37:23.182207-05:00,602.5,602.75,602.1221,602.7003,80932.0,602.5603927778878
2025-02-21 13:37:56.680651-05:00,602.719,602.9888,602.1898,602.94,92630.0,602.7989565788615
2025-02-21 13:38:27.486051-05:00,602.94,603.225,602.3349,602.99,101824.0,603.1180452908948
2025-02-21 13:39:02.363402-05:00,602.99,602.99,602.5001,602.7501,148374.0,602.8301730619911
2025-02-21 13:39:45.838754-05:00,602.76,602.8006,602.342,602.38,79484.0,602.5367096950328
2025-02-21 13:40:54.040428-05:00,602.3897,602.849,602.361,602.47,75808.0,602.523464772847
2025-02-21 13:41:55.626020-05:00,602.47,602.7705,602.07,602.08,72799.0,602.3091334702406
2025-02-21 13:42:49.495541-05:00,602.0887,602.7206,602.01,602.3106,84261.0,602.1300460236638
2025-02-21 13:44:02.870391-05:00,602.3101,602.6305,602.02,602.04,58782.0,602.1587716971184
2025-02-21 13:44:59.782097-05:00,602.03,602.3345,601.81,601.83,70823.0,601.9908974923399
2025-02-21 13:46:01.477937-05:00,601.8213,602.4944,601.77,601.92,78278.0,601.8445675898723
2025-02-21 13:47:06.288378-05:00,601.92,602.4706,601.74,601.89,165434.0,601.859097017541
2025-02-21 13:48:18.719968-05:00,601.89,602.05,601.855,601.93,74595.0,601.9466475434004
2025-02-21 13:49:30.697410-05:00,601.9221,602.0137,601.78,601.8,116700.0,601.9094995244219
2025-02-21 13:50:19.302316-05:00,601.79,602.21,601.77,602.125,76499.0,601.988881929176
2025-02-21 13:51:12.691143-05:00,602.12,602.18,601.9135,602.02,65117.0,602.0517228619248
2025-02-21 13:52:28.188143-05:00,602.02,602.09,601.9,602.02,56053.0,601.9913814889471
2025-02-21 13:53:29.094693-05:00,602.015,602.22,601.79,602.22,75842.0,602.0086639685136
2025-02-21 13:54:32.657042-05:00,602.23,602.23,601.9532,602.095,79063.0,602.1118263625204
2025-02-21 13:55:39.902802-05:00,602.1,602.22,601.9824,602.16,56933.0,602.1234731017166
2025-02-21 13:56:50.831382-05:00,602.16,602.27,602.0,602.0,165842.0,602.2020301702823
2025-02-21 13:57:20.753569-05:00,602.0,602.11,601.72,601.82,128459.0,601.9342943304864
2025-02-21 13:58:36.706061-05:00,601.82,602.0372,601.71,601.73,71748.0,601.8278690360695
2025-02-21 13:59:24.718984-05:00,601.73,601.9998,601.57,601.61,85831.0,601.6538326175856
2025-02-21 14:00:27.952574-05:00,601.61,601.9054,601.61,601.7515,65877.0,601.7279243286736
2025-02-21 14:01:16.579873-05:00,601.7693,601.91,601.5,601.53,73601.0,601.6833479952718
2025-02-21 14:01:48.390110-05:00,601.53,601.7916,601.23,601.33,81973.0,601.3839843594841
2025-02-21 14:02:35.391398-05:00,601.33,601.6382,601.319,601.55,140320.0,601.4520830209528
2025-02-21 14:03:23.890140-05:00,601.55,601.6,601.325,601.36,112167.0,601.4055707302506
2025-02-21 14:04:10.252705-05:00,601.36,601.5199,601.22,601.32,121418.0,601.3472871304093
2025-02-21 14:04:58.760470-05:00,601.32,601.4739,601.24,601.36,99616.0,601.332123935914
2025-02-21 14:05:43.222233-05:00,601.36,601.48,601.28,601.37,83653.0,601.3767305619651
2025-02-21 14:06:26.324415-05:00,601.37,601.6,601.25,601.45,72147.0,601.4291499272316
2025-02-21 14:07:28.685410-05:00,601.4501,601.5,601.3393,601.42,78697.0,601.4203281319493
2025-02-21 14:08:31.762906-05:00,601.44,601.56,601.3785,601.51,60981.0,601.4780289188443
2025-02-21 14:09:22.943922-05:00,601.51,601.71,601.3895,601.705,87293.0,601.6044193623767
2025-02-21 14:10:06.287494-05:00,601.7,601.81,601.4489,601.73,95883.0,601.6868819415325
2025-02-21 14:11:02.275491-05:00,601.74,601.81,601.468,601.79,91341.0,601.7133574802118
2025-02-21 14:11:39.005376-05:00,601.79,601.87,601.43,601.52,116068.0,601.6306025390288
2025-02-21 14:12:36.496063-05:00,601.52,601.74,601.46,601.65,88502.0,601.5450829179001
2025-02-21 14:13:22.496425-05:00,601.6677,601.96,601.5912,601.8964,96392.0,601.8372575773915
2025-02-21 14:14:01.952307-05:00,601.9026,602.1,601.6777,602.085,67593.0,601.9468389892442
2025-02-21 14:14:42.973673-05:00,602.1,602.33,601.7238,602.12,74915.0,602.1884123940481
2025-02-21 14:15:34.936447-05:00,602.12,602.18,601.6752,601.995,78844.0,602.0755706597841
2025-02-21 14:16:25.736030-05:00,601.98,602.0731,601.52,601.5733,69294.0,601.8014657849166
2025-02-21 14:17:29.729796-05:00,601.56,601.9644,601.56,601.75,91471.0,601.7081938286451
2025-02-21 14:18:38.169829-05:00,601.75,601.9156,601.55,601.62,71700.0,601.6544108870283
2025-02-21 14:19:40.292068-05:00,601.62,601.89,601.39,601.45,75928.0,601.5646499618057
2025-02-21 14:20:28.596978-05:00,601.45,601.7465,601.1,601.1,74762.0,601.3500586059761
2025-02-21 14:20:58.287039-05:00,601.1,601.5617,600.98,601.0,115184.0,601.1132238852614
2025-02-21 14:21:25.885758-05:00,601.0,601.6457,600.85,600.8667,76578.0,600.959891091436
2025-02-21 14:22:01.670847-05:00,600.8501,601.5985,600.72,600.8,90579.0,600.7911289537311
2025-02-21 14:22:41.850979-05:00,600.8,601.2413,600.6501,600.765,78869.0,600.7594632555263
2025-02-21 14:23:33.651940-05:00,600.765,601.4798,600.7,600.78,67526.0,600.7641019399938
2025-02-21 14:24:13.050685-05:00,600.78,601.3855,600.5,600.5,64428.0,600.5945456928661
2025-02-21 14:25:02.805265-05:00,600.5,600.94,600.438,600.63,76629.0,600.613024512913
2025-02-21 14:25:52.695857-05:00,600.63,600.8239,600.4,600.415,78552.0,600.550641614471
2025-02-21 14:26:43.150234-05:00,600.415,600.6699,600.3,600.35,82876.0,600.4317080529956
2025-02-21 14:27:14.699298-05:00,600.35,600.6278,600.14,600.37,107071.0,600.2725345518387
2025-02-21 14:28:02.622977-05:00,600.3793,600.61,600.32,600.48,111421.0,600.4535318243418
2025-02-21 14:28:47.567810-05:00,600.49,600.7936,600.25,600.33,107513.0,600.4050101029645
2025-02-21 14:29:17.277644-05:00,600.33,600.4818,599.96,600.03,144313.0,600.2433356045536
2025-02-21 14:29:17.282824-05:00,600.03,600.11,599.95,600.0,57529.0,600.0215520867737
2025-02-21 14:29:17.365948-05:00,600.0,600.09,599.76,599.84,43706.0,599.9163024779209
2025-02-21 14:29:21.796014-05:00,599.85,600.3147,599.71,599.74,54223.0,599.8084491304422
2025-02-21 14:29:54.394599-05:00,599.74,600.3071,599.64,599.85,114217.0,599.7376784699295
2025-02-21 14:30:24.390873-05:00,599.84,600.1873,599.81,600.0484,86349.0,599.9688120939444
2025-02-21 14:30:54.389214-05:00,600.0484,600.38,599.9552,600.38,97162.0,600.2272155338509
2025-02-21 14:31:26.289168-05:00,600.38,600.52,600.0019,600.15,110588.0,600.2959223894098
2025-02-21 14:32:00.962297-05:00,600.165,600.2945,600.0825,600.29,90618.0,600.1745093866558
2025-02-21 14:32:40.785495-05:00,600.2999,600.53,600.1122,600.38,79882.0,600.3975417415679
2025-02-21 14:33:24.006798-05:00,600.3796,600.58,600.1092,600.5198,75995.0,600.4733807618918
2025-02-21 14:34:11.571377-05:00,600.5146,600.6525,600.1429,600.2989,64117.0,600.4843279676213
2025-02-21 14:35:05.931545-05:00,600.2836,600.3367,600.11,600.19,81513.0,600.1756211696301
2025-02-21 14:35:50.667097-05:00,600.19,600.3152,599.965,600.0245,65294.0,600.102657939473
2025-02-21 14:36:46.959565-05:00,600.03,600.2928,599.95,600.16,71524.0,600.0631346527035
2025-02-21 14:37:21.215509-05:00,600.17,600.2521,599.8,599.8,64649.0,599.9926986078679
2025-02-21 14:38:04.620907-05:00,599.8,600.2155,599.74,600.0087,62531.0,599.9113532855702
2025-02-21 14:38:47.297038-05:00,600.0087,600.1282,599.61,599.75,83977.0,599.7715938495063
2025-02-21 14:39:33.107183-05:00,599.75,600.0044,599.65,599.85,69110.0,599.76018774707
2025-02-21 14:40:22.248797-05:00,599.8401,599.9365,599.74,599.77,53364.0,599.8142013717109
2025-02-21 14:41:05.599612-05:00,599.77,600.131,599.68,599.685,70525.0,599.7571376901809
2025-02-21 14:41:45.604855-05:00,599.69,599.8565,599.5278,599.54,71824.0,599.6393054995546
2025-02-21 14:42:25.459402-05:00,599.55,600.0387,599.5,599.5,66504.0,599.6142387104536
2025-02-21 14:43:01.791687-05:00,599.51,599.9343,599.47,599.6794,95015.0,599.5435267126246
2025-02-21 14:43:40.407795-05:00,599.67,599.9,599.5953,599.845,93127.0,599.7658243796109
2025-02-21 14:44:08.249520-05:00,599.84,600.06,599.6574,599.89,78004.0,599.9335223847497
2025-02-21 14:44:43.861668-05:00,599.89,600.15,599.7283,600.06,81928.0,599.931568698125
2025-02-21 14:45:11.910529-05:00,600.0686,600.2,599.7456,600.069,101463.0,600.0748672915246
2025-02-21 14:46:01.332756-05:00,600.0612,600.07,599.7944,599.81,55544.0,599.9454153157859
2025-02-21 14:46:52.980691-05:00,599.81,600.0867,599.79,599.9107,255560.0,599.930001521758
2025-02-21 14:47:45.483876-05:00,599.9367,600.01,599.7,599.785,71772.0,599.8519025260541
2025-02-21 14:48:34.023044-05:00,599.7822,599.9303,599.72,599.795,76419.0,599.7944293199326
2025-02-21 14:49:07.295613-05:00,599.8,600.14,599.79,600.13,88027.0,599.9666492507981
2025-02-21 14:49:43.698741-05:00,600.13,600.17,599.8431,599.93,87201.0,600.0569026341446
2025-02-21 14:50:18.041391-05:00,599.93,600.12,599.9,600.09,85375.0,599.9952529733517
2025-02-21 14:50:52.678315-05:00,600.09,600.41,599.9397,600.38,78290.0,600.2069502120322
2025-02-21 14:51:19.656039-05:00,600.38,600.5,599.9284,600.39,111326.0,600.4238494888891
2025-02-21 14:51:55.931912-05:00,600.39,600.54,599.9678,600.45,93825.0,600.45334499334
2025-02-21 14:52:37.830944-05:00,600.44,600.55,599.9929,600.54,69590.0,600.470774652967
2025-02-21 14:53:06.935269-05:00,600.54,600.64,600.0865,600.63,88713.0,600.578231901751
2025-02-21 14:53:45.465884-05:00,600.63,600.66,600.2706,600.38,71420.0,600.5439033211981
2025-02-21 14:54:32.186357-05:00,600.375,600.5453,600.09,600.11,105081.0,600.3043584368245
2025-02-21 14:55:10.846651-05:00,600.11,600.4181,599.98,600.27,103607.0,600.0937771472973
2025-02-21 14:55:53.188867-05:00,600.27,600.45,600.17,600.4,76862.0,600.3059179308369
2025-02-21 14:56:30.114958-05:00,600.39,600.57,600.2236,600.45,58990.0,600.4746446024753
2025-02-21 14:57:06.635283-05:00,600.45,600.61,600.2508,600.6,479142.0,600.5115198980675
2025-02-21 14:57:54.380825-05:00,600.61,600.61,600.2687,600.43,60134.0,600.4734818671636
2025-02-21 14:58:38.862070-05:00,600.4299,600.4533,600.165,600.32,82729.0,600.2714608287303
2025-02-21 14:59:16.419714-05:00,600.3281,600.44,600.01,600.05,82492.0,600.255358825099
2025-02-21 15:00:00.012309-05:00,600.045,600.3108,600.0,600.03,108437.0,600.0321654665842
2025-02-21 15:00:34.237953-05:00,600.03,600.2721,599.76,600.02,100411.0,599.9196741711565
2025-02-21 15:01:09.453067-05:00,600.0298,600.32,600.02,600.29,88360.0,600.2333915617925
2025-02-21 15:01:55.670266-05:00,600.29,600.43,599.85,599.86,78145.0,600.0636497319085
2025-02-21 15:02:55.784456-05:00,599.86,600.2509,599.75,599.91,79875.0,599.8177861784035
2025-02-21 15:03:51.835508-05:00,599.91,600.0767,599.77,599.9293,68996.0,599.8708154835057
2025-02-21 15:04:39.137110-05:00,599.925,600.1579,599.9173,599.95,53255.0,600.0549879635712
2025-02-21 15:05:30.530904-05:00,599.95,600.1601,599.922,600.05,63571.0,600.0163288858122
2025-02-21 15:06:24.460278-05:00,600.045,600.22,599.9377,600.21,60209.0,600.0940141141692
2025-02-21 15:07:16.820928-05:00,600.21,600.26,599.9595,600.145,55436.0,600.1769405981668
2025-02-21 15:08:16.178186-05:00,600.1475,600.2,599.9,599.94,54461.0,600.0480533023635
2025-02-21 15:09:05.925766-05:00,599.94,600.08,599.88,599.92,55947.0,599.9575813126712
2025-02-21 15:10:11.700652-05:00,599.92,600.055,599.88,599.92,59920.0,599.934612171229
2025-02-21 15:10:47.968688-05:00,599.91,600.041,599.6744,599.69,94425.0,599.7806584082617
2025-02-21 15:11:29.776162-05:00,599.6899,599.9393,599.65,599.8,76228.0,599.7630222542883
2025-02-21 15:12:23.963259-05:00,599.8,600.1,599.78,600.08,347550.0,599.8676259818727
2025-02-21 15:12:55.105861-05:00,600.0706,600.34,599.8534,600.31,105493.0,600.2030934223121
2025-02-21 15:13:15.171006-05:00,600.3,600.48,599.9795,600.47,119677.0,600.3961806362122
2025-02-21 15:14:01.566014-05:00,600.47,600.48,600.0273,600.25,118602.0,600.2928830407585
2025-02-21 15:14:42.289040-05:00,600.25,600.3295,600.09,600.2492,131298.0,600.1944516534905
2025-02-21 15:15:21.869799-05:00,600.25,600.2918,600.11,600.1678,100917.0,600.2029548529983
2025-02-21 15:15:59.620493-05:00,600.15,600.35,600.1025,600.23,149440.0,600.2137400843147
2025-02-21 15:16:48.033214-05:00,600.22,600.34,600.1,600.105,84286.0,600.2338833400567
2025-02-21 15:17:33.309515-05:00,600.11,600.2439,600.04,600.13,91557.0,600.1200807071004
2025-02-21 15:17:57.488617-05:00,600.13,600.238,599.86,600.0,99389.0,599.9679256245656
2025-02-21 15:18:41.838393-05:00,599.99,600.201,599.9,599.94,81850.0,600.0253799095901
2025-02-21 15:19:35.562753-05:00,599.94,600.2214,599.93,600.14,1066372.0,600.2106675419102
2025-02-21 15:20:09.656829-05:00,600.16,600.8648,600.0509,600.1,117614.0,600.2024658246473
2025-02-21 15:21:02.522237-05:00,600.1,600.32,599.9813,600.25,79902.0,600.1845604840931
2025-02-21 15:21:56.193318-05:00,600.25,600.9107,600.09,600.37,69090.0,600.2478767723255
2025-02-21 15:22:42.312609-05:00,600.3699,600.39,600.1217,600.26,90886.0,600.3083833241649
2025-02-21 15:23:38.999234-05:00,600.26,600.35,600.14,600.1667,71383.0,600.227064649846
2025-02-21 15:24:06.573123-05:00,600.17,600.62,600.16,600.6,121026.0,600.503111478525
2025-02-21 15:24:42.428531-05:00,600.6,600.65,600.2151,600.56,81574.0,600.5627807965774
2025-02-21 15:25:12.540079-05:00,600.56,600.645,600.2332,600.43,91109.0,600.5568978575103
2025-02-21 15:25:58.858841-05:00,600.43,600.5617,600.2616,600.43,70644.0,600.3860150515261
2025-02-21 15:26:44.038825-05:00,600.43,600.55,600.2658,600.55,78928.0,600.4260892357597
2025-02-21 15:27:21.205435-05:00,600.545,600.61,600.2831,600.559,79471.0,600.5227007046595
2025-02-21 15:28:01.814483-05:00,600.555,600.555,600.3,600.5,90887.0,600.4420258507814
2025-02-21 15:28:48.394318-05:00,600.5,600.65,600.3583,600.55,82028.0,600.5196993648522
2025-02-21 15:29:28.080413-05:00,600.55,600.58,600.3829,600.55,81044.0,600.498150170278
2025-02-21 15:30:02.045651-05:00,600.5501,600.75,600.4158,600.71,86071.0,600.5840612900978
2025-02-21 15:30:32.319608-05:00,600.7,600.72,600.45,600.47,91378.0,600.5401349154059
2025-02-21 15:30:59.355927-05:00,600.47,600.88,600.4585,600.88,78994.0,600.7237414069422
2025-02-21 15:31:29.111505-05:00,600.88,600.92,600.4851,600.5987,92992.0,600.6747304800411
2025-02-21 15:32:03.345266-05:00,600.5993,600.6932,600.37,600.48,95809.0,600.4767722437349
2025-02-21 15:32:37.949589-05:00,600.49,600.63,600.465,600.625,83234.0,600.5577147307599
2025-02-21 15:33:17.405797-05:00,600.63,600.8,600.5229,600.775,91246.0,600.713050225763
2025-02-21 15:34:01.128539-05:00,600.78,600.78,600.5552,600.69,83808.0,600.6725503543814
2025-02-21 15:34:33.123755-05:00,600.685,600.75,600.5586,600.75,104259.0,600.689620898915
2025-02-21 15:35:17.642596-05:00,600.75,600.7674,600.571,600.6378,90540.0,600.6777766335317
2025-02-21 15:35:57.030496-05:00,600.62,600.672,600.47,600.5,81389.0,600.5517938910668
2025-02-21 15:36:43.476275-05:00,600.515,600.66,600.49,600.59,87087.0,600.5757012412878
2025-02-21 15:37:12.881054-05:00,600.59,600.64,600.28,600.2815,97631.0,600.4567368520234
2025-02-21 15:37:55.367119-05:00,600.285,600.6099,600.24,600.41,116955.0,600.3353916540548
2025-02-21 15:38:46.775908-05:00,600.41,602.0323,600.3559,600.5,88481.0,600.4320369853414
2025-02-21 15:39:32.072113-05:00,600.505,600.66,600.39,600.51,112304.0,600.539706507337
2025-02-21 15:40:14.312557-05:00,600.51,602.0435,600.4643,600.61,79380.0,600.5885644557817
2025-02-21 15:40:59.212691-05:00,600.61,602.0558,600.45,600.49,84898.0,600.5102971554106
2025-02-21 15:41:26.479278-05:00,600.49,600.5297,600.241,600.3021,102879.0,600.3513824833061
2025-02-21 15:41:49.805592-05:00,600.285,601.8501,600.16,600.33,105098.0,600.2749934489718
2025-02-21 15:42:20.988324-05:00,600.33,600.4992,600.09,600.2,143854.0,600.19549040555
2025-02-21 15:42:54.096396-05:00,600.21,600.386,600.1,600.14,122860.0,600.1683812681107
2025-02-21 15:43:18.376870-05:00,600.135,600.4353,600.07,600.16,139055.0,600.1433831778793
2025-02-21 15:43:52.047088-05:00,600.16,600.4121,600.13,600.39,91677.0,600.3053982503793
2025-02-21 15:44:09.998589-05:00,600.39,600.51,600.22,600.27,114800.0,600.4057338649819
2025-02-21 15:44:42.789082-05:00,600.27,601.3788,600.12,600.12,418565.0,600.1963776541278
2025-02-21 15:45:01.682167-05:00,600.12,600.2796,600.0,600.0,120139.0,600.0749336177254
2025-02-21 15:45:17.525666-05:00,600.0,600.2257,599.88,599.88,120449.0,599.9529642089182
2025-02-21 15:45:37.622818-05:00,599.88,600.2875,599.8,599.92,124377.0,599.8798360187161
2025-02-21 15:46:03.309359-05:00,599.92,600.276,599.85,599.99,83417.0,599.9549524653241
2025-02-21 15:46:32.516339-05:00,599.99,600.1448,599.771,599.85,86830.0,599.8604840354711
2025-02-21 15:46:57.758824-05:00,599.85,600.2332,599.6666,599.8115,104655.0,599.7758866618888
2025-02-21 15:47:23.042302-05:00,599.81,600.1849,599.775,599.925,113698.0,599.8382247225104
2025-02-21 15:47:52.277688-05:00,599.925,600.1701,599.81,599.89,96487.0,599.8714642335232
2025-02-21 15:48:20.048781-05:00,599.8907,600.0044,599.8402,599.91,100076.0,599.8897769984815
2025-02-21 15:48:46.661564-05:00,599.9,600.13,599.8493,600.03,107455.0,599.9837234554
2025-02-21 15:49:09.835486-05:00,600.03,600.226,599.8871,600.21,112259.0,600.0620694705984
2025-02-21 15:49:27.197699-05:00,600.21,600.31,599.947,600.31,122605.0,600.2551503062679
2025-02-21 15:49:50.222226-05:00,600.31,600.34,599.9683,600.07,100095.0,600.1919639802192
2025-02-21 15:50:05.427437-05:00,600.0701,600.55,599.9677,600.465,122963.0,600.3418356188444
2025-02-21 15:50:29.070103-05:00,600.4695,600.5263,600.0048,600.51,87656.0,600.3263964429127
2025-02-21 15:50:52.813275-05:00,600.495,600.51,600.0359,600.26,76333.0,600.3883048668334
2025-02-21 15:51:10.607661-05:00,600.265,600.3085,600.06,600.12,102745.0,600.1382547413507
2025-02-21 15:51:27.783514-05:00,600.12,600.29,600.075,600.2799,91251.0,600.1815663883139
2025-02-21 15:51:51.343671-05:00,600.27,600.38,600.0886,600.28,100642.0,600.3170322072294
2025-02-21 15:52:19.696058-05:00,600.28,600.4391,600.1077,600.3383,84292.0,600.3361029385945
2025-02-21 15:52:41.648468-05:00,600.3,600.375,600.14,600.2464,90913.0,600.2270451772575
2025-02-21 15:53:08.343632-05:00,600.2464,600.28,600.11,600.15,82384.0,600.1730195365598
2025-02-21 15:53:29.435076-05:00,600.15,600.31,600.075,600.1,94460.0,600.1916880224442
2025-02-21 15:53:47.624912-05:00,600.1,600.2565,599.97,600.01,117857.0,600.0368086053435
2025-02-21 15:54:10.189160-05:00,600.01,600.233,599.93,600.14,112344.0,600.0086700251017
2025-02-21 15:54:30.594764-05:00,600.15,600.2169,599.97,600.04,115453.0,600.0745473032316
2025-02-21 15:54:50.587745-05:00,600.05,600.42,600.01,600.41,107385.0,600.1608623988452
2025-02-21 15:55:03.291111-05:00,600.41,600.45,600.0984,600.43,115316.0,600.3516222909225
2025-02-21 15:55:20.211660-05:00,600.43,600.49,600.1067,600.44,114140.0,600.365593854915
2025-02-21 15:55:38.528119-05:00,600.44,600.46,600.1333,600.335,102013.0,600.3450279513394
2025-02-21 15:55:55.936765-05:00,600.335,600.34,600.13,600.2,113384.0,600.2519179901926
2025-02-21 15:56:17.155620-05:00,600.2,600.3094,600.1,600.11,97589.0,600.177123769072
2025-02-21 15:56:37.308739-05:00,600.11,600.2689,599.95,599.97,106615.0,600.0372965370726
2025-02-21 15:56:53.957204-05:00,599.97,600.2459,599.85,599.93,115269.0,599.9589868351421
2025-02-21 15:56:56.259055-05:00,599.93,600.1479,599.47,599.84,129015.0,599.7866042770222
2025-02-21 15:57:09.498804-05:00,599.835,600.1367,599.7,599.72,128023.0,599.805721563313
2025-02-21 15:57:18.359624-05:00,599.72,600.1126,599.66,599.835,147969.0,599.7714574721731
2025-02-21 15:57:35.168018-05:00,599.8302,600.0813,599.76,599.9101,114938.0,599.8620323548347
2025-02-21 15:57:54.349588-05:00,599.92,600.0599,599.81,599.86,102070.0,599.8673782433625
2025-02-21 15:58:08.618739-05:00,599.86,600.0461,599.79,599.82,103698.0,599.8452834432683
2025-02-21 15:58:23.674429-05:00,599.82,600.0328,599.81,599.91,124299.0,599.8870288473764
2025-02-21 15:58:40.079776-05:00,599.91,600.0199,599.8504,599.955,108226.0,599.9470096723513
2025-02-21 15:58:50.806006-05:00,599.955,600.04,599.857,600.0148,128018.0,599.9982581933793
2025-02-21 15:59:00.534622-05:00,600.02,600.05,599.88,600.04,142882.0,599.9988621785807
2025-02-21 15:59:05.695734-05:00,600.05,600.12,600.01,600.01,138267.0,600.0711559041566
2025-02-21 15:59:12.526309-05:00,600.015,600.065,599.88,599.9,141923.0,599.9436278763833
2025-02-21 15:59:19.745343-05:00,599.9,599.9,599.79,599.81,152721.0,599.8526517590897
2025-02-21 15:59:26.505597-05:00,599.81,599.82,599.67,599.72,157187.0,599.7536935509937
2025-02-21 15:59:32.844077-05:00,599.72,599.79,599.61,599.69,172101.0,599.7088329399603
2025-02-21 15:59:40.225157-05:00,599.69,599.73,599.55,599.55,156200.0,599.662984357874
2025-02-21 15:59:47.013230-05:00,599.55,599.74,599.515,599.72,153338.0,599.5947030220815
2025-02-21 15:59:50.603773-05:00,599.72,599.97,599.68,599.93,121826.0,599.776153168453
2025-02-21 15:59:55.100189-05:00,599.92,600.0,599.7012,599.99,199304.0,599.9405836199977
2025-02-24 09:30:00.872287-05:00,599.99,602.04,599.88,602.03,230938.0,600.0920229806269
2025-02-24 09:30:03.315580-05:00,602.03,602.14,601.83,601.98,544347.0,601.980258942739
2025-02-24 09:30:03.909819-05:00,601.839,601.98,601.811,601.83,4526.0,601.923231794075
2025-02-24 09:30:05.627944-05:00,601.98,602.04,601.77,602.03,23805.0,601.8244561688795
2025-02-24 09:30:07.355406-05:00,601.98,602.01,601.7799,601.98,9816.0,601.8450736247156
2025-02-24 09:30:08.707915-05:00,601.98,601.98,601.8,601.98,7083.0,601.857912974727
2025-02-24 09:30:09.746082-05:00,601.98,601.98,601.79,601.83,4935.0,601.8435009118581
2025-02-24 09:30:13.747132-05:00,601.98,601.98,601.77,601.86,69864.0,601.8784641861332
2025-02-24 09:30:15.109030-05:00,601.86,601.98,601.7888,601.91,169803.0,601.8346123696288
2025-02-24 09:30:28.698406-05:00,601.91,601.98,601.81,601.91,109259.0,601.8965762445199
2025-02-24 09:30:58.511171-05:00,601.9206,602.18,601.85,602.12,119007.0,601.9848484988275
2025-02-24 09:31:26.719847-05:00,602.1498,602.38,601.98,602.28,85927.0,602.2367476590589
2025-02-24 09:32:01.727904-05:00,602.28,602.5288,601.9159,602.45,67347.0,602.3308297370336
2025-02-24 09:32:26.596344-05:00,602.475,603.0,601.98,602.92,87312.0,602.7770898421759
2025-02-24 09:33:06.504727-05:00,602.9287,603.03,602.32,602.68,68363.0,602.8838080467505
2025-02-24 09:33:49.582244-05:00,602.68,602.7,602.23,602.2302,85064.0,602.4484443160449
2025-02-24 09:34:35.702919-05:00,602.2612,602.6371,602.16,602.25,103639.0,602.2376582608865
2025-02-24 09:35:13.505297-05:00,602.25,602.4134,601.95,601.99,80616.0,602.1060722015479
2025-02-24 09:35:39.242672-05:00,601.99,602.2827,601.77,601.8,98333.0,601.8883130668241
2025-02-24 09:36:04.727025-05:00,601.77,602.267,601.5812,601.6804,100127.0,601.661945379369
2025-02-24 09:36:47.395051-05:00,601.7032,602.242,601.5791,601.58,78684.0,601.6733079685832
2025-02-24 09:37:22.321892-05:00,601.58,602.1533,601.25,601.25,68868.0,601.4506745934258
2025-02-24 09:37:59.117556-05:00,601.25,601.98,601.07,601.18,83882.0,601.1849523366162
2025-02-24 09:38:28.476806-05:00,601.19,601.584,601.14,601.58,101973.0,601.4276397536605
2025-02-24 09:39:05.027864-05:00,601.58,601.98,601.345,601.49,85725.0,601.5137433280835
2025-02-24 09:39:47.071746-05:00,601.48,601.98,601.29,601.325,71977.0,601.392537609236
2025-02-24 09:40:23.256744-05:00,601.325,601.5485,601.21,601.28,79506.0,601.2677233328316
2025-02-24 09:40:56.696044-05:00,601.28,601.98,601.27,601.4,72836.0,601.3809341136255
2025-02-24 09:41:36.241643-05:00,601.3912,601.6,601.3474,601.35,69026.0,601.4851540738273
2025-02-24 09:42:09.866055-05:00,601.3301,601.98,601.1631,601.31,67489.0,601.2668170264792
2025-02-24 09:43:00.467877-05:00,601.31,601.3747,575.87,601.295,52916.0,601.2654230043846
2025-02-24 09:43:20.439604-05:00,601.295,601.3847,600.96,601.02,66781.0,601.1255955765861
2025-02-24 09:43:46.183811-05:00,601.02,601.1985,600.74,600.835,90943.0,600.8999425222385
2025-02-24 09:44:25.898637-05:00,600.82,601.2256,600.65,600.7201,75163.0,600.8011460120009
2025-02-24 09:44:48.969468-05:00,600.725,601.15,600.7,601.11,104931.0,600.9529255587007
2025-02-24 09:45:26.434568-05:00,601.11,601.31,600.9297,601.06,58794.0,601.1455423801752
2025-02-24 09:46:08.918683-05:00,601.06,601.34,600.9373,601.3088,65961.0,601.1932465760076
2025-02-24 09:46:47.716261-05:00,601.29,601.3191,600.77,600.775,82251.0,601.0696689316854
2025-02-24 09:47:38.627116-05:00,600.78,602.205,600.75,600.87,76854.0,600.8956020233176
2025-02-24 09:48:35.797667-05:00,600.87,601.8,600.8488,600.93,71538.0,600.9396883502474
2025-02-24 09:49:30.607686-05:00,600.94,601.0098,600.75,600.83,43579.0,600.8238878060529
2025-02-24 09:49:35.221312-05:00,600.83,601.0096,600.38,600.495,82838.0,600.5871479960889
2025-02-24 09:50:06.666565-05:00,600.495,600.9393,600.35,600.49,78832.0,600.4680802668969
2025-02-24 09:50:32.851368-05:00,600.49,600.8153,600.31,600.31,44135.0,600.451649400702
2025-02-24 09:50:55.882574-05:00,600.31,600.7737,600.3,600.43,56341.0,600.374686771623
2025-02-24 09:51:37.241464-05:00,600.43,600.6764,600.33,600.445,60738.0,600.4175858457628
2025-02-24 09:52:04.497963-05:00,600.4567,600.592,600.19,600.5785,58064.0,600.3028478162022
2025-02-24 09:52:29.651444-05:00,600.25,600.5771,600.0,600.0,81434.0,600.1548276064048
2025-02-24 09:52:30.971823-05:00,600.0,600.06,599.98,599.99,20590.0,600.00124971831
2025-02-24 09:52:49.915825-05:00,599.99,600.41,599.94,600.04,81706.0,600.0287820686367
2025-02-24 09:53:08.752243-05:00,600.04,600.3509,599.94,599.94,51774.0,600.0181655309656
2025-02-24 09:53:16.736333-05:00,599.94,599.9888,599.68,599.7,58246.0,599.8424674312405
2025-02-24 09:53:33.074709-05:00,599.7,599.71,599.46,599.52,80598.0,599.5838286855751
2025-02-24 09:53:58.372937-05:00,599.5125,602.0299,599.35,599.47,85858.0,599.497797402688
2025-02-24 09:54:27.833140-05:00,599.47,599.99,599.43,599.5,81378.0,599.5359767492431
2025-02-24 09:55:00.012249-05:00,599.5,599.94,599.42,599.6,74963.0,599.5230954684303
2025-02-24 09:55:24.372641-05:00,599.5821,599.8801,599.2501,599.296,66221.0,599.4422176167673
2025-02-24 09:55:50.884903-05:00,599.28,599.45,599.16,599.24,69441.0,599.3066385075098
2025-02-24 09:56:19.169060-05:00,599.24,599.77,599.13,599.2,75484.0,599.2000114779293
2025-02-24 09:56:43.959898-05:00,599.2,599.55,599.19,599.49,78711.0,599.3658009160096
2025-02-24 09:57:10.008269-05:00,599.48,599.545,599.31,599.44,90935.0,599.4735004838616
2025-02-24 09:57:33.726374-05:00,599.44,599.48,599.02,599.03,74015.0,599.2378820833611
2025-02-24 09:57:41.402602-05:00,599.03,599.03,598.88,598.9,37931.0,598.9742753394335
2025-02-24 09:58:11.939636-05:00,598.9,599.0,598.8,598.8125,71854.0,598.8870447031485
2025-02-24 09:58:36.360094-05:00,598.8114,599.2997,598.685,598.89,72562.0,598.8200498415146
2025-02-24 09:59:02.258386-05:00,598.89,600.0,598.81,599.0,63553.0,598.8916197441508
2025-02-24 09:59:30.466040-05:00,599.0,599.226,598.75,598.7999,69381.0,598.8883638777188
2025-02-24 09:59:55.992211-05:00,598.795,599.1754,598.63,598.7433,75300.0,598.7647941261624
2025-02-24 10:00:18.632428-05:00,598.7599,599.0925,598.67,598.8291,78921.0,598.7619478567168
2025-02-24 10:00:36.808231-05:00,598.79,599.05,598.79,598.95,111935.0,598.8961946879884
2025-02-24 10:00:57.658077-05:00,598.95,599.17,598.895,598.99,89950.0,599.0765930572541
2025-02-24 10:01:17.976452-05:00,598.99,599.0135,598.7,598.8,69014.0,598.8337382096377
2025-02-24 10:01:30.578394-05:00,598.8,598.9,598.42,598.42,84133.0,598.5798240607131
2025-02-24 10:01:43.284434-05:00,598.42,598.9251,598.08,598.11,120888.0,598.2712808045461
2025-02-24 10:01:47.237783-05:00,598.13,598.19,597.98,597.99,41788.0,598.0544479994259
2025-02-24 10:02:04.078611-05:00,597.99,598.8185,597.92,598.1,107717.0,597.984117822628
2025-02-24 10:02:28.614856-05:00,598.1,598.31,598.03,598.09,78226.0,598.1837430509041
2025-02-24 10:02:55.896309-05:00,598.09,598.628,598.035,598.08,60226.0,598.1029147195568
2025-02-24 10:03:07.738143-05:00,598.08,598.5507,597.85,597.91,57204.0,597.9430231347467
2025-02-24 10:03:20.093641-05:00,597.91,598.5465,597.6,597.62,56145.0,597.7512438863661
2025-02-24 10:03:30.655698-05:00,597.6199,598.4684,597.45,597.46,75548.0,597.5908564647643
2025-02-24 10:03:40.473373-05:00,597.46,598.4259,597.43,597.5,86227.0,597.4956268651337
2025-02-24 10:03:53.735950-05:00,597.505,598.23,597.455,597.67,50131.0,597.5643464223735
2025-02-24 10:04:05.979095-05:00,597.67,597.675,597.46,597.63,48819.0,597.5545907085354
2025-02-24 10:04:19.734413-05:00,597.63,598.85,597.35,597.4,50599.0,597.4757906421072
2025-02-24 10:04:32.938592-05:00,597.395,597.445,597.24,597.295,52947.0,597.3198106634956
2025-02-24 10:04:46.850381-05:00,597.295,597.9912,597.15,597.21,47528.0,597.2161351687415
2025-02-24 10:04:58.840340-05:00,597.21,597.39,597.09,597.37,49241.0,597.2645495379869
2025-02-24 10:05:12.240351-05:00,597.37,597.56,597.28,597.325,39162.0,597.3733655124886
2025-02-24 10:05:19.283410-05:00,597.325,597.3863,597.0,597.0,59337.0,597.2557645617411
2025-02-24 10:05:26.247774-05:00,597.0,597.6602,596.93,597.2,110119.0,597.0163150646124
2025-02-24 10:05:41.631452-05:00,597.2,597.2575,597.09,597.19,47964.0,597.1704319010092
2025-02-24 10:05:59.464304-05:00,597.19,597.2188,597.0,597.1059,41779.0,597.077887998755
2025-02-24 10:06:18.116667-05:00,597.05,597.4807,596.69,596.73,99747.0,596.8233751030106
2025-02-24 10:06:31.289556-05:00,596.73,597.2088,596.655,596.81,92066.0,596.7941151032956
2025-02-24 10:06:51.117243-05:00,596.77,597.13,596.63,596.63,83267.0,596.8357376715862
2025-02-24 10:07:10.863815-05:00,596.63,597.3882,596.61,597.01,89225.0,596.85664569123
2025-02-24 10:07:30.669526-05:00,597.03,597.04,596.58,596.5906,78031.0,596.8818077507648
2025-02-24 10:07:48.464152-05:00,596.6,597.49,596.47,596.63,93669.0,596.589843245898
2025-02-24 10:08:10.536267-05:00,596.6208,596.86,596.57,596.77,99609.0,596.6893578070266
2025-02-24 10:08:22.824925-05:00,596.77,597.33,596.76,597.33,108768.0,597.1345045031627
2025-02-24 10:08:29.282016-05:00,597.33,597.48,597.31,597.32,138351.0,597.4074694530583
2025-02-24 10:08:46.252868-05:00,597.33,597.66,597.0022,597.64,82857.0,597.3967311753992
2025-02-24 10:09:04.285403-05:00,597.64,597.7888,597.1184,597.66,67438.0,597.6580584373794
2025-02-24 10:09:20.038194-05:00,597.66,597.93,597.0823,597.93,93440.0,597.7805046917804
2025-02-24 10:09:43.006325-05:00,597.93,600.3,597.0499,598.15,67166.0,598.0813491870894
2025-02-24 10:10:10.576166-05:00,598.15,600.3,597.1516,597.95,66260.0,598.0161770962873
2025-02-24 10:10:30.108704-05:00,598.0,598.4,597.1635,598.26,86944.0,598.2071871917557
2025-02-24 10:10:56.525087-05:00,598.24,598.56,596.971,598.5,85129.0,598.3269546300317
2025-02-24 10:11:22.192904-05:00,598.5,598.64,596.5,598.39,80789.0,598.5346244216415
2025-02-24 10:11:47.071809-05:00,598.38,598.5,597.59,598.26,83764.0,598.3678059464693
2025-02-24 10:12:20.068364-05:00,598.26,598.47,597.6126,598.39,65843.0,598.3340537688132
2025-02-24 10:12:47.406854-05:00,598.39,598.58,598.18,598.44,78340.0,598.3935184720449
2025-02-24 10:13:21.514041-05:00,598.44,598.47,597.4705,598.38,52809.0,598.3511847412371
2025-02-24 10:13:54.449579-05:00,598.37,598.74,597.4803,598.5701,67781.0,598.6328076127527
2025-02-24 10:14:17.123295-05:00,598.58,599.12,598.4433,598.97,84145.0,598.8979746972489
2025-02-24 10:14:45.129096-05:00,598.965,599.11,598.285,598.96,103070.0,598.9225728747454
2025-02-24 10:15:15.157056-05:00,598.96,599.05,598.52,598.83,76454.0,598.9234205718473
2025-02-24 10:15:48.407386-05:00,598.83,599.22,598.5899,599.04,67154.0,598.9096418426307
2025-02-24 10:16:17.750701-05:00,599.04,599.23,598.6915,599.08,83286.0,599.0959600545111
2025-02-24 10:16:46.941389-05:00,599.0895,599.23,598.7117,599.12,57957.0,599.0963972151766
2025-02-24 10:17:15.050507-05:00,599.1181,599.445,598.836,599.15,88565.0,599.2675269113075
2025-02-24 10:17:43.958887-05:00,599.15,599.22,598.9,598.9218,64134.0,599.0575920323075
2025-02-24 10:18:08.368516-05:00,598.925,599.1316,598.73,598.76,84767.0,598.8237961848359
2025-02-24 10:18:47.279280-05:00,598.76,599.0382,598.52,598.56,73592.0,598.7880881998035
2025-02-24 10:19:17.367574-05:00,598.56,598.9651,598.37,598.37,69704.0,598.5031048562489
2025-02-24 10:19:48.881836-05:00,598.37,598.9136,598.15,598.15,98461.0,598.3810070728515
2025-02-24 10:20:13.226877-05:00,598.16,598.8164,598.11,598.7485,101185.0,598.4216438968227
2025-02-24 10:20:56.862058-05:00,598.735,600.3,598.33,598.5293,83341.0,598.5118347692012
2025-02-24 10:21:28.944516-05:00,598.52,599.0,598.49,598.92,71107.0,598.8166429802973
2025-02-24 10:22:10.886708-05:00,598.92,599.05,598.5123,598.79,57560.0,598.8193883078533
2025-02-24 10:22:48.673377-05:00,598.79,598.91,598.5674,598.8,56896.0,598.7639510879505
2025-02-24 10:23:25.529066-05:00,598.8,599.09,598.6002,599.07,72141.0,598.900511325044
2025-02-24 10:24:07.047184-05:00,599.07,599.22,598.6229,598.91,58326.0,598.97612973631
2025-02-24 10:24:54.333118-05:00,598.92,599.13,598.6442,599.11,48597.0,598.973519820153
2025-02-24 10:25:41.791064-05:00,599.11,599.17,598.7,598.935,39521.0,598.9385653804309
2025-02-24 10:26:36.275986-05:00,598.94,598.99,598.54,598.57,47446.0,598.7674991421829
2025-02-24 10:27:08.174477-05:00,598.57,598.8624,598.18,598.255,75831.0,598.4640675660349
2025-02-24 10:27:49.253395-05:00,598.245,598.7861,598.14,598.14,58291.0,598.252608747491
2025-02-24 10:28:24.394592-05:00,598.14,598.6902,598.02,598.08,71933.0,598.1352574868284
2025-02-24 10:28:56.865354-05:00,598.09,598.5048,597.86,597.91,70064.0,598.0534654301783
2025-02-24 10:29:29.437037-05:00,597.91,598.424,597.85,597.87,174540.0,598.0717026062792
2025-02-24 10:30:11.447085-05:00,597.89,598.2002,597.81,597.94,69761.0,597.9064055876499
2025-02-24 10:30:41.728321-05:00,597.94,598.1587,597.65,598.12,63631.0,597.8437282645249
2025-02-24 10:31:16.629828-05:00,598.12,598.4521,597.96,598.06,76071.0,598.1723892705501
2025-02-24 10:32:03.359132-05:00,598.054,598.32,598.05,598.15,48746.0,598.205561502482
2025-02-24 10:32:49.934842-05:00,598.16,598.46,598.0616,598.3,59634.0,598.2883290019115
2025-02-24 10:33:36.349766-05:00,598.31,598.3699,597.97,597.99,48835.0,598.2475065547256
2025-02-24 10:34:23.381293-05:00,597.9999,598.1875,597.72,597.89,67882.0,597.8784357635316
2025-02-24 10:35:06.033471-05:00,597.89,598.1026,597.73,597.8899,67493.0,597.8431552086874
2025-02-24 10:35:51.940847-05:00,597.89,598.2199,597.79,598.16,53901.0,598.0356888443623
2025-02-24 10:36:41.311125-05:00,598.17,598.2399,597.68,597.77,56557.0,597.8474198260163
2025-02-24 10:37:16.956591-05:00,597.79,598.4393,597.44,597.475,64894.0,597.6410334761308
2025-02-24 10:38:07.368689-05:00,597.48,598.33,597.46,597.69,67737.0,597.6216427166829
2025-02-24 10:38:40.699593-05:00,597.67,598.16,597.67,597.89,71548.0,597.9756073586962
2025-02-24 10:39:30.620705-05:00,597.9,598.3007,597.71,597.86,49293.0,597.8426968575654
2025-02-24 10:40:28.275118-05:00,597.86,598.06,597.8255,597.9299,38821.0,597.9347140465214
2025-02-24 10:41:10.957831-05:00,597.9397,598.32,597.8158,598.12,54949.0,598.1056898778867
2025-02-24 10:41:57.789568-05:00,598.12,598.16,597.7748,598.01,54673.0,597.9175172315396
2025-02-24 10:42:56.001910-05:00,598.01,598.03,597.77,597.77,60165.0,597.9291991772631
2025-02-24 10:43:46.994577-05:00,597.77,597.99,597.53,597.53,41411.0,597.7485814638623
2025-02-24 10:44:35.013222-05:00,597.53,597.9223,597.53,597.7094,60634.0,597.7184821090476
2025-02-24 10:45:32.028417-05:00,597.7075,598.0,597.62,597.81,47835.0,597.7693411121585
2025-02-24 10:46:11.650907-05:00,597.81,597.9099,597.46,597.4663,62871.0,597.6890979402274
2025-02-24 10:46:59.693848-05:00,597.46,597.8011,597.34,597.43,58165.0,597.4745250391127
2025-02-24 10:47:42.476291-05:00,597.4113,597.7956,597.3578,597.39,74966.0,597.5089639863393
2025-02-24 10:48:22.484387-05:00,597.39,597.85,597.28,597.85,68897.0,597.5476443241357
2025-02-24 10:49:21.275950-05:00,597.8501,597.93,597.5383,597.8,40590.0,597.7670629342205
2025-02-24 10:50:02.454823-05:00,597.8,598.12,597.6162,598.12,50857.0,597.8841749788621
2025-02-24 10:50:38.279636-05:00,598.13,598.25,597.6455,598.05,74498.0,598.0819683454595
2025-02-24 10:51:01.370688-05:00,598.04,598.19,597.7337,597.87,78341.0,597.9238391710594
2025-02-24 10:51:40.980826-05:00,597.867,598.0004,597.63,597.8299,71678.0,597.8628771701214
2025-02-24 10:52:24.372582-05:00,597.82,597.9536,597.34,597.36,61231.0,597.5324796459311
2025-02-24 10:53:11.106864-05:00,597.36,597.769,597.1101,597.2,69733.0,597.2519240632124
2025-02-24 10:54:04.315181-05:00,597.2,597.7553,597.2,597.49,51138.0,597.414760633971
2025-02-24 10:54:59.545134-05:00,597.48,597.7213,597.26,597.26,62199.0,597.3603140757897
2025-02-24 10:55:38.217250-05:00,597.26,597.6693,597.04,597.08,65908.0,597.1760462993877
2025-02-24 10:56:06.317425-05:00,597.08,597.4261,596.8762,596.97,62983.0,596.9964924709838
2025-02-24 10:56:54.780340-05:00,596.98,597.5446,596.74,596.96,60167.0,596.9267078066059
2025-02-24 10:57:48.708980-05:00,596.9688,597.5116,596.86,596.92,71959.0,596.9974330090747
2025-02-24 10:58:36.932419-05:00,596.93,601.98,596.925,597.36,52388.0,597.2029560567304
2025-02-24 10:59:20.246930-05:00,597.36,597.51,597.081,597.48,47713.0,597.3653633768581
2025-02-24 10:59:56.291031-05:00,597.46,597.88,594.78,597.72,73584.0,597.6712361287777
2025-02-24 11:00:47.681955-05:00,597.73,597.81,597.2089,597.72,51549.0,597.6295896525643
2025-02-24 11:01:32.290318-05:00,597.72,598.13,597.2682,597.81,51174.0,597.9157338042754
2025-02-24 11:02:17.109333-05:00,597.78,597.86,597.3356,597.81,64147.0,597.7599741827369
2025-02-24 11:03:04.550018-05:00,597.81,597.9,597.6599,597.84,63370.0,597.815555859238
2025-02-24 11:03:58.765907-05:00,597.855,598.11,597.4006,597.995,45246.0,597.8923739910705
2025-02-24 11:04:43.543122-05:00,598.02,598.09,597.7582,597.95,53874.0,597.9844463099095
2025-02-24 11:05:26.688808-05:00,597.95,598.17,597.471,598.0754,72734.0,598.0578664063571
2025-02-24 11:06:11.236823-05:00,598.09,598.3,597.599,598.3,49220.0,598.1349964790735
2025-02-24 11:06:54.647261-05:00,598.29,598.35,597.935,598.161,65695.0,598.2496487906228
2025-02-24 11:07:28.134387-05:00,598.19,598.53,597.7454,598.47,65310.0,598.3972668243756
2025-02-24 11:08:19.014388-05:00,598.4537,598.65,597.9099,598.4,63935.0,598.4883048549315
2025-02-24 11:09:00.791364-05:00,598.42,598.46,598.12,598.43,67529.0,598.2864193428007
2025-02-24 11:09:50.195605-05:00,598.43,598.43,598.0391,598.12,54188.0,598.2907766498129
2025-02-24 11:10:44.556971-05:00,598.13,598.3378,597.97,598.2,62449.0,598.1312694518725
2025-02-24 11:11:34.940192-05:00,598.2,598.38,598.0,598.33,53310.0,598.2123029150251
2025-02-24 11:12:19.942850-05:00,598.33,598.39,598.16,598.23,57227.0,598.3112217869176
2025-02-24 11:13:21.374535-05:00,598.23,598.48,598.16,598.46,54343.0,598.3254559207246
2025-02-24 11:14:18.581370-05:00,598.47,598.54,598.2535,598.46,54747.0,598.4365388167398
2025-02-24 11:15:08.575230-05:00,598.4585,598.51,598.2782,598.48,48068.0,598.4026418386452
2025-02-24 11:16:04.685581-05:00,598.47,598.62,598.3114,598.62,51766.0,598.5175551674835
2025-02-24 11:17:10.955400-05:00,598.62,598.65,598.3611,598.53,59077.0,598.524419261302
2025-02-24 11:18:05.391552-05:00,598.53,598.74,598.3702,598.58,46765.0,598.6261752443074
2025-02-24 11:19:06.615734-05:00,598.56,598.66,598.3686,598.62,61889.0,598.5795897493896
2025-02-24 11:19:46.648002-05:00,598.62,598.93,598.3925,598.91,102173.0,598.8111225764146
2025-02-24 11:20:21.520154-05:00,598.91,599.09,598.5545,599.07,125623.0,598.9808373601969
2025-02-24 11:21:09.531062-05:00,599.07,599.29,598.625,598.85,57551.0,599.0743747267637
2025-02-24 11:22:12.905173-05:00,598.87,599.1,598.6641,599.04,56584.0,598.9239838364214
2025-02-24 11:23:10.412409-05:00,599.0301,599.04,598.81,598.89,40628.0,598.9276718371582
2025-02-24 11:24:18.415967-05:00,598.89,599.1,598.7661,599.05,41546.0,599.0090378616462
2025-02-24 11:25:08.830233-05:00,599.05,599.3,598.8479,599.24,89123.0,599.1702313095386
2025-02-24 11:26:00.558928-05:00,599.24,599.53,598.8699,599.51,94826.0,599.2929462130633
2025-02-24 11:26:12.359393-05:00,599.52,599.72,599.3131,599.68,188576.0,599.6519712847869
2025-02-24 11:26:33.494420-05:00,599.68,599.85,599.1773,599.7678,157020.0,599.7387111189654
2025-02-24 11:27:00.280536-05:00,599.76,600.01,599.2551,600.01,106593.0,599.8379186081637
2025-02-24 11:27:31.902938-05:00,600.01,600.3,599.5448,600.2702,96361.0,600.1529381554768
2025-02-24 11:28:22.414951-05:00,600.27,600.39,599.3431,600.27,74140.0,600.2686782330724
2025-02-24 11:29:14.793923-05:00,600.26,600.32,599.8009,600.1101,62613.0,600.1396448852472
2025-02-24 11:30:10.916125-05:00,600.1287,600.35,599.801,600.35,55755.0,600.1709006080174
2025-02-24 11:31:03.143351-05:00,600.34,600.45,599.6583,600.45,56494.0,600.3225974315844
2025-02-24 11:31:58.569426-05:00,600.45,600.54,599.7234,600.52,55929.0,600.3917504604059
2025-02-24 11:32:39.420733-05:00,600.52,600.59,600.248,600.56,91280.0,600.5111341838294
2025-02-24 11:33:29.190915-05:00,600.56,600.59,599.8832,600.38,69608.0,600.4745743420302
2025-02-24 11:34:18.998484-05:00,600.38,600.46,599.9461,600.36,82442.0,600.3594407813976
2025-02-24 11:35:26.439031-05:00,600.35,600.4345,599.9503,600.195,66567.0,600.2483777652587
2025-02-24 11:36:16.661620-05:00,600.21,600.5,600.0681,600.4101,91135.0,600.29887115488
2025-02-24 11:37:29.047536-05:00,600.42,600.49,600.09,600.21,56712.0,600.2766133939917
2025-02-24 11:38:07.268583-05:00,600.22,600.311,599.7,599.7494,73689.0,599.9297003894749
2025-02-24 11:38:56.625220-05:00,599.735,600.2605,599.51,599.52,75527.0,599.7447145166627
2025-02-24 11:40:07.823592-05:00,599.52,600.2327,599.4,599.535,48192.0,599.5192691525555
2025-02-24 11:41:22.539451-05:00,599.54,600.1987,599.465,599.76,47529.0,599.6698046308569
2025-02-24 11:42:06.442096-05:00,599.76,600.36,599.7286,600.35,75023.0,600.072912985351
2025-02-24 11:42:49.287249-05:00,600.36,600.81,599.7964,600.515,83033.0,600.5310439138655
2025-02-24 11:43:38.626710-05:00,600.515,600.7,599.9628,600.4,59090.0,600.5257337552887
2025-02-24 11:44:31.925723-05:00,600.42,600.4934,599.93,600.03,76042.0,600.1204658583421
2025-02-24 11:45:46.106563-05:00,600.03,600.68,600.02,600.598,57099.0,600.4517289742381
2025-02-24 11:46:44.690428-05:00,600.5907,600.78,600.1327,600.51,85817.0,600.6733263817185
2025-02-24 11:47:57.796301-05:00,600.51,600.7,600.186,600.69,55020.0,600.5174529389308
2025-02-24 11:49:13.655505-05:00,600.69,600.7333,600.457,600.53,56631.0,600.6377144161327
2025-02-24 11:50:23.206869-05:00,600.5298,600.6224,600.29,600.32,57634.0,600.4860536037752
2025-02-24 11:51:32.124545-05:00,600.32,600.5832,600.11,600.47,62622.0,600.2970205119603
2025-02-24 11:52:45.692007-05:00,600.4788,600.6399,600.3604,600.4215,53139.0,600.4909686877828
2025-02-24 11:54:04.142852-05:00,600.4488,600.65,600.4,600.6375,42711.0,600.5653591557201
2025-02-24 11:55:15.104814-05:00,600.64,600.64,600.3,600.335,46863.0,600.4330647056315
2025-02-24 11:56:21.592643-05:00,600.34,600.5181,600.235,600.37,64758.0,600.3581690679148
2025-02-24 11:57:16.715397-05:00,600.36,600.4511,600.03,600.19,60121.0,600.2061445135643
2025-02-24 11:58:30.217481-05:00,600.19,600.3716,599.95,600.02,43760.0,600.0714911243143
2025-02-24 11:59:32.478598-05:00,600.02,600.375,599.83,599.9,51747.0,599.9298562370768
2025-02-24 12:00:36.133305-05:00,599.9,600.2434,599.82,600.0399,71339.0,599.9009538190884
2025-02-24 12:01:38.627317-05:00,600.0394,600.2311,599.8931,600.03,51454.0,600.0783579779999
2025-02-24 12:02:41.165539-05:00,600.054,600.26,599.88,600.11,86617.0,600.0220545031577
2025-02-24 12:03:44.699397-05:00,600.11,600.55,599.987,600.46,59520.0,600.4234591616273
2025-02-24 12:04:59.979156-05:00,600.46,600.72,600.0802,600.6522,54313.0,600.5560883563791
2025-02-24 12:05:56.420357-05:00,600.6521,600.86,600.2005,600.71,49658.0,600.7355308429659
2025-02-24 12:07:03.878775-05:00,600.7,600.7457,600.15,600.18,61635.0,600.5415025732129
2025-02-24 12:08:14.702783-05:00,600.1999,600.61,600.0,600.57,54810.0,600.3445897263267
2025-02-24 12:10:01.799884-05:00,600.56,600.6,600.2698,600.45,56993.0,600.4818115084322
2025-02-24 12:11:18.514480-05:00,600.43,600.83,600.3701,600.8,69765.0,600.6660469447426
2025-02-24 12:12:19.116807-05:00,600.79,600.8,600.26,600.32,63764.0,600.5460547048492
2025-02-24 12:13:52.033454-05:00,600.32,600.5529,600.21,600.46,52728.0,600.3896125170695
2025-02-24 12:15:22.893180-05:00,600.46,600.61,600.22,600.6,41514.0,600.3739806474919
2025-02-24 12:16:46.085821-05:00,600.6,600.92,600.3978,600.79,126113.0,600.674536191352
2025-02-24 12:18:23.232287-05:00,600.795,600.93,600.5457,600.81,52275.0,600.8396958660903
2025-02-24 12:19:21.984268-05:00,600.81,601.18,600.6315,601.18,56392.0,600.9471854571578
2025-02-24 12:20:06.139624-05:00,601.18,601.43,600.8531,601.36,86086.0,601.3087148456196
2025-02-24 12:20:48.353239-05:00,601.36,601.58,600.7864,601.51,57669.0,601.4772909171305
2025-02-24 12:21:47.667968-05:00,601.49,601.56,600.8705,601.2693,58423.0,601.4309310631087
2025-02-24 12:22:58.515867-05:00,601.27,601.46,600.9208,601.44,64768.0,601.2993673774084
2025-02-24 12:24:06.474793-05:00,601.44,601.45,601.0151,601.21,41833.0,601.331925881482
2025-02-24 12:25:26.832076-05:00,601.21,601.3751,600.99,601.03,62783.0,601.205346713282
2025-02-24 12:26:33.559044-05:00,601.03,601.42,600.95,601.34,63098.0,601.1404990380053
2025-02-24 12:27:47.979943-05:00,601.34,601.54,601.1576,601.35,49671.0,601.3987168589321
2025-02-24 12:29:04.702841-05:00,601.37,601.4,601.17,601.18,56596.0,601.3033710244525
2025-02-24 12:30:30.083650-05:00,601.166,601.2952,600.92,600.97,41330.0,601.0527480667799
2025-02-24 12:31:43.975809-05:00,600.9587,601.2543,600.62,600.67,62451.0,600.8839243102586
2025-02-24 12:33:35.975627-05:00,600.67,601.124,600.62,600.83,42140.0,600.7976394850505
2025-02-24 12:35:28.168622-05:00,600.84,601.0745,600.687,600.7512,55901.0,600.865340831112
2025-02-24 12:36:50.579060-05:00,600.74,601.2,600.74,601.19,58729.0,601.0535286825939
2025-02-24 12:38:10.707757-05:00,601.19,601.29,600.9134,601.145,79596.0,601.2129278230061
2025-02-24 12:39:55.824083-05:00,601.16,601.39,601.0626,601.31,51340.0,601.2826224756512
2025-02-24 12:41:32.255774-05:00,601.31,601.41,601.0321,601.41,46663.0,601.3264432869728
2025-02-24 12:42:43.070736-05:00,601.41,601.6,601.1147,601.51,68647.0,601.5323249828833
2025-02-24 12:44:03.866377-05:00,601.51,601.57,601.2257,601.42,85115.0,601.4673030253191
2025-02-24 12:45:02.567524-05:00,601.42,601.85,601.2888,601.77,47610.0,601.5525942953163
2025-02-24 12:46:05.622015-05:00,601.76,601.82,601.5099,601.6,63066.0,601.7333505264313
2025-02-24 12:47:40.223368-05:00,601.6,601.6358,601.22,601.34,43207.0,601.3591890457553
2025-02-24 12:49:30.449893-05:00,601.35,601.56,601.28,601.53,37054.0,601.4224727775681
2025-02-24 12:51:14.128289-05:00,601.53,601.5554,601.22,601.31,35163.0,601.3847524500184
2025-02-24 12:52:55.415129-05:00,601.3,601.5073,601.13,601.175,40954.0,601.3219547052792
2025-02-24 12:54:31.094269-05:00,601.175,601.4719,600.91,600.91,43955.0,601.0953041383234
2025-02-24 12:55:37.132006-05:00,600.91,601.2675,600.83,601.16,56642.0,600.9531829684689
2025-02-24 12:56:50.540090-05:00,601.1799,601.38,600.9577,601.1,122264.0,601.2070617589812
2025-02-24 12:57:56.077082-05:00,601.09,601.24,600.73,600.92,94251.0,600.959603875821
2025-02-24 12:59:16.171908-05:00,600.92,601.0193,600.705,600.72,88373.0,600.8849567322595
2025-02-24 13:00:36.341451-05:00,600.72,601.008,600.54,600.68,54822.0,600.61154361023
2025-02-24 13:02:09.539030-05:00,600.64,600.9385,600.56,600.59,42968.0,600.68499960203
2025-02-24 13:03:22.784399-05:00,600.6,600.917,600.57,600.6828,50930.0,600.7150645690156
2025-02-24 13:05:02.419935-05:00,600.71,600.83,600.53,600.79,37103.0,600.6980486079293
2025-02-24 13:07:01.357948-05:00,600.78,600.79,600.59,600.62,44184.0,600.6720281119862
2025-02-24 13:08:15.031037-05:00,600.6199,601.05,600.58,601.03,55557.0,600.8414076372019
2025-02-24 13:09:49.019363-05:00,601.03,601.08,600.7514,600.9,41164.0,600.9836943372858
2025-02-24 13:11:29.424588-05:00,600.9,601.19,600.8296,601.01,43647.0,601.0332620065521
2025-02-24 13:13:14.142456-05:00,601.01,601.11,600.69,600.7899,43718.0,600.892820831236
2025-02-24 13:15:17.691218-05:00,600.79,601.0,600.66,600.945,36913.0,600.8659069785708
2025-02-24 13:16:23.409438-05:00,600.9599,601.45,600.8853,601.4,56200.0,601.2477644003563
2025-02-24 13:17:51.964680-05:00,601.4062,601.52,601.0337,601.38,76604.0,601.3886496710362
2025-02-24 13:19:09.835398-05:00,601.3998,601.72,601.1736,601.45,52934.0,601.5723843257645
2025-02-24 13:20:47.251040-05:00,601.46,601.58,601.3569,601.39,38015.0,601.4760920373527
2025-02-24 13:22:13.107302-05:00,601.39,601.47,601.15,601.44,50313.0,601.3264288394643
2025-02-24 13:24:18.047949-05:00,601.44,601.47,601.08,601.125,36703.0,601.252166877366
2025-02-24 13:25:52.164400-05:00,601.12,601.56,601.08,601.53,51947.0,601.3539466841205
2025-02-24 13:27:28.319532-05:00,601.53,601.69,601.3138,601.63,39039.0,601.5169597325754
2025-02-24 13:28:52.438696-05:00,601.61,601.64,601.3775,601.59,44894.0,601.5496838753505
2025-02-24 13:30:25.999574-05:00,601.58,601.6,601.3033,601.37,40418.0,601.4104527982586
2025-02-24 13:31:47.717313-05:00,601.38,601.497,601.29,601.37,35990.0,601.3962943123089
2025-02-24 13:33:06.096455-05:00,601.3675,601.5,601.2,601.2,36507.0,601.3811298682439
2025-02-24 13:34:15.093254-05:00,601.2,601.38,601.07,601.2698,69749.0,601.131700599292
2025-02-24 13:35:46.551029-05:00,601.27,605.772,601.08,601.18,33300.0,601.1965175735744
2025-02-24 13:37:31.058225-05:00,601.18,601.5,601.1611,601.385,30925.0,601.3423953209385
2025-02-24 13:39:14.590813-05:00,601.38,601.5,601.2099,601.34,41572.0,601.437498741943
2025-02-24 13:40:40.027218-05:00,601.33,601.63,601.2803,601.6025,53543.0,601.3930200586441
2025-02-24 13:42:36.048504-05:00,601.5962,601.605,601.3066,601.465,34220.0,601.4592743571015
2025-02-24 13:44:31.628619-05:00,601.45,601.4625,601.22,601.3,37281.0,601.3387633325281
2025-02-24 13:46:07.834408-05:00,601.2907,601.6,601.27,601.3611,37109.0,601.446531280821
2025-02-24 13:47:40.320770-05:00,601.365,601.4412,600.928,600.96,47939.0,601.1165528296369
2025-02-24 13:49:23.898444-05:00,600.96,601.2726,600.86,601.055,48211.0,600.9808671796885
2025-02-24 13:51:01.766944-05:00,601.05,601.1882,600.77,600.81,119792.0,600.9800256043802
2025-02-24 13:52:36.711335-05:00,600.8188,600.9953,600.68,600.9127,43364.0,600.7659602596619
2025-02-24 13:54:12.273222-05:00,600.765,601.08,600.75,601.05,35363.0,600.9405938155703
2025-02-24 13:56:04.040360-05:00,601.05,601.15,600.8617,600.95,27747.0,601.0534225646007
2025-02-24 13:57:37.903368-05:00,600.95,601.0584,600.55,600.57,43520.0,600.7859218037687
2025-02-24 13:58:33.752053-05:00,600.58,600.9055,600.34,600.57,57143.0,600.4604693855777
2025-02-24 13:59:51.091187-05:00,600.57,600.7513,600.4899,600.64,53127.0,600.6457523914396
2025-02-24 14:00:56.198142-05:00,600.6214,600.92,600.57,600.84,56998.0,600.7832470227027
2025-02-24 14:02:02.347384-05:00,600.84,600.96,600.6601,600.9,69894.0,600.8529802915845
2025-02-24 14:03:21.989088-05:00,600.9,601.14,600.6967,601.09,50233.0,601.0056459478826
2025-02-24 14:04:19.357756-05:00,601.0701,601.2,600.8053,601.2,111783.0,601.0991594813165
2025-02-24 14:04:55.119767-05:00,601.2,601.36,601.044,601.335,115717.0,601.3025157997528
2025-02-24 14:05:57.222127-05:00,601.335,601.435,600.957,601.37,55853.0,601.3253739154574
2025-02-24 14:07:08.975883-05:00,601.1372,601.38,601.03,601.03,48397.0,601.2374933673583
2025-02-24 14:08:29.832532-05:00,601.03,601.2755,600.75,600.82,51216.0,600.9034119552487
2025-02-24 14:09:49.985397-05:00,600.8,601.1841,600.65,600.8,63070.0,600.7643552354524
2025-02-24 14:11:32.848868-05:00,600.81,601.0336,600.6092,600.65,37651.0,600.7612276991313
2025-02-24 14:12:56.773170-05:00,600.66,600.8481,600.53,600.58,93329.0,600.6111875376354
2025-02-24 14:14:10.781265-05:00,600.56,600.9734,600.365,600.65,69168.0,600.5105823386541
2025-02-24 14:15:17.932978-05:00,600.65,600.79,600.53,600.565,68046.0,600.7115858301743
2025-02-24 14:16:59.389465-05:00,600.565,600.73,600.54,600.56,49692.0,600.615110756259
2025-02-24 14:18:13.660342-05:00,600.54,600.78,600.39,600.4201,66127.0,600.6041211517227
2025-02-24 14:19:32.929863-05:00,600.43,600.6316,600.22,600.22,66596.0,600.3442257613069
2025-02-24 14:20:34.765149-05:00,600.22,600.5096,600.02,600.18,72106.0,600.1389375377917
2025-02-24 14:21:27.291475-05:00,600.16,600.3903,599.96,599.98,54446.0,600.1989705175772
2025-02-24 14:22:19.724105-05:00,599.98,600.2945,599.8325,600.0,97395.0,599.9479461974438
2025-02-24 14:23:18.703306-05:00,599.9905,600.1783,599.8815,599.99,77786.0,600.0072841025384
2025-02-24 14:24:09.932248-05:00,599.99,600.34,599.981,600.23,83178.0,600.2509676969867
2025-02-24 14:25:23.737151-05:00,600.2224,600.3488,600.0967,600.32,56797.0,600.2388760973299
2025-02-24 14:26:40.489875-05:00,600.29,600.41,600.1203,600.19,74787.0,600.2651166232102
2025-02-24 14:28:05.884018-05:00,600.2,600.4176,600.04,600.2225,91848.0,600.2637237435756
2025-02-24 14:29:43.198835-05:00,600.08,600.242,599.97,600.08,36032.0,600.087923226576
2025-02-24 14:30:45.644440-05:00,600.07,600.4,599.9801,600.36,64070.0,600.2102627735289
2025-02-24 14:31:50.146777-05:00,600.36,600.45,600.1882,600.45,67277.0,600.3768253028527
2025-02-24 14:33:08.930352-05:00,600.44,600.49,600.2364,600.33,40143.0,600.4333153277031
2025-02-24 14:34:22.015773-05:00,600.3213,600.64,600.32,600.6,50254.0,600.5474475882505
2025-02-24 14:35:26.643021-05:00,600.6,600.67,600.3913,600.49,83015.0,600.5796949238093
2025-02-24 14:36:40.645965-05:00,600.49,600.573,600.35,600.4,103319.0,600.4205886942376
2025-02-24 14:38:01.300387-05:00,600.4,600.4941,600.23,600.23,87258.0,600.3409358511535
2025-02-24 14:39:41.679100-05:00,600.23,600.4546,600.18,600.28,53249.0,600.2783695205536
2025-02-24 14:41:10.110367-05:00,600.28,600.4027,600.02,600.05,51206.0,600.1981495469279
2025-02-24 14:42:22.713035-05:00,600.05,600.3565,599.86,599.94,87223.0,599.9460101888261
2025-02-24 14:43:26.262544-05:00,599.95,600.1614,599.88,600.05,61261.0,599.9899422095627
2025-02-24 14:44:48.035399-05:00,600.05,600.07,599.81,599.96,68485.0,599.961612980945
2025-02-24 14:46:32.463004-05:00,599.93,600.158,599.7605,599.78,55483.0,599.8978594380256
2025-02-24 14:47:45.958472-05:00,599.7862,600.0753,599.71,599.98,83379.0,599.8919948260366
2025-02-24 14:49:08.958138-05:00,599.9324,600.06,599.88,599.96,66325.0,599.9774943007897
2025-02-24 14:50:23.688794-05:00,599.97,600.0,599.8284,599.8284,51344.0,599.9254056851819
2025-02-24 14:51:17.118804-05:00,599.82,600.14,599.81,600.0,81914.0,600.039388358523
2025-02-24 14:52:11.644331-05:00,600.0,600.2,599.97,600.04,93556.0,600.0811072918888
2025-02-24 14:53:51.120058-05:00,600.05,600.11,599.8377,599.93,55591.0,599.9233788814742
2025-02-24 14:55:11.598347-05:00,599.93,600.0087,599.6151,599.62,80405.0,599.7644011628627
2025-02-24 14:56:22.319337-05:00,599.62,599.9528,599.6,599.6292,81785.0,599.7140824429905
2025-02-24 14:57:42.076051-05:00,599.63,599.8219,599.39,599.6,57986.0,599.5070618062966
2025-02-24 14:59:00.560964-05:00,599.6,599.78,599.5507,599.74,69056.0,599.6853102974405
2025-02-24 15:00:09.599515-05:00,599.7495,599.87,599.58,599.58,84121.0,599.6876946553188
2025-02-24 15:01:12.278824-05:00,599.58,599.7193,599.4801,599.515,119376.0,599.5695056074929
2025-02-24 15:02:15.485338-05:00,599.515,599.6285,599.34,599.41,79316.0,599.4988242876595
2025-02-24 15:02:51.010116-05:00,599.41,599.5998,599.05,599.12,81801.0,599.2572548012857
2025-02-24 15:03:41.703638-05:00,599.13,599.5606,599.1,599.34,64978.0,599.2719036981754
2025-02-24 15:04:38.218374-05:00,599.34,599.5486,599.2,599.49,90215.0,599.385522947404
2025-02-24 15:06:00.358017-05:00,599.475,599.5261,599.2975,599.46,64407.0,599.4253825950594
2025-02-24 15:07:24.298291-05:00,599.46,599.57,599.29,599.3165,62791.0,599.3820013616601
2025-02-24 15:08:35.010341-05:00,599.33,599.64,599.31,599.54,54621.0,599.4566010929864
2025-02-24 15:09:31.441667-05:00,599.55,599.88,599.4086,599.81,83732.0,599.7482287966378
2025-02-24 15:10:41.181466-05:00,599.8199,599.83,599.55,599.62,72986.0,599.7008296385603
2025-02-24 15:12:14.924244-05:00,599.62,599.7252,599.4705,599.6,49970.0,599.6332931418852
2025-02-24 15:13:45.172378-05:00,599.6,599.6968,599.5,599.545,59027.0,599.5806790519588
2025-02-24 15:14:57.375105-05:00,599.545,599.6637,599.45,599.62,180169.0,599.5435384394652
2025-02-24 15:15:33.201929-05:00,599.62,599.78,599.543,599.76,81191.0,599.6738479634434
2025-02-24 15:16:10.321984-05:00,599.75,599.91,599.5842,599.8402,82022.0,599.767116967399
2025-02-24 15:17:19.997767-05:00,599.84,600.01,599.6217,599.94,56432.0,599.8689957470934
2025-02-24 15:18:25.255929-05:00,599.94,600.04,599.6536,599.8,81748.0,599.922939854186
2025-02-24 15:19:13.964867-05:00,599.8,599.96,599.66,599.845,76659.0,599.8262337285904
2025-02-24 15:19:37.097816-05:00,599.845,599.95,599.69,599.7,141664.0,599.8659475463074
2025-02-24 15:19:37.644118-05:00,599.7,599.7212,598.9,599.64,100358.0,599.4575995864809
2025-02-24 15:19:46.012129-05:00,599.6175,599.8153,599.32,599.6,112515.0,599.581335869884
2025-02-24 15:20:11.886571-05:00,599.7163,599.88,599.47,599.84,140313.0,599.752196065226
2025-02-24 15:20:18.443123-05:00,599.8101,599.85,599.26,599.37,100996.0,599.5041363083691
2025-02-24 15:20:25.031831-05:00,599.31,599.7105,599.3,599.61,93125.0,599.4764090222819
2025-02-24 15:20:46.199347-05:00,599.64,599.82,599.57,599.79,117983.0,599.7342797818335
2025-02-24 15:21:05.820817-05:00,599.79,600.02,599.6419,599.82,107630.0,599.8652290225768
2025-02-24 15:22:18.771575-05:00,599.82,599.9099,599.6643,599.75,69109.0,599.8141702556827
2025-02-24 15:23:03.352595-05:00,599.74,599.7869,599.62,599.64,88575.0,599.6772866158617
2025-02-24 15:24:00.856805-05:00,599.64,599.7068,599.38,599.46,86298.0,599.5073229472295
2025-02-24 15:24:50.086233-05:00,599.46,599.7007,599.43,599.47,67726.0,599.5300213433537
2025-02-24 15:25:08.932739-05:00,599.46,599.6677,599.19,599.53,94717.0,599.305708488445
2025-02-24 15:26:03.226204-05:00,599.53,599.6717,599.23,599.3,97292.0,599.3797554701309
2025-02-24 15:26:58.792406-05:00,599.3,599.5197,599.23,599.3,59280.0,599.3230816869092
2025-02-24 15:27:54.500436-05:00,599.3,599.6173,599.18,599.33,60912.0,599.3161217526924
2025-02-24 15:28:47.535269-05:00,599.33,599.4106,599.12,599.17,80519.0,599.2275503818975
2025-02-24 15:29:40.028577-05:00,599.17,599.5385,599.1,599.17,61323.0,599.2318023873585
2025-02-24 15:30:20.969413-05:00,599.19,599.34,599.05,599.28,81382.0,599.1786459659379
2025-02-24 15:31:25.246228-05:00,599.29,599.46,599.17,599.45,82327.0,599.3331514679267
2025-02-24 15:32:12.708555-05:00,599.45,599.53,599.2654,599.4,99028.0,599.4525509350892
2025-02-24 15:33:02.074851-05:00,599.395,599.6,599.2985,599.54,65978.0,599.5109858786261
2025-02-24 15:33:48.238579-05:00,599.53,599.73,599.3359,599.7188,65105.0,599.5789017433372
2025-02-24 15:34:48.433827-05:00,599.7,599.72,599.3644,599.49,59458.0,599.5874262302799
2025-02-24 15:35:38.973589-05:00,599.49,599.5821,599.34,599.39,150188.0,599.4347859376244
2025-02-24 15:36:13.055968-05:00,599.39,599.5325,599.24,599.31,172079.0,599.3192087192515
2025-02-24 15:36:55.530778-05:00,599.31,599.62,599.25,599.59,103113.0,599.3654884582937
2025-02-24 15:37:34.645413-05:00,599.59,599.72,599.35,599.64,95608.0,599.6153930832135
2025-02-24 15:38:19.641579-05:00,599.64,599.7,599.4175,599.47,101200.0,599.6089439446641
2025-02-24 15:39:03.840687-05:00,599.47,599.591,599.29,599.36,73831.0,599.4295083921389
2025-02-24 15:39:57.653037-05:00,599.5384,599.5384,599.18,599.195,93282.0,599.2581350260506
2025-02-24 15:40:27.953594-05:00,599.19,599.4013,599.08,599.09,121658.0,599.162591543508
2025-02-24 15:40:56.525845-05:00,599.09,599.4155,598.93,598.98,78430.0,599.0046503927064
2025-02-24 15:41:50.624765-05:00,598.97,599.3883,598.97,599.09,71685.0,599.0647936988211
2025-02-24 15:42:25.590479-05:00,599.09,599.3658,598.93,599.04,82051.0,599.0195001974383
2025-02-24 15:42:41.640365-05:00,599.04,599.3722,598.95,598.98,133395.0,599.0424276007346
2025-02-24 15:42:49.529629-05:00,598.98,599.16,598.96,599.14,144960.0,599.0780199779255
2025-02-24 15:43:06.765632-05:00,599.15,599.22,599.05,599.06,120584.0,599.144241609169
2025-02-24 15:43:51.365529-05:00,599.0701,599.1318,598.75,598.75,80189.0,598.8824762286598
2025-02-24 15:44:30.613803-05:00,598.75,599.0882,598.62,598.72,115675.0,598.7157044573158
2025-02-24 15:45:21.901926-05:00,598.72,599.1863,598.69,598.78,83400.0,598.7930116019181
2025-02-24 15:46:05.012134-05:00,598.77,598.9769,598.61,598.81,107574.0,598.7470680731402
2025-02-24 15:46:43.074283-05:00,598.83,599.1123,598.7498,598.83,110755.0,598.821083638662
2025-02-24 15:47:20.332186-05:00,598.82,599.08,598.76,599.08,97361.0,598.8784442641296
2025-02-24 15:47:57.593265-05:00,599.055,599.12,598.8051,598.99,82683.0,599.035481547598
2025-02-24 15:48:30.764539-05:00,598.99,599.29,598.8362,599.29,106098.0,599.1442086467225
2025-02-24 15:49:10.733011-05:00,599.29,599.35,598.8852,599.2,93855.0,599.1911006872301
2025-02-24 15:49:48.463854-05:00,599.195,599.28,598.9177,599.09,94223.0,599.15805787122
2025-02-24 15:50:08.577323-05:00,599.09,599.31,598.9817,599.0499,91010.0,599.1537080782339
2025-02-24 15:50:34.610564-05:00,599.0499,599.1707,598.6,598.62,80051.0,598.8543205981181
2025-02-24 15:50:57.895558-05:00,598.62,599.0853,598.43,598.47,108853.0,598.5155483771687
2025-02-24 15:51:20.013206-05:00,598.47,598.9591,598.25,598.28,128932.0,598.3453317198221
2025-02-24 15:51:42.207476-05:00,598.28,598.8933,598.1,598.14,118170.0,598.2363127739691
2025-02-24 15:52:11.965117-05:00,598.14,598.8103,598.08,598.26,96635.0,598.2078817364313
2025-02-24 15:52:43.773547-05:00,598.26,598.75,598.05,598.08,120763.0,598.1154422364465
2025-02-24 15:53:08.683014-05:00,598.08,598.6992,597.95,597.95,67375.0,598.034598224861
2025-02-24 15:53:37.096063-05:00,597.95,598.5968,597.63,597.66,102706.0,597.816180551282
2025-02-24 15:54:01.337070-05:00,597.66,598.5819,597.54,597.65,100926.0,597.6249089263426
2025-02-24 15:54:27.228612-05:00,597.661,598.5328,597.58,597.67,89483.0,597.669705497134
2025-02-24 15:54:44.252304-05:00,597.6799,598.2523,597.3,597.36,102925.0,597.5395733349526
2025-02-24 15:55:00.045070-05:00,597.36,598.1209,597.31,597.49,158148.0,597.4263949028756
2025-02-24 15:55:10.254551-05:00,597.48,597.9532,597.0588,597.1,103647.0,597.2093606008852
2025-02-24 15:55:24.374412-05:00,597.09,598.2657,597.05,597.35,133509.0,597.1925439618298
2025-02-24 15:55:39.621053-05:00,597.35,597.6409,597.26,597.4001,115188.0,597.3618896039515
2025-02-24 15:55:54.255247-05:00,597.41,597.7228,597.3097,597.56,150992.0,597.4868357210995
2025-02-24 15:56:08.324534-05:00,597.56,597.6816,597.3536,597.59,140611.0,597.5834883415945
2025-02-24 15:56:25.585990-05:00,597.59,597.66,597.41,597.46,117980.0,597.4788857255464
2025-02-24 15:56:49.611185-05:00,597.455,598.0614,597.23,597.27,94356.0,597.3856026654374
2025-02-24 15:57:16.210506-05:00,597.28,597.4914,597.05,597.085,105826.0,597.1823854704897
2025-02-24 15:57:36.238879-05:00,597.085,597.5078,597.03,597.09,144614.0,597.0716082792811
2025-02-24 15:57:58.811901-05:00,597.1,597.4332,597.07,597.07,128753.0,597.1372682648167
2025-02-24 15:58:13.142512-05:00,597.06,597.3925,597.0,597.0,103002.0,597.0526810877462
2025-02-24 15:58:26.691907-05:00,597.0,597.3388,596.96,596.99,128063.0,596.9986626043435
2025-02-24 15:58:36.682992-05:00,596.99,597.32,596.88,596.91,183633.0,596.9352958150225
2025-02-24 15:58:52.570406-05:00,596.91,597.271,596.87,596.92,169715.0,596.9378966420171
2025-02-24 15:59:00.118919-05:00,596.93,597.2585,596.87,597.03,178996.0,596.9534834823124
2025-02-24 15:59:06.369970-05:00,597.03,597.03,596.86,596.9,226785.0,596.9606211521924
2025-02-24 15:59:16.696590-05:00,596.9,596.9119,596.6563,596.67,120226.0,596.7993016859915
2025-02-24 15:59:27.275791-05:00,596.67,596.795,596.66,596.73,146951.0,596.7162436342726
2025-02-24 15:59:34.716519-05:00,596.73,596.82,596.64,596.71,164334.0,596.748116146385
2025-02-24 15:59:41.601562-05:00,596.71,596.95,596.65,596.94,235173.0,596.8096905916068
2025-02-24 15:59:47.013977-05:00,596.94,597.05,596.88,597.05,214106.0,596.9769445685779
2025-02-24 15:59:50.561852-05:00,597.05,597.16,596.99,597.09,275570.0,597.1106987063185
2025-02-24 15:59:53.827504-05:00,597.09,597.17,597.05,597.15,299190.0,597.1268088368595
2025-02-24 15:59:57.177582-05:00,597.15,597.25,597.14,597.23,319031.0,597.1920881265455
2025-02-24 15:59:59.931988-05:00,597.22,597.24,597.14,597.2,347238.0,597.2011181881015
2025-02-25 09:30:00.961278-05:00,597.2,597.21,597.073,597.2,421915.0,597.1975705464156
2025-02-25 09:30:03.524427-05:00,597.2,597.2,597.0,597.0,12040.0,597.0893770515025
2025-02-25 09:30:11.601489-05:00,597.0,597.24,597.0,597.22,48401.0,597.1159083262738
2025-02-25 09:30:31.913493-05:00,597.22,597.25,596.93,597.2,118451.0,597.0720962651227
2025-02-25 09:31:09.258315-05:00,597.2,597.38,597.04,597.12,100604.0,597.2184834241184
2025-02-25 09:31:42.618496-05:00,597.13,597.2,596.67,596.7,58497.0,597.0328594081747
2025-02-25 09:32:14.113739-05:00,596.7,597.2,596.47,597.05,67288.0,596.8012375014863
2025-02-25 09:32:43.841932-05:00,597.05,597.35,596.94,597.3,99985.0,597.0608542921437
2025-02-25 09:33:08.505956-05:00,597.3,597.5,597.0374,597.5,80539.0,597.403275127578
2025-02-25 09:33:35.150190-05:00,597.5,597.66,597.127,597.64,73051.0,597.5235384977614
2025-02-25 09:33:59.964644-05:00,597.63,597.87,597.206,597.71,89608.0,597.7439083139894
2025-02-25 09:34:34.076412-05:00,597.7,597.72,597.2,597.5699,77744.0,597.5872725637995
2025-02-25 09:35:10.337632-05:00,597.57,597.75,597.2,597.62,75550.0,597.5903682223685
2025-02-25 09:35:46.947076-05:00,597.62,597.66,597.2,597.33,80850.0,597.4830959443422
2025-02-25 09:36:24.446695-05:00,597.3288,597.8,597.2,597.7807,78056.0,597.6192393307367
2025-02-25 09:36:54.836715-05:00,597.8,597.89,597.2,597.66,80648.0,597.760056306418
2025-02-25 09:37:29.900138-05:00,597.67,597.7188,597.19,597.19,76385.0,597.455873378281
2025-02-25 09:38:05.151308-05:00,597.19,597.558,596.99,597.13,77183.0,597.1322934260144
2025-02-25 09:38:50.649142-05:00,597.13,597.4603,596.82,596.85,60987.0,597.0553166527303
2025-02-25 09:39:31.376381-05:00,596.85,597.53,596.82,597.53,70677.0,597.1385193698096
2025-02-25 09:40:06.324078-05:00,597.53,597.79,597.2277,597.6395,67847.0,597.6726537842493
2025-02-25 09:40:55.643123-05:00,597.635,597.635,597.13,597.2,65870.0,597.3274980947319
2025-02-25 09:41:39.329927-05:00,597.2,597.4585,596.85,597.0199,63192.0,597.0373043992913
2025-02-25 09:42:19.905009-05:00,596.927,597.48,596.927,597.37,52585.0,597.2221645944655
2025-02-25 09:43:09.109583-05:00,597.38,597.47,596.85,597.0,68285.0,597.1221247272465
2025-02-25 09:44:02.678852-05:00,597.0,597.2081,596.72,596.74,117552.0,596.9160371163399
2025-02-25 09:44:50.046574-05:00,596.73,597.0803,596.52,596.58,79170.0,596.6661464569912
2025-02-25 09:45:14.200450-05:00,596.58,597.2528,596.15,596.21,65118.0,596.3636448109577
2025-02-25 09:45:43.561086-05:00,596.21,596.7603,596.16,596.43,84673.0,596.3607575130205
2025-02-25 09:46:20.575983-05:00,596.43,596.9,596.4018,596.79,74203.0,596.6607785520793
2025-02-25 09:47:07.007160-05:00,596.8,596.85,596.12,596.21,67032.0,596.4436917919795
2025-02-25 09:47:51.153888-05:00,596.2,596.8705,596.04,596.075,56131.0,596.1315704067268
2025-02-25 09:48:07.015158-05:00,596.07,596.19,595.86,596.13,52595.0,595.9953651430742
2025-02-25 09:48:37.596160-05:00,596.13,596.2,595.95,596.12,103039.0,596.0218008026093
2025-02-25 09:49:07.970436-05:00,596.115,596.33,595.97,596.24,57532.0,596.1172193822564
2025-02-25 09:49:44.058529-05:00,596.25,596.25,595.75,595.83,38356.0,595.9754356658669
2025-02-25 09:50:24.706301-05:00,595.8312,596.2291,595.8,595.8,58000.0,595.9711901103449
2025-02-25 09:50:55.040503-05:00,595.8,596.5014,595.65,595.76,65924.0,595.7337624749721
2025-02-25 09:51:25.367609-05:00,595.76,596.0821,595.53,595.53,73755.0,595.710163900753
2025-02-25 09:51:47.588691-05:00,595.53,595.81,595.34,595.4488,98456.0,595.3966539987404
2025-02-25 09:52:13.549916-05:00,595.435,595.8322,595.08,595.1,75439.0,595.3115532456683
2025-02-25 09:52:25.547176-05:00,595.1,595.74,595.0,595.0,42853.0,595.0518928266403
2025-02-25 09:52:28.789606-05:00,595.0,595.68,594.85,594.89,27986.0,594.9421303258773
2025-02-25 09:52:47.000901-05:00,594.89,595.45,594.62,594.84,97265.0,594.7385219842706
2025-02-25 09:53:10.123010-05:00,594.8399,594.9409,594.48,594.5,99676.0,594.6486018690564
2025-02-25 09:53:23.348681-05:00,594.5,594.9335,594.29,594.4787,81162.0,594.4209697826564
2025-02-25 09:53:58.894087-05:00,594.4793,595.241,594.35,594.49,81999.0,594.5055967975214
2025-02-25 09:54:26.782285-05:00,594.5,594.53,594.25,594.46,81189.0,594.361455861015
2025-02-25 09:54:51.931643-05:00,594.46,594.7698,594.43,594.5,89209.0,594.5602031633573
2025-02-25 09:55:16.469144-05:00,594.5,595.4364,594.48,594.645,84178.0,594.5709124343657
2025-02-25 09:55:39.387402-05:00,594.64,595.09,594.5072,595.09,76567.0,594.8609983413223
2025-02-25 09:55:56.289145-05:00,595.08,595.29,594.6768,595.0388,84822.0,595.1090025406143
2025-02-25 09:56:20.853420-05:00,595.02,595.2,594.7613,595.16,66529.0,594.9334762133808
2025-02-25 09:56:37.428374-05:00,595.16,595.76,595.16,595.6399,63546.0,595.5727804220567
2025-02-25 09:57:00.041313-05:00,595.585,595.625,594.9992,595.58,83492.0,595.496861431035
2025-02-25 09:57:20.505101-05:00,595.58,595.77,595.1369,595.77,110595.0,595.6340206899043
2025-02-25 09:57:48.930547-05:00,595.775,595.88,595.0599,595.72,70233.0,595.7183874759721
2025-02-25 09:58:25.782263-05:00,595.72,595.76,594.9663,595.44,67911.0,595.4777752691022
2025-02-25 09:58:59.792189-05:00,595.43,595.5984,594.92,594.9214,66090.0,595.2782878725976
2025-02-25 09:59:37.233835-05:00,594.95,595.532,594.8867,595.25,63948.0,595.1604257771944
2025-02-25 10:00:02.585835-05:00,595.26,595.3299,594.95,595.11,138724.0,595.1309430797845
2025-02-25 10:00:16.504274-05:00,595.11,595.19,594.58,594.6422,108399.0,594.8187562578985
2025-02-25 10:00:42.868912-05:00,594.66,594.9257,594.31,594.31,103790.0,594.541067519992
2025-02-25 10:00:52.864790-05:00,594.37,594.91,594.0,594.0,75922.0,594.220195087063
2025-02-25 10:01:11.381569-05:00,594.0,595.093,593.76,593.91,107377.0,593.9400888523619
2025-02-25 10:01:33.023849-05:00,593.9299,594.9416,593.62,593.75,101394.0,593.8087435725972
2025-02-25 10:02:00.973139-05:00,593.77,594.4715,593.67,593.7,101287.0,593.7745962897507
2025-02-25 10:02:16.512251-05:00,593.7299,594.29,593.53,594.09,113834.0,593.971757766572
2025-02-25 10:02:43.062341-05:00,594.08,594.275,593.88,593.93,86976.0,594.0156664240711
2025-02-25 10:03:11.885829-05:00,593.92,594.6842,593.61,593.7,65031.0,593.8120862050407
2025-02-25 10:03:38.140197-05:00,593.7,593.8674,593.47,593.6,75961.0,593.5810440252236
2025-02-25 10:04:05.170885-05:00,593.6,593.9699,593.59,593.9699,77449.0,593.7573475796971
2025-02-25 10:04:33.615054-05:00,593.95,593.97,593.74,593.75,64631.0,593.8332703687082
2025-02-25 10:05:00.611690-05:00,593.75,594.1516,593.49,593.77,65422.0,593.6103672617779
2025-02-25 10:05:13.744419-05:00,593.76,594.5576,593.6788,593.884,113836.0,593.9889186390956
2025-02-25 10:05:40.273275-05:00,593.88,594.0,593.65,593.66,73660.0,593.8043995180562
2025-02-25 10:06:01.009222-05:00,593.66,593.8277,593.29,593.51,96657.0,593.4625251000958
2025-02-25 10:06:28.582717-05:00,593.51,593.7961,593.26,593.52,87421.0,593.4250289541412
2025-02-25 10:06:55.597097-05:00,593.52,593.85,593.484,593.815,65616.0,593.709877410997
2025-02-25 10:07:27.906774-05:00,593.81,593.91,593.32,593.385,55913.0,593.6031002521775
2025-02-25 10:08:01.616142-05:00,593.4,593.75,593.35,593.59,61751.0,593.539304422601
2025-02-25 10:08:32.092833-05:00,593.59,593.73,593.38,593.43,89896.0,593.5293587590103
2025-02-25 10:08:52.145657-05:00,593.43,593.6088,593.16,593.25,87647.0,593.3862052198024
2025-02-25 10:09:21.246958-05:00,593.25,593.6161,593.22,593.41,76583.0,593.3808159617677
2025-02-25 10:09:48.342875-05:00,593.4094,593.77,593.28,593.77,62627.0,593.538144801763
2025-02-25 10:10:08.468262-05:00,593.7698,594.08,593.5313,594.06,91667.0,593.8631929538444
2025-02-25 10:10:28.103436-05:00,594.08,594.21,593.6132,593.75,92727.0,593.9496615074353
2025-02-25 10:11:02.435394-05:00,593.73,593.8638,593.48,593.73,69744.0,593.5952633402156
2025-02-25 10:11:19.492305-05:00,593.73,593.78,593.38,593.4,33751.0,593.569899840004
2025-02-25 10:11:34.688281-05:00,593.405,593.7002,593.32,593.55,51476.0,593.4168798080643
2025-02-25 10:11:49.162046-05:00,593.55,593.6,593.41,593.4263,34319.0,593.4981950639561
2025-02-25 10:12:03.767114-05:00,593.42,593.64,593.42,593.54,29967.0,593.5403133580285
2025-02-25 10:12:19.625185-05:00,593.54,593.65,593.46,593.6,18705.0,593.5635675487852
2025-02-25 10:12:45.070036-05:00,593.6,593.7,593.44,593.57,31892.0,593.5854928696846
2025-02-25 10:13:10.937788-05:00,593.58,593.6,593.12,593.16,63145.0,593.3658524982184
2025-02-25 10:13:35.444110-05:00,593.16,593.32,593.05,593.17,84327.0,593.1490959052252
2025-02-25 10:13:49.263422-05:00,593.18,593.5666,593.0,593.0,51158.0,593.1002127428752
2025-02-25 10:14:07.941555-05:00,593.0,593.5389,592.82,592.82,86722.0,593.0505521101908
2025-02-25 10:14:23.052260-05:00,592.81,592.94,592.64,592.735,94709.0,592.7593487619972
2025-02-25 10:14:39.903686-05:00,592.72,593.1716,592.52,592.58,99026.0,592.6815406095375
2025-02-25 10:15:02.411390-05:00,592.59,593.24,592.49,592.83,85828.0,592.5832199317238
2025-02-25 10:15:21.815271-05:00,592.83,593.2427,592.79,592.88,107742.0,592.8935292281561
2025-02-25 10:15:46.329870-05:00,592.88,593.3282,592.58,592.71,75458.0,592.7043636075693
2025-02-25 10:16:08.752052-05:00,592.7,593.0055,592.59,592.99,88750.0,592.8342113295772
2025-02-25 10:16:24.840779-05:00,592.99,593.19,592.9083,593.08,91252.0,593.0491959463911
2025-02-25 10:16:47.185111-05:00,593.09,593.2397,592.8093,593.09,60600.0,592.9958646831676
2025-02-25 10:17:10.554473-05:00,593.1,593.2306,592.7501,592.7501,71757.0,592.9538067617103
2025-02-25 10:17:36.692747-05:00,592.77,592.9759,592.57,592.66,70330.0,592.7706631494381
2025-02-25 10:18:02.464825-05:00,592.655,593.0019,592.35,592.43,71749.0,592.4928906019594
2025-02-25 10:18:19.241609-05:00,592.42,592.852,592.24,592.2799,77816.0,592.3214360491423
2025-02-25 10:18:41.134854-05:00,592.2767,592.7636,592.11,592.2201,67650.0,592.2400498861784
2025-02-25 10:19:04.617982-05:00,592.21,592.4725,592.11,592.34,72939.0,592.2168591549105
2025-02-25 10:19:22.579951-05:00,592.36,592.6884,592.15,592.2,109617.0,592.278966058184
2025-02-25 10:19:30.594908-05:00,592.18,592.6129,591.9,591.97,57679.0,592.019320744118
2025-02-25 10:19:47.726662-05:00,591.97,592.9429,591.72,591.72,86015.0,591.8777645794337
2025-02-25 10:20:05.643953-05:00,591.72,592.5204,591.57,591.72,82516.0,591.73056086456
2025-02-25 10:20:18.942563-05:00,591.72,592.4868,591.46,591.53,93709.0,591.6131206618364
2025-02-25 10:20:37.881510-05:00,591.53,592.6597,591.32,591.4,80496.0,591.4914969514017
2025-02-25 10:20:53.738168-05:00,591.4,592.6457,591.01,591.03,82732.0,591.2548172678042
2025-02-25 10:21:14.148995-05:00,591.02,592.5686,591.02,591.14,77251.0,591.1129585947107
2025-02-25 10:21:30.295108-05:00,591.14,592.0623,591.12,591.43,123215.0,591.3379893730477
2025-02-25 10:21:51.078657-05:00,591.43,591.461,591.2753,591.37,132387.0,591.3735177721373
2025-02-25 10:22:03.616154-05:00,591.37,591.6996,591.25,591.59,134782.0,591.378565958363
2025-02-25 10:22:19.436586-05:00,591.59,591.63,591.37,591.47,111188.0,591.5161730123755
2025-02-25 10:22:39.185171-05:00,591.45,591.78,591.3592,591.73,99368.0,591.5752199581359
2025-02-25 10:22:55.873633-05:00,591.73,592.1986,591.381,592.07,94842.0,591.8619737837665
2025-02-25 10:23:12.557038-05:00,592.07,592.215,591.547,592.19,90032.0,592.095322870757
2025-02-25 10:23:33.075020-05:00,592.17,592.22,591.5569,591.94,68760.0,591.9634253635841
2025-02-25 10:23:50.768683-05:00,591.94,592.14,591.5631,591.8612,79432.0,591.983113473159
2025-02-25 10:24:05.868378-05:00,591.89,592.0196,591.52,591.52,97111.0,591.749925047626
2025-02-25 10:24:30.527132-05:00,591.51,591.8344,591.25,591.39,76519.0,591.4241229263312
2025-02-25 10:24:53.335915-05:00,591.39,592.0064,591.22,591.235,86703.0,591.3835186060458
2025-02-25 10:25:04.378177-05:00,591.25,591.6904,590.98,591.0,59098.0,591.1143559934351
2025-02-25 10:25:27.166391-05:00,590.99,591.5441,590.87,591.15,86499.0,591.003286394063
2025-02-25 10:25:45.025202-05:00,591.15,591.6067,591.13,591.53,74754.0,591.4490074176636
2025-02-25 10:26:05.252450-05:00,591.53,591.61,591.2204,591.48,61029.0,591.5224880204494
2025-02-25 10:26:24.637268-05:00,591.48,591.83,591.37,591.83,86760.0,591.5940948224983
2025-02-25 10:26:51.314767-05:00,591.83,591.85,591.27,591.3,66936.0,591.6186174988047
2025-02-25 10:27:20.080859-05:00,591.285,591.61,591.25,591.43,58633.0,591.4845612607231
2025-02-25 10:27:47.636291-05:00,591.4588,591.6017,591.17,591.28,61506.0,591.3020747861988
2025-02-25 10:28:15.219105-05:00,591.28,591.44,591.17,591.22,66634.0,591.299364359036
2025-02-25 10:28:48.176983-05:00,591.23,591.3747,591.07,591.16,58915.0,591.2220408758391
2025-02-25 10:29:14.153672-05:00,591.16,591.4072,590.85,590.92,71116.0,591.0027965830474
2025-02-25 10:29:41.209924-05:00,590.92,591.4784,590.72,590.83,81553.0,590.8966066312703
2025-02-25 10:30:01.777189-05:00,590.82,591.276,590.66,591.03,72236.0,590.8312514341876
2025-02-25 10:30:27.604156-05:00,591.03,591.28,590.865,590.9,69422.0,591.0942431678725
2025-02-25 10:30:54.704749-05:00,590.89,591.4152,590.77,590.79,69206.0,590.991012046643
2025-02-25 10:31:12.444957-05:00,590.78,591.1697,590.5,590.59,96926.0,590.6064637744255
2025-02-25 10:31:37.251303-05:00,590.59,591.3887,590.58,590.84,70248.0,590.7359391484449
2025-02-25 10:31:56.188862-05:00,590.85,591.08,590.81,590.85,82487.0,590.9710156824711
2025-02-25 10:32:21.158756-05:00,590.855,591.3543,590.6,590.71,58713.0,590.8357208795328
2025-02-25 10:32:44.527758-05:00,590.71,591.09,590.68,591.05,69333.0,590.9017277227288
2025-02-25 10:33:12.336915-05:00,591.045,591.06,590.67,590.71,61236.0,590.8988240299819
2025-02-25 10:33:36.442155-05:00,590.71,591.12,590.68,591.11,67569.0,590.9019247761548
2025-02-25 10:34:02.582145-05:00,591.11,591.2,590.8891,591.09,72610.0,591.0572347128501
2025-02-25 10:34:25.500199-05:00,591.11,591.11,590.89,590.95,71005.0,591.0208409365529
2025-02-25 10:34:50.292132-05:00,590.9501,591.27,590.8997,591.13,67172.0,591.1066385383798
2025-02-25 10:35:06.965556-05:00,591.13,591.44,590.9194,591.23,83973.0,591.2495381825113
2025-02-25 10:35:27.356258-05:00,591.23,591.47,590.9505,591.43,86238.0,591.3319744126717
2025-02-25 10:35:47.930024-05:00,591.42,591.56,590.9929,591.5099,66117.0,591.446246278567
2025-02-25 10:36:08.542793-05:00,591.505,591.56,591.1329,591.46,78220.0,591.3788231577598
2025-02-25 10:36:29.380771-05:00,591.4507,591.7,591.0601,591.7,75289.0,591.5911177927723
2025-02-25 10:36:44.923057-05:00,591.7,591.85,591.1871,591.8,94688.0,591.741858135139
2025-02-25 10:37:01.036939-05:00,591.8006,591.95,591.215,591.79,98021.0,591.801529585497
2025-02-25 10:37:20.723001-05:00,591.79,592.0,591.5194,592.0,116644.0,591.9021684252939
2025-02-25 10:37:33.564720-05:00,592.0,592.04,591.77,591.78,121149.0,591.951897313226
2025-02-25 10:37:56.451497-05:00,591.77,591.94,591.4566,591.7,82416.0,591.7570550123758
2025-02-25 10:38:22.373524-05:00,591.68,591.8759,591.5203,591.82,73063.0,591.6974475274752
2025-02-25 10:38:48.625556-05:00,591.8,592.33,591.58,592.06,79710.0,592.0959416384385
2025-02-25 10:39:11.601393-05:00,592.06,592.23,591.6772,592.09,100538.0,592.1214026915195
2025-02-25 10:39:37.321259-05:00,592.09,592.36,591.689,592.2,65503.0,592.1667700746535
2025-02-25 10:40:03.663310-05:00,592.2,592.4,591.4116,592.39,65666.0,592.2843823028652
2025-02-25 10:40:28.061673-05:00,592.38,592.3981,591.7982,592.12,66336.0,592.2679678862153
2025-02-25 10:40:52.562338-05:00,592.115,592.1899,591.79,591.79,70185.0,592.0197864272996
2025-02-25 10:41:15.295069-05:00,591.79,592.093,591.5556,591.75,89086.0,591.7581919269023
2025-02-25 10:41:43.493459-05:00,591.75,592.0145,591.5,591.91,63478.0,591.7075592031886
2025-02-25 10:42:13.551118-05:00,591.9,592.09,591.6096,591.83,53079.0,591.9286611861568
2025-02-25 10:42:46.587504-05:00,591.84,592.16,591.83,591.99,49550.0,591.9819687103942
2025-02-25 10:43:07.008976-05:00,591.97,592.49,591.92,592.49,94722.0,592.1307237558331
2025-02-25 10:43:24.372931-05:00,592.49,592.52,592.0669,592.36,72523.0,592.4215332556562
2025-02-25 10:43:43.182497-05:00,592.36,592.66,592.0726,592.47,76723.0,592.5408924598879
2025-02-25 10:44:10.461776-05:00,592.49,592.7894,592.1239,592.33,57439.0,592.6070019359669
2025-02-25 10:44:35.831574-05:00,592.3299,592.3862,591.8,592.0893,68374.0,592.0240535890845
2025-02-25 10:45:05.945170-05:00,592.1,592.47,592.0,592.345,56621.0,592.2012702901746
2025-02-25 10:45:36.742670-05:00,592.33,592.53,592.1254,592.43,66632.0,592.3122356780526
2025-02-25 10:46:12.315275-05:00,592.43,592.56,591.9965,592.44,47444.0,592.4257721798335
2025-02-25 10:46:34.491853-05:00,592.43,592.54,591.91,591.92,71485.0,592.1630077330907
2025-02-25 10:47:00.037341-05:00,591.94,592.2453,591.79,591.79,73678.0,591.8999184288389
2025-02-25 10:47:32.568388-05:00,591.79,592.2154,591.525,591.76,61177.0,591.6530441636562
2025-02-25 10:48:02.540449-05:00,591.76,592.1938,591.63,592.015,67528.0,591.8739669737009
2025-02-25 10:48:32.353976-05:00,592.01,592.19,591.784,591.955,72918.0,592.0482308702934
2025-02-25 10:49:05.172971-05:00,591.97,592.2099,591.85,592.17,75405.0,591.981569988728
2025-02-25 10:49:40.906259-05:00,592.176,592.38,592.0278,592.29,69446.0,592.2622733893958
2025-02-25 10:50:13.684507-05:00,592.28,592.49,592.0573,592.34,63958.0,592.3515178539033
2025-02-25 10:50:51.883077-05:00,592.33,592.59,592.0761,592.35,50609.0,592.379247394733
2025-02-25 10:51:20.734255-05:00,592.35,592.76,592.1135,592.73,73793.0,592.6459069261319
2025-02-25 10:51:43.865244-05:00,592.73,593.05,592.4484,593.05,65705.0,592.8582148512289
2025-02-25 10:52:06.736692-05:00,593.05,593.08,592.2018,592.95,81816.0,593.0084398320625
2025-02-25 10:52:40.731544-05:00,592.95,593.28,592.5014,593.26,62321.0,593.0394732754611
2025-02-25 10:53:11.327513-05:00,593.26,593.33,592.4798,593.2,60412.0,593.2402337366749
2025-02-25 10:53:45.809740-05:00,593.2,593.27,592.3869,593.26,52603.0,593.112781451627
2025-02-25 10:54:17.231534-05:00,593.267,593.33,592.726,593.23,56056.0,593.2261022316973
2025-02-25 10:54:58.482121-05:00,593.23,593.34,592.854,593.18,48594.0,593.2055278532332
2025-02-25 10:55:33.837549-05:00,593.2,593.32,592.9396,593.25,55634.0,593.1551566613945
2025-02-25 10:56:00.752774-05:00,593.2412,593.37,593.0505,593.13,77395.0,593.2475158059307
2025-02-25 10:56:35.822807-05:00,593.14,593.44,593.12,593.44,50918.0,593.2603068698685
2025-02-25 10:57:13.735359-05:00,593.41,593.44,592.6566,592.99,81663.0,593.011453102385
2025-02-25 10:57:57.437652-05:00,593.0,593.2,592.7588,593.16,54315.0,593.0415599281971
2025-02-25 10:58:48.336099-05:00,593.16,593.25,592.8393,592.96,49652.0,593.0979448320304
2025-02-25 10:59:22.855590-05:00,592.99,593.1229,592.46,592.53,74696.0,592.7315845694553
2025-02-25 11:00:05.393760-05:00,592.53,593.0768,592.135,592.21,59285.0,592.3853899350588
2025-02-25 11:00:22.780483-05:00,592.21,592.87,591.755,591.8,72789.0,591.9804777837303
2025-02-25 11:00:49.838420-05:00,591.8,592.7208,591.7167,591.87,80114.0,591.8453248321148
2025-02-25 11:01:32.157639-05:00,591.87,592.8467,591.6,591.7225,46908.0,591.7408190628466
2025-02-25 11:02:08.903399-05:00,591.7,592.4415,591.46,591.52,55403.0,591.599163585004
2025-02-25 11:02:32.159298-05:00,591.52,592.7101,591.26,591.32,83351.0,591.4268852587256
2025-02-25 11:03:08.000688-05:00,591.32,592.0319,591.28,591.48,73684.0,591.435045121058
2025-02-25 11:03:42.039278-05:00,591.45,592.0238,591.0,591.0,72424.0,591.1894857864804
2025-02-25 11:04:04.471073-05:00,591.0,591.3519,590.97,591.26,67326.0,591.1513250334198
2025-02-25 11:04:37.772979-05:00,591.26,591.7109,591.13,591.14,64774.0,591.2901962778277
2025-02-25 11:05:00.446446-05:00,591.14,591.6327,591.14,591.47,67917.0,591.3726510210994
2025-02-25 11:05:32.670654-05:00,591.47,591.56,591.14,591.16,63792.0,591.3091881756332
2025-02-25 11:05:58.748041-05:00,591.17,591.9314,591.09,591.42,85500.0,591.1917993836254
2025-02-25 11:06:30.733030-05:00,591.42,591.5,591.2893,591.38,58061.0,591.4161154303243
2025-02-25 11:06:50.478464-05:00,591.38,591.75,591.3295,591.72,93455.0,591.5687364624689
2025-02-25 11:07:11.892869-05:00,591.72,591.9,591.3525,591.8,81183.0,591.6941935553018
2025-02-25 11:07:43.379416-05:00,591.8,591.95,591.3631,591.92,54560.0,591.803144840543
2025-02-25 11:08:18.148903-05:00,591.92,592.14,591.4197,591.7799,57517.0,591.8671574977832
2025-02-25 11:08:55.249097-05:00,591.78,592.01,591.43,591.45,56042.0,591.7951793476313
2025-02-25 11:09:30.228925-05:00,591.45,591.82,591.38,591.76,73819.0,591.6098138162262
2025-02-25 11:10:13.228496-05:00,591.76,591.85,591.5375,591.79,55749.0,591.7245570611129
2025-02-25 11:10:50.221559-05:00,591.79,591.9,591.5093,591.9,66538.0,591.7341422044545
2025-02-25 11:11:27.739752-05:00,591.9,592.232,591.6984,591.97,59565.0,592.0690392059092
2025-02-25 11:12:06.794913-05:00,591.97,592.1,591.5285,592.03,98379.0,591.8003999786534
2025-02-25 11:12:43.095992-05:00,592.03,592.34,591.5581,591.94,52801.0,592.1480952197876
2025-02-25 11:13:26.017466-05:00,591.94,592.18,591.5747,592.07,42836.0,592.0912338383595
2025-02-25 11:14:09.562803-05:00,592.07,592.1497,591.78,591.86,50309.0,592.0137665288521
2025-02-25 11:14:53.632432-05:00,591.87,592.04,591.83,592.01,40165.0,591.9228409137315
2025-02-25 11:15:25.134455-05:00,592.02,592.21,591.91,592.12,59319.0,592.099302751226
2025-02-25 11:16:11.098583-05:00,592.12,592.16,591.585,591.625,54393.0,591.9118381060067
2025-02-25 11:17:00.478446-05:00,591.64,591.9869,591.51,591.51,54410.0,591.7281191950009
2025-02-25 11:17:50.903708-05:00,591.51,591.9397,591.5,591.7,43018.0,591.673903937886
2025-02-25 11:18:44.255988-05:00,591.6984,591.9207,591.49,591.76,43691.0,591.6074300588225
2025-02-25 11:19:30.418120-05:00,591.76,592.05,591.6361,591.955,40513.0,591.8554123787427
2025-02-25 11:20:20.253244-05:00,591.955,592.06,591.68,591.805,55472.0,591.8568121232333
2025-02-25 11:21:08.604033-05:00,591.805,591.9699,591.61,591.68,37917.0,591.8113629585674
2025-02-25 11:21:45.000862-05:00,591.685,592.02,591.6673,591.965,57892.0,591.8369856543221
2025-02-25 11:22:21.698161-05:00,591.965,591.99,591.59,591.8049,41316.0,591.7079912915096
2025-02-25 11:23:00.089616-05:00,591.715,591.8699,591.38,591.5,56659.0,591.6277291198228
2025-02-25 11:23:44.730357-05:00,591.52,591.7639,591.26,591.36,56119.0,591.3639875300701
2025-02-25 11:24:22.617926-05:00,591.36,591.7665,591.27,591.6,60741.0,591.451936156797
2025-02-25 11:24:52.769924-05:00,591.6,591.85,591.5449,591.8,55115.0,591.7403270543414
2025-02-25 11:25:33.248077-05:00,591.8,591.93,591.5236,591.59,43026.0,591.7623251708259
2025-02-25 11:26:21.451502-05:00,591.59,591.7006,591.35,591.39,52549.0,591.4790820091727
2025-02-25 11:26:57.704616-05:00,591.385,591.5934,591.07,591.1,55883.0,591.2097788916132
2025-02-25 11:27:30.921591-05:00,591.1,591.6039,590.75,590.78,55251.0,590.9493603102213
2025-02-25 11:28:05.867248-05:00,590.79,591.4154,590.73,590.83,79068.0,590.8245917476098
2025-02-25 11:28:47.222228-05:00,590.83,591.4905,590.83,591.01,60804.0,590.9414011808448
2025-02-25 11:29:27.197056-05:00,591.0,591.438,590.86,591.06,57004.0,591.0231548715877
2025-02-25 11:30:05.480995-05:00,591.06,591.3677,590.83,591.15,39365.0,590.9697062644475
2025-02-25 11:30:43.209791-05:00,591.15,591.3107,590.75,590.75,62172.0,590.9426310348713
2025-02-25 11:30:55.207093-05:00,590.74,591.3044,590.25,590.35,59351.0,590.4953835200754
2025-02-25 11:31:13.988872-05:00,590.35,591.1864,590.28,590.4,80852.0,590.4407646613565
2025-02-25 11:31:31.029370-05:00,590.42,591.1458,590.11,590.15,80211.0,590.293104854695
2025-02-25 11:31:55.914919-05:00,590.15,590.7134,590.04,590.09,78706.0,590.1482744695451
2025-02-25 11:32:00.290056-05:00,590.09,590.6533,590.0,590.0,21829.0,590.0162311191531
2025-02-25 11:32:00.311292-05:00,590.0,590.0057,590.0,590.0,19123.0,590.0000143021491
2025-02-25 11:32:00.576888-05:00,590.0,590.51,590.0,590.0001,16785.0,590.0005138933567
2025-02-25 11:32:14.036469-05:00,590.01,590.18,590.0,590.0,47196.0,590.0521836977709
2025-02-25 11:32:44.960569-05:00,590.0,590.5425,589.81,589.84,58518.0,589.9659142486074
2025-02-25 11:33:09.785859-05:00,589.8106,590.4307,589.65,589.73,95397.0,589.7184543088355
2025-02-25 11:33:45.663295-05:00,589.73,590.3375,589.56,589.79,58033.0,589.6908828769842
2025-02-25 11:34:07.818374-05:00,589.795,590.2577,589.775,590.105,77189.0,589.9367233129076
2025-02-25 11:34:33.673033-05:00,590.105,590.43,589.8901,590.3209,67250.0,590.2163380252788
2025-02-25 11:34:53.966445-05:00,590.33,590.78,590.038,590.625,81978.0,590.5693612639982
2025-02-25 11:35:24.169558-05:00,590.625,590.7,590.0832,590.3,49978.0,590.5540184801312
2025-02-25 11:35:50.396267-05:00,590.3,590.5084,590.15,590.4,83426.0,590.3533727602897
2025-02-25 11:36:25.642523-05:00,590.4,590.8,590.1271,590.78,71867.0,590.5534337247966
2025-02-25 11:37:13.307382-05:00,590.77,590.95,590.1486,590.94,64009.0,590.7471495945875
2025-02-25 11:37:50.381529-05:00,590.94,591.14,590.2567,590.9,64937.0,590.998013265164
2025-02-25 11:38:29.359629-05:00,590.901,591.1999,590.4691,591.08,68303.0,591.1019767960408
2025-02-25 11:39:06.352653-05:00,591.08,591.2,590.5013,591.18,71041.0,591.0713996607599
2025-02-25 11:39:37.866890-05:00,591.18,591.31,590.81,591.21,90053.0,591.2037162570937
2025-02-25 11:40:27.882728-05:00,591.22,591.34,590.4531,590.97,59543.0,591.1731253799773
2025-02-25 11:41:18.806477-05:00,590.97,591.1598,590.4538,591.0,52491.0,590.9982027433275
2025-02-25 11:42:14.828635-05:00,590.99,591.1004,590.67,590.96,62430.0,590.9150289652406
2025-02-25 11:43:13.018166-05:00,590.9597,591.0871,590.5793,590.79,59294.0,590.8311073835455
2025-02-25 11:44:10.743513-05:00,590.7809,591.045,590.63,590.95,53630.0,590.7535187451065
2025-02-25 11:45:03.070970-05:00,590.96,591.17,590.8009,590.9306,50856.0,591.0417949366844
2025-02-25 11:45:50.669333-05:00,591.16,591.24,590.9063,591.06,68841.0,591.0656276957044
2025-02-25 11:46:26.405748-05:00,591.06,591.32,590.9443,591.24,61597.0,591.2175718038219
2025-02-25 11:47:04.674307-05:00,591.2697,591.43,590.9842,591.3,63591.0,591.3154709612992
2025-02-25 11:47:46.743272-05:00,591.29,591.55,591.072,591.32,57619.0,591.4204790555193
2025-02-25 11:48:27.728768-05:00,591.33,591.56,591.1196,591.54,50947.0,591.4503865369892
2025-02-25 11:49:01.347784-05:00,591.54,591.7,591.209,591.7,63474.0,591.6016971389862
2025-02-25 11:49:30.929033-05:00,591.71,592.15,591.2998,592.13,88161.0,591.9583539660393
2025-02-25 11:50:06.246619-05:00,592.1275,592.23,591.2975,592.2,75996.0,592.1214883546504
2025-02-25 11:50:42.073357-05:00,592.2,592.315,591.5689,592.16,62498.0,592.2336136132354
2025-02-25 11:51:20.131005-05:00,592.13,592.61,591.6978,592.51,64459.0,592.4178306086038
2025-02-25 11:52:06.542135-05:00,592.51,592.59,591.8583,592.39,53808.0,592.43182759441
2025-02-25 11:53:02.583438-05:00,592.4,592.55,591.608,592.41,52568.0,592.3964863643272
2025-02-25 11:54:05.276397-05:00,592.41,592.5,592.1187,592.435,54592.0,592.3826380934938
2025-02-25 11:55:06.266530-05:00,592.435,592.5684,592.2786,592.36,47657.0,592.4527315441596
2025-02-25 11:56:07.640068-05:00,592.37,592.4543,591.8861,592.38,57613.0,592.3424943484974
2025-02-25 11:56:48.403904-05:00,592.39,592.81,592.07,592.755,61981.0,592.674956544748
2025-02-25 11:57:26.891645-05:00,592.76,593.1,592.4723,593.04,70851.0,592.8999510860815
2025-02-25 11:57:35.000500-05:00,593.06,593.57,592.5569,593.53,84024.0,593.2723820146628
2025-02-25 11:57:39.997143-05:00,593.51,593.83,592.88,593.6,96247.0,593.6251829210258
2025-02-25 11:58:09.138489-05:00,593.6007,593.81,593.02,593.54,78255.0,593.6572684365213
2025-02-25 11:58:57.071674-05:00,593.55,593.57,593.0746,593.2386,61094.0,593.3867668298028
2025-02-25 11:59:41.562714-05:00,593.24,593.3156,592.93,593.2307,64728.0,593.1404518786297
2025-02-25 12:00:22.855396-05:00,593.239,600.799,593.02,593.21,91233.0,593.2106794284964
2025-02-25 12:01:13.692192-05:00,593.21,593.38,592.98,593.3187,49917.0,593.2364470781503
2025-02-25 12:02:03.590130-05:00,593.32,593.34,592.9,593.27,84856.0,593.0865533692371
2025-02-25 12:03:09.992996-05:00,593.26,593.3404,592.9,593.06,63873.0,593.0740191598958
2025-02-25 12:04:22.575515-05:00,593.08,593.1748,592.84,592.91,52766.0,592.9476298999367
2025-02-25 12:05:17.696029-05:00,592.92,593.1198,592.71,592.74,63360.0,592.8282180366161
2025-02-25 12:06:17.599988-05:00,592.74,593.0248,592.53,592.7,48045.0,592.6838250348629
2025-02-25 12:07:22.419173-05:00,592.7,592.94,592.67,592.88,69069.0,592.7816306881523
2025-02-25 12:08:42.853207-05:00,592.89,592.96,592.6109,592.62,60522.0,592.7584821998615
2025-02-25 12:09:49.431296-05:00,592.65,592.78,592.5404,592.72,65528.0,592.6736683326209
2025-02-25 12:10:40.620727-05:00,592.73,592.98,592.66,592.88,62545.0,592.8518470892958
2025-02-25 12:11:37.703687-05:00,592.88,593.12,592.7535,593.06,58766.0,592.9599052853695
2025-02-25 12:12:48.833998-05:00,592.8036,593.2,592.8036,592.89,74881.0,593.0818162911816
2025-02-25 12:14:04.535401-05:00,592.9,593.1,592.67,592.875,47939.0,592.8458325684719
2025-02-25 12:15:10.685634-05:00,592.87,592.9135,592.62,592.695,62997.0,592.7213270981158
2025-02-25 12:16:14.710653-05:00,592.695,592.91,592.58,592.65,54185.0,592.7454794408043
2025-02-25 12:17:25.315519-05:00,592.644,592.95,592.57,592.935,54208.0,592.736120513577
2025-02-25 12:18:21.932828-05:00,592.9323,593.036,592.65,592.69,103244.0,592.8883514751454
2025-02-25 12:19:53.735737-05:00,592.69,592.84,592.65,592.72,40912.0,592.7324757968317
2025-02-25 12:21:16.007843-05:00,592.72,592.78,592.45,592.5012,49158.0,592.5784579274984
2025-02-25 12:22:12.018515-05:00,592.51,592.7294,592.12,592.16,69405.0,592.3049410561207
2025-02-25 12:23:17.271548-05:00,592.16,592.5788,592.11,592.18,58327.0,592.1859362730823
2025-02-25 12:24:09.817641-05:00,592.1712,592.69,592.17,592.67,74420.0,592.522860958076
2025-02-25 12:24:52.066778-05:00,592.68,592.96,592.4123,592.82,100630.0,592.712170795985
2025-02-25 12:25:53.725682-05:00,592.82,593.02,592.4886,593.02,60010.0,592.8382709831701
2025-02-25 12:27:05.732521-05:00,593.02,593.04,592.5326,592.895,44814.0,592.919484263845
2025-02-25 12:27:58.582428-05:00,592.9,593.175,592.6276,593.13,60509.0,592.990564616833
2025-02-25 12:28:49.681701-05:00,593.14,593.42,592.6551,593.38,58664.0,593.2796991323454
2025-02-25 12:29:34.264357-05:00,593.38,593.6,592.9304,593.55,76657.0,593.4538731766188
2025-02-25 12:30:17.662707-05:00,593.55,593.69,593.2036,593.5492,77792.0,593.5959728776729
2025-02-25 12:30:46.188886-05:00,593.56,593.91,593.286,593.79,71701.0,593.7339723490608
2025-02-25 12:31:29.948485-05:00,593.79,593.8,593.375,593.77,56292.0,593.64570098593
2025-02-25 12:32:19.036683-05:00,593.77,593.85,593.4682,593.83,71149.0,593.7216427342621
2025-02-25 12:33:05.557637-05:00,593.83,593.87,593.5483,593.75,79213.0,593.8222667857551
2025-02-25 12:33:39.558659-05:00,593.75,593.87,593.6245,593.86,106886.0,593.8152315822462
2025-02-25 12:34:14.692161-05:00,593.86,593.98,593.722,593.9,92783.0,593.8895654893668
2025-02-25 12:34:55.602452-05:00,593.9,593.9101,593.7,593.79,82669.0,593.831140584742
2025-02-25 12:35:48.255969-05:00,593.79,593.849,593.62,593.78,67525.0,593.7502884635315
2025-02-25 12:36:52.447171-05:00,593.78,593.86,593.69,593.8291,53932.0,593.7636338389099
2025-02-25 12:37:38.014583-05:00,593.83,594.05,593.75,593.85,91618.0,593.9751471042807
2025-02-25 12:38:23.364280-05:00,593.85,594.12,593.82,594.09,107368.0,594.0423086431708
2025-02-25 12:39:08.851460-05:00,594.1,594.44,593.8864,594.25,66819.0,594.1359402086229
2025-02-25 12:39:54.530038-05:00,594.25,594.31,593.9377,594.075,71504.0,594.2217495972257
2025-02-25 12:40:45.803080-05:00,594.075,594.23,593.9845,594.123,59273.0,594.1396584802525
2025-02-25 12:41:51.478046-05:00,594.13,594.27,594.0574,594.23,61641.0,594.1892796304404
2025-02-25 12:42:49.729586-05:00,594.23,594.5,594.1057,594.41,67281.0,594.3965837026794
2025-02-25 12:43:45.399965-05:00,594.4,594.52,594.1891,594.23,58244.0,594.3965878974651
2025-02-25 12:45:00.050334-05:00,594.24,594.3914,594.04,594.16,72128.0,594.1355309796478
2025-02-25 12:45:58.377482-05:00,594.16,594.2824,594.0,594.03,67569.0,594.115559067028
2025-02-25 12:47:02.751618-05:00,594.03,594.2421,593.93,594.16,51201.0,594.0620907658051
2025-02-25 12:48:20.950568-05:00,594.16,594.2207,593.88,594.0091,54392.0,594.0129989906605
2025-02-25 12:49:20.162075-05:00,594.009,594.14,593.84,594.09,58283.0,593.9714229449422
2025-02-25 12:50:42.374261-05:00,594.09,594.16,593.9822,594.13,34640.0,594.1025960854488
2025-02-25 12:51:52.792807-05:00,594.14,594.43,594.0304,594.38,46632.0,594.2875795912671
2025-02-25 12:52:49.257246-05:00,594.38,594.54,594.0883,594.47,53133.0,594.4429139555464
2025-02-25 12:53:55.921330-05:00,594.47,594.55,594.1952,594.33,48296.0,594.419770670448
2025-02-25 12:55:05.497699-05:00,594.34,594.47,594.22,594.47,53451.0,594.3722013058692
2025-02-25 12:56:05.466521-05:00,594.47,594.55,594.3691,594.4315,81319.0,594.5012117254266
2025-02-25 12:57:31.427849-05:00,594.46,594.52,594.3306,594.4187,41384.0,594.4443493234122
2025-02-25 12:58:34.100818-05:00,594.4187,594.7898,594.41,594.77,49919.0,594.6462020793684
2025-02-25 12:59:47.463678-05:00,594.76,594.76,594.4854,594.75,84558.0,594.6480697024525
2025-02-25 13:00:36.357730-05:00,594.77,595.03,594.5788,594.95,52059.0,594.8863833996044
2025-02-25 13:01:21.676203-05:00,594.945,595.32,594.7456,595.24,72322.0,595.1446175147257
2025-02-25 13:01:59.767812-05:00,595.25,595.55,594.8083,595.51,82836.0,595.3829075353709
2025-02-25 13:02:51.730797-05:00,594.97,595.56,594.9582,595.41,67786.0,595.3447098191363
2025-02-25 13:03:27.064742-05:00,595.405,595.5488,595.0879,595.35,119254.0,595.4279146468882
2025-02-25 13:04:16.797015-05:00,595.35,595.58,595.1707,595.37,74731.0,595.4027320201782
2025-02-25 13:05:27.425694-05:00,595.37,595.5687,595.2156,595.5281,48574.0,595.4368476221844
2025-02-25 13:06:18.842217-05:00,595.53,595.75,595.3588,595.74,64789.0,595.6118098936545
2025-02-25 13:07:03.081979-05:00,595.74,596.02,595.4321,595.955,81099.0,595.884928172974
2025-02-25 13:07:50.335968-05:00,595.94,596.15,595.5253,596.15,79500.0,595.9938001471704
2025-02-25 13:08:24.861957-05:00,596.15,596.18,595.4565,595.94,125258.0,596.027257612289
2025-02-25 13:09:22.967179-05:00,595.94,596.06,595.7894,595.85,75694.0,595.9667900282712
2025-02-25 13:10:21.513603-05:00,595.85,595.9578,595.65,595.85,73555.0,595.7541281231746
2025-02-25 13:11:23.873044-05:00,595.85,595.9183,595.64,595.71,70382.0,595.76577492967
2025-02-25 13:12:04.047277-05:00,595.71,595.9055,595.305,595.36,101796.0,595.4994778625879
2025-02-25 13:13:15.413019-05:00,595.36,595.8366,595.25,595.35,51354.0,595.3331391926619
2025-02-25 13:14:10.614881-05:00,595.365,595.6798,595.05,595.07,77647.0,595.2746038069721
2025-02-25 13:15:07.703562-05:00,595.07,595.5316,594.83,594.96,77776.0,594.9971296273927
2025-02-25 13:16:06.137101-05:00,594.96,595.371,594.74,595.06,80675.0,594.8619827418652
2025-02-25 13:17:07.640831-05:00,595.06,595.2173,594.93,595.15,55517.0,595.1169986310504
2025-02-25 13:18:29.765333-05:00,595.15,595.15,594.7699,594.79,55576.0,594.971280633726
2025-02-25 13:19:54.775224-05:00,594.78,595.2622,594.58,594.799,48854.0,594.7061499385932
2025-02-25 13:21:00.762695-05:00,594.799,594.9028,594.56,594.835,61385.0,594.6805677689991
2025-02-25 13:22:00.908818-05:00,594.835,595.17,594.6959,594.9001,65746.0,594.97159034466
2025-02-25 13:23:23.482382-05:00,594.91,595.08,594.67,594.88,44330.0,594.8392512113686
2025-02-25 13:24:45.144934-05:00,594.87,595.14,594.8049,595.04,53864.0,594.9782554210602
2025-02-25 13:26:09.771677-05:00,595.05,595.09,594.69,594.72,62930.0,594.90044107262
2025-02-25 13:27:21.231567-05:00,594.71,594.9319,594.41,594.455,74054.0,594.5854384233127
2025-02-25 13:28:26.110396-05:00,594.44,594.785,594.09,594.1,74624.0,594.2663262904698
2025-02-25 13:29:19.685146-05:00,594.1,594.6222,593.7,593.77,72318.0,594.0197640767178
2025-02-25 13:30:03.708762-05:00,593.7601,594.5951,593.6,593.685,76008.0,593.7445398589612
2025-02-25 13:30:39.095715-05:00,593.67,594.1627,593.58,593.725,74104.0,593.6580307621714
2025-02-25 13:31:08.765459-05:00,593.725,593.9003,593.63,593.7725,108937.0,593.7106295023723
2025-02-25 13:31:47.299597-05:00,593.78,594.03,593.725,594.03,65624.0,593.8684317505785
2025-02-25 13:32:27.733625-05:00,594.05,594.28,593.8902,593.9631,69414.0,594.1468682441574
2025-02-25 13:33:31.321665-05:00,593.97,594.17,593.8642,594.04,54592.0,594.0271482195197
2025-02-25 13:34:36.867436-05:00,594.015,594.23,593.8416,593.8612,45520.0,594.0617212653787
2025-02-25 13:35:58.487012-05:00,594.2025,600.64,593.8584,594.1513,41022.0,594.1235543391348
2025-02-25 13:37:00.315268-05:00,594.16,594.4,594.0289,594.2,44982.0,594.2849623160382
2025-02-25 13:37:37.398247-05:00,594.19,594.81,594.1228,594.66,66481.0,594.5284963538455
2025-02-25 13:38:34.220144-05:00,594.66,595.0,594.2417,595.0,56627.0,594.8110196390418
2025-02-25 13:39:10.427589-05:00,595.0,595.43,594.4319,594.9949,59046.0,595.2373942316159
2025-02-25 13:39:56.889405-05:00,595.41,595.65,594.6052,595.64,59924.0,595.4461041085373
2025-02-25 13:40:47.789409-05:00,595.64,595.66,594.4589,595.64,71371.0,595.5580985120013
2025-02-25 13:41:22.510451-05:00,595.64,595.71,595.188,595.53,84795.0,595.5461558995233
2025-02-25 13:42:19.820843-05:00,595.5301,595.61,594.7921,595.43,63617.0,595.493093503309
2025-02-25 13:43:06.781020-05:00,595.44,595.6,595.2477,595.54,86225.0,595.4925846796175
2025-02-25 13:43:54.595644-05:00,595.54,595.86,595.51,595.79,67741.0,595.7462227705527
2025-02-25 13:44:59.600129-05:00,595.79,595.87,595.1496,595.6,50820.0,595.7066743919717
2025-02-25 13:46:04.727671-05:00,595.6,595.77,595.57,595.77,64396.0,595.6496391949805
2025-02-25 13:47:27.220905-05:00,595.76,595.77,595.4184,595.66,47852.0,595.605910049738
2025-02-25 13:48:45.458949-05:00,595.66,595.835,595.62,595.64,42333.0,595.7201070158035
2025-02-25 13:50:10.228883-05:00,595.66,595.6857,595.44,595.49,101029.0,595.5387290114722
2025-02-25 13:51:21.204355-05:00,595.5,595.62,595.05,595.06,63258.0,595.2724569698692
2025-02-25 13:52:13.586004-05:00,595.06,595.5543,594.79,594.98,86009.0,594.9392948179835
2025-02-25 13:53:08.123625-05:00,594.98,595.39,594.94,595.39,59321.0,595.1595780364461
2025-02-25 13:54:13.647468-05:00,595.39,595.6,595.1015,595.21,48857.0,595.4281664265096
2025-02-25 13:55:31.912100-05:00,595.21,595.382,594.86,594.99,52397.0,595.0192697616277
2025-02-25 13:57:01.979445-05:00,594.97,595.1607,594.81,594.95,47070.0,594.9185566921603
2025-02-25 13:58:32.860413-05:00,594.95,595.18,594.77,594.97,55532.0,594.9789437837642
2025-02-25 13:59:47.920734-05:00,594.97,595.1843,594.61,594.73,50492.0,594.7711018240524
2025-02-25 14:01:01.897355-05:00,594.74,594.9082,594.56,594.76,62971.0,594.7071597274941
2025-02-25 14:02:19.519279-05:00,594.77,594.9596,594.41,594.485,61563.0,594.6175741273158
2025-02-25 14:03:30.319094-05:00,594.485,594.7233,594.392,594.52,64917.0,594.5541550595369
2025-02-25 14:04:41.902115-05:00,594.52,594.68,594.36,594.38,78072.0,594.5070091031363
2025-02-25 14:05:45.909581-05:00,594.4944,594.724,594.351,594.5399,59549.0,594.4845230415297
2025-02-25 14:06:51.500104-05:00,594.5,594.6519,594.33,594.45,58735.0,594.4977555954717
2025-02-25 14:08:05.876049-05:00,594.45,594.63,594.42,594.48,58023.0,594.5135369732693
2025-02-25 14:09:19.949938-05:00,594.48,594.59,594.31,594.43,52117.0,594.4459872057103
2025-02-25 14:10:26.060275-05:00,594.41,594.625,594.27,594.42,78769.0,594.4638008709004
2025-02-25 14:11:42.597530-05:00,594.4184,594.54,594.18,594.28,72882.0,594.3825175887055
2025-02-25 14:12:50.680570-05:00,594.265,594.4553,593.92,593.97,84744.0,594.0894652836784
2025-02-25 14:14:03.874581-05:00,593.975,594.3405,593.87,593.87,48838.0,594.0280265694746
2025-02-25 14:14:57.395476-05:00,593.87,594.2908,593.54,593.5786,73529.0,593.6928406737484
2025-02-25 14:15:38.142968-05:00,593.56,594.082,593.26,593.31,73789.0,593.4241879318052
2025-02-25 14:15:57.710891-05:00,593.31,593.8758,593.14,593.2,113235.0,593.2393491429331
2025-02-25 14:16:35.218371-05:00,593.2,593.789,593.01,593.3203,74057.0,593.213145059886
2025-02-25 14:17:07.568336-05:00,593.31,593.58,593.29,593.57,80587.0,593.4592944904272
2025-02-25 14:17:41.177384-05:00,593.57,593.89,593.353,593.71,83644.0,593.730017958251
2025-02-25 14:18:32.847847-05:00,593.695,593.7774,593.4874,593.66,62959.0,593.6594262456515
2025-02-25 14:19:33.726163-05:00,593.66,593.84,593.4478,593.77,57104.0,593.7166035128882
2025-02-25 14:20:35.003588-05:00,593.77,593.85,593.35,593.36,57786.0,593.6542829958813
2025-02-25 14:21:42.400056-05:00,593.36,593.6533,593.28,593.44,53915.0,593.397989761661
2025-02-25 14:22:39.374810-05:00,593.44,593.631,593.22,593.23,79041.0,593.3915218443591
2025-02-25 14:23:50.739208-05:00,593.22,593.5659,593.14,593.25,53113.0,593.2882591248847
2025-02-25 14:24:55.643259-05:00,593.255,593.49,593.175,593.195,77960.0,593.3708769420215
2025-02-25 14:26:05.141915-05:00,593.1951,593.4618,593.08,593.095,56371.0,593.3226266112001
2025-02-25 14:27:17.065436-05:00,593.09,593.4906,593.05,593.33,68056.0,593.2719197763607
2025-02-25 14:28:39.288319-05:00,593.31,593.4442,593.07,593.15,47999.0,593.2007568553514
2025-02-25 14:29:59.996435-05:00,593.1675,593.3878,593.01,593.09,38991.0,593.1244623913204
2025-02-25 14:31:01.830828-05:00,593.07,593.41,593.01,593.38,48586.0,593.2344535215901
2025-02-25 14:31:56.439135-05:00,593.36,593.59,593.2014,593.5,74513.0,593.490308876304
2025-02-25 14:32:45.420222-05:00,593.5,593.75,593.3026,593.57,55748.0,593.6199136973524
2025-02-25 14:33:59.914770-05:00,593.56,593.5954,593.335,593.55,53013.0,593.5013742402801
2025-02-25 14:34:52.412902-05:00,593.531,593.87,593.4353,593.82,46012.0,593.7176835021298
2025-02-25 14:35:36.755892-05:00,593.82,594.04,593.5099,593.5099,73082.0,593.8192749555291
2025-02-25 14:36:38.708703-05:00,593.51,593.94,593.36,593.91,72839.0,593.5954944562665
2025-02-25 14:37:35.638918-05:00,593.9,594.08,593.6224,594.025,56896.0,593.9477487468364
2025-02-25 14:38:16.463351-05:00,594.025,594.3763,593.7111,594.25,64613.0,594.2023217649701
2025-02-25 14:38:46.895483-05:00,594.25,594.67,593.8534,594.6293,102165.0,594.4363327910731
2025-02-25 14:39:18.701385-05:00,594.63,594.88,593.8045,594.88,79074.0,594.761146423603
2025-02-25 14:39:57.671009-05:00,594.88,595.13,594.1239,595.1,91824.0,594.9680064024657
2025-02-25 14:40:11.304330-05:00,595.08,595.2,594.086,595.12,126783.0,595.1234189063206
2025-02-25 14:41:01.292642-05:00,595.12,595.16,594.5032,595.08,76212.0,595.079613387656
2025-02-25 14:41:48.810144-05:00,595.09,595.35,594.6366,595.23,159423.0,595.1983844733822
2025-02-25 14:42:36.888534-05:00,595.23,595.395,594.4878,595.38,90446.0,595.3194225394159
2025-02-25 14:43:02.503032-05:00,595.38,595.55,594.6841,595.55,151852.0,595.3421583008459
2025-02-25 14:43:24.113698-05:00,595.55,595.59,595.1265,595.3,142282.0,595.3449257699493
2025-02-25 14:43:52.416118-05:00,595.3,595.55,594.814,595.53,103265.0,595.3975533520554
2025-02-25 14:44:50.959522-05:00,595.53,595.56,594.8653,595.4,76746.0,595.3642894639465
2025-02-25 14:45:36.610148-05:00,595.3792,595.42,594.764,594.79,114409.0,594.9884924463983
2025-02-25 14:46:30.770230-05:00,594.79,595.2629,594.49,594.6037,73398.0,594.6610515926866
2025-02-25 14:47:40.900900-05:00,594.6097,595.2198,594.34,594.74,84818.0,594.5904089521084
2025-02-25 14:48:38.644601-05:00,594.74,595.24,594.57,595.13,73895.0,594.8632922376338
2025-02-25 14:49:46.781986-05:00,595.13,595.37,594.7491,595.0214,47067.0,595.2035345316241
2025-02-25 14:50:59.127147-05:00,595.26,595.46,594.8261,595.135,67355.0,595.248329448445
2025-02-25 14:52:29.588103-05:00,594.8911,595.41,594.8911,595.14,60546.0,595.205514607076
2025-02-25 14:53:50.988169-05:00,595.14,595.39,595.0064,595.11,45537.0,595.2355935195551
2025-02-25 14:55:12.747262-05:00,595.11,595.34,594.9737,595.34,63527.0,595.204178820029
2025-02-25 14:56:05.866737-05:00,595.34,595.46,595.0148,595.38,53185.0,595.3390839541228
2025-02-25 14:57:08.182497-05:00,595.375,595.47,595.245,595.41,62967.0,595.365880936046
2025-02-25 14:58:04.738849-05:00,595.41,595.43,595.09,595.18,80207.0,595.2362652349543
2025-02-25 14:59:25.382523-05:00,595.1691,595.325,595.14,595.19,51851.0,595.219990206553
2025-02-25 15:00:22.012858-05:00,595.19,595.38,595.085,595.35,56003.0,595.2439254879204
2025-02-25 15:01:09.555423-05:00,595.345,595.53,595.21,595.52,62735.0,595.4006091926364
2025-02-25 15:01:55.582880-05:00,595.52,595.565,595.2966,595.38,76187.0,595.4749453541937
2025-02-25 15:02:26.699159-05:00,595.39,595.74,595.324,595.5565,80295.0,595.5980907154869
2025-02-25 15:03:12.504283-05:00,595.56,595.6,594.96,595.04,78382.0,595.2069090582017
2025-02-25 15:04:02.349339-05:00,595.03,595.3297,594.86,595.04,90107.0,594.9691849023936
2025-02-25 15:04:42.559470-05:00,595.06,595.44,595.04,595.43,56545.0,595.3489709558756
2025-02-25 15:05:36.052532-05:00,595.43,595.61,595.1308,595.49,60746.0,595.4653830441503
2025-02-25 15:06:34.866364-05:00,595.49,595.57,595.313,595.45,52093.0,595.4762585548923
2025-02-25 15:07:26.749320-05:00,595.455,595.62,595.2955,595.2955,69997.0,595.4952564009891
2025-02-25 15:08:05.331525-05:00,595.53,597.16,595.3182,595.82,88064.0,595.6307614553048
2025-02-25 15:08:41.814501-05:00,595.82,595.85,595.385,595.5,137283.0,595.716510321017
2025-02-25 15:09:42.301165-05:00,595.5,595.6519,595.22,595.2897,89403.0,595.3714506258187
2025-02-25 15:10:45.917980-05:00,595.275,595.5874,594.78,594.93,71655.0,595.0175311018078
2025-02-25 15:12:00.002526-05:00,594.93,595.4878,594.73,594.96,76358.0,594.86564782603
2025-02-25 15:13:05.640704-05:00,594.98,595.3863,594.8727,594.975,59147.0,595.0585833803908
2025-02-25 15:14:31.297786-05:00,594.97,595.3579,594.7891,595.031,63413.0,594.9727575434052
2025-02-25 15:15:33.620323-05:00,595.03,595.3,594.96,595.19,90651.0,595.1723967567918
2025-02-25 15:17:09.050395-05:00,595.1925,595.26,594.9812,595.0624,75241.0,595.1345279462003
2025-02-25 15:18:50.074615-05:00,595.095,595.29,594.9501,595.25,46161.0,595.1625826216937
2025-02-25 15:19:34.525052-05:00,595.25,595.76,595.0675,595.65,82007.0,595.5191684148917
2025-02-25 15:20:21.663170-05:00,595.65,596.075,595.1475,596.05,78080.0,595.7853386757179
2025-02-25 15:21:18.402414-05:00,596.05,596.11,595.2071,595.62,83950.0,595.8043809231684
2025-02-25 15:22:14.998124-05:00,595.62,596.21,595.3455,596.16,66677.0,595.8658610105434
2025-02-25 15:22:58.253448-05:00,596.1431,596.35,595.4489,596.27,88116.0,596.2269407338052
2025-02-25 15:23:45.635983-05:00,596.27,596.56,595.8799,596.36,64220.0,596.3935478916226
2025-02-25 15:24:32.530603-05:00,596.38,596.65,596.0696,596.54,83256.0,596.5111607415682
2025-02-25 15:25:34.348496-05:00,596.51,596.67,596.1354,596.42,103002.0,596.4354977845094
2025-02-25 15:26:25.993714-05:00,596.42,596.56,595.9406,596.27,83608.0,596.3794903370493
2025-02-25 15:27:30.991835-05:00,596.27,596.4334,596.235,596.315,97880.0,596.3134172987335
2025-02-25 15:28:25.759019-05:00,596.31,596.4006,595.84,595.91,103798.0,596.1023448149286
2025-02-25 15:29:27.895145-05:00,595.91,596.34,595.64,595.78,88994.0,595.88171069735
2025-02-25 15:30:14.395059-05:00,595.78,596.2169,595.37,595.5,70506.0,595.700289904405
2025-02-25 15:31:03.360319-05:00,595.5187,596.1494,595.4,595.51,81984.0,595.5067591810597
2025-02-25 15:31:53.955622-05:00,595.51,595.9685,595.15,595.4,61144.0,595.3845394723926
2025-02-25 15:32:45.387576-05:00,595.39,596.0769,595.37,595.6,58268.0,595.5134955721842
2025-02-25 15:33:32.871558-05:00,595.6,596.0016,595.4798,595.59,81368.0,595.6150290101754
2025-02-25 15:34:36.445549-05:00,595.59,595.954,595.47,595.57,68629.0,595.5521265354296
2025-02-25 15:35:32.370138-05:00,595.57,595.8827,595.36,595.715,70617.0,595.551922913746
2025-02-25 15:36:09.779250-05:00,595.7,595.7844,595.07,595.09,109001.0,595.3491098595431
2025-02-25 15:36:39.939689-05:00,595.09,595.644,594.86,594.89,101688.0,595.0367869266777
2025-02-25 15:37:18.284636-05:00,594.89,595.3683,594.5,594.52,99966.0,594.7186807674609
2025-02-25 15:38:00.226319-05:00,594.52,595.197,594.37,594.665,98657.0,594.5300675684443
2025-02-25 15:38:39.230193-05:00,594.665,595.2523,594.52,594.83,100716.0,594.6868677578534
2025-02-25 15:39:20.840864-05:00,594.83,595.0061,594.45,594.47,79519.0,594.6881933525318
2025-02-25 15:39:58.399948-05:00,594.45,595.1535,594.18,594.29,100000.0,594.3639722449999
2025-02-25 15:40:38.405176-05:00,594.29,595.0339,594.17,594.2,97751.0,594.2749300846024
2025-02-25 15:41:17.259211-05:00,594.2,594.9783,594.19,594.539,79462.0,594.3968544688024
2025-02-25 15:41:52.891376-05:00,594.5397,594.8901,593.87,593.94,90939.0,594.2158783272299
2025-02-25 15:42:39.594556-05:00,593.95,594.8497,593.9001,594.23,119526.0,594.1400273873468
2025-02-25 15:43:25.360397-05:00,594.23,594.4667,594.07,594.24,89456.0,594.207625607002
2025-02-25 15:43:57.475091-05:00,594.25,594.6585,594.07,594.18,117207.0,594.2525209398758
2025-02-25 15:44:34.274644-05:00,594.18,594.6084,594.17,594.25,84311.0,594.2942082338011
2025-02-25 15:45:21.704076-05:00,594.25,594.557,594.06,594.25,78971.0,594.2190703321469
2025-02-25 15:46:03.124323-05:00,594.25,594.5059,593.98,594.15,85622.0,594.1237013326013
2025-02-25 15:46:38.213491-05:00,594.14,594.51,594.09,594.43,84882.0,594.3283161188472
2025-02-25 15:47:28.717584-05:00,594.43,594.43,594.07,594.36,81038.0,594.2253078901255
2025-02-25 15:48:11.591457-05:00,594.36,594.59,594.19,594.2555,86870.0,594.3737865442625
2025-02-25 15:48:58.277933-05:00,594.35,594.7,594.225,594.69,92140.0,594.45311798893
2025-02-25 15:49:33.379589-05:00,594.69,594.73,594.285,594.565,87186.0,594.5671360183978
2025-02-25 15:50:00.658738-05:00,594.55,594.78,594.2891,594.78,108473.0,594.601327694449
2025-02-25 15:50:11.470156-05:00,594.76,594.87,594.3278,594.61,98735.0,594.693830964704
2025-02-25 15:50:50.119531-05:00,594.61,594.67,594.35,594.39,93458.0,594.4880490733809
2025-02-25 15:51:26.017774-05:00,594.38,594.5919,594.28,594.38,94436.0,594.3817602206778
2025-02-25 15:51:54.386304-05:00,594.38,594.65,594.31,594.37,125741.0,594.5163412260126
2025-02-25 15:52:21.509289-05:00,594.3613,594.7,594.25,594.39,82921.0,594.4232493216435
2025-02-25 15:52:54.032512-05:00,594.4,594.5238,594.14,594.2,145533.0,594.2320552410799
2025-02-25 15:53:27.390955-05:00,594.2,594.4678,594.0,594.0,92973.0,594.117925232056
2025-02-25 15:53:59.552872-05:00,594.0,594.4336,593.66,593.68,106506.0,593.8540656939515
2025-02-25 15:54:20.591774-05:00,593.68,594.3429,593.59,593.84,107232.0,593.7427902062815
2025-02-25 15:54:50.070585-05:00,593.84,594.2944,593.56,593.56,94069.0,593.7519538562115
2025-02-25 15:55:04.685520-05:00,593.57,594.2305,593.57,593.75,105494.0,593.7358563425411
2025-02-25 15:55:33.257920-05:00,593.74,594.2461,593.71,593.86,92666.0,593.8348040878001
2025-02-25 15:56:00.748866-05:00,593.8592,594.07,593.66,593.9,105569.0,593.754486998077
2025-02-25 15:56:23.094540-05:00,593.9,594.2058,593.7995,593.94,99246.0,594.0190386292645
2025-02-25 15:56:45.838116-05:00,593.95,594.32,593.8137,594.27,123575.0,594.0869244264615
2025-02-25 15:57:10.844237-05:00,594.255,594.52,593.8535,594.505,114044.0,594.3369163130009
2025-02-25 15:57:33.637077-05:00,594.505,594.64,593.9791,594.405,103347.0,594.5339781067662
2025-02-25 15:58:00.867601-05:00,594.405,594.64,594.0063,594.615,95456.0,594.4644529175736
2025-02-25 15:58:19.529556-05:00,594.615,594.83,594.0262,594.73,144018.0,594.7030275479455
2025-02-25 15:58:42.455732-05:00,594.745,594.7667,594.091,594.58,90519.0,594.6117627503621
2025-02-25 15:59:00.057423-05:00,594.58,594.685,594.1345,594.61,652662.0,594.4365957566098
2025-02-25 15:59:08.155528-05:00,594.61,594.66,594.22,594.53,203208.0,594.5516326247
2025-02-25 15:59:19.825022-05:00,594.53,594.53,594.2,594.3,149540.0,594.3647127658155
2025-02-25 15:59:31.735530-05:00,594.3,594.33,594.15,594.285,122677.0,594.2327176993247
2025-02-25 15:59:40.843003-05:00,594.33,594.36,593.87,593.92,167368.0,594.1073500501885
2025-02-25 15:59:47.703106-05:00,593.92,594.4217,593.84,593.98,126470.0,593.938384427928
2025-02-25 15:59:53.447161-05:00,593.98,594.26,593.92,594.06,130630.0,594.0761246000158
2025-02-26 09:30:00.502535-05:00,594.08,596.12,594.02,596.0,907164.0,595.370256248373
2025-02-26 09:30:02.083921-05:00,596.0,596.06,595.85,595.95,19089.0,595.9813854313817
2025-02-26 09:30:09.485248-05:00,595.96,596.02,595.7794,595.79,46419.0,595.9067618582891
2025-02-26 09:30:15.469728-05:00,596.02,596.02,595.62,595.62,153145.0,595.7595757758985
2025-02-26 09:30:16.647472-05:00,595.63,595.83,595.5,595.71,187546.0,595.5816683853559
2025-02-26 09:30:39.579588-05:00,595.69,595.83,595.25,595.42,135106.0,595.4329379339177
2025-02-26 09:31:09.273357-05:00,595.42,596.02,595.11,595.28,88474.0,595.3181412347135
2025-02-26 09:31:43.238759-05:00,595.28,596.02,595.21,595.48,91501.0,595.3752653927284
2025-02-26 09:32:21.456815-05:00,595.48,596.02,595.365,595.365,106354.0,595.5315605731809
2025-02-26 09:33:00.601550-05:00,595.37,595.39,595.1,595.19,93418.0,595.1877649125433
2025-02-26 09:33:27.029566-05:00,595.19,595.47,595.1,595.15,160616.0,595.1139010061262
2025-02-26 09:34:03.610924-05:00,595.15,595.4501,595.1,595.32,88780.0,595.1817922831716
2025-02-26 09:34:42.023310-05:00,595.32,596.02,595.16,595.2401,68655.0,595.2953211128106
2025-02-26 09:35:13.082438-05:00,595.2888,596.02,595.15,595.19,104444.0,595.240280257363
2025-02-26 09:35:49.379037-05:00,595.19,595.44,595.1,595.37,97277.0,595.2861558395091
2025-02-26 09:36:31.486937-05:00,595.37,595.71,595.272,595.69,77435.0,595.469457937625
2025-02-26 09:37:18.024153-05:00,595.69,595.71,595.271,595.5,57529.0,595.5508356724433
2025-02-26 09:37:42.991633-05:00,595.5,596.03,595.2965,596.015,111998.0,595.6499683655062
2025-02-26 09:38:10.951485-05:00,596.0,596.34,595.3631,596.205,84699.0,596.1397922986105
2025-02-26 09:38:36.598896-05:00,596.19,596.44,595.8696,596.28,74521.0,596.3498862360947
2025-02-26 09:39:03.417848-05:00,596.27,596.37,595.6688,596.24,81590.0,596.2511857960534
2025-02-26 09:39:34.784977-05:00,596.23,596.5,595.6829,596.4,72227.0,596.3098144239692
2025-02-26 09:40:05.691139-05:00,596.4,596.5,595.7706,596.39,77385.0,596.4160929262787
2025-02-26 09:40:30.519722-05:00,596.38,596.45,596.2,596.3,92683.0,596.3219897273501
2025-02-26 09:41:08.307526-05:00,596.32,596.4,596.0389,596.09,48987.0,596.2394761998079
2025-02-26 09:41:54.837354-05:00,596.118,596.3012,595.5701,596.12,58454.0,596.1868053922752
2025-02-26 09:42:26.839906-05:00,596.11,596.1728,595.6,595.64,72629.0,595.9051709344757
2025-02-26 09:42:53.053291-05:00,595.64,596.2105,595.2701,595.365,72199.0,595.4873734719321
2025-02-26 09:43:30.018516-05:00,595.37,596.1428,595.26,595.44,84489.0,595.4339362319356
2025-02-26 09:44:10.925053-05:00,595.44,596.0579,595.3625,595.86,70748.0,595.6903511321876
2025-02-26 09:45:01.698913-05:00,595.86,596.02,595.715,595.9777,63848.0,595.8239703890488
2025-02-26 09:45:40.950005-05:00,595.9777,596.08,595.65,596.02,71411.0,595.8548147876368
2025-02-26 09:45:59.820809-05:00,596.01,596.12,595.8283,596.1,114456.0,596.0647257653602
2025-02-26 09:46:35.011041-05:00,596.1,596.13,595.745,595.98,63491.0,595.9099217983638
2025-02-26 09:47:26.184546-05:00,595.98,596.42,595.7828,596.245,50618.0,596.1584357580296
2025-02-26 09:48:05.731029-05:00,596.25,596.68,595.8081,596.65,64895.0,596.4000781508589
2025-02-26 09:48:36.707397-05:00,596.66,596.82,596.3983,596.65,88845.0,596.7325097405592
2025-02-26 09:49:10.079559-05:00,596.65,596.98,596.1823,596.91,72461.0,596.6743307793147
2025-02-26 09:49:45.246922-05:00,596.91,597.12,596.2217,597.11,57481.0,596.9495764391709
2025-02-26 09:50:07.631784-05:00,597.11,597.2302,596.3699,597.15,97812.0,597.134823160757
2025-02-26 09:50:39.467821-05:00,597.15,597.33,596.5887,597.185,81190.0,597.2229548158641
2025-02-26 09:51:25.656958-05:00,597.19,597.23,596.2939,597.22,67626.0,597.1361085410931
2025-02-26 09:52:15.050013-05:00,597.22,597.42,596.9241,597.39,57606.0,597.2974802069228
2025-02-26 09:52:33.707292-05:00,597.38,597.67,596.94,597.58,100666.0,597.5014551516896
2025-02-26 09:53:05.309821-05:00,597.58,597.77,596.5088,597.65,82221.0,597.6722441249805
2025-02-26 09:53:36.085826-05:00,597.645,597.66,597.1767,597.2913,78508.0,597.4505327355178
2025-02-26 09:54:26.648990-05:00,597.2913,597.6,597.25,597.57,50259.0,597.4169341411493
2025-02-26 09:54:54.952503-05:00,597.57,597.75,597.3508,597.725,73242.0,597.6300813454019
2025-02-26 09:55:33.438911-05:00,597.725,597.8,596.9347,597.57,64771.0,597.712155804295
2025-02-26 09:56:13.389107-05:00,597.5514,597.63,597.07,597.15,64183.0,597.3915781250488
2025-02-26 09:57:02.286875-05:00,597.15,597.5486,597.15,597.33,67579.0,597.2842923970466
2025-02-26 09:57:45.572898-05:00,597.33,597.509,596.92,597.16,79474.0,597.1103182059543
2025-02-26 09:58:41.670820-05:00,597.16,597.414,596.93,597.39,60937.0,597.1651168157272
2025-02-26 09:59:21.898345-05:00,597.4,597.68,597.1486,597.5,80418.0,597.5462660275066
2025-02-26 10:00:04.967193-05:00,597.49,597.91,597.3861,597.702,67712.0,597.7245035429466
2025-02-26 10:00:26.396182-05:00,597.67,597.74,597.39,597.5585,115812.0,597.553999031189
2025-02-26 10:01:07.680077-05:00,597.54,597.73,597.4123,597.66,62048.0,597.603456517534
2025-02-26 10:01:37.452845-05:00,597.66,597.91,597.451,597.66,82996.0,597.7002662393359
2025-02-26 10:02:18.119732-05:00,597.66,597.719,597.4,597.52,54486.0,597.58607191205
2025-02-26 10:03:06.103555-05:00,597.5388,597.75,597.39,597.65,55558.0,597.6064181756005
2025-02-26 10:03:41.894245-05:00,597.66,598.0,597.5844,598.0,71321.0,597.8262346630016
2025-02-26 10:04:20.248912-05:00,598.0,598.03,597.66,597.9775,57211.0,597.9547597402598
2025-02-26 10:04:57.095821-05:00,597.979,597.9988,597.66,597.8,68443.0,597.817011802522
2025-02-26 10:05:30.431091-05:00,597.8,597.9,597.7009,597.7458,89941.0,597.813702954159
2025-02-26 10:06:09.747542-05:00,597.8294,597.88,597.56,597.58,77014.0,597.7354733256286
2025-02-26 10:06:52.834244-05:00,597.57,597.7823,597.4,597.425,68229.0,597.562503237625
2025-02-26 10:07:29.623738-05:00,597.49,597.7473,597.24,597.4588,67833.0,597.3828158831255
2025-02-26 10:08:15.917333-05:00,597.44,598.005,597.4,597.99,74726.0,597.6540485707776
2025-02-26 10:09:06.524964-05:00,597.98,598.03,597.52,597.63,57660.0,597.7339533975024
2025-02-26 10:09:53.240509-05:00,597.6289,598.08,597.6,598.01,50841.0,597.9038793945831
2025-02-26 10:10:30.623677-05:00,598.01,598.2,597.6843,597.99,60689.0,598.0580066585369
2025-02-26 10:11:19.110208-05:00,597.97,598.09,597.7094,597.93,58801.0,597.9754317460589
2025-02-26 10:12:04.507958-05:00,597.92,598.1599,597.7571,598.15,54505.0,597.9419316337954
2025-02-26 10:12:26.507115-05:00,598.16,598.66,597.7928,598.5315,76164.0,598.4879220747334
2025-02-26 10:13:08.142909-05:00,598.52,598.57,597.8524,598.55,63082.0,598.4880900003166
2025-02-26 10:13:39.929035-05:00,598.55,598.5798,597.8938,598.56,66333.0,598.4257401007045
2025-02-26 10:14:27.296888-05:00,598.56,598.67,598.2377,598.61,48948.0,598.5790436136299
2025-02-26 10:15:15.824422-05:00,598.61,598.7299,597.9786,598.51,48928.0,598.5903918001961
2025-02-26 10:15:50.057460-05:00,598.51,598.53,598.0172,598.4301,79017.0,598.3740788235439
2025-02-26 10:16:41.000649-05:00,598.43,598.71,598.135,598.71,70159.0,598.5527963796507
2025-02-26 10:17:14.948136-05:00,598.7,598.86,598.1567,598.82,61322.0,598.7680971462124
2025-02-26 10:17:55.377870-05:00,598.83,598.88,598.25,598.81,58471.0,598.7861156915391
2025-02-26 10:18:38.779112-05:00,598.8,599.05,597.2,599.01,57886.0,598.8707877310582
2025-02-26 10:19:17.915368-05:00,599.01,599.17,598.4408,599.15,70634.0,599.0237142381858
2025-02-26 10:19:53.862726-05:00,599.15,599.22,598.4746,599.11,59429.0,599.1287972925668
2025-02-26 10:20:32.706330-05:00,599.11,599.2,598.5572,599.03,69806.0,599.0446130791041
2025-02-26 10:21:09.042123-05:00,599.03,599.1,598.76,598.79,74499.0,598.9396379870865
2025-02-26 10:21:52.836653-05:00,598.79,599.0054,598.76,598.97,74225.0,598.8529904035036
2025-02-26 10:22:32.598289-05:00,598.9501,599.28,598.8712,599.25,81293.0,599.0890910189073
2025-02-26 10:23:07.751293-05:00,599.27,599.27,598.9681,599.119,72594.0,599.1795176309338
2025-02-26 10:23:56.742007-05:00,599.1009,599.1788,598.81,598.9,59241.0,598.958361828801
2025-02-26 10:24:28.333183-05:00,598.9,599.0884,598.44,598.47,96454.0,598.664765102537
2025-02-26 10:25:09.104102-05:00,598.47,598.9242,598.4,598.8,65784.0,598.5724635914503
2025-02-26 10:25:52.380894-05:00,598.77,598.8957,598.33,598.375,68616.0,598.5552270213948
2025-02-26 10:26:41.120866-05:00,598.3701,598.865,598.35,598.74,66212.0,598.5686774361152
2025-02-26 10:27:36.552739-05:00,598.75,598.8667,598.5438,598.7864,64911.0,598.7501814145525
2025-02-26 10:28:15.663385-05:00,598.8,598.8678,598.04,598.06,64185.0,598.3905721554884
2025-02-26 10:29:04.792230-05:00,598.08,598.8282,598.04,598.225,68494.0,598.2007861593721
2025-02-26 10:29:40.752809-05:00,598.2294,598.7457,597.84,597.85,60015.0,597.9915262784303
2025-02-26 10:30:21.063899-05:00,597.86,598.6949,597.67,598.11,71515.0,597.959714226385
2025-02-26 10:31:06.276394-05:00,598.11,598.54,598.0642,598.5,81310.0,598.3194046291969
2025-02-26 10:31:29.741987-05:00,598.5,598.64,598.1532,598.5919,37345.0,598.5406575123825
2025-02-26 10:31:47.188500-05:00,598.61,598.67,598.2215,598.5179,25491.0,598.553762261189
2025-02-26 10:32:06.571758-05:00,598.51,598.6199,598.2998,598.594,20350.0,598.4885691842768
2025-02-26 10:32:22.813226-05:00,598.575,598.64,598.2706,598.57,47664.0,598.4868300751084
2025-02-26 10:32:42.220336-05:00,598.5538,598.62,598.4989,598.61,15539.0,598.5802799086164
2025-02-26 10:33:31.070487-05:00,598.61,598.74,598.2782,598.53,53273.0,598.6007442757116
2025-02-26 10:34:24.153521-05:00,598.53,598.67,597.654,598.51,49697.0,598.5169790711728
2025-02-26 10:35:06.128185-05:00,598.51,598.61,598.14,598.44,61926.0,598.3387863837489
2025-02-26 10:35:52.378549-05:00,598.44,598.51,598.13,598.13,74376.0,598.3551796412819
2025-02-26 10:36:35.535288-05:00,598.13,598.73,597.97,598.73,58831.0,598.3379800870288
2025-02-26 10:37:23.401590-05:00,598.73,598.77,598.3647,598.58,80458.0,598.5886847460782
2025-02-26 10:38:06.083324-05:00,598.58,598.93,598.3586,598.91,45131.0,598.7782696328469
2025-02-26 10:38:59.430659-05:00,598.9,598.94,598.3947,598.69,45499.0,598.8261767137728
2025-02-26 10:39:41.169566-05:00,598.69,598.69,598.135,598.34,47167.0,598.2965979031951
2025-02-26 10:40:30.709185-05:00,598.34,598.5742,598.17,598.4201,35650.0,598.2930204628323
2025-02-26 10:41:12.492930-05:00,598.44,598.82,598.3787,598.57,50411.0,598.6432245859042
2025-02-26 10:42:01.970784-05:00,598.59,598.61,598.32,598.595,42521.0,598.5211149432039
2025-02-26 10:43:12.590532-05:00,598.59,598.67,598.39,598.6,32201.0,598.540574519424
2025-02-26 10:44:03.664172-05:00,598.63,599.005,598.4975,599.005,52002.0,598.7334914849424
2025-02-26 10:45:04.765577-05:00,599.005,599.06,598.5465,598.76,33940.0,598.8686065203298
2025-02-26 10:46:02.719823-05:00,598.75,598.8249,598.5,598.7,39197.0,598.6465094267407
2025-02-26 10:47:05.696512-05:00,598.71,598.82,598.65,598.7218,36497.0,598.7320000411002
2025-02-26 10:48:03.202554-05:00,598.72,598.8,598.587,598.69,35957.0,598.6886949189316
2025-02-26 10:49:02.388808-05:00,598.69,598.88,598.6079,598.77,63408.0,598.7989399019045
2025-02-26 10:49:56.139167-05:00,598.76,598.9566,598.71,598.765,54442.0,598.8221488115789
2025-02-26 10:50:40.077824-05:00,598.76,598.86,598.41,598.44,64052.0,598.6044240788734
2025-02-26 10:51:27.633173-05:00,598.44,598.8,594.0,598.77,57037.0,598.0653238318994
2025-02-26 10:52:25.236086-05:00,598.77,598.85,598.5966,598.71,38537.0,598.7371098398953
2025-02-26 10:53:15.330149-05:00,598.7068,599.16,598.57,599.16,52936.0,598.8263465543291
2025-02-26 10:54:10.980165-05:00,599.16,599.2228,598.7059,598.98,41440.0,599.1220015685324
2025-02-26 10:55:06.542960-05:00,598.97,599.02,598.6,598.601,43563.0,598.7799865665814
2025-02-26 10:56:06.473835-05:00,598.64,598.97,598.54,598.97,41091.0,598.7205312379828
2025-02-26 10:57:21.015368-05:00,598.96,598.98,598.7334,598.86,29316.0,598.8671052496913
2025-02-26 10:58:29.200346-05:00,598.87,598.91,598.68,598.7,28348.0,598.8124772188502
2025-02-26 10:59:36.437099-05:00,598.7,598.92,598.63,598.87,40431.0,598.8029467364144
2025-02-26 11:00:25.861886-05:00,598.88,599.2,598.79,599.16,58259.0,598.9849366981935
2025-02-26 11:01:28.731068-05:00,599.16,599.2,598.8659,599.09,41162.0,599.0934062436223
2025-02-26 11:02:01.608651-05:00,599.1,599.44,598.932,599.4,94094.0,599.3021149148722
2025-02-26 11:02:52.343291-05:00,599.4,599.4,598.95,599.075,72161.0,599.1777031651449
2025-02-26 11:03:48.464628-05:00,599.06,599.2293,598.87,599.08,42321.0,599.0229200538739
2025-02-26 11:04:54.107045-05:00,599.0887,599.19,599.0214,599.1,35895.0,599.106358938572
2025-02-26 11:05:52.555243-05:00,599.11,599.33,598.93,599.315,60069.0,599.1339168006791
2025-02-26 11:06:35.339628-05:00,599.33,599.46,599.1726,599.38,104136.0,599.3834131962043
2025-02-26 11:07:22.948094-05:00,599.3707,599.46,599.11,599.14,96979.0,599.3770441982284
2025-02-26 11:08:27.836145-05:00,599.159,599.43,599.12,599.4,45356.0,599.2799327938969
2025-02-26 11:09:14.382786-05:00,599.4,599.52,599.2144,599.438,71595.0,599.4533772777431
2025-02-26 11:10:13.520275-05:00,599.4301,599.54,599.3101,599.4,36641.0,599.4171077563383
2025-02-26 11:11:14.755793-05:00,599.4,599.56,599.2951,599.5,58327.0,599.4773556346114
2025-02-26 11:12:00.468204-05:00,599.5,599.53,599.31,599.32,110134.0,599.4366711551384
2025-02-26 11:13:04.120263-05:00,599.3201,599.48,599.22,599.38,53890.0,599.3451643106315
2025-02-26 11:14:02.073701-05:00,599.385,599.56,599.3479,599.54,56870.0,599.4645244979779
2025-02-26 11:15:02.004180-05:00,599.53,599.59,599.38,599.42,50512.0,599.5076673780486
2025-02-26 11:15:52.771731-05:00,599.439,599.52,599.39,599.4188,62981.0,599.4535021800224
2025-02-26 11:16:48.720572-05:00,599.415,599.53,599.31,599.36,33393.0,599.4121539274684
2025-02-26 11:17:37.354785-05:00,599.35,599.45,599.17,599.435,55320.0,599.3784171294284
2025-02-26 11:18:32.255540-05:00,599.4497,599.54,599.25,599.275,109098.0,599.3752675731907
2025-02-26 11:19:43.534579-05:00,599.27,599.434,599.16,599.31,34403.0,599.2393831380983
2025-02-26 11:20:46.919162-05:00,599.34,599.48,599.17,599.32,42028.0,599.3351499999992
2025-02-26 11:21:55.198228-05:00,599.32,599.45,599.288,599.2901,35441.0,599.3346704551221
2025-02-26 11:22:44.510535-05:00,599.2901,599.48,599.13,599.13,48711.0,599.3441256861894
2025-02-26 11:23:23.537756-05:00,599.15,599.3459,598.8,598.87,68636.0,598.9909684072501
2025-02-26 11:24:10.505455-05:00,598.87,599.2168,598.8,599.11,65686.0,598.9453263419907
2025-02-26 11:24:59.113234-05:00,599.1,599.2798,598.89,599.15,53940.0,599.0627834167592
2025-02-26 11:25:57.513092-05:00,599.15,599.2259,598.92,598.95,43405.0,599.0717784425767
2025-02-26 11:26:42.357043-05:00,598.96,599.2004,598.76,598.79,46701.0,598.888560549025
2025-02-26 11:27:19.485203-05:00,598.79,599.1552,598.77,599.04,46183.0,598.9261708204313
2025-02-26 11:28:14.314910-05:00,599.05,599.15,598.69,598.93,33830.0,598.9546801655354
2025-02-26 11:29:16.173111-05:00,598.94,599.0665,598.83,598.86,41182.0,598.9381680175818
2025-02-26 11:30:16.160339-05:00,598.86,599.0447,598.59,598.63,51596.0,598.7188059035587
2025-02-26 11:31:05.567636-05:00,598.62,598.8906,598.4,598.43,64891.0,598.5399579094164
2025-02-26 11:31:36.677040-05:00,598.435,598.7936,598.27,598.29,136538.0,598.3808804406118
2025-02-26 11:32:29.318312-05:00,598.29,598.8014,598.2,598.32,47556.0,598.3143037345445
2025-02-26 11:33:16.201247-05:00,598.305,598.5269,598.08,598.25,47634.0,598.2634618738704
2025-02-26 11:34:02.864825-05:00,598.25,598.6629,598.24,598.475,69434.0,598.3765099763808
2025-02-26 11:34:39.638949-05:00,598.46,598.65,598.3846,598.6,93415.0,598.560688851896
2025-02-26 11:35:26.131875-05:00,598.5999,598.89,597.835,598.84,57257.0,598.705584686589
2025-02-26 11:36:07.751457-05:00,598.85,598.92,598.4492,598.735,65210.0,598.8035888483365
2025-02-26 11:37:10.505287-05:00,598.735,599.0,598.4945,599.0,57918.0,598.7890976259541
2025-02-26 11:38:07.823810-05:00,598.99,599.2,598.5891,599.13,49534.0,599.1394890337967
2025-02-26 11:39:02.898089-05:00,599.13,599.35,598.6097,599.32,39819.0,599.2223619402789
2025-02-26 11:40:10.106267-05:00,599.31,599.4,598.6166,599.28,34661.0,599.3088120279265
2025-02-26 11:41:09.628232-05:00,599.27,599.46,598.6679,599.12,53828.0,599.2824380619762
2025-02-26 11:42:03.893342-05:00,599.12,599.1775,598.7006,598.79,56459.0,598.919569287448
2025-02-26 11:42:58.032569-05:00,598.726,599.1548,598.25,598.35,48081.0,598.4318726108017
2025-02-26 11:43:57.045649-05:00,598.35,598.9852,598.25,598.48,42883.0,598.4115822400488
2025-02-26 11:44:57.563094-05:00,598.48,598.8633,598.4113,598.83,35965.0,598.637555651328
2025-02-26 11:46:08.273273-05:00,598.83,598.98,598.5526,598.86,37881.0,598.8774240225963
2025-02-26 11:47:18.313874-05:00,598.86,598.99,598.6151,598.83,32760.0,598.8708946367506
2025-02-26 11:48:23.913480-05:00,598.8291,598.9,598.6351,598.74,34903.0,598.7872639085457
2025-02-26 11:49:29.106000-05:00,598.74,598.835,598.65,598.8,37657.0,598.7520640890124
2025-02-26 11:50:37.286954-05:00,598.79,598.96,598.74,598.78,39524.0,598.8274715691718
2025-02-26 11:51:36.479682-05:00,598.8,599.11,598.7158,599.02,35816.0,598.9597046208405
2025-02-26 11:52:31.508516-05:00,599.01,599.25,598.7353,599.18,36179.0,599.1533298598644
2025-02-26 11:53:34.962103-05:00,599.16,599.26,598.8026,599.17,42823.0,599.0613146066371
2025-02-26 11:54:32.056295-05:00,599.16,599.35,598.9652,599.22,44894.0,599.1992964315949
2025-02-26 11:55:28.125906-05:00,599.22,599.2666,598.96,599.06,34371.0,599.1040713944902
2025-02-26 11:56:29.417025-05:00,599.06,599.0978,598.79,598.79,34063.0,598.9110032116969
2025-02-26 11:57:19.083491-05:00,598.79,599.0869,598.43,598.48,42138.0,598.5635640870471
2025-02-26 11:58:10.772003-05:00,598.48,598.9764,598.23,598.28,49260.0,598.3923322614702
2025-02-26 11:59:02.749211-05:00,598.2799,598.8241,598.07,598.12,43043.0,598.1912124758973
2025-02-26 11:59:48.354465-05:00,598.12,598.8064,597.82,597.88,49709.0,598.0293141966248
2025-02-26 12:00:38.701582-05:00,597.87,598.3995,597.67,597.73,53333.0,597.8732454277837
2025-02-26 12:01:18.387136-05:00,597.73,599.94,597.71,598.1,79703.0,598.0097590818414
2025-02-26 12:02:06.336166-05:00,598.1,598.3199,598.04,598.16,49540.0,598.1623055127176
2025-02-26 12:02:56.300176-05:00,598.16,598.39,598.0954,598.37,45878.0,598.2950774096515
2025-02-26 12:03:53.486595-05:00,598.37,598.47,598.0905,598.42,36558.0,598.3701054078463
2025-02-26 12:04:57.846357-05:00,598.42,598.59,598.0985,598.49,85170.0,598.4971375543028
2025-02-26 12:06:07.094852-05:00,598.49,598.62,598.1712,598.61,46647.0,598.5396368491008
2025-02-26 12:07:03.878108-05:00,598.62,598.87,598.3645,598.8599,49218.0,598.7242677170947
2025-02-26 12:08:08.457005-05:00,598.87,599.0,598.2535,598.96,34548.0,598.8609768698632
2025-02-26 12:09:11.179876-05:00,598.97,599.0,598.3278,598.7,47315.0,598.911957250345
2025-02-26 12:10:15.211232-05:00,598.72,598.7909,598.43,598.66,33691.0,598.5668228963223
2025-02-26 12:11:31.794876-05:00,598.6685,598.7708,598.44,598.53,31288.0,598.6120695538218
2025-02-26 12:12:36.318853-05:00,598.529,598.97,598.51,598.94,32167.0,598.6962965368235
2025-02-26 12:13:45.018081-05:00,598.94,599.03,598.724,598.95,31544.0,598.9745306397434
2025-02-26 12:15:00.249313-05:00,598.95,599.11,598.7293,599.04,39534.0,599.0413931274335
2025-02-26 12:16:08.642639-05:00,599.04,599.19,598.7819,599.16,29701.0,599.0090972660859
2025-02-26 12:17:16.839321-05:00,599.15,599.38,598.8347,599.3645,32682.0,599.2246548222265
2025-02-26 12:18:22.945866-05:00,599.37,599.37,598.8914,598.98,32087.0,599.1640473151128
2025-02-26 12:18:53.989331-05:00,598.99,599.0805,598.8,598.82,107530.0,598.9570819482935
2025-02-26 12:18:59.839296-05:00,598.81,598.94,598.19,598.3403,93812.0,598.4013457905172
2025-02-26 12:19:17.506179-05:00,598.37,598.8588,598.09,598.5,97009.0,598.2852794359285
2025-02-26 12:19:52.505816-05:00,598.5,598.713,598.48,598.545,63629.0,598.579436549372
2025-02-26 12:20:35.756214-05:00,598.54,598.76,598.486,598.72,68132.0,598.6545086053543
2025-02-26 12:21:38.249554-05:00,598.72,598.75,598.46,598.55,34265.0,598.604263703487
2025-02-26 12:22:24.539629-05:00,598.55,598.6324,598.09,598.245,58137.0,598.2857405507684
2025-02-26 12:23:06.420368-05:00,598.26,598.5226,598.02,598.17,76421.0,598.1139931170749
2025-02-26 12:24:02.261733-05:00,598.17,598.6117,598.14,598.4,47349.0,598.298221937105
2025-02-26 12:25:12.954491-05:00,598.4,598.5638,598.2,598.39,29626.0,598.3659481637749
2025-02-26 12:26:17.222486-05:00,598.39,598.55,598.06,598.21,33299.0,598.1982112225595
2025-02-26 12:27:29.575800-05:00,598.21,598.5004,598.13,598.38,24822.0,598.2981735839173
2025-02-26 12:28:25.395638-05:00,598.41,598.4488,598.05,598.16,50617.0,598.2263114190898
2025-02-26 12:29:13.928694-05:00,598.16,598.55,598.12,598.35,53601.0,598.3210782485413
2025-02-26 12:29:54.591524-05:00,598.35,598.79,598.2625,598.65,48616.0,598.6518618932047
2025-02-26 12:30:28.755967-05:00,598.65,599.01,598.4391,598.72,56614.0,598.8299226269119
2025-02-26 12:31:37.864317-05:00,598.71,598.78,598.39,598.54,34926.0,598.6178142157703
2025-02-26 12:32:33.072489-05:00,598.56,598.57,598.0,598.02,51904.0,598.2604303464082
2025-02-26 12:32:38.945015-05:00,598.02,598.4704,597.79,597.84,97227.0,597.928517362461
2025-02-26 12:32:56.122994-05:00,597.85,598.3347,597.79,598.02,77732.0,597.9056295348132
2025-02-26 12:33:32.029815-05:00,598.02,598.26,597.95,598.26,56164.0,598.0702444590837
2025-02-26 12:34:00.587245-05:00,598.26,598.47,597.91,598.06,66614.0,598.1703510328157
2025-02-26 12:34:46.778932-05:00,598.06,598.228,597.84,597.86,49050.0,597.9818224729859
2025-02-26 12:35:25.459989-05:00,597.87,598.2213,597.74,597.74,53851.0,597.805950478171
2025-02-26 12:35:37.358951-05:00,597.76,598.04,597.45,597.46,83103.0,597.6286881412221
2025-02-26 12:35:59.818307-05:00,597.46,598.0785,597.14,597.41,72973.0,597.334207550738
2025-02-26 12:36:43.037884-05:00,597.4,598.0666,597.25,597.61,79063.0,597.3832099262615
2025-02-26 12:37:23.392600-05:00,597.61,598.0075,597.4874,597.5251,68610.0,597.6090909269782
2025-02-26 12:38:22.919422-05:00,597.525,597.77,597.43,597.76,54773.0,597.5669303105545
2025-02-26 12:39:06.582227-05:00,597.76,597.9,597.49,597.6,59352.0,597.7563811952409
2025-02-26 12:39:53.032608-05:00,597.61,597.9038,597.22,597.32,91560.0,597.3703478516828
2025-02-26 12:40:23.783043-05:00,597.32,597.4963,596.84,596.85,52044.0,597.1004234455457
2025-02-26 12:41:00.411616-05:00,596.84,597.7309,596.775,597.05,77184.0,596.9213741176923
2025-02-26 12:41:41.593392-05:00,597.05,597.6629,596.95,597.125,66033.0,597.0399676313351
2025-02-26 12:42:30.324745-05:00,597.125,597.5904,596.85,597.15,62078.0,597.1093995779511
2025-02-26 12:43:22.420676-05:00,597.16,597.36,597.037,597.25,45313.0,597.2230019795642
2025-02-26 12:44:24.773738-05:00,597.22,597.4576,597.1193,597.3,43364.0,597.2742088137634
2025-02-26 12:45:09.625321-05:00,597.3,597.5416,597.1105,597.455,47619.0,597.4070568134571
2025-02-26 12:46:15.431588-05:00,597.45,597.46,597.1193,597.22,38040.0,597.3247439589908
2025-02-26 12:47:09.424036-05:00,597.23,597.33,596.87,596.93,48571.0,597.0738352000161
2025-02-26 12:47:59.081346-05:00,596.93,597.2007,596.75,597.01,56917.0,596.8790235202149
2025-02-26 12:49:05.102385-05:00,596.9837,597.2002,596.93,597.007,41560.0,597.0708235418673
2025-02-26 12:50:17.480279-05:00,597.015,597.129,596.64,596.6499,50571.0,596.9043638448925
2025-02-26 12:51:09.516891-05:00,596.64,597.005,596.63,596.67,54037.0,596.824170150082
2025-02-26 12:51:53.150425-05:00,596.67,596.901,596.49,596.49,67158.0,596.6640953869971
2025-02-26 12:52:22.748167-05:00,596.5,596.8592,596.07,596.1408,70903.0,596.2651984993583
2025-02-26 12:52:47.912905-05:00,596.16,596.8873,595.83,595.87,60659.0,596.0327404358793
2025-02-26 12:53:19.825050-05:00,595.87,596.5545,595.82,596.24,77398.0,596.0550905139673
2025-02-26 12:54:08.925274-05:00,596.25,596.7092,596.1812,596.29,45831.0,596.3387149265783
2025-02-26 12:55:06.154324-05:00,596.31,596.4077,596.1462,596.24,49407.0,596.2901914222667
2025-02-26 12:56:04.895387-05:00,596.24,596.5437,596.1,596.2,59774.0,596.2393625890861
2025-02-26 12:57:04.364356-05:00,596.185,596.4697,595.75,595.75,43632.0,595.9113402113122
2025-02-26 12:57:33.097758-05:00,595.74,596.0762,595.32,595.39,98781.0,595.5152110507071
2025-02-26 12:58:26.646542-05:00,595.39,596.2874,595.18,595.22,59519.0,595.3649979351131
2025-02-26 12:59:08.229016-05:00,595.23,596.1231,595.1,595.1,58344.0,595.2621029068971
2025-02-26 12:59:43.791710-05:00,595.1,596.0391,595.09,595.6373,70865.0,595.3893300642078
2025-02-26 13:00:21.266413-05:00,595.62,595.885,595.43,595.81,66113.0,595.688907623312
2025-02-26 13:01:07.794870-05:00,595.81,595.83,595.31,595.6499,70006.0,595.5945918964082
2025-02-26 13:01:57.080250-05:00,595.3737,595.5792,595.16,595.1908,48853.0,595.2695802570977
2025-02-26 13:02:19.167068-05:00,595.195,595.4853,594.86,595.0,41333.0,595.1750379115963
2025-02-26 13:02:30.285139-05:00,595.0,595.3463,594.85,595.14,91331.0,594.9652154580598
2025-02-26 13:03:13.036407-05:00,595.13,595.52,595.066,595.51,77674.0,595.2908502201503
2025-02-26 13:04:01.990216-05:00,595.47,595.55,595.1661,595.355,43687.0,595.396688564103
2025-02-26 13:04:58.174332-05:00,595.34,595.43,595.21,595.4,35029.0,595.3139226526588
2025-02-26 13:05:36.390550-05:00,595.4,595.54,595.18,595.3,64982.0,595.3183723631162
2025-02-26 13:06:24.007396-05:00,595.3,595.39,595.12,595.17,56362.0,595.2663916291112
2025-02-26 13:07:04.218356-05:00,595.17,595.3127,595.02,595.07,59660.0,595.1293834026146
2025-02-26 13:07:39.353857-05:00,595.06,595.2483,594.85,595.07,56856.0,594.9892945669762
2025-02-26 13:08:32.580100-05:00,595.07,595.2759,594.8801,595.08,63392.0,595.0495032480441
2025-02-26 13:09:21.693895-05:00,595.08,595.4,595.031,595.39,58107.0,595.2087361195721
2025-02-26 13:10:07.380051-05:00,595.39,595.64,595.1722,595.5251,69364.0,595.4422722334346
2025-02-26 13:10:49.905892-05:00,595.52,595.8,595.2065,595.64,77814.0,595.6287493985659
2025-02-26 13:11:36.794267-05:00,595.65,595.71,595.2731,595.44,63813.0,595.5687205773119
2025-02-26 13:12:09.490147-05:00,595.44,595.46,595.04,595.07,75109.0,595.2611008813859
2025-02-26 13:13:02.889880-05:00,595.06,595.3455,594.94,595.085,44495.0,595.0361952399138
2025-02-26 13:14:06.422570-05:00,595.08,595.3747,595.0461,595.26,59536.0,595.1480721916145
2025-02-26 13:15:04.179001-05:00,595.27,595.52,595.1377,595.2,64084.0,595.3993841598522
2025-02-26 13:15:46.911055-05:00,595.2,595.3967,594.89,595.05,81131.0,595.0000696071797
2025-02-26 13:16:14.616606-05:00,595.045,595.2278,594.61,594.96,64760.0,594.7991445228538
2025-02-26 13:16:58.357459-05:00,594.96,595.2153,594.77,594.77,53707.0,595.0393742417181
2025-02-26 13:17:39.574192-05:00,594.77,595.0145,594.55,594.84,59467.0,594.6701373047239
2025-02-26 13:18:49.273823-05:00,594.84,595.1829,594.64,594.93,49612.0,594.8100216983786
2025-02-26 13:19:40.302013-05:00,594.93,595.1646,594.7822,595.12,65369.0,594.9152684208128
2025-02-26 13:20:47.427197-05:00,595.12,599.11,594.8984,595.03,66950.0,595.1369605720691
2025-02-26 13:21:48.152390-05:00,595.02,595.31,594.8985,595.28,56295.0,595.1777762483347
2025-02-26 13:22:30.746667-05:00,595.28,595.51,594.9522,595.45,55474.0,595.4054878249269
2025-02-26 13:23:31.913702-05:00,595.45,595.64,595.0766,595.61,66963.0,595.482305364156
2025-02-26 13:24:21.909053-05:00,595.59,595.63,595.0852,595.4,51569.0,595.403361957764
2025-02-26 13:25:37.030082-05:00,595.38,595.4005,595.0967,595.1102,55684.0,595.2616290909416
2025-02-26 13:26:27.085648-05:00,595.13,595.3497,594.81,594.87,62965.0,594.9756434145963
2025-02-26 13:27:10.170873-05:00,594.85,595.2905,594.701,594.79,85961.0,594.7849351077805
2025-02-26 13:28:01.637672-05:00,594.79,595.1601,594.74,594.96,57837.0,594.8212794353093
2025-02-26 13:28:30.940400-05:00,594.95,595.1016,594.39,594.44,56997.0,594.5853735740474
2025-02-26 13:29:00.031064-05:00,594.455,594.9103,594.27,594.32,71039.0,594.3741786779087
2025-02-26 13:29:26.225384-05:00,594.31,595.0123,594.05,594.09,57198.0,594.1727518095039
2025-02-26 13:29:50.842385-05:00,594.09,594.6996,593.84,593.92,52922.0,593.9679070216548
2025-02-26 13:30:29.294122-05:00,593.91,594.8022,593.76,594.17,54090.0,593.9362522481056
2025-02-26 13:31:05.524922-05:00,594.1625,594.4,594.0398,594.24,51662.0,594.2472884731528
2025-02-26 13:31:42.677287-05:00,594.24,594.7403,594.0788,594.18,62407.0,594.2797129184229
2025-02-26 13:32:21.605131-05:00,594.18,594.6557,593.929,594.185,67671.0,594.0815444163676
2025-02-26 13:33:17.581809-05:00,594.17,594.38,594.0703,594.34,53617.0,594.25695040379
2025-02-26 13:33:57.971616-05:00,594.35,594.6,594.1564,594.491,68811.0,594.4285672654083
2025-02-26 13:35:04.073416-05:00,594.52,594.58,594.1775,594.33,36744.0,594.4525208251689
2025-02-26 13:36:06.694082-05:00,594.32,594.43,594.13,594.14,42503.0,594.2816652683342
2025-02-26 13:37:10.006787-05:00,594.1425,594.3447,593.94,593.96,49540.0,594.1314430218002
2025-02-26 13:38:17.138238-05:00,593.955,594.2971,593.92,594.14,38538.0,594.070600726555
2025-02-26 13:39:09.318221-05:00,594.13,594.36,593.96,594.21,77925.0,594.236061575875
2025-02-26 13:40:05.917469-05:00,594.23,594.23,593.7,593.77,61876.0,593.9191894320901
2025-02-26 13:40:55.132241-05:00,593.77,594.0947,593.69,593.88,58905.0,593.7965397894899
2025-02-26 13:41:40.778317-05:00,593.88,594.1321,593.62,593.7,67554.0,593.7948113079913
2025-02-26 13:42:16.237330-05:00,593.7,594.084,593.51,593.51,76145.0,593.7672219699255
2025-02-26 13:42:34.734820-05:00,593.51,593.8337,593.29,593.29,79631.0,593.4055291130338
2025-02-26 13:43:21.429131-05:00,593.29,593.8217,593.17,593.35,74903.0,593.3224814480055
2025-02-26 13:44:10.805581-05:00,593.33,593.8327,593.33,593.54,62393.0,593.4532784703417
2025-02-26 13:45:00.216487-05:00,593.54,593.7961,593.4107,593.675,78601.0,593.5551304868892
2025-02-26 13:45:48.644888-05:00,593.69,593.8,593.54,593.8,59948.0,593.6623372372715
2025-02-26 13:46:33.608082-05:00,593.8,593.9,593.4,593.44,88359.0,593.6050638689894
2025-02-26 13:47:23.737869-05:00,593.46,593.6924,593.06,593.36,68992.0,593.3204357824111
2025-02-26 13:48:20.185589-05:00,593.37,593.6587,593.2899,593.38,48111.0,593.394114982021
2025-02-26 13:49:15.352951-05:00,593.38,593.6194,593.05,593.16,51478.0,593.3089257002993
2025-02-26 13:50:16.858311-05:00,593.16,593.4765,593.13,593.24,69742.0,593.1952317857238
2025-02-26 13:51:14.806197-05:00,593.23,593.42,593.08,593.41,41804.0,593.2373089584727
2025-02-26 13:52:10.761014-05:00,593.42,594.1617,593.0,593.0,371676.0,594.0629779765168
2025-02-26 13:52:41.222638-05:00,593.0,593.2161,592.72,592.84,69086.0,592.8618375184558
2025-02-26 13:53:19.202126-05:00,592.83,593.177,592.76,593.1199,66949.0,592.9424079299165
2025-02-26 13:54:12.142388-05:00,593.13,593.3227,592.9365,593.012,53488.0,593.0620224405463
2025-02-26 13:55:03.826209-05:00,593.015,593.2734,592.88,593.13,49738.0,593.0081545458213
2025-02-26 13:55:52.435853-05:00,593.14,593.2293,592.66,592.7,55346.0,592.902987397463
2025-02-26 13:56:04.186272-05:00,592.7,593.1794,592.47,592.69,83612.0,592.6007245586749
2025-02-26 13:56:35.213340-05:00,592.64,592.8559,592.17,592.2,82707.0,592.588611439177
2025-02-26 13:57:05.340858-05:00,592.2,592.82,592.12,592.26,85368.0,592.1904685022491
2025-02-26 13:57:44.633982-05:00,592.26,592.8568,592.1509,592.36,80413.0,592.2790577008685
2025-02-26 13:58:15.616526-05:00,592.35,592.7894,592.32,592.57,76746.0,592.5326421468227
2025-02-26 13:59:01.407108-05:00,592.57,592.773,592.411,592.72,63556.0,592.5487490528033
2025-02-26 13:59:39.072914-05:00,592.71,592.79,592.5096,592.77,64677.0,592.7023724276014
2025-02-26 14:00:11.746392-05:00,592.77,592.8578,592.26,592.31,68469.0,592.5369496633516
2025-02-26 14:00:47.324253-05:00,592.3,592.5741,592.17,592.35,92101.0,592.3000618516617
2025-02-26 14:01:26.557886-05:00,592.34,592.66,592.33,592.64,101995.0,592.503740591206
2025-02-26 14:02:02.850280-05:00,592.64,592.8379,592.4326,592.8093,86604.0,592.6819471502481
2025-02-26 14:02:42.836550-05:00,592.8,592.98,592.5251,592.97,93560.0,592.8347849454901
2025-02-26 14:03:24.666972-05:00,592.97,593.17,592.5881,593.13,110906.0,593.0589940381938
2025-02-26 14:04:06.396824-05:00,593.13,593.3,592.6304,592.93,74037.0,593.1377160176673
2025-02-26 14:04:49.588297-05:00,592.93,592.94,592.38,592.38,103463.0,592.7282942211228
2025-02-26 14:05:33.785717-05:00,592.39,592.9265,592.24,592.31,71524.0,592.3626310273478
2025-02-26 14:06:32.928796-05:00,592.34,592.7615,592.21,592.3301,69438.0,592.3121193309138
2025-02-26 14:07:22.568627-05:00,592.34,592.7637,592.17,592.17,44572.0,592.3384461635104
2025-02-26 14:07:44.509172-05:00,592.21,592.728,591.87,591.95,64655.0,592.0009192529575
2025-02-26 14:08:23.102711-05:00,591.945,592.6134,591.85,592.12,43668.0,592.0349345745165
2025-02-26 14:09:19.552333-05:00,592.12,592.3728,592.01,592.2,58815.0,592.159208693361
2025-02-26 14:10:13.762001-05:00,592.1894,592.2891,591.94,592.16,80407.0,592.0866405922368
2025-02-26 14:11:00.034371-05:00,592.1828,592.32,592.125,592.24,83566.0,592.2369948782989
2025-02-26 14:11:48.666670-05:00,592.24,592.5224,592.1199,592.45,58417.0,592.4004461492381
2025-02-26 14:12:26.501114-05:00,592.45,592.54,592.1856,592.41,78591.0,592.4387661831505
2025-02-26 14:13:02.009038-05:00,592.4,592.73,592.2195,592.68,68473.0,592.601221802754
2025-02-26 14:14:00.544482-05:00,592.6602,592.7,592.2712,592.35,47493.0,592.4056057987494
2025-02-26 14:14:48.865138-05:00,592.35,592.5,592.17,592.5,61194.0,592.3534628460305
2025-02-26 14:15:46.968173-05:00,592.51,592.6,592.24,592.36,56887.0,592.3783148522509
2025-02-26 14:16:26.597231-05:00,592.37,592.57,591.96,592.06,66850.0,592.3356883889294
2025-02-26 14:17:06.553774-05:00,592.07,592.7675,592.07,592.7675,78527.0,592.4527986705206
2025-02-26 14:17:34.039384-05:00,592.77,592.92,592.3063,592.86,74158.0,592.7630958251298
2025-02-26 14:18:10.299838-05:00,592.86,592.87,592.3656,592.86,98310.0,592.7600774427834
2025-02-26 14:18:36.056969-05:00,592.86,593.0287,592.5357,592.95,93197.0,592.9470847827724
2025-02-26 14:19:27.425254-05:00,592.95,593.0,592.5155,592.9,63115.0,592.8601468699985
2025-02-26 14:20:20.933865-05:00,592.9,593.12,592.5344,593.115,65773.0,593.003930150669
2025-02-26 14:20:59.216139-05:00,593.11,593.37,592.6537,593.37,73336.0,593.2463642781164
2025-02-26 14:21:43.086451-05:00,593.37,593.44,592.7284,593.38,80989.0,593.3641024608288
2025-02-26 14:22:30.024750-05:00,593.3712,593.7,592.7374,593.645,58954.0,593.4727205889349
2025-02-26 14:23:19.319953-05:00,593.65,593.9,592.887,593.76,65851.0,593.7794805409177
2025-02-26 14:24:06.478604-05:00,593.76,593.8197,592.8984,593.55,73664.0,593.6816823889567
2025-02-26 14:25:03.114665-05:00,593.5414,593.701,593.0008,593.39,51510.0,593.4461804212781
2025-02-26 14:26:10.258210-05:00,593.3899,593.74,593.0329,593.69,63165.0,593.4625471606109
2025-02-26 14:27:09.609896-05:00,593.705,593.78,593.1657,593.7698,76876.0,593.647940651179
2025-02-26 14:28:07.951487-05:00,593.75,593.9,593.2678,593.8,52724.0,593.7400983081712
2025-02-26 14:29:16.336874-05:00,593.8,593.8088,593.434,593.46,48969.0,593.6222503338846
2025-02-26 14:30:04.399463-05:00,593.46,593.6468,593.24,593.25,87331.0,593.437966473532
2025-02-26 14:30:53.934081-05:00,593.26,593.5599,593.24,593.4,96788.0,593.3631902704882
2025-02-26 14:32:07.019364-05:00,593.4,593.74,593.32,593.66,61030.0,593.4656025856133
2025-02-26 14:33:03.859084-05:00,593.67,593.85,593.4785,593.65,59027.0,593.6962992867672
2025-02-26 14:33:41.072339-05:00,593.68,593.9,593.4917,593.73,118913.0,593.811462662618
2025-02-26 14:34:59.886901-05:00,593.735,593.96,593.5669,593.9,100800.0,593.7711505109127
2025-02-26 14:36:00.175303-05:00,593.9,594.11,593.6095,593.92,65549.0,593.9514810569192
2025-02-26 14:37:00.928499-05:00,593.6494,594.08,593.6494,593.975,81654.0,593.9797295233533
2025-02-26 14:37:50.682399-05:00,593.96,594.05,593.6938,593.74,79657.0,593.8869257855553
2025-02-26 14:38:56.409122-05:00,593.7584,594.16,593.68,594.09,59233.0,593.8966125419955
2025-02-26 14:40:08.155449-05:00,594.09,594.215,593.7723,593.9573,64157.0,594.0596997568464
2025-02-26 14:41:33.887305-05:00,593.96,594.21,593.8259,594.205,194571.0,594.0600625889773
2025-02-26 14:42:29.185807-05:00,594.2025,594.33,593.9144,594.27,91023.0,594.2613566131638
2025-02-26 14:43:17.831229-05:00,594.27,594.66,593.9591,594.4886,68158.0,594.4880143284714
2025-02-26 14:44:14.305101-05:00,594.48,594.5,594.066,594.21,78238.0,594.346155806641
2025-02-26 14:45:21.306178-05:00,594.21,594.29,594.0603,594.195,74664.0,594.1651180100187
2025-02-26 14:46:32.551524-05:00,594.2,594.3386,594.1426,594.29,49197.0,594.2386684249043
2025-02-26 14:47:30.750099-05:00,594.29,594.52,594.15,594.1899,54210.0,594.3354326286665
2025-02-26 14:48:52.068054-05:00,594.2,594.3252,593.98,594.07,60693.0,594.089370286524
2025-02-26 14:49:56.094407-05:00,594.085,594.239,594.0,594.04,64336.0,594.078979944355
2025-02-26 14:50:56.854882-05:00,594.025,594.2226,593.88,594.0853,57912.0,594.0123795759088
2025-02-26 14:51:27.481051-05:00,594.08,594.2262,593.72,593.83,61514.0,593.8518763289667
2025-02-26 14:52:26.265871-05:00,593.82,594.1929,593.7,593.85,60982.0,593.8073893001224
2025-02-26 14:53:45.901217-05:00,593.85,594.0628,593.76,593.86,41223.0,593.8346910753692
2025-02-26 14:54:53.358998-05:00,593.89,594.0605,593.84,593.92,48568.0,593.9318266677652
2025-02-26 14:56:03.913469-05:00,593.915,594.0156,593.65,593.68,66414.0,593.8362555575628
2025-02-26 14:57:04.253290-05:00,593.69,593.9641,593.42,593.43,74781.0,593.612573604258
2025-02-26 14:57:52.651843-05:00,593.44,593.8263,593.15,593.2,65732.0,593.2861801649123
2025-02-26 14:58:16.568517-05:00,593.2,593.6399,592.8101,592.87,93325.0,592.9644626648811
2025-02-26 14:59:09.931415-05:00,592.87,593.6727,592.66,592.71,66847.0,592.7916682588603
2025-02-26 15:00:05.817167-05:00,592.695,593.5282,592.6,592.73,71423.0,592.7476960936953
2025-02-26 15:00:57.000103-05:00,592.73,593.4271,592.47,592.76,63330.0,592.7195896541917
2025-02-26 15:01:27.534031-05:00,592.76,593.3182,592.695,592.98,97674.0,592.8856554456657
2025-02-26 15:02:08.595813-05:00,592.98,593.25,592.8118,593.0,68887.0,593.0670129850345
2025-02-26 15:03:02.076029-05:00,593.0299,593.1763,592.82,592.91,74878.0,592.9858835198585
2025-02-26 15:04:07.143379-05:00,592.91,593.1031,592.61,592.66,51350.0,592.7658872580332
2025-02-26 15:05:04.163972-05:00,592.665,593.0918,592.46,592.82,64921.0,592.6213436006846
2025-02-26 15:05:55.841275-05:00,592.83,593.102,592.6892,593.08,59624.0,592.9226801472569
2025-02-26 15:06:41.784242-05:00,593.07,593.3877,592.8911,593.29,67725.0,593.2166547286818
2025-02-26 15:07:31.842209-05:00,593.3,593.38,592.9262,593.22,109766.0,593.303336651604
2025-02-26 15:08:39.140057-05:00,593.21,593.48,592.9397,593.47,51959.0,593.29995606151
2025-02-26 15:10:00.176962-05:00,593.47,593.48,592.977,593.43,77501.0,593.3867659578589
2025-02-26 15:10:42.137681-05:00,593.43,593.64,593.24,593.58,73854.0,593.485808352968
2025-02-26 15:11:50.183912-05:00,593.57,593.67,593.1129,593.48,63844.0,593.4742010635306
2025-02-26 15:12:47.394483-05:00,593.47,593.495,593.174,593.42,58168.0,593.345803742608
2025-02-26 15:13:35.978717-05:00,593.42,593.65,593.2169,593.65,54949.0,593.4932542903417
2025-02-26 15:14:26.068657-05:00,593.65,593.73,593.2481,593.39,50081.0,593.5666990455467
2025-02-26 15:15:09.366660-05:00,593.4,593.4779,593.17,593.18,61869.0,593.2562750327302
2025-02-26 15:15:50.512299-05:00,593.1702,593.4103,593.12,593.17,114653.0,593.2339746775051
2025-02-26 15:16:27.007814-05:00,593.17,593.3653,592.94,593.11,94842.0,593.059269756015
2025-02-26 15:17:16.616778-05:00,593.11,593.3286,593.01,593.2082,41139.0,593.1303436447178
2025-02-26 15:18:00.458366-05:00,593.19,593.3227,593.01,593.08,36539.0,593.1282199978101
2025-02-26 15:18:45.497902-05:00,593.07,593.2351,593.0,593.22,48377.0,593.1115987804117
2025-02-26 15:19:23.508910-05:00,593.23,593.41,593.06,593.17,48105.0,593.2164930215156
2025-02-26 15:20:11.894955-05:00,593.17,593.48,593.12,593.175,54146.0,593.2840078473022
2025-02-26 15:21:28.612797-05:00,593.17,593.3325,592.97,593.28,48855.0,593.1798394534844
2025-02-26 15:22:31.176505-05:00,593.28,593.5,593.1806,593.41,57968.0,593.3875173078252
2025-02-26 15:23:19.625843-05:00,593.41,593.59,593.234,593.56,75200.0,593.4013927353728
2025-02-26 15:24:11.395088-05:00,593.56,593.81,593.254,593.785,72835.0,593.6696953072012
2025-02-26 15:25:01.356551-05:00,593.78,593.92,593.33,593.7467,109741.0,593.790129615184
2025-02-26 15:26:02.546041-05:00,593.77,593.93,593.3511,593.88,62094.0,593.8169189808997
2025-02-26 15:27:08.959494-05:00,593.9,593.94,593.471,593.87,54949.0,593.813878871317
2025-02-26 15:28:00.935367-05:00,593.89,593.99,593.553,593.915,71209.0,593.9011482719893
2025-02-26 15:29:01.321310-05:00,593.89,593.95,593.6119,593.88,65960.0,593.8607222513639
2025-02-26 15:30:01.932926-05:00,593.88,593.93,593.505,593.56,54487.0,593.7094784205402
2025-02-26 15:30:55.705840-05:00,593.545,593.8171,593.27,593.551,94267.0,593.4068980236989
2025-02-26 15:31:52.613455-05:00,593.55,593.7096,593.14,593.26,67205.0,593.3151702060852
2025-02-26 15:32:26.597571-05:00,593.26,593.74,593.25,593.71,76008.0,593.5537032957061
2025-02-26 15:32:59.277971-05:00,593.71,593.82,593.4862,593.7294,98480.0,593.7610204305438
2025-02-26 15:33:26.831670-05:00,593.7209,593.83,593.5852,593.83,118371.0,593.7348732535843
2025-02-26 15:34:12.204578-05:00,593.82,593.86,593.6096,593.73,76749.0,593.8096647930261
2025-02-26 15:35:08.094153-05:00,593.74,593.9,593.6173,593.78,78982.0,593.7552941189138
2025-02-26 15:35:54.178604-05:00,593.7778,593.905,593.58,593.62,56683.0,593.7714708731013
2025-02-26 15:36:33.384293-05:00,593.62,593.78,593.53,593.71,81419.0,593.6219177747212
2025-02-26 15:37:09.767126-05:00,593.71,593.75,593.47,593.49,105073.0,593.6243734555978
2025-02-26 15:37:54.375867-05:00,593.49,593.89,593.43,593.84,76765.0,593.7007952686772
2025-02-26 15:38:38.094193-05:00,593.84,593.94,593.61,593.67,89732.0,593.766147404494
2025-02-26 15:39:16.227992-05:00,593.67,594.09,593.6586,594.06,85776.0,593.9590055574985
2025-02-26 15:39:54.330769-05:00,594.0303,594.09,593.6796,593.99,133002.0,593.9939859964513
2025-02-26 15:40:52.165471-05:00,593.99,594.06,593.712,593.97,65694.0,593.987583949828
2025-02-26 15:41:49.521731-05:00,593.97,594.13,593.7449,594.1,64871.0,593.9899419339927
2025-02-26 15:42:19.591615-05:00,594.1,594.14,593.8816,593.935,134211.0,594.0228696164991
2025-02-26 15:43:05.218058-05:00,593.935,594.1,593.76,594.1,77649.0,593.9052052093393
2025-02-26 15:43:48.150916-05:00,594.1,594.42,593.8663,594.42,79467.0,594.2096806838063
2025-02-26 15:44:19.608574-05:00,594.42,594.8,593.8956,593.9344,99257.0,594.5934063018221
2025-02-26 15:44:38.475814-05:00,594.75,594.92,593.9373,594.88,106963.0,594.8331456475602
2025-02-26 15:45:04.150503-05:00,594.88,594.97,594.2497,594.88,96906.0,594.8531326378138
2025-02-26 15:45:29.399464-05:00,594.88,595.1882,594.1238,595.16,94177.0,594.9730547968189
2025-02-26 15:45:58.603487-05:00,595.16,595.25,594.1893,595.11,79503.0,595.1540288303585
2025-02-26 15:46:26.948568-05:00,595.12,595.23,594.5615,595.08,79405.0,595.1112067753911
2025-02-26 15:46:52.217227-05:00,595.07,595.1322,594.3438,594.9,73453.0,594.9731219269452
2025-02-26 15:47:16.483477-05:00,594.9,595.0195,594.3764,594.62,93598.0,594.6887778114917
2025-02-26 15:47:41.438227-05:00,594.62,595.07,594.4308,595.06,108153.0,594.8771983920922
2025-02-26 15:48:05.636813-05:00,595.06,595.14,594.4661,595.0591,78592.0,595.0340609794887
2025-02-26 15:48:31.704596-05:00,595.06,595.26,594.8878,595.1601,72098.0,595.1555485145228
2025-02-26 15:48:52.693680-05:00,595.16,595.29,594.9413,595.14,93250.0,595.1874005222521
2025-02-26 15:49:37.547761-05:00,595.14,595.1797,594.6205,594.86,64614.0,595.0355004519153
2025-02-26 15:50:07.482636-05:00,594.86,595.0888,594.6912,594.73,85928.0,594.8404215540913
2025-02-26 15:50:36.109538-05:00,594.73,595.0355,594.49,594.53,90155.0,594.6126834130107
2025-02-26 15:51:05.889238-05:00,594.53,594.934,594.4,594.49,92355.0,594.5084095436083
2025-02-26 15:51:41.870027-05:00,594.48,594.8804,594.25,594.3,93341.0,594.3597570520994
2025-02-26 15:52:19.700354-05:00,594.3,594.8104,594.275,594.585,99546.0,594.4377524772458
2025-02-26 15:52:53.145430-05:00,594.59,594.7765,594.4237,594.69,74956.0,594.5710193967125
2025-02-26 15:53:20.270351-05:00,594.68,594.8,594.4544,594.62,73651.0,594.7174601580416
2025-02-26 15:53:49.680655-05:00,594.63,594.84,594.5716,594.68,64809.0,594.7269606350974
2025-02-26 15:54:15.049428-05:00,594.685,594.8146,594.51,594.72,78376.0,594.6359368875683
2025-02-26 15:54:39.110456-05:00,594.7,594.8132,594.5516,594.77,91931.0,594.66060310124
2025-02-26 15:55:01.497714-05:00,594.76,594.96,594.5641,594.96,89087.0,594.7649674946957
2025-02-26 15:55:32.332245-05:00,594.95,594.98,594.5917,594.76,98232.0,594.8572585175916
2025-02-26 15:55:52.287333-05:00,594.7589,594.86,594.6186,594.75,99466.0,594.7635300695717
2025-02-26 15:56:22.055003-05:00,594.75,594.8037,594.28,594.28,101685.0,594.5346467128882
2025-02-26 15:56:55.338692-05:00,594.27,594.7168,594.08,594.17,256647.0,594.3014406468803
2025-02-26 15:57:23.814783-05:00,594.17,594.7055,594.03,594.03,99648.0,594.1748542539741
2025-02-26 15:57:52.350824-05:00,594.03,594.5775,593.97,594.02,92130.0,594.0668298078799
2025-02-26 15:58:12.263126-05:00,594.03,594.5087,594.02,594.09,109387.0,594.1154777505558
2025-02-26 15:58:31.441965-05:00,594.08,594.4695,593.8915,593.9,142991.0,593.9609413368673
2025-02-26 15:58:55.319849-05:00,593.91,594.3927,593.84,593.87,137518.0,593.8881329585944
2025-02-26 15:59:10.084003-05:00,593.88,594.3049,593.69,593.73,129475.0,593.7612799868697
2025-02-26 15:59:22.324705-05:00,593.74,593.9,593.73,593.89,123995.0,593.826398783016
2025-02-26 15:59:35.476719-05:00,593.885,594.14,593.8494,594.04,157822.0,594.0049550975148
2025-02-26 15:59:47.333742-05:00,594.04,594.14,593.93,593.95,123037.0,594.0273195217691
2025-02-26 15:59:52.926302-05:00,593.95,594.29,593.94,594.28,112038.0,594.1308453417593
2025-02-27 09:30:00.392784-05:00,594.28,596.92,594.2,596.82,454255.0,595.9957652675248
2025-02-27 09:30:01.938841-05:00,596.82,596.95,596.82,596.84,19205.0,596.8858104816512
2025-02-27 09:30:06.770905-05:00,596.82,596.95,596.78,596.81,32819.0,596.8384424388345
2025-02-27 09:30:13.854834-05:00,596.81,596.99,596.71,596.74,143057.0,596.8251576770098
2025-02-27 09:30:33.370741-05:00,596.74,597.02,596.62,596.97,145664.0,596.7910581365335
2025-02-27 09:31:09.378541-05:00,596.97,597.26,596.74,596.74,102551.0,597.0497368138783
2025-02-27 09:31:52.579260-05:00,596.74,596.85,596.5701,596.67,89672.0,596.7350492104557
2025-02-27 09:32:36.449784-05:00,596.6763,597.28,596.67,597.245,87724.0,596.9943039601478
2025-02-27 09:33:14.900709-05:00,597.24,597.27,596.85,596.9099,99513.0,597.0794564338336
2025-02-27 09:33:50.439049-05:00,596.91,597.29,596.91,597.18,115899.0,597.0929239380841
2025-02-27 09:34:23.525208-05:00,597.17,597.2288,596.8,596.93,89788.0,596.9455990032075
2025-02-27 09:35:10.003343-05:00,596.93,597.28,596.73,597.26,84444.0,597.0322017940887
2025-02-27 09:35:40.073779-05:00,597.26,597.56,596.82,597.295,97441.0,597.3835476657672
2025-02-27 09:36:11.368896-05:00,597.28,597.86,596.82,597.79,66510.0,597.5813933934754
2025-02-27 09:36:54.548448-05:00,597.79,597.87,596.82,597.81,92832.0,597.7875091132371
2025-02-27 09:37:25.182708-05:00,597.81,598.04,597.2497,597.77,91236.0,597.905450934938
2025-02-27 09:38:03.215263-05:00,597.77,597.8388,597.3793,597.54,83984.0,597.6348997392358
2025-02-27 09:38:49.789261-05:00,597.54,597.7533,597.4001,597.67,97013.0,597.615902792408
2025-02-27 09:39:26.571033-05:00,597.67,597.7425,597.25,597.5,90434.0,597.4393742773734
2025-02-27 09:39:56.195604-05:00,597.5,597.51,597.05,597.08,98288.0,597.1865253459212
2025-02-27 09:40:18.162698-05:00,597.07,597.5271,596.7,596.84,115322.0,596.9783205546213
2025-02-27 09:40:50.421461-05:00,596.82,597.41,596.5514,596.58,101252.0,596.7809282058628
2025-02-27 09:41:09.612356-05:00,596.58,597.3668,596.17,596.19,99024.0,596.3770815479074
2025-02-27 09:41:47.706752-05:00,596.19,597.04,596.06,596.24,84443.0,596.2709796004406
2025-02-27 09:42:19.311277-05:00,596.265,596.96,595.75,595.8,74459.0,596.0010282652199
2025-02-27 09:43:06.504593-05:00,595.8,596.4103,595.61,595.82,89268.0,595.7930117802567
2025-02-27 09:43:38.073639-05:00,595.83,596.3203,595.19,595.41,102281.0,595.4321927073454
2025-02-27 09:44:04.174312-05:00,595.4,595.72,595.39,595.4101,111925.0,595.6093937878047
2025-02-27 09:44:38.536336-05:00,595.4164,595.7705,595.06,595.52,101430.0,595.2906891067731
2025-02-27 09:45:13.841823-05:00,595.52,595.85,595.43,595.83,91871.0,595.6186577472748
2025-02-27 09:45:49.158386-05:00,595.83,595.92,595.57,595.835,81259.0,595.7525054615501
2025-02-27 09:46:20.685850-05:00,595.845,596.24,595.5534,596.16,58719.0,596.0606683509603
2025-02-27 09:46:51.208821-05:00,596.16,596.2,595.7268,596.01,85295.0,596.1197772577524
2025-02-27 09:47:22.819396-05:00,596.02,596.36,595.7032,596.26,95794.0,596.197920763305
2025-02-27 09:47:42.465141-05:00,596.26,596.44,595.7679,596.36,92677.0,596.2313209426284
2025-02-27 09:48:03.946175-05:00,596.37,596.37,595.8106,595.84,88055.0,596.1001090886369
2025-02-27 09:48:33.909279-05:00,595.86,596.1551,595.59,595.74,87891.0,595.7954189052344
2025-02-27 09:49:11.017240-05:00,595.73,596.0525,595.29,595.36,102611.0,595.505033303447
2025-02-27 09:49:53.514157-05:00,595.36,595.8901,595.2125,595.42,100091.0,595.3694723811329
2025-02-27 09:50:29.119607-05:00,595.42,595.8706,595.13,595.215,91934.0,595.405414127526
2025-02-27 09:50:49.759041-05:00,595.2279,595.4085,594.95,595.03,72373.0,595.0666398739863
2025-02-27 09:51:21.966305-05:00,595.03,595.7604,594.72,594.97,78951.0,594.9137167812946
2025-02-27 09:51:53.633847-05:00,594.97,595.3302,594.79,595.09,96581.0,594.9545937006242
2025-02-27 09:52:32.513489-05:00,595.08,595.4894,595.0202,595.12,65871.0,595.2354771629397
2025-02-27 09:53:10.717419-05:00,595.12,595.35,594.71,594.79,74094.0,594.9942350244287
2025-02-27 09:53:28.925624-05:00,594.79,595.18,594.43,594.49,55346.0,594.5642204965112
2025-02-27 09:53:45.643553-05:00,594.49,595.0401,594.19,594.33,96044.0,594.3464256965563
2025-02-27 09:54:08.982042-05:00,594.3,595.01,594.0,594.0,77060.0,594.2821014923438
2025-02-27 09:54:24.699117-05:00,594.0,594.9079,593.7,593.7,77295.0,593.8465803648367
2025-02-27 09:54:46.860849-05:00,593.7,594.3414,593.675,594.0,106980.0,593.8437672303238
2025-02-27 09:55:06.180662-05:00,594.02,594.14,593.35,593.38,82330.0,593.7615441540144
2025-02-27 09:55:26.393768-05:00,593.39,594.3303,593.25,593.6,103642.0,593.4605331776698
2025-02-27 09:55:55.954278-05:00,593.6,593.8604,593.52,593.68,80126.0,593.6840730961239
2025-02-27 09:56:18.768410-05:00,593.66,594.2312,593.26,593.6537,99099.0,593.4813099032281
2025-02-27 09:56:36.602298-05:00,593.54,593.77,593.09,593.1507,112917.0,593.2138708954365
2025-02-27 09:56:53.496597-05:00,593.11,593.5218,592.74,592.95,91897.0,592.8872427870335
2025-02-27 09:57:14.724164-05:00,592.94,593.6966,592.76,592.955,104291.0,592.9764931729482
2025-02-27 09:57:40.730189-05:00,592.955,593.7145,592.85,592.9625,91569.0,592.9832759405484
2025-02-27 09:58:01.000459-05:00,592.955,593.3137,592.51,592.53,118097.0,592.7834448013073
2025-02-27 09:58:25.278380-05:00,592.53,593.28,592.14,592.3,84870.0,592.357232376576
2025-02-27 09:58:45.182146-05:00,592.29,592.8028,592.16,592.6298,89641.0,592.4224603518473
2025-02-27 09:59:11.556828-05:00,592.63,592.9,592.4969,592.67,85467.0,592.732646508009
2025-02-27 09:59:33.507489-05:00,592.67,593.0851,592.42,592.68,103791.0,592.5632928500548
2025-02-27 10:00:00.088388-05:00,592.6501,592.94,592.39,592.39,66371.0,592.5017979433783
2025-02-27 10:00:06.160311-05:00,592.38,592.899,591.97,592.16,88110.0,592.122770186131
2025-02-27 10:00:21.200720-05:00,592.16,592.8805,591.56,591.63,92995.0,591.8474631195224
2025-02-27 10:00:33.616706-05:00,592.3565,592.6025,591.0,591.02,93089.0,591.2720309982918
2025-02-27 10:00:41.224007-05:00,591.02,592.4,590.98,591.04,105539.0,591.0952545163399
2025-02-27 10:00:44.100704-05:00,591.04,591.49,590.99,591.325,78320.0,591.2374472957101
2025-02-27 10:00:57.685910-05:00,591.36,591.8716,591.1088,591.2092,98463.0,591.3197805713817
2025-02-27 10:01:06.846289-05:00,591.18,591.6999,591.06,591.06,123839.0,591.2173786892656
2025-02-27 10:01:21.164698-05:00,591.06,591.8301,590.8,590.82,106968.0,591.06081617867
2025-02-27 10:01:36.903440-05:00,590.82,591.72,590.54,590.69,100710.0,590.7383059159971
2025-02-27 10:01:56.327650-05:00,590.72,591.315,590.51,590.93,86849.0,590.792158282767
2025-02-27 10:02:09.744595-05:00,590.94,591.47,590.855,591.47,113404.0,591.165244604247
2025-02-27 10:02:21.018569-05:00,591.46,591.66,591.1344,591.53,94722.0,591.5052461867358
2025-02-27 10:02:27.424743-05:00,591.53,591.7212,591.14,591.22,101899.0,591.3663664687574
2025-02-27 10:02:51.753395-05:00,591.22,592.4489,591.14,591.52,109125.0,591.40051524032
2025-02-27 10:03:14.310131-05:00,591.52,591.67,591.14,591.37,117683.0,591.4558798484062
2025-02-27 10:03:41.722905-05:00,591.37,591.84,591.25,591.825,106734.0,591.5685175998285
2025-02-27 10:04:04.330644-05:00,591.825,591.88,591.4394,591.55,105346.0,591.7179406555534
2025-02-27 10:04:28.460078-05:00,591.535,591.8688,591.42,591.66,107585.0,591.6295740484271
2025-02-27 10:04:55.966173-05:00,591.67,592.04,591.6251,591.9,92125.0,591.874791006784
2025-02-27 10:05:17.893635-05:00,591.9,592.32,591.79,592.28,104070.0,592.1048582223509
2025-02-27 10:05:41.854269-05:00,592.28,592.5,591.3678,592.4462,96618.0,592.3908357552416
2025-02-27 10:06:02.026444-05:00,592.435,592.49,591.4737,592.1,101486.0,592.3031581902926
2025-02-27 10:06:18.906597-05:00,592.1,592.24,591.5377,592.24,100804.0,592.1295607733828
2025-02-27 10:06:52.727015-05:00,592.2399,592.54,591.6016,592.23,87137.0,592.3660874060384
2025-02-27 10:07:19.894373-05:00,592.23,592.36,591.8083,592.06,81975.0,592.120669984752
2025-02-27 10:07:51.115329-05:00,592.06,592.18,591.79,591.98,77380.0,591.9626953075727
2025-02-27 10:08:21.794739-05:00,592.0,592.36,591.84,591.8892,77208.0,592.1251029867375
2025-02-27 10:08:43.409353-05:00,591.89,592.02,591.6,591.65,95085.0,591.8012257443353
2025-02-27 10:09:23.528182-05:00,591.63,592.13,591.61,591.88,69817.0,591.8914688012951
2025-02-27 10:10:06.731905-05:00,591.8893,592.375,591.845,592.375,59319.0,592.1152933562597
2025-02-27 10:10:40.224666-05:00,592.38,592.57,592.0112,592.57,81781.0,592.3713478509677
2025-02-27 10:11:06.069971-05:00,592.58,592.95,592.1278,592.91,78906.0,592.6664717461281
2025-02-27 10:11:28.336594-05:00,592.91,593.25,592.157,593.21,93306.0,593.0781639948132
2025-02-27 10:11:42.874626-05:00,593.21,593.46,591.8569,593.37,134637.0,593.2686269784684
2025-02-27 10:12:10.845274-05:00,593.38,593.39,592.4844,592.81,85404.0,593.078230826424
2025-02-27 10:12:43.837740-05:00,592.81,593.41,592.1451,593.34,84372.0,593.060414489404
2025-02-27 10:13:11.360023-05:00,593.34,593.58,592.6981,593.5088,93572.0,593.4231122718339
2025-02-27 10:13:33.122668-05:00,593.5,594.13,592.7185,593.9201,75501.0,593.8968756440325
2025-02-27 10:14:05.301632-05:00,593.935,594.36,593.0318,594.26,80439.0,594.065335104862
2025-02-27 10:14:29.038597-05:00,594.26,594.39,593.3812,594.13,101086.0,594.2182507854696
2025-02-27 10:15:09.087027-05:00,594.13,594.18,593.3061,594.02,77161.0,594.0312198234857
2025-02-27 10:15:45.138878-05:00,594.02,594.46,592.8598,594.32,81855.0,594.2279272323012
2025-02-27 10:16:13.456711-05:00,594.31,594.6,592.9573,594.49,87639.0,594.2619170894229
2025-02-27 10:16:36.013093-05:00,594.49,594.6,593.042,594.35,94705.0,594.4523515569394
2025-02-27 10:17:15.006525-05:00,594.35,594.4615,594.07,594.405,65673.0,594.2948632406022
2025-02-27 10:17:49.552861-05:00,594.35,594.61,594.15,594.16,65599.0,594.3923739919813
2025-02-27 10:18:16.868966-05:00,594.18,594.3614,593.3962,594.03,118313.0,594.0129625375065
2025-02-27 10:18:41.383623-05:00,594.03,594.78,593.9338,594.73,90579.0,594.4606513308836
2025-02-27 10:19:23.767953-05:00,594.75,594.76,593.636,594.49,64108.0,594.5411003946468
2025-02-27 10:20:08.857286-05:00,594.5,594.7,593.7863,594.56,58155.0,594.4744557286557
2025-02-27 10:20:49.175694-05:00,594.56,594.7,593.8481,594.57,95716.0,594.5171686060844
2025-02-27 10:21:22.433174-05:00,594.57,594.685,594.295,594.4338,94106.0,594.5382720506667
2025-02-27 10:21:49.435800-05:00,594.43,594.517,594.105,594.48,95376.0,594.2647142048311
2025-02-27 10:22:13.901098-05:00,594.48,595.09,594.3943,595.09,69910.0,594.8013465183815
2025-02-27 10:22:35.873359-05:00,595.09,595.6788,594.4603,595.63,84996.0,595.4376554520217
2025-02-27 10:22:54.224765-05:00,595.62,596.0,594.7541,596.0,103198.0,595.8580913060333
2025-02-27 10:23:13.158006-05:00,596.0,596.17,594.7399,596.14,97708.0,596.06233292975
2025-02-27 10:23:35.692589-05:00,596.14,596.52,595.0789,596.37,91281.0,596.384079193918
2025-02-27 10:24:00.878313-05:00,596.37,596.47,595.1899,596.47,112809.0,596.3160825022827
2025-02-27 10:24:20.607545-05:00,596.47,596.47,595.4936,596.15,118260.0,596.330119014882
2025-02-27 10:24:40.677197-05:00,596.15,596.2716,594.9929,595.82,83596.0,596.0740416742431
2025-02-27 10:25:09.761609-05:00,595.7948,595.97,595.4,595.42,106115.0,595.7268853357209
2025-02-27 10:25:42.316279-05:00,595.42,596.1261,595.1314,595.33,78223.0,595.4466489229519
2025-02-27 10:26:16.901756-05:00,595.31,595.9844,595.27,595.32,94174.0,595.4304580584875
2025-02-27 10:26:43.808179-05:00,595.29,595.8514,595.15,595.38,97577.0,595.3008573946732
2025-02-27 10:27:25.501405-05:00,595.38,595.52,595.23,595.425,88947.0,595.3677486312068
2025-02-27 10:28:03.695627-05:00,595.42,595.8487,595.0903,595.44,80754.0,595.3192677873548
2025-02-27 10:28:51.713955-05:00,595.43,595.8031,595.14,595.59,59456.0,595.3993803451289
2025-02-27 10:29:48.514719-05:00,595.6,595.86,595.3633,595.54,40212.0,595.6233486198146
2025-02-27 10:30:25.947524-05:00,595.53,595.62,595.05,595.07,70397.0,595.3662016378544
2025-02-27 10:31:00.420460-05:00,595.09,595.5525,594.82,594.83,74648.0,595.0137054093882
2025-02-27 10:31:32.577364-05:00,594.83,595.2978,594.66,594.89,77856.0,594.8199943125773
2025-02-27 10:32:16.100199-05:00,594.91,595.2283,594.61,594.85,61830.0,594.8012901018916
2025-02-27 10:32:51.194585-05:00,594.85,595.6397,594.365,594.425,71007.0,594.6386942104307
2025-02-27 10:33:26.542569-05:00,594.44,595.0142,594.26,594.36,65834.0,594.5396482911568
2025-02-27 10:33:45.204325-05:00,594.35,594.9184,594.25,594.4,36767.0,594.4079816085068
2025-02-27 10:34:00.546627-05:00,594.395,594.8786,593.91,593.96,35236.0,594.1085804404594
2025-02-27 10:34:16.515389-05:00,593.97,595.1917,593.745,593.81,42163.0,593.8655639612931
2025-02-27 10:34:34.600778-05:00,593.81,594.11,593.76,594.095,29660.0,594.0019596931897
2025-02-27 10:35:19.465586-05:00,594.11,594.6748,594.04,594.13,51960.0,594.2770297459582
2025-02-27 10:36:05.102752-05:00,594.105,594.5406,593.785,593.85,54856.0,593.9591745424392
2025-02-27 10:36:41.153469-05:00,593.85,594.3992,593.58,594.255,63054.0,593.9086308671929
2025-02-27 10:37:17.930170-05:00,594.27,594.64,593.9923,594.4,68720.0,594.3904342142027
2025-02-27 10:38:01.734687-05:00,594.4,594.9,594.1326,594.9,55013.0,594.6080028465993
2025-02-27 10:38:23.720150-05:00,594.87,595.61,594.2408,595.58,87684.0,595.2401643617986
2025-02-27 10:39:03.270194-05:00,595.58,595.72,594.47,595.1213,58662.0,595.2797166445057
2025-02-27 10:39:49.030779-05:00,595.14,595.335,594.5765,595.23,55358.0,595.1494575580775
2025-02-27 10:40:39.311061-05:00,595.22,595.3,594.6604,594.84,56630.0,595.0658563411619
2025-02-27 10:41:30.808301-05:00,594.85,595.0968,594.48,594.82,55219.0,594.7366082489718
2025-02-27 10:42:18.616090-05:00,594.82,595.2064,594.5833,595.02,55285.0,594.9508219354256
2025-02-27 10:43:07.092756-05:00,595.02,595.14,594.868,594.95,59769.0,595.0139405042752
2025-02-27 10:44:01.706842-05:00,594.93,595.11,594.73,595.01,45945.0,594.9418613124385
2025-02-27 10:44:33.732579-05:00,595.04,595.37,594.7215,595.37,69936.0,595.2443705173299
2025-02-27 10:45:04.193749-05:00,595.37,595.4,594.72,594.73,79008.0,595.1720519251218
2025-02-27 10:45:41.683021-05:00,594.72,595.1084,594.61,594.76,65039.0,594.7385679069494
2025-02-27 10:46:23.382577-05:00,594.76,595.0449,594.53,594.83,50373.0,594.7326307009708
2025-02-27 10:47:15.297702-05:00,594.84,595.36,594.7737,595.35,40909.0,595.0112203989339
2025-02-27 10:47:46.610152-05:00,595.35,595.642,594.8564,595.51,66359.0,595.5267694962245
2025-02-27 10:48:24.967569-05:00,595.52,595.5631,594.95,595.06,63710.0,595.2906952770365
2025-02-27 10:49:19.046301-05:00,595.06,595.3664,595.06,595.3,44429.0,595.1891167660755
2025-02-27 10:50:06.081558-05:00,595.3,595.3552,595.0,595.01,52220.0,595.1780910857905
2025-02-27 10:50:56.317607-05:00,595.01,595.1925,594.69,594.99,49989.0,594.9546418952173
2025-02-27 10:51:42.337844-05:00,594.8662,595.29,594.545,594.8524,56602.0,594.898672294265
2025-02-27 10:52:25.505041-05:00,594.885,595.163,594.34,594.37,49735.0,594.6555555906306
2025-02-27 10:53:09.566419-05:00,594.37,594.7753,594.09,594.16,65267.0,594.2689689812614
2025-02-27 10:53:43.340690-05:00,594.15,594.9842,593.95,594.31,75243.0,594.0958712185858
2025-02-27 10:54:36.433030-05:00,594.31,594.9066,593.9,593.9,53450.0,594.1848167951349
2025-02-27 10:55:20.809128-05:00,593.9,594.5315,593.81,594.05,75468.0,594.0326353143047
2025-02-27 10:56:16.040028-05:00,594.05,594.27,593.9309,594.091,52888.0,594.11915069581
2025-02-27 10:57:03.251184-05:00,594.1,594.2438,593.636,593.85,68307.0,593.8039145797651
2025-02-27 10:57:54.976661-05:00,593.84,594.0833,593.57,593.7435,63885.0,593.7739639696333
2025-02-27 10:58:36.701791-05:00,593.87,594.14,593.78,594.0012,83170.0,593.9495329998798
2025-02-27 10:59:19.811059-05:00,594.0,594.2969,593.49,593.5338,82855.0,593.6444561752455
2025-02-27 10:59:53.581159-05:00,593.56,594.147,593.27,593.36,84915.0,593.527495928871
2025-02-27 11:00:32.449665-05:00,593.36,594.103,593.22,593.7572,95279.0,593.4732858636223
2025-02-27 11:01:02.104920-05:00,593.76,594.39,593.5283,594.22,65403.0,594.1489804213879
2025-02-27 11:01:40.702098-05:00,594.22,594.5597,593.6831,594.065,60122.0,594.2531301387172
2025-02-27 11:02:31.050205-05:00,594.0537,594.1786,593.68,593.69,63395.0,593.886955433394
2025-02-27 11:03:28.327896-05:00,593.69,593.8884,593.4712,593.805,61383.0,593.6780086831857
2025-02-27 11:04:18.134108-05:00,593.805,593.85,593.47,593.61,60600.0,593.660714166666
2025-02-27 11:05:04.889887-05:00,593.59,593.81,593.55,593.77,77398.0,593.6180530698476
2025-02-27 11:06:01.031048-05:00,593.76,593.98,593.6169,593.88,44348.0,593.7987154369981
2025-02-27 11:06:43.247344-05:00,593.88,594.14,593.6795,593.89,101049.0,593.9101421320349
2025-02-27 11:07:35.819834-05:00,593.88,594.09,593.73,594.09,56163.0,593.9221337660024
2025-02-27 11:08:23.802453-05:00,594.11,594.27,593.7727,594.24,73423.0,594.0428817209862
2025-02-27 11:09:13.835232-05:00,594.22,594.22,593.75,593.85,73068.0,593.8926753927843
2025-02-27 11:10:17.764883-05:00,593.85,594.48,593.77,594.46,45686.0,594.0432108304522
2025-02-27 11:11:01.517305-05:00,594.46,594.59,593.9352,594.55,76065.0,594.367690525209
2025-02-27 11:11:45.108022-05:00,594.55,594.95,594.0861,594.64,62760.0,594.6926499139577
2025-02-27 11:12:41.657573-05:00,594.645,594.74,593.9867,594.71,55918.0,594.5933145391474
2025-02-27 11:13:26.813289-05:00,594.71,595.09,594.1113,595.09,143479.0,594.566013033963
2025-02-27 11:14:26.404200-05:00,595.044,595.2,594.1423,595.19,48068.0,595.0060010360327
2025-02-27 11:15:15.073132-05:00,595.2,595.51,594.5662,595.4,49836.0,595.3097657015012
2025-02-27 11:15:51.914570-05:00,595.4,595.75,594.3854,595.66,86912.0,595.5540107787176
2025-02-27 11:16:27.416330-05:00,595.69,595.95,595.0074,595.78,57009.0,595.8119604273005
2025-02-27 11:17:20.240575-05:00,595.81,595.86,595.0512,595.61,49407.0,595.7108554982082
2025-02-27 11:18:12.361279-05:00,595.63,596.03,595.1829,595.9522,34454.0,595.795720714576
2025-02-27 11:19:01.185609-05:00,595.9587,596.14,594.9467,595.96,71572.0,596.0416647459898
2025-02-27 11:19:55.624119-05:00,595.97,596.11,595.7077,595.875,40127.0,595.9275783661878
2025-02-27 11:20:48.923691-05:00,595.875,596.24,595.8025,596.11,42737.0,596.0647187776406
2025-02-27 11:21:42.544526-05:00,596.11,596.13,595.2969,595.98,42775.0,595.9406675885449
2025-02-27 11:22:34.868942-05:00,595.97,595.99,595.61,595.72,61255.0,595.8009406513751
2025-02-27 11:23:16.293769-05:00,595.704,595.8787,595.31,595.57,56799.0,595.4834383052523
2025-02-27 11:24:26.976967-05:00,595.57,595.88,595.5661,595.7,51381.0,595.7137291313913
2025-02-27 11:25:38.491544-05:00,595.7,595.7903,595.31,595.32,58248.0,595.5285663954123
2025-02-27 11:26:25.148899-05:00,595.32,595.572,594.79,594.86,69039.0,595.1583641449027
2025-02-27 11:27:14.602468-05:00,594.86,595.5311,594.38,594.44,76194.0,594.6654550896401
2025-02-27 11:28:08.989151-05:00,594.43,595.2501,594.13,594.33,66033.0,594.2529898035834
2025-02-27 11:29:14.465737-05:00,594.31,595.4012,593.865,593.93,57776.0,594.1311389210052
2025-02-27 11:30:01.247600-05:00,594.3502,594.684,593.83,593.97,70024.0,594.0191393365126
2025-02-27 11:30:57.591024-05:00,593.97,594.4,593.9,594.35,73917.0,594.1797565160922
2025-02-27 11:31:44.872448-05:00,594.325,594.7187,594.1178,594.6526,84339.0,594.587149009355
2025-02-27 11:32:38.864967-05:00,594.63,594.79,594.2634,594.68,53714.0,594.6539129817177
2025-02-27 11:34:00.696076-05:00,594.63,594.72,594.3294,594.61,49310.0,594.573943644291
2025-02-27 11:35:05.797613-05:00,594.6,594.842,594.3634,594.5,50681.0,594.6787160868962
2025-02-27 11:36:13.391191-05:00,594.52,594.89,594.4288,594.865,45569.0,594.7945471087797
2025-02-27 11:37:14.750850-05:00,594.865,594.97,594.32,594.375,55336.0,594.6874502837219
2025-02-27 11:38:33.368919-05:00,594.38,594.6843,594.06,594.29,37976.0,594.3006625421316
2025-02-27 11:39:52.745504-05:00,594.31,594.6314,594.1,594.3,100805.0,594.2517943723033
2025-02-27 11:41:25.098183-05:00,594.29,594.53,594.2,594.36,37366.0,594.3704153695868
2025-02-27 11:42:25.566937-05:00,594.35,594.43,593.95,594.04,53597.0,594.1517128551968
2025-02-27 11:43:22.819720-05:00,594.0263,594.2709,593.73,593.78,59250.0,593.9631546210975
2025-02-27 11:44:22.880066-05:00,593.78,594.3823,593.63,593.82,56518.0,593.7324824852253
2025-02-27 11:45:33.886360-05:00,593.815,594.2579,593.6001,593.84,45609.0,593.8048569120122
2025-02-27 11:46:44.845188-05:00,593.84,594.1524,593.73,594.06,45590.0,593.8916630840087
2025-02-27 11:47:58.641488-05:00,594.06,594.16,593.85,593.89,39529.0,594.0243626628558
2025-02-27 11:49:22.098116-05:00,593.89,594.0278,593.62,593.77,37057.0,593.7456983511896
2025-02-27 11:50:35.137431-05:00,593.77,593.9603,593.42,593.42,50151.0,593.714928647485
2025-02-27 11:51:41.012502-05:00,593.43,593.8382,593.12,593.1425,49551.0,593.427572862303
2025-02-27 11:52:16.997741-05:00,593.14,593.6292,592.74,592.74,73963.0,592.9548953544335
2025-02-27 11:52:55.970739-05:00,592.75,593.3328,592.58,592.63,86285.0,592.6856944822391
2025-02-27 11:54:03.254578-05:00,592.66,593.181,592.63,593.07,69757.0,592.8434744283718
2025-02-27 11:55:14.242135-05:00,593.07,593.2629,592.8068,592.8899,63441.0,593.0155759288155
2025-02-27 11:56:24.468839-05:00,592.89,593.2422,592.66,592.7387,57225.0,592.9187102437747
2025-02-27 11:57:36.832585-05:00,592.76,592.8923,592.51,592.64,54628.0,592.6419224811456
2025-02-27 11:58:54.654573-05:00,592.67,592.8581,592.56,592.56,52474.0,592.6927469985145
2025-02-27 11:59:50.999993-05:00,592.56,592.7265,592.28,592.38,65210.0,592.4097123048614
2025-02-27 12:00:36.605333-05:00,592.406,592.8692,592.19,592.26,65384.0,592.3333753181203
2025-02-27 12:01:35.143986-05:00,592.26,592.7444,592.23,592.51,67849.0,592.468766914767
2025-02-27 12:02:48.108682-05:00,592.5,592.73,592.38,592.61,63141.0,592.5559358926839
2025-02-27 12:03:40.050636-05:00,592.6,593.0,592.4808,592.91,70211.0,592.8702011095118
2025-02-27 12:04:38.495881-05:00,592.94,593.03,592.5341,592.98,75098.0,592.929243377986
2025-02-27 12:05:36.717396-05:00,592.97,593.02,592.6417,592.77,64688.0,592.8975596416658
2025-02-27 12:06:46.279562-05:00,592.78,592.8501,592.55,592.61,75891.0,592.685170780463
2025-02-27 12:08:07.355174-05:00,592.62,592.8178,592.33,592.47,56379.0,592.4724079657315
2025-02-27 12:09:31.571117-05:00,592.465,592.7772,592.455,592.63,72665.0,592.582257393517
2025-02-27 12:10:31.314594-05:00,592.63,592.68,592.23,592.23,53701.0,592.4165691141692
2025-02-27 12:11:27.378462-05:00,592.24,592.5505,592.131,592.455,102551.0,592.3019625210874
2025-02-27 12:12:30.611447-05:00,592.455,592.65,592.33,592.3767,84223.0,592.4778075264484
2025-02-27 12:13:30.688361-05:00,592.411,592.77,592.411,592.65,95959.0,592.5982850905076
2025-02-27 12:14:48.695131-05:00,592.64,592.68,592.29,592.41,65153.0,592.4609570748854
2025-02-27 12:16:01.060002-05:00,592.4029,592.55,592.14,592.25,55495.0,592.3688837462832
2025-02-27 12:16:34.461707-05:00,592.25,592.4849,591.87,591.89,53433.0,592.0325240993392
2025-02-27 12:17:09.860613-05:00,591.88,592.4174,591.63,591.7837,64959.0,591.7756039024615
2025-02-27 12:18:03.065264-05:00,591.7882,592.2372,591.67,592.08,74680.0,591.8004717514739
2025-02-27 12:19:05.582267-05:00,592.09,592.12,591.79,591.89,62220.0,591.9362706075211
2025-02-27 12:20:06.329399-05:00,591.89,592.0399,591.53,591.55,49963.0,591.7065443908496
2025-02-27 12:20:55.251087-05:00,591.5401,591.8674,591.38,591.715,65509.0,591.5667036620923
2025-02-27 12:21:39.451850-05:00,591.72,592.0994,591.638,592.04,81169.0,591.9450515935887
2025-02-27 12:22:28.434660-05:00,592.04,592.43,591.7717,592.3801,53094.0,592.2679201190341
2025-02-27 12:23:22.226342-05:00,592.39,592.4569,591.875,592.44,67172.0,592.3670097987257
2025-02-27 12:24:21.054643-05:00,592.44,592.48,591.9759,592.3499,74109.0,592.3511067319761
2025-02-27 12:25:14.804445-05:00,592.33,592.7,592.0497,592.67,56165.0,592.5502319362593
2025-02-27 12:26:08.218293-05:00,592.68,592.86,592.0493,592.86,64702.0,592.6464034032938
2025-02-27 12:26:54.592697-05:00,592.86,593.06,592.479,593.03,65047.0,592.970823064861
2025-02-27 12:27:32.432830-05:00,593.03,593.13,592.5629,593.13,89650.0,593.0248039810374
2025-02-27 12:28:09.526961-05:00,593.13,593.47,592.6749,593.44,65964.0,593.3316894139241
2025-02-27 12:29:01.083509-05:00,593.45,593.67,592.8699,593.58,57426.0,593.55216830878
2025-02-27 12:29:50.060214-05:00,593.58,593.96,593.0465,593.94,65855.0,593.6954029701619
2025-02-27 12:30:17.669598-05:00,593.94,594.325,593.1181,594.3,79605.0,594.1299587953023
2025-02-27 12:30:54.187378-05:00,594.3,594.48,593.7798,594.07,89861.0,594.3153613937084
2025-02-27 12:31:39.089160-05:00,594.07,594.15,593.79,593.83,78168.0,593.9772886424113
2025-02-27 12:32:45.383247-05:00,593.83,594.0946,593.73,593.92,111831.0,593.8752626087571
2025-02-27 12:34:00.255452-05:00,593.92,594.0012,593.638,593.73,90217.0,593.7494400622945
2025-02-27 12:35:19.446028-05:00,593.73,594.16,593.6128,594.11,55698.0,593.957466648713
2025-02-27 12:36:24.492839-05:00,594.09,594.36,593.7678,594.04,67998.0,594.2258828289076
2025-02-27 12:37:43.464766-05:00,594.02,594.32,593.9217,593.9941,47214.0,594.1728856716231
2025-02-27 12:39:05.110461-05:00,594.28,594.29,593.94,593.99,57913.0,594.1083449812651
2025-02-27 12:40:15.058245-05:00,593.99,594.1411,593.53,593.56,47576.0,593.8474506137549
2025-02-27 12:41:16.326090-05:00,593.55,594.0686,593.29,593.29,55420.0,593.5139959148323
2025-02-27 12:42:05.202824-05:00,593.29,593.8545,592.72,592.77,62447.0,592.9493777811588
2025-02-27 12:42:51.208557-05:00,592.76,593.6107,592.39,592.54,63552.0,592.560059612603
2025-02-27 12:43:51.479394-05:00,592.54,593.2048,592.45,592.66,72963.0,592.6312261913557
2025-02-27 12:45:00.218790-05:00,592.66,592.9946,592.54,592.89,47245.0,592.7233700624396
2025-02-27 12:45:59.729831-05:00,592.89,593.2,592.7073,593.16,68148.0,592.9553993543462
2025-02-27 12:46:50.518701-05:00,593.18,593.45,592.7375,593.28,67916.0,593.3414862830538
2025-02-27 12:47:51.894575-05:00,593.28,593.33,592.8502,592.97,47357.0,593.0791983592709
2025-02-27 12:48:47.317834-05:00,592.913,593.2342,592.71,592.99,69258.0,592.8500752635066
2025-02-27 12:50:03.067077-05:00,593.01,593.08,592.74,592.8,52517.0,592.9151692594778
2025-02-27 12:50:58.178467-05:00,592.8,593.0417,592.37,592.405,49457.0,592.5741121074883
2025-02-27 12:52:07.916220-05:00,592.42,592.9546,592.42,592.81,52465.0,592.6423399656903
2025-02-27 12:52:45.444408-05:00,592.79,593.28,592.6044,593.26,68974.0,593.0274845622989
2025-02-27 12:53:39.156224-05:00,593.26,593.57,592.835,593.48,57025.0,593.3610376133273
2025-02-27 12:55:00.866149-05:00,593.48,593.5,592.92,593.23,51773.0,593.3053602244402
2025-02-27 12:56:12.485891-05:00,593.22,593.44,593.0424,593.378,50342.0,593.2944333240636
2025-02-27 12:57:38.244861-05:00,593.35,593.42,593.09,593.25,51301.0,593.2976251632526
2025-02-27 12:58:56.738635-05:00,593.25,593.3192,593.0474,593.11,46212.0,593.1618230611093
2025-02-27 13:00:00.925268-05:00,593.12,593.475,593.1,593.42,49628.0,593.2995059260904
2025-02-27 13:00:34.035392-05:00,593.42,593.83,593.2332,593.73,93122.0,593.7067296492778
2025-02-27 13:01:15.391428-05:00,593.76,594.11,593.4149,594.05,64582.0,593.9556109628064
2025-02-27 13:02:06.917916-05:00,594.07,594.19,593.5535,593.61,59552.0,594.004507684041
2025-02-27 13:02:29.665100-05:00,593.61,593.99,593.56,593.99,74271.0,593.8061729584883
2025-02-27 13:03:16.199564-05:00,593.99,594.32,593.7073,594.17,62616.0,594.1682346349178
2025-02-27 13:04:21.326032-05:00,594.17,594.356,593.8664,593.91,53893.0,594.1642085372857
2025-02-27 13:05:32.586647-05:00,593.9,600.33,593.38,593.485,51192.0,593.6958618514612
2025-02-27 13:06:27.164223-05:00,593.48,593.9597,593.29,593.375,64207.0,593.5754076751758
2025-02-27 13:07:22.178743-05:00,593.36,593.8731,593.32,593.8,89988.0,593.4890449048775
2025-02-27 13:08:32.470137-05:00,593.8,593.96,593.5,593.6,60651.0,593.7588715882674
2025-02-27 13:10:00.945975-05:00,593.6,593.91,593.55,593.71,44544.0,593.7433717649965
2025-02-27 13:11:30.647897-05:00,593.71,594.04,593.5601,593.88,39535.0,593.7714434754024
2025-02-27 13:12:40.831674-05:00,593.88,594.28,593.6646,594.28,52974.0,594.1362989730815
2025-02-27 13:13:33.245515-05:00,594.28,594.6399,593.9081,594.5862,65613.0,594.5036634005457
2025-02-27 13:14:23.675695-05:00,594.58,594.91,594.1096,594.7901,92842.0,594.8179779916418
2025-02-27 13:15:31.667661-05:00,594.7968,594.86,594.4313,594.78,64058.0,594.718463470604
2025-02-27 13:16:45.539962-05:00,594.775,594.82,594.1666,594.58,57653.0,594.6686308032546
2025-02-27 13:17:51.860635-05:00,594.58,594.6794,594.25,594.26,94432.0,594.413173460268
2025-02-27 13:19:06.415980-05:00,594.26,594.66,594.19,594.63,60310.0,594.3943500928534
2025-02-27 13:20:18.893615-05:00,594.63,594.78,594.31,594.36,47347.0,594.55640765624
2025-02-27 13:21:13.434918-05:00,594.36,594.86,594.21,594.858,63659.0,594.5222506526961
2025-02-27 13:22:22.876006-05:00,594.846,594.95,594.4908,594.86,73183.0,594.8314644411947
2025-02-27 13:23:40.171244-05:00,594.8648,594.94,594.5879,594.89,73125.0,594.8676266174364
2025-02-27 13:24:32.426003-05:00,594.885,595.12,594.67,595.01,62940.0,595.0168807165556
2025-02-27 13:25:54.999457-05:00,595.02,595.16,594.7817,595.13,65382.0,595.0484258389157
2025-02-27 13:27:00.944099-05:00,594.9243,595.17,594.7169,594.79,67361.0,594.9805938614323
2025-02-27 13:28:06.519074-05:00,594.79,594.9627,594.47,594.55,63016.0,594.678341565634
2025-02-27 13:29:28.848956-05:00,594.55,594.9115,594.47,594.68,45025.0,594.6251265052747
2025-02-27 13:30:29.172666-05:00,594.696,594.8454,594.37,594.5779,47119.0,594.5384914089865
2025-02-27 13:31:35.219671-05:00,594.56,594.94,594.54,594.8925,38043.0,594.7748423862483
2025-02-27 13:32:49.148855-05:00,594.8875,594.95,594.6626,594.93,33381.0,594.9030318983855
2025-02-27 13:34:18.965096-05:00,594.9299,594.9299,594.55,594.82,42142.0,594.785394997865
2025-02-27 13:35:41.642351-05:00,594.81,594.93,594.64,594.81,48193.0,594.8453789471498
2025-02-27 13:37:16.329383-05:00,594.81,594.96,594.64,594.72,35318.0,594.8052012429922
2025-02-27 13:38:43.252581-05:00,594.72,594.8079,594.43,594.61,51189.0,594.6297999941397
2025-02-27 13:40:19.483194-05:00,594.5688,594.9,594.5688,594.89,35357.0,594.7793642447026
2025-02-27 13:41:21.993841-05:00,594.88,594.95,594.5,594.55,58185.0,594.7699532336511
2025-02-27 13:42:58.977677-05:00,594.57,594.7586,594.39,594.67,44674.0,594.5798555938591
2025-02-27 13:43:54.214244-05:00,594.67,594.7071,594.15,594.16,84672.0,594.4328843194911
2025-02-27 13:45:13.730011-05:00,594.16,594.5928,594.15,594.1799,56502.0,594.3250107093546
2025-02-27 13:46:13.427441-05:00,594.18,594.5242,593.94,594.345,55100.0,594.1646201288555
2025-02-27 13:47:40.994402-05:00,594.36,594.43,594.16,594.41,40896.0,594.3030932976327
2025-02-27 13:49:13.841724-05:00,594.41,594.53,594.2711,594.4509,34895.0,594.4228209743527
2025-02-27 13:50:42.106935-05:00,594.48,594.53,593.9401,593.95,48547.0,594.2327145549676
2025-02-27 13:51:56.028236-05:00,593.94,594.3307,593.83,594.18,51421.0,594.0096665914713
2025-02-27 13:53:22.255234-05:00,594.18,594.49,594.0503,594.49,41887.0,594.2943523575328
2025-02-27 13:54:34.047850-05:00,594.5,594.57,594.2166,594.51,50922.0,594.5025259337812
2025-02-27 13:55:29.226993-05:00,594.51,594.7,594.2801,594.6212,100716.0,594.5748491828505
2025-02-27 13:56:26.078476-05:00,594.6,594.71,594.39,594.58,78336.0,594.4868678155643
2025-02-27 13:57:46.447488-05:00,594.5798,594.63,594.38,594.52,43769.0,594.5074379812194
2025-02-27 13:59:09.822467-05:00,594.5113,594.55,594.07,594.11,84966.0,594.3205010121687
2025-02-27 14:00:03.741292-05:00,594.1099,594.4723,593.57,593.58,72193.0,593.7780567298762
2025-02-27 14:00:50.642562-05:00,593.61,594.3017,593.22,593.41,63915.0,593.418509096456
2025-02-27 14:01:40.301038-05:00,593.4101,594.0094,593.37,593.72,103554.0,593.572991858354
2025-02-27 14:02:54.198675-05:00,593.72,593.85,593.49,593.6,97078.0,593.7057440614767
2025-02-27 14:04:15.910731-05:00,593.61,594.0388,593.49,593.5321,41650.0,593.5915842545011
2025-02-27 14:05:13.385524-05:00,593.5201,593.7,593.38,593.39,57533.0,593.4932033928358
2025-02-27 14:06:19.849382-05:00,593.4299,593.7665,593.22,593.32,57070.0,593.364134848431
2025-02-27 14:07:20.915151-05:00,593.32,593.5759,593.1237,593.42,69554.0,593.2875621013885
2025-02-27 14:08:25.019126-05:00,593.42,593.6334,593.2953,593.38,52609.0,593.4884812465558
2025-02-27 14:09:44.149128-05:00,593.39,593.45,593.05,593.2212,47141.0,593.2408416325495
2025-02-27 14:10:47.444288-05:00,593.23,593.4454,593.16,593.26,68038.0,593.2409072694675
2025-02-27 14:11:19.321175-05:00,593.265,593.42,592.9001,593.06,94908.0,593.0384527184219
2025-02-27 14:12:34.640145-05:00,593.06,593.2933,592.91,592.91,64774.0,593.053351968383
2025-02-27 14:13:53.235347-05:00,592.91,593.1461,592.621,592.81,50315.0,592.8058859246752
2025-02-27 14:14:53.952531-05:00,592.78,593.0589,592.43,592.55,70308.0,592.5861794290836
2025-02-27 14:15:41.869077-05:00,592.55,592.9357,592.27,592.49,80198.0,592.4716721788568
2025-02-27 14:16:36.039560-05:00,592.54,592.9609,592.1101,592.185,56367.0,592.3627672485667
2025-02-27 14:17:19.490360-05:00,592.1847,592.9313,592.132,592.3,88872.0,592.3348437404355
2025-02-27 14:17:55.937945-05:00,592.3,592.4216,591.89,592.08,59607.0,592.0881451490592
2025-02-27 14:18:38.454793-05:00,592.08,592.6914,592.05,592.39,79181.0,592.263654706305
2025-02-27 14:19:25.649999-05:00,592.39,592.6373,592.25,592.42,62890.0,592.3980005628886
2025-02-27 14:20:14.085096-05:00,592.42,592.616,592.2646,592.53,61266.0,592.4530108689967
2025-02-27 14:20:54.207502-05:00,592.53,592.66,592.28,592.58,77215.0,592.5398093505153
2025-02-27 14:21:43.333117-05:00,592.5892,592.73,592.3612,592.49,71640.0,592.5977593146284
2025-02-27 14:22:25.458019-05:00,592.48,592.5424,592.17,592.17,104281.0,592.3635508203796
2025-02-27 14:23:07.609648-05:00,592.17,592.4561,592.07,592.2,76305.0,592.135227314069
2025-02-27 14:24:00.699411-05:00,592.2,592.4071,591.99,592.0,56427.0,592.0748075194498
2025-02-27 14:24:32.816226-05:00,591.99,592.3602,591.52,591.5799,83473.0,591.7440663711614
2025-02-27 14:25:31.957506-05:00,591.5788,592.2425,591.48,591.48,54911.0,591.6779205805763
2025-02-27 14:26:17.618523-05:00,591.46,592.1,591.42,591.6,62721.0,591.6495169034299
2025-02-27 14:27:11.182209-05:00,591.58,591.9616,591.24,591.25,59140.0,591.4817721575921
2025-02-27 14:27:50.935381-05:00,591.25,591.8242,591.13,591.2,83038.0,591.1907057262937
2025-02-27 14:28:33.663516-05:00,591.205,591.6267,591.03,591.03,66187.0,591.1855786906804
2025-02-27 14:29:17.464769-05:00,591.05,591.8805,591.03,591.21,114896.0,591.1865435628747
2025-02-27 14:29:34.692637-05:00,591.21,591.3726,590.851,590.92,55589.0,591.0761841839203
2025-02-27 14:30:04.342825-05:00,590.929,591.2703,590.64,590.74,85120.0,590.7873399835532
2025-02-27 14:30:30.113987-05:00,590.74,591.6908,590.36,590.36,76608.0,590.5352402490594
2025-02-27 14:30:57.723074-05:00,590.35,591.5556,590.07,590.17,70730.0,590.2441514110003
2025-02-27 14:31:38.684623-05:00,590.17,590.9101,590.1,590.25,82425.0,590.2656083760997
2025-02-27 14:32:02.775264-05:00,590.26,591.2375,590.0,590.0,44784.0,590.1695238366377
2025-02-27 14:32:02.821541-05:00,590.0,590.0828,590.0,590.0,26324.0,590.0001658182647
2025-02-27 14:32:15.119806-05:00,590.0,590.7205,589.78,589.81,73302.0,589.9091515333826
2025-02-27 14:32:37.175333-05:00,589.81,590.1202,589.5,589.51,85634.0,589.7204065020893
2025-02-27 14:33:03.016026-05:00,589.5,590.8561,589.39,589.4,85249.0,589.4775607045248
2025-02-27 14:33:17.137394-05:00,589.41,590.3501,589.08,589.12,98483.0,589.2028811104452
2025-02-27 14:33:39.415802-05:00,589.14,589.7401,589.03,589.09,84491.0,589.1597484382952
2025-02-27 14:34:12.631303-05:00,589.09,589.9754,589.0285,589.14,121244.0,589.1455567186828
2025-02-27 14:34:19.135858-05:00,589.14,589.32,588.9,588.97,65541.0,588.9854478067163
2025-02-27 14:34:37.824464-05:00,588.97,589.36,588.78,589.319,103615.0,589.0245575601986
2025-02-27 14:35:02.488271-05:00,589.32,589.43,589.12,589.39,98240.0,589.326157624186
2025-02-27 14:35:19.981939-05:00,589.38,590.1129,589.1455,589.72,98903.0,589.5183256625178
2025-02-27 14:35:32.460345-05:00,589.73,589.92,589.4464,589.91,111954.0,589.7914790494306
2025-02-27 14:35:47.813380-05:00,589.92,589.97,589.4571,589.88,123443.0,589.8772324287318
2025-02-27 14:36:12.387917-05:00,589.88,589.99,589.4809,589.6,88007.0,589.812547517811
2025-02-27 14:36:43.024967-05:00,589.6,589.9516,589.39,589.39,99255.0,589.6098916900914
2025-02-27 14:37:25.169847-05:00,589.42,589.79,589.31,589.73,68811.0,589.5129386333579
2025-02-27 14:38:09.224537-05:00,589.72,589.8,589.35,589.74,60249.0,589.5822505850716
2025-02-27 14:38:45.413362-05:00,589.72,589.84,589.4501,589.695,69893.0,589.6918810038198
2025-02-27 14:39:20.451912-05:00,589.7,589.88,589.485,589.57,68483.0,589.6877169414315
2025-02-27 14:39:46.200251-05:00,589.57,589.7111,589.32,589.34,141266.0,589.5042206907535
2025-02-27 14:40:36.723155-05:00,589.34,589.6699,589.18,589.25,65774.0,589.3469349241343
2025-02-27 14:41:03.613644-05:00,589.25,589.6052,588.75,588.75,85429.0,589.1080964473421
2025-02-27 14:41:15.860709-05:00,588.75,589.4316,588.62,588.79,88703.0,588.6890517964447
2025-02-27 14:41:38.333299-05:00,588.8,589.3897,588.48,588.52,94456.0,588.7519196610061
2025-02-27 14:42:14.312966-05:00,588.53,589.2809,588.48,589.2084,79457.0,588.5800992826298
2025-02-27 14:42:48.847942-05:00,588.8,589.1967,588.39,588.449,109431.0,588.5566418071664
2025-02-27 14:43:24.900737-05:00,588.449,589.2972,588.33,588.475,122393.0,588.456923120603
2025-02-27 14:44:00.518373-05:00,588.48,588.9852,588.37,588.7,59553.0,588.614532356052
2025-02-27 14:44:32.534313-05:00,588.7,589.07,588.57,589.0,105187.0,588.8238143639421
2025-02-27 14:44:59.047821-05:00,589.0,589.23,588.6268,589.179,79689.0,589.0644864197059
2025-02-27 14:45:19.620444-05:00,589.1802,589.39,588.7611,589.38,106514.0,589.2684576581485
2025-02-27 14:45:51.222371-05:00,589.38,589.5,588.8134,589.4912,80308.0,589.3986503075657
2025-02-27 14:46:13.798899-05:00,589.49,589.67,588.845,589.37,101678.0,589.5303917042038
2025-02-27 14:46:47.969362-05:00,589.35,589.49,588.9029,589.22,91956.0,589.3058071077467
2025-02-27 14:47:30.850027-05:00,589.22,589.72,588.9946,589.71,80488.0,589.5254858575188
2025-02-27 14:48:01.145825-05:00,589.71,589.76,589.0917,589.575,101781.0,589.5699008930942
2025-02-27 14:48:36.063521-05:00,589.575,589.5784,588.93,589.05,69822.0,589.3090886540064
2025-02-27 14:49:12.457072-05:00,589.05,589.4329,588.76,589.14,84691.0,588.9550670578934
2025-02-27 14:50:00.106115-05:00,589.145,589.3416,589.02,589.22,74184.0,589.1166106114523
2025-02-27 14:50:39.416503-05:00,589.22,589.37,588.84,589.02,68015.0,589.081248136441
2025-02-27 14:51:21.526712-05:00,589.3234,589.3234,588.76,589.24,62398.0,589.0291180646815
2025-02-27 14:51:45.143664-05:00,589.25,589.57,589.068,589.55,91183.0,589.4585211519698
2025-02-27 14:52:19.547218-05:00,589.54,589.92,589.1214,589.88,90520.0,589.7001347083516
2025-02-27 14:52:54.479363-05:00,589.88,589.94,589.2282,589.6,105004.0,589.7422001618984
2025-02-27 14:53:25.269149-05:00,589.5701,589.6,589.09,589.09,99789.0,589.3962660533729
2025-02-27 14:54:03.743115-05:00,589.09,589.5826,588.96,589.29,95494.0,589.0612822983638
2025-02-27 14:54:36.677916-05:00,589.3,589.6,589.3,589.56,103998.0,589.4653861237716
2025-02-27 14:55:29.683923-05:00,589.57,589.75,589.3137,589.52,54829.0,589.5680110981418
2025-02-27 14:56:22.360026-05:00,589.52,589.68,589.3637,589.6,79782.0,589.5445318969196
2025-02-27 14:56:51.755261-05:00,589.61,589.9,589.5016,589.705,68598.0,589.7402384457253
2025-02-27 14:57:38.043574-05:00,589.72,589.74,589.335,589.3913,80844.0,589.5120841187968
2025-02-27 14:58:23.509771-05:00,589.36,589.5565,589.1501,589.46,77647.0,589.291477422179
2025-02-27 14:59:02.371189-05:00,589.46,589.6,589.3421,589.57,65187.0,589.5041744458252
2025-02-27 14:59:49.228118-05:00,589.57,589.57,589.1712,589.18,73814.0,589.338320183163
2025-02-27 15:00:22.725802-05:00,589.18,589.4854,588.82,588.89,74007.0,589.0942969529907
2025-02-27 15:01:01.641975-05:00,588.9,589.4262,588.7,588.77,93819.0,588.8045104989397
2025-02-27 15:01:16.402900-05:00,588.78,589.2078,588.18,588.19,110829.0,588.5039694917401
2025-02-27 15:01:25.453270-05:00,588.19,589.11,588.16,588.21,179837.0,588.2667700089524
2025-02-27 15:01:52.219286-05:00,588.21,589.0437,588.01,588.23,94329.0,588.1143127224925
2025-02-27 15:02:26.805102-05:00,588.23,589.0884,588.02,588.05,98989.0,588.2307022810618
2025-02-27 15:02:28.422097-05:00,588.05,588.6502,587.87,587.9,39660.0,587.9670167448307
2025-02-27 15:02:38.971864-05:00,587.87,588.33,587.66,587.67,118731.0,587.7657527899197
2025-02-27 15:03:00.232696-05:00,587.68,588.5122,587.44,587.44,111039.0,587.582572275507
2025-02-27 15:03:23.136959-05:00,587.44,588.4165,587.33,587.48,119037.0,587.4442562741001
2025-02-27 15:03:46.263455-05:00,587.4925,587.7813,587.41,587.66,89108.0,587.6398075750773
2025-02-27 15:04:06.659402-05:00,587.66,588.5331,587.23,587.3,80152.0,587.41506068969
2025-02-27 15:04:34.979924-05:00,587.29,588.1663,587.22,587.72,85795.0,587.503328381607
2025-02-27 15:05:02.996367-05:00,587.72,588.418,587.5188,587.775,87273.0,587.7459261054396
2025-02-27 15:05:27.968386-05:00,587.775,587.84,587.5418,587.71,102659.0,587.6975170866652
2025-02-27 15:05:49.100963-05:00,587.71,588.2769,587.57,587.61,105931.0,587.7296049466148
2025-02-27 15:06:19.882643-05:00,587.62,588.2683,587.5,587.52,88905.0,587.6067567560883
2025-02-27 15:06:45.846943-05:00,587.52,587.92,587.5,587.51,87343.0,587.7273433784045
2025-02-27 15:07:18.701253-05:00,587.51,588.1129,587.5,587.78,100877.0,587.6065051032448
2025-02-27 15:07:46.309139-05:00,587.776,588.0,587.6162,588.0,78120.0,587.8467790245767
2025-02-27 15:08:05.329891-05:00,588.0,588.1601,587.6553,587.94,87777.0,588.0217150176011
2025-02-27 15:08:30.046439-05:00,587.94,587.96,587.66,587.81,96709.0,587.8365859237508
2025-02-27 15:08:58.345773-05:00,587.81,587.9773,587.5,587.52,93115.0,587.6562447811842
2025-02-27 15:09:37.847203-05:00,587.52,587.74,587.45,587.51,83148.0,587.5595772165289
2025-02-27 15:10:20.197542-05:00,587.51,587.8934,587.43,587.605,76267.0,587.5759084427071
2025-02-27 15:10:52.292446-05:00,587.6,587.79,587.6,587.68,71380.0,587.7120483454748
2025-02-27 15:11:31.035956-05:00,587.7,587.86,587.63,587.64,59960.0,587.7412320497
2025-02-27 15:12:12.796528-05:00,587.64,587.85,587.61,587.68,95577.0,587.6958712807482
2025-02-27 15:12:57.991745-05:00,587.69,587.7407,587.575,587.6,68887.0,587.6246380913664
2025-02-27 15:13:35.997697-05:00,587.6,587.71,587.49,587.5006,73334.0,587.5705444186874
2025-02-27 15:14:00.068550-05:00,587.5094,587.621,587.13,587.14,108067.0,587.2656102306902
2025-02-27 15:14:09.656638-05:00,587.14,587.6547,586.91,586.93,65721.0,587.0768202811885
2025-02-27 15:14:29.783967-05:00,586.93,587.4864,586.75,586.81,112078.0,586.8317982619249
2025-02-27 15:14:51.931532-05:00,586.8,587.5709,586.73,587.2,109624.0,587.0121224604102
2025-02-27 15:15:15.502799-05:00,587.2,587.59,587.19,587.24,81258.0,587.3650957308819
2025-02-27 15:15:46.539016-05:00,587.25,587.3451,586.87,586.87,79199.0,587.0195562103054
2025-02-27 15:16:28.384152-05:00,586.87,587.4945,586.77,586.8,73571.0,586.8406574261602
2025-02-27 15:17:01.736063-05:00,586.8,587.4329,586.75,586.92,87381.0,586.852618997265
2025-02-27 15:17:14.586016-05:00,586.9,587.19,586.76,587.1325,108803.0,587.0021834636913
2025-02-27 15:17:49.007667-05:00,587.16,587.354,586.85,586.89,76242.0,587.0728849203847
2025-02-27 15:18:19.020734-05:00,586.89,587.2932,586.69,586.725,76164.0,586.8503129982668
2025-02-27 15:19:00.104456-05:00,586.715,587.2214,586.7,586.82,88893.0,586.7933786754858
2025-02-27 15:19:32.627043-05:00,586.82,586.9651,586.75,586.76,105292.0,586.8265068561714
2025-02-27 15:19:44.977925-05:00,586.7512,586.9281,586.64,586.82,122353.0,586.7368341454644
2025-02-27 15:20:07.591274-05:00,586.835,587.1241,586.52,586.61,98545.0,586.7245511482062
2025-02-27 15:20:24.769938-05:00,586.6014,586.99,586.5,586.83,94689.0,586.6902815026028
2025-02-27 15:20:53.662997-05:00,586.84,587.0338,586.6368,586.82,94544.0,586.7620152701388
2025-02-27 15:21:12.131282-05:00,586.82,587.21,586.7072,587.21,108493.0,587.0221800549341
2025-02-27 15:21:30.680508-05:00,587.21,587.26,586.8452,587.1,98129.0,587.1669824618612
2025-02-27 15:21:55.739044-05:00,587.09,587.36,586.8733,587.2183,92902.0,587.2083073324579
2025-02-27 15:22:20.301032-05:00,587.2183,587.53,586.9106,587.4999,78885.0,587.3490449363002
2025-02-27 15:22:39.809263-05:00,587.5,587.89,586.9314,587.85,99341.0,587.7320673558752
2025-02-27 15:23:03.807755-05:00,587.845,588.02,586.9952,587.89,76762.0,587.8757332052319
2025-02-27 15:23:26.927280-05:00,587.89,587.94,587.0412,587.59,80397.0,587.7075738224057
2025-02-27 15:24:04.867903-05:00,587.57,587.86,587.063,587.6098,91267.0,587.6609528328966
2025-02-27 15:24:34.953674-05:00,587.6099,587.8456,587.1579,587.3098,96026.0,587.4990281465427
2025-02-27 15:25:09.166006-05:00,587.29,587.69,587.1137,587.68,99596.0,587.4276632334634
2025-02-27 15:25:41.805900-05:00,587.68,587.79,587.1303,587.14,73717.0,587.5374118113866
2025-02-27 15:26:04.323709-05:00,587.14,587.4772,587.13,587.27,136198.0,587.1979840012339
2025-02-27 15:26:43.907465-05:00,587.26,587.4959,587.15,587.29,67276.0,587.3389345516981
2025-02-27 15:27:32.696089-05:00,587.29,587.5275,587.009,587.4587,56367.0,587.3548154700443
2025-02-27 15:28:07.640143-05:00,587.43,587.6,587.29,587.47,72524.0,587.4774810173183
2025-02-27 15:28:31.856320-05:00,587.44,587.48,586.82,586.85,94501.0,587.0920394323865
2025-02-27 15:29:08.500351-05:00,586.84,587.3801,586.5,586.5,82472.0,586.772357327335
2025-02-27 15:29:30.733179-05:00,586.5,587.2701,586.33,586.35,108246.0,586.4621390019025
2025-02-27 15:30:00.233233-05:00,586.34,587.14,586.23,586.3201,99016.0,586.3305793013245
2025-02-27 15:30:15.517922-05:00,586.47,587.1667,586.3277,586.52,110479.0,586.5111142307593
2025-02-27 15:30:39.003055-05:00,586.55,587.16,586.5,587.0,86068.0,586.8466360133843
2025-02-27 15:31:08.577331-05:00,587.0,587.1846,586.5589,587.005,72337.0,586.9525322628801
2025-02-27 15:31:30.639474-05:00,586.99,587.23,586.6051,586.94,90602.0,587.0675638462715
2025-02-27 15:32:08.754107-05:00,586.94,587.2452,586.7333,587.09,63584.0,587.0921759860967
2025-02-27 15:32:40.958315-05:00,587.09,587.28,585.75,587.24,107244.0,587.0825455755095
2025-02-27 15:33:14.791166-05:00,587.24,606.79,586.8255,586.9899,84327.0,587.1071810582616
2025-02-27 15:33:52.020942-05:00,586.99,587.3,586.8063,587.21,67072.0,587.188172132933
2025-02-27 15:34:19.464096-05:00,587.21,587.52,586.8227,587.35,112687.0,587.2892839360352
2025-02-27 15:34:55.301555-05:00,587.35,587.44,586.8732,586.9996,88798.0,587.0951125205523
2025-02-27 15:35:33.056916-05:00,587.0,587.31,586.96,587.28,90858.0,587.1142999504724
2025-02-27 15:36:08.563405-05:00,587.28,587.47,586.9927,587.18,63802.0,587.2364125779762
2025-02-27 15:36:39.261438-05:00,587.17,587.2699,586.982,587.16,104496.0,587.139177358942
2025-02-27 15:37:12.484108-05:00,587.16,587.57,586.983,587.54,72269.0,587.3714773014723
2025-02-27 15:37:48.067941-05:00,587.55,587.57,587.1,587.1396,82094.0,587.2758593612189
2025-02-27 15:38:20.252331-05:00,587.135,587.29,586.95,587.27,72092.0,587.12055623925
2025-02-27 15:39:00.167781-05:00,587.263,587.32,586.9536,587.09,67018.0,587.1215285967945
2025-02-27 15:39:20.424952-05:00,587.09,587.2311,586.48,586.585,88966.0,586.6985751489335
2025-02-27 15:39:53.828804-05:00,586.54,587.1157,586.47,586.52,108230.0,586.5696651039455
2025-02-27 15:40:13.194283-05:00,586.52,587.0375,586.29,586.55,96958.0,586.4265877183934
2025-02-27 15:40:42.910867-05:00,586.53,588.6271,586.4,586.432,82985.0,586.4730065252754
2025-02-27 15:41:09.726204-05:00,586.43,586.9929,586.13,586.16,106985.0,586.2706223162121
2025-02-27 15:41:42.291857-05:00,586.15,586.795,586.12,586.19,89731.0,586.1901640815328
2025-02-27 15:42:06.204560-05:00,586.2,586.8814,586.19,586.5,97498.0,586.3749661069975
2025-02-27 15:42:34.534573-05:00,586.5,586.8672,586.06,586.09,70844.0,586.3298986872572
2025-02-27 15:42:56.247873-05:00,586.09,586.5363,586.06,586.08,127595.0,586.1195515529596
2025-02-27 15:43:04.109105-05:00,586.08,586.4571,585.97,586.03,63262.0,586.020008980114
2025-02-27 15:43:31.967803-05:00,586.03,586.3991,586.03,586.31,71677.0,586.1381141537724
2025-02-27 15:43:51.899292-05:00,586.31,586.35,586.16,586.26,99613.0,586.2712705058588
2025-02-27 15:44:02.417602-05:00,586.26,586.59,586.1798,586.51,109360.0,586.3904556675205
2025-02-27 15:44:28.389845-05:00,586.51,586.56,586.2094,586.31,111988.0,586.3975695485225
2025-02-27 15:45:06.409616-05:00,586.32,586.5826,586.19,586.19,79393.0,586.3647567329626
2025-02-27 15:45:38.964278-05:00,586.2,586.3271,586.0,586.0,95279.0,586.112296854501
2025-02-27 15:45:57.487299-05:00,586.0,586.31,585.94,586.28,113400.0,586.098144526455
2025-02-27 15:46:19.799894-05:00,586.29,586.4906,585.87,585.87,100953.0,586.0313024536164
2025-02-27 15:46:38.393158-05:00,585.87,586.4231,585.86,586.13,117955.0,585.9627942155902
2025-02-27 15:47:02.596345-05:00,586.14,586.3954,585.9789,586.1,80623.0,586.1035610483362
2025-02-27 15:47:26.920515-05:00,586.1,586.28,585.99,586.05,85514.0,586.0998660628668
2025-02-27 15:47:48.321013-05:00,586.06,588.0014,585.93,586.0209,100839.0,585.991366176777
2025-02-27 15:48:03.526172-05:00,586.04,586.41,586.01,586.35,115798.0,586.225750253891
2025-02-27 15:48:19.984164-05:00,586.35,586.7,586.1279,586.605,104313.0,586.5367373951474
2025-02-27 15:48:45.278073-05:00,586.6,587.9559,586.1922,586.62,89879.0,586.4748619944587
2025-02-27 15:49:06.647867-05:00,586.62,586.76,586.1834,586.74,105005.0,586.677046343507
2025-02-27 15:49:24.136958-05:00,586.74,586.82,586.228,586.73,87826.0,586.6897472343047
2025-02-27 15:49:48.376067-05:00,586.72,588.651,586.2539,586.6188,88936.0,586.6268520801476
2025-02-27 15:50:00.223201-05:00,586.6,586.66,586.12,586.17,93480.0,586.4435689484384
2025-02-27 15:50:10.168719-05:00,586.18,586.5988,586.09,586.5,98353.0,586.3662032139334
2025-02-27 15:50:23.320613-05:00,586.5,586.8,586.29,586.37,92905.0,586.602779880523
2025-02-27 15:50:41.152484-05:00,586.37,586.62,586.25,586.59,117412.0,586.3958745792587
2025-02-27 15:50:58.585447-05:00,586.61,586.71,586.2996,586.48,119552.0,586.5741349437906
2025-02-27 15:51:19.896402-05:00,586.48,586.79,586.3099,586.76,121954.0,586.601974864293
2025-02-27 15:51:37.909481-05:00,586.77,586.97,586.3413,586.93,126648.0,586.7299366764579
2025-02-27 15:51:51.669926-05:00,586.93,588.2798,586.4597,586.74,108871.0,586.8646570950945
2025-02-27 15:52:09.615503-05:00,586.74,586.84,586.3711,586.451,105923.0,586.6911742435539
2025-02-27 15:52:28.506094-05:00,586.48,586.745,586.32,586.58,92713.0,586.4911570578017
2025-02-27 15:52:48.405263-05:00,586.57,586.6996,586.35,586.56,105486.0,586.4851506664381
2025-02-27 15:53:12.314169-05:00,586.56,586.62,586.3299,586.3999,104390.0,586.4419619149348
2025-02-27 15:53:32.871713-05:00,586.385,586.605,586.32,586.4687,113654.0,586.3929396888807
2025-02-27 15:53:47.988295-05:00,586.43,586.5675,586.33,586.35,111213.0,586.4372141350385
2025-02-27 15:54:04.762774-05:00,586.35,586.5478,586.13,586.14,106595.0,586.2708796247487
2025-02-27 15:54:21.507779-05:00,586.14,586.5368,586.04,586.13,143817.0,586.1265167003895
2025-02-27 15:54:40.004311-05:00,586.13,586.4969,585.925,585.96,103638.0,586.0486494818497
2025-02-27 15:54:42.634304-05:00,585.95,586.4274,585.68,585.79,116515.0,585.8040478599321
2025-02-27 15:54:58.103343-05:00,585.79,586.3867,585.66,585.67,130829.0,585.7313556191671
2025-02-27 15:55:04.866505-05:00,585.67,586.3783,585.52,585.55,116093.0,585.6868864660227
2025-02-27 15:55:17.017615-05:00,585.55,586.3404,585.445,585.48,113608.0,585.5248872209704
2025-02-27 15:55:27.568163-05:00,585.48,586.272,585.42,585.455,137768.0,585.521591372452
2025-02-27 15:55:41.232076-05:00,585.455,586.2296,585.38,585.41,128732.0,585.4400981504219
2025-02-27 15:55:53.640214-05:00,585.41,586.1476,585.3802,585.39,118185.0,585.5104624800099
2025-02-27 15:56:05.028904-05:00,585.39,586.1066,585.24,585.325,107953.0,585.3446332042644
2025-02-27 15:56:18.202462-05:00,585.329,586.0535,585.11,585.12,131305.0,585.2438750793951
2025-02-27 15:56:29.613457-05:00,585.12,585.9989,585.11,585.115,141708.0,585.1535190017503
2025-02-27 15:56:43.511987-05:00,585.11,585.9083,585.08,585.11,110652.0,585.156484280447
2025-02-27 15:56:50.480934-05:00,585.11,585.7133,585.0,585.0,73252.0,585.0600645770766
2025-02-27 15:56:51.946840-05:00,585.005,585.7989,585.0,585.08,41676.0,585.0275394783567
2025-02-27 15:57:03.089908-05:00,585.08,586.0762,585.07,585.2,132903.0,585.1559505872696
2025-02-27 15:57:14.841819-05:00,585.2,585.6979,585.09,585.14,157705.0,585.1668493985603
2025-02-27 15:57:25.919254-05:00,585.15,585.6813,585.05,585.18,167014.0,585.1336589226057
2025-02-27 15:57:37.751125-05:00,585.16,585.6094,585.0,585.03,132881.0,585.0997101015187
2025-02-27 15:57:45.094292-05:00,585.05,588.1389,585.0,585.17,149875.0,585.085742624187
2025-02-27 15:57:56.134750-05:00,585.16,585.5326,585.03,585.06,142279.0,585.1706674280814
2025-02-27 15:58:06.521552-05:00,585.06,585.5113,585.02,585.02,129371.0,585.0730498280136
2025-02-27 15:58:09.516429-05:00,585.02,585.09,584.96,585.0,59656.0,584.9982650864958
2025-02-27 15:58:14.957835-05:00,585.01,585.49,584.96,585.33,230323.0,585.1549929542424
2025-02-27 15:58:18.983790-05:00,585.33,585.4,585.135,585.3078,123618.0,585.3351335582198
2025-02-27 15:58:29.298693-05:00,585.28,585.424,585.1414,585.23,134843.0,585.2727357193182
2025-02-27 15:58:41.783917-05:00,585.23,585.4053,585.14,585.1588,122633.0,585.2206803503132
2025-02-27 15:58:52.802792-05:00,585.15,585.3767,585.01,585.07,146333.0,585.0667453096703
2025-02-27 15:59:01.561318-05:00,585.07,585.08,584.91,584.98,123923.0,585.0095368858091
2025-02-27 15:59:07.270544-05:00,584.98,585.3159,584.77,584.79,133098.0,584.8812306338185
2025-02-27 15:59:15.379202-05:00,584.79,584.88,584.76,584.85,165488.0,584.8366535241221
2025-02-27 15:59:22.186351-05:00,584.85,584.8674,584.78,584.79,194746.0,584.811234818173
2025-02-27 15:59:29.033221-05:00,584.79,584.95,584.79,584.95,233603.0,584.8775133452909
2025-02-27 15:59:33.921172-05:00,584.95,584.98,584.83,584.87,175924.0,584.8830656056028
2025-02-27 15:59:40.181432-05:00,584.87,584.87,584.7,584.78,152369.0,584.7698741817563
2025-02-27 15:59:45.178332-05:00,584.78,584.89,584.69,584.73,174657.0,584.7930355805959
2025-02-27 15:59:49.831201-05:00,584.73,584.79,584.65,584.7,114585.0,584.7153187764541
2025-02-27 15:59:52.843704-05:00,584.7,585.04,584.69,585.02,275862.0,584.9349452164486
2025-02-27 15:59:57.854049-05:00,585.02,585.08,584.79,585.08,265442.0,584.9915651053714
2025-02-28 09:30:00.482138-05:00,585.08,585.58,585.03,585.54,688776.0,585.3554800177419
2025-02-28 09:30:01.256820-05:00,585.53,585.5787,585.31,585.57,28870.0,585.4407957152802
2025-02-28 09:30:02.036643-05:00,585.57,585.58,585.27,585.42,17681.0,585.3770739890272
2025-02-28 09:30:04.271945-05:00,585.57,585.5787,585.26,585.57,40988.0,585.3538331536088
2025-02-28 09:30:07.822758-05:00,585.29,585.5787,585.1,585.57,49119.0,585.2019085547354
2025-02-28 09:30:16.136190-05:00,585.1075,585.57,585.105,585.17,99946.0,585.1923740349795
2025-02-28 09:30:30.477379-05:00,585.17,585.57,585.1,585.38,128593.0,585.2531213067591
2025-02-28 09:30:56.693162-05:00,585.38,585.57,585.08,585.12,119753.0,585.3518879268166
2025-02-28 09:31:04.296384-05:00,585.13,585.57,585.0,585.0,54011.0,585.0735163633359
2025-02-28 09:31:09.460892-05:00,585.0,585.2034,584.84,584.98,71384.0,584.9375821598684
2025-02-28 09:31:32.076101-05:00,584.99,585.57,584.89,584.8968,101349.0,584.9816149522939
2025-02-28 09:31:47.530079-05:00,584.9,585.57,584.72,584.75,99503.0,584.7985086650654
2025-02-28 09:32:03.129598-05:00,584.75,585.57,584.4,584.53,95512.0,584.5117307312173
2025-02-28 09:32:15.841945-05:00,584.54,585.57,584.52,584.99,104079.0,584.7982742311129
2025-02-28 09:32:38.282492-05:00,584.99,585.0301,584.55,584.55,111202.0,584.8035830920312
2025-02-28 09:32:47.897725-05:00,584.54,584.58,584.1,584.2,89657.0,584.2698658710422
2025-02-28 09:32:56.900032-05:00,584.2,584.9301,583.94,584.01,61538.0,584.0720704166528
2025-02-28 09:33:17.368186-05:00,584.02,584.91,583.9,583.94,111839.0,584.0325501399334
2025-02-28 09:33:32.550593-05:00,583.94,584.84,583.83,584.5206,127003.0,583.9648076100568
2025-02-28 09:33:50.650423-05:00,584.5206,584.5206,583.58,583.77,146322.0,583.7483900438756
2025-02-28 09:34:01.602179-05:00,583.77,584.04,583.75,583.85,149999.0,583.9081280555208
2025-02-28 09:34:03.947316-05:00,583.85,583.99,583.7,583.7,148690.0,583.8300270731049
2025-02-28 09:34:22.328431-05:00,583.6903,583.8199,583.43,583.585,110580.0,583.6031428440953
2025-02-28 09:34:36.340206-05:00,583.576,583.7099,583.49,583.57,116154.0,583.5931609707804
2025-02-28 09:34:53.547771-05:00,583.5699,583.58,583.27,583.45,125461.0,583.3939154621754
2025-02-28 09:35:00.576016-05:00,583.45,584.3345,583.35,583.45,176730.0,583.4437948050697
2025-02-28 09:35:12.682572-05:00,583.45,583.9104,583.4066,583.75,135977.0,583.5709911080552
2025-02-28 09:35:27.104968-05:00,583.74,584.57,583.5651,584.51,130824.0,584.0954010502668
2025-02-28 09:35:43.337452-05:00,584.51,585.57,584.41,584.5725,118593.0,584.5720818522171
2025-02-28 09:35:58.351809-05:00,584.5725,585.57,583.8716,584.63,96660.0,584.5979522336019
2025-02-28 09:36:16.787490-05:00,584.65,585.1,583.8476,584.95,100832.0,584.7929813342984
2025-02-28 09:36:33.518698-05:00,584.95,585.57,584.6733,585.28,124764.0,585.0582044411851
2025-02-28 09:36:47.472125-05:00,585.29,585.57,585.23,585.5,102579.0,585.4598452529267
2025-02-28 09:37:01.796835-05:00,585.49,585.74,585.35,585.74,116934.0,585.494862955171
2025-02-28 09:37:16.299849-05:00,585.75,585.88,585.28,585.29,102792.0,585.575890818352
2025-02-28 09:37:35.053752-05:00,585.27,585.4421,584.9363,585.37,95998.0,585.2556579772493
2025-02-28 09:37:58.345625-05:00,585.37,585.75,584.3001,585.725,125072.0,585.5082219569531
2025-02-28 09:38:28.017959-05:00,585.72,585.73,584.3079,585.5,92935.0,585.5047422779365
2025-02-28 09:39:00.456415-05:00,585.5,585.56,584.8624,584.8624,82021.0,585.3689230160566
2025-02-28 09:39:29.239024-05:00,585.225,585.805,584.4819,585.44,112760.0,585.5569808070242
2025-02-28 09:39:57.503986-05:00,585.435,585.6284,585.06,585.47,97888.0,585.3094890905932
2025-02-28 09:40:42.249332-05:00,585.47,585.55,584.9964,585.29,76124.0,585.245189086228
2025-02-28 09:40:55.694270-05:00,585.3,585.325,584.61,584.72,97028.0,584.8741884847669
2025-02-28 09:41:21.899401-05:00,584.72,585.36,584.61,584.96,92298.0,584.9326613144377
2025-02-28 09:41:57.975164-05:00,584.94,585.0625,584.64,584.93,71602.0,584.8691507751178
2025-02-28 09:42:17.130464-05:00,584.9197,584.99,584.43,584.87,76008.0,584.6900460069983
2025-02-28 09:42:44.564129-05:00,584.87,585.48,584.72,585.25,103224.0,585.0706035088739
2025-02-28 09:43:18.335103-05:00,585.26,585.59,584.9221,585.59,92972.0,585.3770243869119
2025-02-28 09:43:40.526615-05:00,585.61,586.025,585.46,585.9901,106875.0,585.7948315667841
2025-02-28 09:43:53.549195-05:00,586.004,586.32,585.36,586.32,148998.0,586.2387647256999
2025-02-28 09:44:15.422233-05:00,586.32,586.33,585.401,586.06,93041.0,586.1835852054469
2025-02-28 09:44:51.089393-05:00,586.06,586.22,585.4315,586.09,124489.0,586.0432653134006
2025-02-28 09:45:13.084284-05:00,586.09,586.13,585.2452,585.62,103990.0,585.856187860371
2025-02-28 09:45:50.134030-05:00,585.62,585.85,585.36,585.61,83232.0,585.6113742526907
2025-02-28 09:46:21.713641-05:00,585.61,585.77,585.41,585.64,83650.0,585.6176269862522
2025-02-28 09:47:11.776661-05:00,585.64,585.8819,585.14,585.19,67739.0,585.3895638922914
2025-02-28 09:47:39.784979-05:00,585.19,585.8672,584.87,585.09,92062.0,585.0846515761118
2025-02-28 09:48:15.999258-05:00,585.08,585.783,584.905,585.34,73984.0,585.1150750216254
2025-02-28 09:48:44.291531-05:00,585.32,586.11,585.31,586.09,75762.0,585.7773606623365
2025-02-28 09:49:19.644803-05:00,586.09,586.1,585.33,585.5999,93444.0,585.8122015410295
2025-02-28 09:50:04.352209-05:00,585.6,585.71,585.17,585.35,81545.0,585.3286452964619
2025-02-28 09:50:44.747481-05:00,585.33,585.5015,585.08,585.35,94620.0,585.2720167977167
2025-02-28 09:51:21.480004-05:00,585.35,585.74,585.2,585.6,121647.0,585.3961274055256
2025-02-28 09:51:44.343098-05:00,585.615,586.09,585.3964,585.8,81512.0,585.8534441002557
2025-02-28 09:52:14.611262-05:00,585.8,586.06,585.4715,585.62,78169.0,585.8362439765122
2025-02-28 09:52:20.000292-05:00,585.78,586.08,585.61,585.93,101722.0,585.9139187029355
2025-02-28 09:52:54.065445-05:00,585.93,586.0127,585.54,585.54,88568.0,585.7532294530749
2025-02-28 09:53:41.012653-05:00,585.574,585.8281,585.4193,585.71,57541.0,585.6391212787406
2025-02-28 09:54:20.995517-05:00,585.71,585.96,585.6,585.61,269345.0,585.838777626465
2025-02-28 09:55:11.489479-05:00,585.61,585.86,585.2,585.2,52386.0,585.5755946092468
2025-02-28 09:55:37.207913-05:00,585.2,585.6791,584.98,584.98,86622.0,585.2468232654517
2025-02-28 09:56:06.764990-05:00,585.0,585.6341,584.8,585.23,91262.0,585.0173760228789
2025-02-28 09:56:51.171736-05:00,585.24,585.615,584.995,585.0,91238.0,585.1403081029833
2025-02-28 09:57:31.469409-05:00,585.0,585.4802,584.9,585.04,111569.0,585.0785845503682
2025-02-28 09:58:16.344308-05:00,585.046,585.3063,584.72,584.96,102092.0,584.918700569095
2025-02-28 09:59:03.436329-05:00,584.97,585.57,584.925,585.5,70237.0,585.2936834175722
2025-02-28 09:59:42.434534-05:00,585.5,585.9799,585.1006,585.88,81857.0,585.5586051993103
2025-02-28 10:00:09.819485-05:00,585.86,586.29,585.1783,586.28,89586.0,585.9928219141385
2025-02-28 10:00:35.902689-05:00,586.3,586.35,585.2785,586.3,119981.0,586.2162231636676
2025-02-28 10:00:43.020123-05:00,586.3,586.51,586.06,586.47,127602.0,586.3523837627943
2025-02-28 10:01:12.284706-05:00,586.47,586.76,585.641,586.4727,65076.0,586.5619156294181
2025-02-28 10:01:58.131442-05:00,586.451,586.63,585.26,586.44,75786.0,586.3939476367665
2025-02-28 10:02:26.983981-05:00,586.44,586.95,585.7077,586.8399,78250.0,586.71626246901
2025-02-28 10:03:02.482149-05:00,586.84,587.03,586.2791,586.54,58239.0,586.7335836501314
2025-02-28 10:03:32.787654-05:00,586.54,587.0,585.7,585.7425,75490.0,586.0998355782231
2025-02-28 10:04:09.878045-05:00,585.7305,586.473,585.215,585.41,63070.0,585.5152714301562
2025-02-28 10:04:55.787820-05:00,585.41,586.3122,585.34,586.24,58247.0,585.8911916905591
2025-02-28 10:05:43.046639-05:00,586.225,586.2807,585.46,585.55,54527.0,585.8173211986716
2025-02-28 10:06:26.094308-05:00,585.565,586.2324,585.41,586.06,61566.0,585.6380492820714
2025-02-28 10:07:23.350901-05:00,586.0632,586.6,585.8442,586.52,61036.0,586.3155146749456
2025-02-28 10:08:15.627532-05:00,586.54,586.82,585.9886,586.57,76339.0,586.6331605548929
2025-02-28 10:08:55.711875-05:00,586.5736,586.6338,585.9964,586.54,84801.0,586.4441689343283
2025-02-28 10:09:46.952381-05:00,586.52,586.7688,586.1658,586.52,111334.0,586.5360774929493
2025-02-28 10:10:29.833505-05:00,586.53,586.86,586.3097,586.73,79751.0,586.6335270955854
2025-02-28 10:11:11.412857-05:00,586.73,587.11,586.3275,587.11,66510.0,586.9260223966319
2025-02-28 10:11:37.864951-05:00,587.1099,587.25,586.3794,586.77,92832.0,586.9404020413215
2025-02-28 10:12:05.654818-05:00,586.75,586.943,586.39,586.405,161535.0,586.7327210988344
2025-02-28 10:12:48.041245-05:00,586.395,586.7958,586.2849,586.51,78387.0,586.4681258639821
2025-02-28 10:13:29.038714-05:00,586.51,586.91,586.3425,586.85,80367.0,586.58658112907
2025-02-28 10:14:05.226077-05:00,586.845,587.26,586.4575,587.12,86094.0,587.0390272469624
2025-02-28 10:14:34.126848-05:00,587.12,587.48,586.5892,587.44,94076.0,587.319539738084
2025-02-28 10:15:05.325992-05:00,587.43,587.61,586.6358,587.5,79055.0,587.4587721763336
2025-02-28 10:15:38.916590-05:00,587.5,587.595,586.7379,587.2292,73711.0,587.3305243491469
2025-02-28 10:16:05.741395-05:00,587.23,587.3168,586.66,586.67,71321.0,587.0278994181233
2025-02-28 10:16:31.825708-05:00,586.66,586.9516,586.49,586.7001,87332.0,586.6172363704023
2025-02-28 10:16:56.373773-05:00,586.7252,587.0716,586.06,586.3,86521.0,586.3138864125473
2025-02-28 10:17:23.777067-05:00,586.33,586.8766,586.16,586.29,98195.0,586.3182664351554
2025-02-28 10:17:56.841194-05:00,586.29,586.824,586.11,586.695,88237.0,586.3754701474428
2025-02-28 10:18:37.738052-05:00,586.6995,586.83,586.3713,586.54,60383.0,586.6812063908728
2025-02-28 10:19:18.772151-05:00,586.5,586.8283,586.4102,586.56,76127.0,586.551137702786
2025-02-28 10:20:00.179769-05:00,586.56,586.78,586.14,586.175,74770.0,586.4691270897418
2025-02-28 10:20:20.829579-05:00,586.1598,586.7427,585.79,585.965,161462.0,586.4072589748667
2025-02-28 10:21:08.691842-05:00,585.97,586.7028,585.94,586.165,69323.0,586.1593582620485
2025-02-28 10:21:49.316564-05:00,586.19,586.6781,586.14,586.525,87122.0,586.348721966897
2025-02-28 10:22:29.153929-05:00,586.53,586.89,586.3534,586.84,77453.0,586.5883108091359
2025-02-28 10:23:06.986546-05:00,586.85,587.09,586.4516,587.04,65788.0,586.917895576701
2025-02-28 10:23:42.943644-05:00,587.04,587.41,586.4702,587.13,75954.0,587.2432584551175
2025-02-28 10:24:21.660416-05:00,587.13,587.68,586.5643,587.595,60749.0,587.4221490608893
2025-02-28 10:24:49.707879-05:00,587.58,587.97,586.6505,587.86,72556.0,587.7160626412707
2025-02-28 10:25:17.259981-05:00,587.88,587.97,586.7296,587.84,61370.0,587.8003730291671
2025-02-28 10:25:46.125592-05:00,587.84,588.22,586.7275,588.0,76842.0,587.9100675529005
2025-02-28 10:26:11.031046-05:00,588.0,588.14,586.7858,587.93,96999.0,588.0070995546348
2025-02-28 10:26:38.967446-05:00,587.925,588.095,586.8614,587.93,79878.0,587.997686684694
2025-02-28 10:27:02.937497-05:00,587.93,588.12,587.045,588.05,148315.0,588.0466528982234
2025-02-28 10:27:26.006165-05:00,588.05,588.08,587.137,587.94,100130.0,587.9767430849894
2025-02-28 10:27:57.546782-05:00,587.94,588.21,587.8253,588.05,67210.0,588.0601474482962
2025-02-28 10:28:27.926855-05:00,588.05,588.2,587.2551,588.04,65795.0,588.0364866783193
2025-02-28 10:29:11.081691-05:00,588.03,588.32,587.3159,588.29,68939.0,588.1888964591886
2025-02-28 10:29:52.731770-05:00,588.29,588.38,587.4486,588.375,525311.0,588.2673065930462
2025-02-28 10:30:22.660010-05:00,588.38,588.38,588.0,588.04,104453.0,588.1801993767533
2025-02-28 10:30:50.935161-05:00,588.03,588.3,587.6751,588.275,101942.0,588.0663413480218
2025-02-28 10:31:30.542319-05:00,588.275,588.5906,587.7867,588.5906,66352.0,588.4346392271519
2025-02-28 10:32:03.300167-05:00,588.59,588.7,588.1395,588.54,65685.0,588.5962217111977
2025-02-28 10:32:33.563955-05:00,588.54,588.56,587.9554,588.4699,64215.0,588.4297112948691
2025-02-28 10:33:08.953711-05:00,588.47,588.56,587.9964,588.3,60367.0,588.4550132257684
2025-02-28 10:33:37.455118-05:00,588.3,588.46,588.0642,588.34,98399.0,588.2409452982243
2025-02-28 10:34:15.203168-05:00,588.34,588.3826,588.1184,588.14,69704.0,588.2590880925053
2025-02-28 10:34:48.615624-05:00,588.1391,588.47,587.97,588.41,60091.0,588.1856429432038
2025-02-28 10:35:14.903540-05:00,588.41,588.49,588.13,588.14,95023.0,588.4033000578806
2025-02-28 10:35:44.709255-05:00,588.15,588.3631,587.76,587.76,69521.0,587.938337116842
2025-02-28 10:36:23.192945-05:00,587.78,588.3154,587.7612,588.04,67045.0,588.0012906212245
2025-02-28 10:36:53.574960-05:00,588.03,588.2831,587.27,587.34,63950.0,587.6165183565283
2025-02-28 10:37:38.625068-05:00,587.33,588.1857,587.27,587.53,71282.0,587.4452313361012
2025-02-28 10:38:24.033426-05:00,587.53,588.144,587.4,587.8201,69469.0,587.6704047690338
2025-02-28 10:38:58.109606-05:00,587.83,588.08,587.6245,587.73,56739.0,587.90035872504
2025-02-28 10:39:24.452747-05:00,587.74,588.1318,587.68,587.97,94703.0,587.8081073767457
2025-02-28 10:39:55.389570-05:00,587.96,588.03,587.54,587.81,83242.0,587.7397587131494
2025-02-28 10:40:51.772258-05:00,587.81,588.03,587.59,587.8,53903.0,587.8455937573038
2025-02-28 10:41:26.003833-05:00,587.8,588.0308,587.6,587.8,93960.0,587.8198508769681
2025-02-28 10:42:00.419411-05:00,587.797,587.92,587.39,587.49,59175.0,587.7021513764263
2025-02-28 10:42:18.738735-05:00,587.49,587.9662,587.26,587.29,53864.0,587.4992466322597
2025-02-28 10:42:41.234114-05:00,587.31,587.7519,587.22,587.46,25178.0,587.386148323934
2025-02-28 10:43:04.367345-05:00,587.435,587.9115,587.4005,587.505,18774.0,587.4916957547658
2025-02-28 10:43:25.056002-05:00,587.49,587.88,587.3,587.355,22587.0,587.4576884801003
2025-02-28 10:43:48.709482-05:00,587.369,587.8627,587.25,587.395,20871.0,587.4520171386173
2025-02-28 10:44:08.454488-05:00,587.395,587.707,587.08,587.295,35559.0,587.2099393936843
2025-02-28 10:44:29.726018-05:00,587.31,587.7943,587.23,587.55,29832.0,587.4450434533379
2025-02-28 10:44:58.171094-05:00,587.55,587.7702,587.374,587.44,34175.0,587.5792769363574
2025-02-28 10:45:44.937963-05:00,587.44,587.8,587.34,587.71,57811.0,587.6509224611235
2025-02-28 10:46:38.497046-05:00,587.71,587.98,587.559,587.98,69526.0,587.8346666628319
2025-02-28 10:47:22.755545-05:00,587.96,588.27,587.5581,587.93,67311.0,588.1158490737024
2025-02-28 10:48:00.815207-05:00,587.95,587.965,587.38,587.38,56121.0,587.679304497425
2025-02-28 10:48:40.168495-05:00,587.38,587.8191,587.25,587.59,69930.0,587.5724126526526
2025-02-28 10:49:25.729568-05:00,587.57,587.7843,587.25,587.38,45115.0,587.4829667715838
2025-02-28 10:50:16.488097-05:00,587.38,587.948,587.35,587.935,63529.0,587.5204498685636
2025-02-28 10:51:00.842912-05:00,587.94,588.23,587.5099,587.97,53398.0,588.0336602419565
2025-02-28 10:51:51.034840-05:00,588.0,588.32,587.6603,588.3,54334.0,588.1213439098906
2025-02-28 10:52:40.935174-05:00,588.3,588.41,587.6953,588.29,47694.0,588.2825444081018
2025-02-28 10:53:35.311850-05:00,588.29,588.32,587.7535,588.23,56546.0,588.1712494482375
2025-02-28 10:54:13.399288-05:00,588.23,588.66,587.7942,588.57,88608.0,588.4799446528525
2025-02-28 10:54:51.884748-05:00,588.57,588.61,587.9083,588.3001,74117.0,588.4428271273795
2025-02-28 10:55:42.610643-05:00,588.3053,588.49,587.9816,588.4787,55484.0,588.3247605634057
2025-02-28 10:56:43.043477-05:00,588.48,588.72,588.0385,588.58,54836.0,588.5576320719955
2025-02-28 10:57:31.292494-05:00,588.58,588.68,588.0933,588.67,56805.0,588.5135806196638
2025-02-28 10:58:26.011507-05:00,588.67,588.81,588.1276,588.67,65500.0,588.6719468641215
2025-02-28 10:59:22.748380-05:00,588.6701,588.89,588.497,588.5469,52320.0,588.7873273623859
2025-02-28 11:00:06.686864-05:00,588.75,589.03,588.3571,588.85,49144.0,588.8660196443103
2025-02-28 11:00:56.227557-05:00,588.85,588.88,588.48,588.52,48232.0,588.677156116271
2025-02-28 11:01:47.963615-05:00,588.51,588.95,588.35,588.89,66325.0,588.6383601070481
2025-02-28 11:02:40.381329-05:00,588.89,589.0,588.544,588.9198,52616.0,588.9256460031173
2025-02-28 11:03:27.037366-05:00,588.91,589.02,588.5794,588.79,67358.0,588.9214336114495
2025-02-28 11:04:06.052165-05:00,588.79,588.8958,588.45,588.45,70687.0,588.7061915161197
2025-02-28 11:04:59.594680-05:00,588.46,588.786,588.44,588.65,58230.0,588.564918268933
2025-02-28 11:05:53.481701-05:00,588.65,588.92,588.55,588.92,48482.0,588.7126969349449
2025-02-28 11:06:31.127661-05:00,588.915,589.0,588.69,588.85,78382.0,588.8608662409733
2025-02-28 11:07:29.234260-05:00,588.85,588.8788,588.655,588.79,43865.0,588.7654100786498
2025-02-28 11:08:11.971411-05:00,588.79,588.8065,588.41,588.43,52047.0,588.6235764174688
2025-02-28 11:08:55.445117-05:00,588.43,588.7241,588.225,588.335,57397.0,588.335642528355
2025-02-28 11:09:36.981969-05:00,588.33,588.7058,588.15,588.38,58843.0,588.275088804105
2025-02-28 11:10:38.184594-05:00,588.39,588.6825,588.3574,588.39,48901.0,588.4742337988997
2025-02-28 11:11:28.423075-05:00,588.38,588.6571,588.26,588.27,45828.0,588.4505038753604
2025-02-28 11:12:01.732884-05:00,588.26,588.6323,587.85,587.93,52049.0,588.0500096735773
2025-02-28 11:12:38.952872-05:00,588.3808,588.3808,587.57,587.6593,56223.0,587.7468288938691
2025-02-28 11:13:15.901733-05:00,587.655,588.497,587.43,587.54,58776.0,587.5642650452568
2025-02-28 11:14:04.010807-05:00,587.53,588.374,587.38,587.61,54130.0,587.6027942601152
2025-02-28 11:14:59.738718-05:00,587.6,588.2922,587.47,587.59,40180.0,587.624856107516
2025-02-28 11:15:33.216370-05:00,587.59,588.1781,587.11,587.125,59982.0,587.3207895218567
2025-02-28 11:16:09.947218-05:00,587.11,588.1495,587.05,587.09,67080.0,587.1550996765051
2025-02-28 11:16:26.419070-05:00,587.095,587.9198,586.55,586.55,67549.0,586.8829131326887
2025-02-28 11:16:44.975537-05:00,586.54,587.7906,586.39,586.49,89786.0,586.4697846813539
2025-02-28 11:17:19.964179-05:00,586.49,587.6386,586.33,586.59,76941.0,586.5604383696603
2025-02-28 11:17:53.838007-05:00,586.59,587.4927,586.59,586.99,95429.0,586.7753745087965
2025-02-28 11:18:29.275089-05:00,586.97,587.4533,586.7035,587.22,91390.0,587.1185547379358
2025-02-28 11:19:26.259151-05:00,587.23,587.39,586.7984,587.24,61654.0,587.2888239205881
2025-02-28 11:20:21.158064-05:00,587.24,587.39,586.9144,587.31,47900.0,587.2286594446763
2025-02-28 11:21:12.510115-05:00,587.295,587.61,586.9038,587.52,61111.0,587.4544450426276
2025-02-28 11:21:44.950357-05:00,587.52,587.835,586.9272,587.7,98672.0,587.701212111845
2025-02-28 11:22:31.238930-05:00,587.7,587.8,587.11,587.2,73318.0,587.515306597289
2025-02-28 11:23:29.826382-05:00,587.19,587.564,587.14,587.18,72845.0,587.2781400109815
2025-02-28 11:24:34.588744-05:00,587.19,587.4743,587.1295,587.21,48786.0,587.242215203131
2025-02-28 11:25:01.235671-05:00,587.18,587.4004,586.85,587.01,93466.0,586.9728938373311
2025-02-28 11:25:50.410557-05:00,587.01,587.3615,586.89,586.935,69471.0,587.0276260626741
2025-02-28 11:26:46.265867-05:00,586.94,587.3075,586.54,586.56,45813.0,586.8004786501654
2025-02-28 11:27:41.107847-05:00,586.55,587.2057,586.44,586.62,53166.0,586.6045273765195
2025-02-28 11:28:24.958434-05:00,586.62,587.2067,586.47,586.54,68209.0,586.5459290870702
2025-02-28 11:29:00.671650-05:00,586.54,587.118,586.1,586.14,65630.0,586.2865198308705
2025-02-28 11:29:43.768460-05:00,586.148,586.7231,586.0,586.12,69843.0,586.1180156078635
2025-02-28 11:30:07.905120-05:00,586.12,586.5686,585.81,585.87,66330.0,586.0119531780491
2025-02-28 11:31:00.218206-05:00,585.87,586.9144,585.87,586.12,79485.0,586.0356006856649
2025-02-28 11:31:40.111633-05:00,586.12,586.7788,586.09,586.33,69272.0,586.2634081129457
2025-02-28 11:32:25.574520-05:00,586.33,586.6717,586.1016,586.65,62032.0,586.5268545025151
2025-02-28 11:33:01.232240-05:00,586.65,587.06,586.2734,587.01,75907.0,586.8217715902357
2025-02-28 11:33:55.226436-05:00,587.005,587.14,586.3291,586.9588,53651.0,586.9698859070662
2025-02-28 11:34:44.572737-05:00,586.96,587.28,586.3717,587.28,47382.0,587.1232572896882
2025-02-28 11:35:22.560858-05:00,587.28,587.5,586.5283,587.11,76617.0,587.2779897751146
2025-02-28 11:36:15.178777-05:00,587.12,587.66,586.535,587.6192,58900.0,587.3347732376914
2025-02-28 11:37:11.246749-05:00,587.6043,587.79,586.5946,587.66,54988.0,587.648884385685
2025-02-28 11:38:09.800930-05:00,587.68,587.87,586.6751,587.87,52775.0,587.7309408375171
2025-02-28 11:39:22.275185-05:00,587.872,587.89,586.7755,587.63,43811.0,587.6299224350042
2025-02-28 11:40:29.070530-05:00,587.63,587.68,586.8728,587.6,45841.0,587.5277885430074
2025-02-28 11:41:01.651345-05:00,587.6,588.19,587.1075,588.17,65086.0,588.020176720031
2025-02-28 11:42:00.478547-05:00,588.2,588.2,587.3477,587.9,55119.0,587.9870515176256
2025-02-28 11:43:10.792163-05:00,587.893,588.15,587.5371,588.03,54911.0,587.9622383693617
2025-02-28 11:44:01.299301-05:00,588.03,588.07,587.6029,587.96,88794.0,587.9553320235601
2025-02-28 11:45:11.505305-05:00,587.96,587.98,587.7191,587.81,38742.0,587.8472456481331
2025-02-28 11:46:11.804393-05:00,587.81,587.9662,587.59,587.82,40302.0,587.735034219146
2025-02-28 11:47:18.612268-05:00,587.82,587.9052,587.4672,587.82,129801.0,587.5584522330342
2025-02-28 11:48:09.317479-05:00,587.82,588.26,587.8,588.1517,60945.0,588.1192059069649
2025-02-28 11:48:55.153909-05:00,588.145,588.29,587.8998,588.28,84510.0,588.2160509028514
2025-02-28 11:49:38.837486-05:00,588.29,588.35,587.9534,588.15,121330.0,588.2342461163769
2025-02-28 11:50:42.525165-05:00,588.17,588.3,587.91,587.92,51495.0,588.1372794873292
2025-02-28 11:51:42.739466-05:00,587.92,588.198,587.45,587.466,44621.0,587.7441733242196
2025-02-28 11:52:49.332914-05:00,587.45,588.0973,587.44,588.08,59115.0,587.688852233781
2025-02-28 11:54:05.582197-05:00,588.08,588.13,587.69,587.765,61719.0,587.8981093293805
2025-02-28 11:55:24.432798-05:00,587.745,588.06,587.745,587.88,47895.0,587.9231416661443
2025-02-28 11:56:31.651670-05:00,587.87,587.9998,587.47,587.69,69878.0,587.6910320229548
2025-02-28 11:57:24.098889-05:00,587.69,587.9802,587.1,587.13,57359.0,587.379046928991
2025-02-28 11:58:20.394493-05:00,587.133,587.9118,587.12,587.549,70719.0,587.4140903901349
2025-02-28 11:59:36.117422-05:00,587.531,587.7204,587.26,587.27,57177.0,587.510179995452
2025-02-28 12:00:16.161126-05:00,587.27,587.6688,587.13,587.13,79692.0,587.2994273452797
2025-02-28 12:01:24.351867-05:00,587.12,587.593,587.09,587.41,51069.0,587.2256599953
2025-02-28 12:02:32.487050-05:00,587.41,587.5487,587.03,587.25,47680.0,587.3047465708896
2025-02-28 12:03:30.057178-05:00,587.25,587.5206,586.89,586.91,51668.0,586.999204621816
2025-02-28 12:04:36.103779-05:00,586.9,587.3738,586.71,586.75,51442.0,586.8077358967373
2025-02-28 12:05:45.167563-05:00,586.7511,587.3342,586.5,586.54,48305.0,586.6941695269643
2025-02-28 12:06:59.436817-05:00,586.54,587.2412,586.537,586.8,53246.0,586.7015831292492
2025-02-28 12:08:12.749703-05:00,586.8,587.22,586.6839,586.87,54434.0,586.9912977403833
2025-02-28 12:09:24.384718-05:00,586.866,587.0604,586.5462,586.58,57995.0,586.7247065695318
2025-02-28 12:10:38.848123-05:00,586.57,587.14,586.535,587.1,54147.0,586.9045824477807
2025-02-28 12:11:37.695196-05:00,587.1,587.413,586.8249,587.13,70203.0,587.1979712177535
2025-02-28 12:12:50.857784-05:00,587.1299,587.64,586.9081,587.59,47910.0,587.347795433103
2025-02-28 12:14:13.360153-05:00,587.6,587.73,586.9356,587.5,54170.0,587.5708217371224
2025-02-28 12:15:18.250275-05:00,587.51,587.68,587.1583,587.52,60962.0,587.5354559397647
2025-02-28 12:16:13.234057-05:00,587.5104,587.53,587.1114,587.385,52064.0,587.3858861420551
2025-02-28 12:17:16.368295-05:00,587.41,587.7897,587.1892,587.72,48035.0,587.6542514916226
2025-02-28 12:18:21.240881-05:00,587.72,587.99,587.526,587.98,53711.0,587.9004092792914
2025-02-28 12:19:23.905017-05:00,587.98,588.22,587.6221,588.21,62786.0,588.0164548115829
2025-02-28 12:20:34.289115-05:00,588.21,588.3,587.5284,588.179,56195.0,588.166293821514
2025-02-28 12:21:45.766800-05:00,588.175,588.19,587.6652,588.13,60887.0,588.0303657792296
2025-02-28 12:22:54.332006-05:00,588.13,588.17,587.7794,587.92,78789.0,588.0478314117445
2025-02-28 12:23:26.470068-05:00,587.91,588.0544,587.09,587.09,74975.0,587.5019957372458
2025-02-28 12:23:50.247814-05:00,587.09,587.8004,586.795,587.06,74778.0,587.0235003236241
2025-02-28 12:24:16.778769-05:00,587.06,587.6784,586.48,586.845,76598.0,586.7163325857067
2025-02-28 12:25:17.986638-05:00,586.845,587.5852,586.71,587.22,79374.0,586.9668496207823
2025-02-28 12:26:38.426978-05:00,587.22,587.5089,587.03,587.17,70494.0,587.1987050032632
2025-02-28 12:27:55.553084-05:00,587.17,587.4884,586.865,586.93,66871.0,587.0889210913547
2025-02-28 12:29:26.387119-05:00,586.93,587.46,586.85,586.87,62123.0,587.1336481770038
2025-02-28 12:30:44.539751-05:00,586.88,587.3243,586.74,586.75,54259.0,586.9052160249909
2025-02-28 12:31:36.363056-05:00,586.75,587.2051,586.43,586.43,78528.0,586.5985712217298
2025-02-28 12:32:22.285819-05:00,586.42,586.93,586.41,586.93,94452.0,586.6739068998014
2025-02-28 12:34:06.174312-05:00,586.92,586.98,586.6489,586.72,61803.0,586.8306839166378
2025-02-28 12:35:21.084888-05:00,586.7288,586.9052,586.4,586.6084,70355.0,586.535402424846
2025-02-28 12:36:15.064099-05:00,586.605,586.8282,586.41,586.49,92459.0,586.5364360527375
2025-02-28 12:37:15.425814-05:00,586.48,586.7614,586.23,586.26,74334.0,586.3916452511638
2025-02-28 12:38:20.766384-05:00,586.2615,586.72,586.24,586.67,71865.0,586.5447531426981
2025-02-28 12:40:03.456753-05:00,586.67,586.87,586.5285,586.6395,62986.0,586.7001915711436
2025-02-28 12:41:28.632242-05:00,586.65,586.74,586.32,586.59,68461.0,586.4926412483018
2025-02-28 12:42:34.177079-05:00,586.575,586.6021,586.11,586.1501,58026.0,586.3644298383491
2025-02-28 12:42:54.097805-05:00,586.15,586.5308,585.83,585.85,73202.0,586.0073413322044
2025-02-28 12:43:09.926694-05:00,585.85,586.4638,585.6,585.62,79450.0,585.7239577067339
2025-02-28 12:43:30.887279-05:00,585.62,586.2001,585.4,585.49,71309.0,585.4975854646682
2025-02-28 12:44:03.182991-05:00,585.49,586.0213,585.25,585.405,88500.0,585.4314875209029
2025-02-28 12:44:21.559193-05:00,585.405,585.9037,584.99,585.0,56204.0,585.1489544747709
2025-02-28 12:44:34.151590-05:00,585.0,586.0107,584.895,584.99,81136.0,584.9582612058762
2025-02-28 12:44:59.212103-05:00,584.99,585.9303,584.96,585.2,79990.0,585.0836335716958
2025-02-28 12:45:15.113075-05:00,585.22,585.5837,585.0163,585.42,121790.0,585.3736778594288
2025-02-28 12:45:47.097195-05:00,585.42,585.64,585.2652,585.54,96048.0,585.5329293571964
2025-02-28 12:46:22.753994-05:00,585.54,585.5533,584.93,584.9592,88121.0,585.2435952610624
2025-02-28 12:46:47.233393-05:00,584.97,585.6887,584.77,584.8,94003.0,584.881663170324
2025-02-28 12:47:12.612121-05:00,584.79,584.8826,584.68,584.795,82409.0,584.7589150359786
2025-02-28 12:47:42.542733-05:00,584.795,584.94,584.57,584.78,81677.0,584.7163437822159
2025-02-28 12:48:01.767174-05:00,584.76,585.4847,584.74,585.055,119469.0,584.9310332697188
2025-02-28 12:48:35.686999-05:00,585.06,585.4093,584.858,584.9,100843.0,585.0185143639119
2025-02-28 12:49:01.621597-05:00,584.9,585.2976,584.5,584.635,114489.0,584.6670882818438
2025-02-28 12:49:25.247554-05:00,584.63,585.2499,584.26,584.47,75831.0,584.4247165011684
2025-02-28 12:49:55.612841-05:00,584.47,585.2191,584.3318,584.34,98111.0,584.5470093129207
2025-02-28 12:50:28.114084-05:00,584.34,584.8983,584.08,584.1,83274.0,584.2475811802009
2025-02-28 12:50:45.353518-05:00,584.1,584.198,583.95,583.97,74037.0,584.0550976943961
2025-02-28 12:51:07.143709-05:00,583.96,585.0597,583.95,584.56,110698.0,584.3188825958918
2025-02-28 12:51:43.959609-05:00,584.56,584.9967,584.3208,584.71,120200.0,584.6247766988351
2025-02-28 12:52:35.994447-05:00,584.7163,584.79,584.3561,584.72,81102.0,584.6337211079875
2025-02-28 12:53:01.660767-05:00,584.71,585.16,584.5081,585.08,103884.0,584.9048447528007
2025-02-28 12:53:28.183026-05:00,585.12,585.22,584.5808,585.16,94979.0,585.1060997104621
2025-02-28 12:53:57.642607-05:00,585.14,585.48,584.5876,585.46,121248.0,585.2999991348311
2025-02-28 12:54:37.183985-05:00,585.445,585.4476,584.6738,585.09,87303.0,585.2312132595672
2025-02-28 12:55:37.178380-05:00,585.09,585.139,584.64,584.85,79836.0,584.878361284382
2025-02-28 12:56:42.493261-05:00,584.85,585.0488,584.47,584.58,95114.0,584.6005583531335
2025-02-28 12:57:34.652581-05:00,584.58,585.0205,584.23,584.52,84466.0,584.4529797374092
2025-02-28 12:58:20.759418-05:00,584.52,584.9411,583.98,584.01,87057.0,584.234191734151
2025-02-28 12:58:37.360029-05:00,584.0063,584.7263,583.648,583.8299,100624.0,583.7768145710763
2025-02-28 12:59:16.923865-05:00,583.8075,584.5872,583.8075,584.15,86624.0,584.1210103550974
2025-02-28 12:59:59.800985-05:00,584.15,584.5775,583.6,583.7,79712.0,583.8366369066136
2025-02-28 13:00:13.352530-05:00,583.7,584.1301,583.43,583.94,91658.0,583.7456864048966
2025-02-28 13:00:43.036946-05:00,583.94,584.4982,583.78,584.24,92818.0,584.054042493913
2025-02-28 13:01:30.909648-05:00,584.26,584.5001,583.981,584.0674,93599.0,584.2559647474866
2025-02-28 13:02:18.180086-05:00,584.2193,584.475,584.0279,584.43,110844.0,584.3084018738044
2025-02-28 13:02:50.123933-05:00,584.42,584.8,584.0598,584.325,117203.0,584.5753146071345
2025-02-28 13:03:44.704665-05:00,584.34,584.4889,584.1089,584.22,122069.0,584.2633600103217
2025-02-28 13:04:41.885831-05:00,584.23,584.3848,584.0105,584.095,107063.0,584.1258372929952
2025-02-28 13:05:53.777712-05:00,584.08,584.32,583.97,584.13,62230.0,584.1704738936207
2025-02-28 13:07:06.568342-05:00,584.1003,584.31,584.0401,584.1,78124.0,584.1497687855202
2025-02-28 13:07:48.795633-05:00,584.1,584.2807,583.73,584.0199,97560.0,583.8904396914721
2025-02-28 13:08:52.929971-05:00,583.99,584.1171,583.82,584.02,69314.0,583.924861469545
2025-02-28 13:09:47.239084-05:00,583.97,584.131,583.85,583.99,88985.0,583.979508195762
2025-02-28 13:10:43.032361-05:00,583.98,584.1645,583.63,583.74,59842.0,583.7861950703523
2025-02-28 13:11:37.893842-05:00,583.74,584.124,583.6,583.63,94904.0,583.8072108867916
2025-02-28 13:12:21.467332-05:00,583.63,584.0199,583.55,583.97,101317.0,583.7496786531385
2025-02-28 13:13:00.423335-05:00,583.97,584.05,583.825,583.985,89547.0,583.9740000100506
2025-02-28 13:14:04.419646-05:00,583.985,584.05,583.8,583.855,62580.0,583.8882287631844
2025-02-28 13:15:04.938692-05:00,583.86,584.2,583.6554,584.2,73199.0,583.9648258268548
2025-02-28 13:15:38.606226-05:00,584.2,584.37,583.8551,584.27,115024.0,584.2634590215958
2025-02-28 13:16:15.651612-05:00,584.2673,584.5994,583.9564,584.54,96729.0,584.3965777905278
2025-02-28 13:16:18.757356-05:00,584.55,584.56,584.0978,584.39,120779.0,584.4636771624206
2025-02-28 13:16:19.818647-05:00,584.39,584.4,583.99,584.04,120842.0,584.2551959823568
2025-02-28 13:16:20.928546-05:00,584.015,584.34,583.51,583.51,113760.0,583.7974526309772
2025-02-28 13:16:24.637323-05:00,583.51,584.02,583.33,583.59,102010.0,583.5074031516515
2025-02-28 13:16:28.161458-05:00,583.59,584.145,583.26,583.34,124148.0,583.4392185327188
2025-02-28 13:16:34.606430-05:00,583.36,583.69,583.1302,583.14,97523.0,583.4066293253894
2025-02-28 13:16:38.398886-05:00,583.13,583.9489,583.0,583.08,59619.0,583.1473639259297
2025-02-28 13:16:44.406757-05:00,583.1,583.2447,582.85,582.885,87128.0,582.9711433832982
2025-02-28 13:16:53.987123-05:00,582.9,583.697,582.7,583.045,105611.0,582.94879130583
2025-02-28 13:17:05.820604-05:00,583.04,583.7362,582.79,583.17,108422.0,583.016436301672
2025-02-28 13:17:20.691210-05:00,583.17,583.7121,582.91,583.45,104124.0,583.3032918856362
2025-02-28 13:17:39.619035-05:00,583.45,583.7225,583.35,583.62,110604.0,583.5295258091929
2025-02-28 13:18:14.012606-05:00,583.62,583.7063,583.18,583.18,105042.0,583.3773869918705
2025-02-28 13:18:48.693988-05:00,583.18,583.6389,583.14,583.3799,113602.0,583.3329925784755
2025-02-28 13:19:09.913854-05:00,583.38,583.6191,582.79,582.8,110015.0,582.9901543335
2025-02-28 13:19:17.598317-05:00,582.7907,583.5799,582.535,582.56,82100.0,582.6907273154677
2025-02-28 13:19:31.205672-05:00,582.56,583.5978,582.4801,582.79,97073.0,582.7428635264182
2025-02-28 13:19:57.302643-05:00,582.79,583.5612,582.5,582.694,81371.0,582.7425822098783
2025-02-28 13:20:16.838099-05:00,582.67,583.5277,582.62,582.83,126143.0,582.8563234844581
2025-02-28 13:20:42.561975-05:00,582.83,583.4861,582.74,582.8,93971.0,582.8396671047444
2025-02-28 13:21:03.743946-05:00,582.81,583.4486,582.55,583.0,93718.0,582.7714266117499
2025-02-28 13:21:26.377789-05:00,583.0,583.1568,582.7,582.71,110141.0,582.9851077918306
2025-02-28 13:21:42.112510-05:00,582.7,582.9934,582.43,582.57,106851.0,582.5872354203519
2025-02-28 13:22:00.208489-05:00,582.57,582.9906,582.455,582.5,160856.0,582.5451412188547
2025-02-28 13:22:17.682976-05:00,582.49,582.9365,582.47,582.685,122515.0,582.6385791062316
2025-02-28 13:22:35.022068-05:00,582.67,582.92,582.64,582.91,153216.0,582.7771728500945
2025-02-28 13:22:49.953444-05:00,582.91,583.2468,582.76,582.9,157076.0,582.9191787994343
2025-02-28 13:23:05.000399-05:00,582.8364,583.32,582.74,583.13,108009.0,583.1249222638857
2025-02-28 13:23:23.582813-05:00,583.13,583.28,582.7911,583.03,113447.0,583.0370979100372
2025-02-28 13:23:48.218070-05:00,582.97,583.2241,582.62,582.62,121791.0,582.813039782907
2025-02-28 13:24:29.105300-05:00,582.62,583.1978,582.52,583.1899,81131.0,582.6421030444588
2025-02-28 13:25:08.365020-05:00,582.64,583.1676,582.5,582.76,106729.0,582.6502769519061
2025-02-28 13:25:52.430386-05:00,582.76,583.1164,582.66,583.07,91809.0,582.874938955876
2025-02-28 13:26:08.384393-05:00,583.07,583.37,582.8077,583.305,95324.0,583.1728248038269
2025-02-28 13:26:48.328588-05:00,583.305,583.46,582.8125,583.45,109423.0,583.1928381830145
2025-02-28 13:27:21.176284-05:00,583.45,583.78,582.8736,583.78,130589.0,583.5355492430452
2025-02-28 13:27:41.771893-05:00,583.78,584.21,582.9372,584.14,125832.0,583.9507282002987
2025-02-28 13:28:17.393122-05:00,584.14,584.24,582.9836,583.94,113689.0,584.0618567583498
2025-02-28 13:28:55.139979-05:00,583.94,584.0825,582.9857,583.72,84660.0,583.7829878537678
2025-02-28 13:29:21.502952-05:00,583.72,584.47,583.0222,584.42,117374.0,584.2470528191931
2025-02-28 13:30:00.092507-05:00,584.42,584.78,583.76,584.72,82482.0,584.6409951601559
2025-02-28 13:30:14.676652-05:00,584.7,584.92,583.1483,584.87,93725.0,584.5796416975196
2025-02-28 13:30:30.395168-05:00,584.86,585.06,583.2363,584.88,79273.0,584.863548252243
2025-02-28 13:30:52.378363-05:00,584.88,585.29,583.2707,585.08,69567.0,585.0137157704089
2025-02-28 13:31:32.312820-05:00,585.09,585.14,583.3483,584.95,66939.0,584.9414628318322
2025-02-28 13:32:14.306790-05:00,584.96,585.05,583.5301,584.795,77884.0,584.909512239998
2025-02-28 13:32:42.001856-05:00,584.7962,584.9408,583.572,584.59,70749.0,584.7110254632569
2025-02-28 13:33:09.322554-05:00,584.59,584.7125,583.7541,584.56,96420.0,584.5554502292053
2025-02-28 13:33:58.152380-05:00,584.56,584.62,583.8722,584.5525,70901.0,584.5183464154243
2025-02-28 13:34:35.569572-05:00,584.57,585.31,584.0222,585.19,80506.0,584.9091395498473
2025-02-28 13:35:09.243813-05:00,585.19,585.56,584.1049,585.52,75766.0,585.3474574756482
2025-02-28 13:35:53.225608-05:00,585.52,585.5377,584.2946,585.28,70241.0,585.3828396064968
2025-02-28 13:36:42.431856-05:00,585.28,585.63,584.429,585.54,72704.0,585.3844085813706
2025-02-28 13:37:27.264289-05:00,585.53,585.82,584.55,585.676,86101.0,585.6784125991566
2025-02-28 13:38:09.888923-05:00,585.6799,585.96,584.7634,585.69,117919.0,585.7786677498958
2025-02-28 13:39:10.512858-05:00,585.69,585.91,584.9161,585.8,82480.0,585.7098128649371
2025-02-28 13:39:46.522502-05:00,585.79,586.01,585.0426,585.925,94057.0,585.8726620038908
2025-02-28 13:40:20.976899-05:00,585.921,586.445,585.168,586.44,100394.0,586.178540745463
2025-02-28 13:40:47.504346-05:00,586.44,586.53,585.3263,586.18,81649.0,586.3299664539676
2025-02-28 13:41:03.900990-05:00,586.1899,586.2,585.3976,585.82,86022.0,585.8532647218159
2025-02-28 13:41:43.160051-05:00,585.82,586.1341,585.4445,585.5646,90102.0,585.6713017913037
2025-02-28 13:42:34.176318-05:00,585.56,585.9834,585.3,585.33,84868.0,585.5631760510446
2025-02-28 13:43:19.734571-05:00,585.33,585.8667,585.1892,585.51,81647.0,585.3237206057784
2025-02-28 13:44:08.574971-05:00,585.51,585.8228,585.16,585.6901,93628.0,585.3896715192037
2025-02-28 13:44:43.597619-05:00,585.7,586.09,585.6,586.0,92671.0,585.8801147165782
2025-02-28 13:45:42.779413-05:00,585.99,586.14,585.6815,586.06,91405.0,585.9750047852955
2025-02-28 13:46:51.476930-05:00,586.06,586.09,585.54,585.56,80323.0,585.740550634314
2025-02-28 13:48:01.595616-05:00,585.56,586.05,585.56,585.6729,63908.0,585.7488235275702
2025-02-28 13:49:05.682068-05:00,585.68,585.942,585.42,585.59,74417.0,585.6153742894774
2025-02-28 13:50:38.927153-05:00,585.5887,585.81,585.39,585.495,65798.0,585.6272873263626
2025-02-28 13:51:57.737467-05:00,585.49,585.92,585.48,585.81,62136.0,585.7520320458343
2025-02-28 13:53:00.403864-05:00,585.8,586.33,585.6759,586.105,93993.0,586.118384310534
2025-02-28 13:54:17.632338-05:00,586.11,586.2,585.7779,585.92,62956.0,585.9788466278028
2025-02-28 13:55:12.084421-05:00,585.9,585.9508,585.49,585.5,66012.0,585.7335330212686
2025-02-28 13:55:52.323380-05:00,585.5,585.8708,585.055,585.0901,76051.0,585.2749374972059
2025-02-28 13:56:31.365514-05:00,585.08,585.7758,584.85,584.8897,78261.0,585.0630372446035
2025-02-28 13:56:54.987964-05:00,584.885,585.6406,584.4,584.49,142684.0,584.548831437302
2025-02-28 13:57:46.730458-05:00,584.49,585.4462,584.32,584.4,92794.0,584.4987734896649
2025-02-28 13:58:15.352723-05:00,584.4,585.0127,584.01,584.0785,107881.0,584.2009414493754
2025-02-28 13:58:49.215036-05:00,584.0642,585.1775,583.8,583.81,81563.0,583.9536139597617
2025-02-28 13:59:39.891277-05:00,583.8,584.9562,583.57,583.74,87969.0,583.7957373313328
2025-02-28 14:00:28.740015-05:00,583.74,584.9148,583.53,584.11,77997.0,583.8741113145381
2025-02-28 14:01:05.357138-05:00,584.12,584.7889,583.8743,584.72,109771.0,584.3228961820528
2025-02-28 14:01:42.674379-05:00,584.71,584.9042,584.2454,584.85,96160.0,584.8079774906406
2025-02-28 14:02:30.214159-05:00,584.85,584.88,584.1985,584.5744,91679.0,584.5533537636754
2025-02-28 14:03:33.002999-05:00,584.58,584.9,584.2407,584.51,75630.0,584.7096470554015
2025-02-28 14:04:34.851719-05:00,584.5,584.5566,584.15,584.37,91088.0,584.3783629468204
2025-02-28 14:05:09.165992-05:00,584.37,584.5833,584.1,584.565,97017.0,584.4109721028279
2025-02-28 14:05:57.193052-05:00,584.57,584.672,584.4273,584.5986,146928.0,584.5701273195031
2025-02-28 14:06:26.742776-05:00,584.5838,584.96,584.4114,584.96,114218.0,584.7888015111449
2025-02-28 14:07:17.262826-05:00,584.96,585.11,584.417,585.0,83902.0,584.9449558127341
2025-02-28 14:08:31.507475-05:00,585.0,585.1,584.4385,584.52,116120.0,584.8438870297964
2025-02-28 14:09:26.914735-05:00,584.51,584.732,584.31,584.43,114932.0,584.4535714474641
2025-02-28 14:10:37.102274-05:00,584.48,584.79,584.28,584.29,83929.0,584.5635001382124
2025-02-28 14:11:55.954084-05:00,584.29,584.74,584.19,584.71,59927.0,584.4174312997475
2025-02-28 14:13:02.533538-05:00,584.71,584.78,584.4997,584.54,144752.0,584.6748814987013
2025-02-28 14:14:28.243866-05:00,584.54,584.6189,584.2509,584.61,81714.0,584.4255339856074
2025-02-28 14:15:31.477936-05:00,584.61,584.8963,584.42,584.7,100043.0,584.6038688713853
2025-02-28 14:16:30.475901-05:00,584.71,585.09,584.5664,584.78,80889.0,584.8508874148521
2025-02-28 14:17:44.103648-05:00,584.78,584.94,584.55,584.91,70385.0,584.7627650863107
2025-02-28 14:18:49.155170-05:00,584.91,585.29,584.6464,585.29,86556.0,585.0329359894168
2025-02-28 14:19:44.159015-05:00,585.28,585.51,584.6491,585.51,80969.0,585.3762419827335
2025-02-28 14:20:13.870971-05:00,585.5,585.83,584.8028,585.64,90678.0,585.7016144776024
2025-02-28 14:21:30.643800-05:00,585.64,585.77,584.8671,585.26,59898.0,585.5354300043414
2025-02-28 14:22:09.200145-05:00,585.27,585.4227,584.72,584.76,104577.0,585.1199244939139
2025-02-28 14:22:51.771905-05:00,584.76,585.2994,584.54,584.61,97737.0,584.6802774548023
2025-02-28 14:23:33.955523-05:00,584.62,585.37,584.6035,585.3,85945.0,585.1013992879172
2025-02-28 14:24:21.349889-05:00,585.3,585.33,584.95,585.1,75295.0,585.1221872036652
2025-02-28 14:25:26.682762-05:00,585.1,585.57,584.957,585.55,61695.0,585.2687260993591
2025-02-28 14:26:19.613621-05:00,585.55,585.83,585.0855,585.68,60158.0,585.694117941089
2025-02-28 14:27:29.359502-05:00,585.69,585.82,585.1336,585.77,72077.0,585.6045570944959
2025-02-28 14:28:32.850449-05:00,585.76,585.79,585.3116,585.74,68451.0,585.6892550510577
2025-02-28 14:29:46.297023-05:00,585.74,585.76,585.3175,585.5301,67471.0,585.6028076892295
2025-02-28 14:30:42.532221-05:00,585.52,585.7499,585.2301,585.715,69865.0,585.532292363844
2025-02-28 14:31:26.848804-05:00,585.715,586.0,585.3348,585.9499,84349.0,585.879956000664
2025-02-28 14:31:55.232287-05:00,585.94,586.4,585.6886,586.4,73361.0,586.0884978558089
2025-02-28 14:32:47.051645-05:00,586.4,586.43,585.5062,586.35,111837.0,586.2628724885326
2025-02-28 14:33:29.674294-05:00,586.35,586.65,585.7177,586.62,110015.0,586.4189391173927
2025-02-28 14:34:23.696480-05:00,586.62,586.66,585.8118,586.23,73522.0,586.4009820393903
2025-02-28 14:35:39.911660-05:00,586.25,586.3927,585.931,586.15,64968.0,586.1398804765417
2025-02-28 14:36:29.014074-05:00,586.14,586.77,585.989,586.645,79844.0,586.461764347978
2025-02-28 14:37:18.550313-05:00,586.645,586.91,586.0817,586.65,95881.0,586.7292119189416
2025-02-28 14:38:06.853167-05:00,586.66,587.0,586.4733,586.93,117015.0,586.9036327171732
2025-02-28 14:38:55.669351-05:00,586.92,587.22,586.2815,587.115,75943.0,586.9705330892904
2025-02-28 14:39:46.641816-05:00,587.11,587.41,586.4139,587.15,96225.0,587.2056774216686
2025-02-28 14:40:44.865016-05:00,587.14,587.1717,586.4638,586.93,96229.0,587.0332462698359
2025-02-28 14:41:38.929964-05:00,586.93,587.33,586.5903,587.2714,86747.0,587.0919279825238
2025-02-28 14:42:17.854650-05:00,587.27,587.5163,586.7189,587.37,112097.0,587.3461595867863
2025-02-28 14:42:58.488011-05:00,587.38,587.51,586.8615,587.295,137239.0,587.3739931979957
2025-02-28 14:43:22.554460-05:00,587.3,587.57,586.9607,587.49,124905.0,587.3498419390736
2025-02-28 14:43:57.696415-05:00,587.49,587.69,587.001,587.665,97839.0,587.5364744140878
2025-02-28 14:44:52.076843-05:00,587.66,587.67,587.0988,587.3901,133197.0,587.5108908744187
2025-02-28 14:45:43.871511-05:00,587.395,587.5374,587.1421,587.36,92884.0,587.3308934552774
2025-02-28 14:46:44.348464-05:00,587.36,587.4804,587.2,587.315,84320.0,587.3596180087766
2025-02-28 14:47:27.488892-05:00,587.318,587.65,587.2486,587.53,72045.0,587.4919953723364
2025-02-28 14:48:10.429816-05:00,587.535,587.67,587.19,587.655,90218.0,587.3944962668206
2025-02-28 14:48:55.792025-05:00,587.66,587.98,587.4168,587.89,67177.0,587.8268075338287
2025-02-28 14:49:55.217577-05:00,587.88,587.92,587.3728,587.76,79420.0,587.8074600377739
2025-02-28 14:50:42.606164-05:00,587.76,588.05,587.4307,588.05,101820.0,587.7823619760356
2025-02-28 14:51:22.622534-05:00,588.05,588.12,587.4866,587.97,116925.0,587.9559628077832
2025-02-28 14:52:07.286344-05:00,587.97,588.24,587.5371,587.98,101824.0,588.047297390595
2025-02-28 14:53:05.585155-05:00,587.97,588.09,587.6193,587.88,91716.0,587.947671334336
2025-02-28 14:53:33.784817-05:00,587.88,587.906,587.38,587.45,100741.0,587.5862978668068
2025-02-28 14:54:15.894627-05:00,587.45,587.8593,587.29,587.79,92685.0,587.4840759227487
2025-02-28 14:55:10.615932-05:00,587.79,588.02,587.6269,587.77,119163.0,587.7842183849024
2025-02-28 14:55:59.368819-05:00,587.76,587.98,587.6549,587.87,77384.0,587.8889943257001
2025-02-28 14:56:43.998093-05:00,587.87,588.11,587.7459,587.97,121544.0,587.9273451441453
2025-02-28 14:57:29.072104-05:00,587.97,588.21,587.8045,588.18,112841.0,588.0540704114643
2025-02-28 14:58:31.570014-05:00,588.18,588.2,587.5725,587.71,86632.0,587.8268939825925
2025-02-28 14:59:12.998131-05:00,587.705,587.8786,587.49,587.805,129615.0,587.6240298838866
2025-02-28 14:59:53.264509-05:00,587.8446,588.25,587.6701,588.19,87029.0,588.0135540417566
2025-02-28 15:00:33.439201-05:00,588.19,588.33,587.8179,588.25,105678.0,588.1483894850392
2025-02-28 15:01:15.520227-05:00,588.25,588.4399,587.8891,587.99,127011.0,588.2430923731015
2025-02-28 15:02:11.170100-05:00,588.0,588.1556,587.81,588.09,98887.0,587.9914401073945
2025-02-28 15:02:52.925868-05:00,588.09,588.5,587.9788,588.47,110258.0,588.3281894184549
2025-02-28 15:03:27.200650-05:00,588.47,588.7,587.9416,588.44,119071.0,588.5664303146862
2025-02-28 15:04:21.740131-05:00,588.43,588.6395,588.0557,588.57,138393.0,588.5094457291918
2025-02-28 15:05:03.694088-05:00,588.58,588.93,588.0981,588.88,100702.0,588.8031033633891
2025-02-28 15:05:49.238696-05:00,588.88,588.88,588.1778,588.87,112820.0,588.7391332769015
2025-02-28 15:06:47.209931-05:00,588.87,588.96,588.2485,588.84,103498.0,588.8226799542028
2025-02-28 15:07:26.606211-05:00,588.86,589.08,588.3101,588.75,98487.0,588.915406980617
2025-02-28 15:08:04.474946-05:00,588.75,588.8627,588.3563,588.75,108421.0,588.7284073961694
2025-02-28 15:08:40.726729-05:00,588.76,589.23,588.3924,589.21,108099.0,588.9424134931869
2025-02-28 15:09:16.701630-05:00,589.21,589.3095,588.536,589.1,112446.0,589.1552854463476
2025-02-28 15:10:13.003940-05:00,589.1,589.15,588.6065,588.92,121637.0,589.0095143443197
2025-02-28 15:11:03.723266-05:00,588.92,589.22,588.7002,588.925,105639.0,589.0567097852127
2025-02-28 15:11:38.474116-05:00,588.95,589.09,588.55,588.57,113259.0,588.7345395456432
2025-02-28 15:12:23.201858-05:00,588.57,588.9302,588.54,588.59,121967.0,588.7113527732909
2025-02-28 15:13:08.090695-05:00,588.6,588.9033,588.37,588.7,117417.0,588.5062181336601
2025-02-28 15:13:55.316027-05:00,588.7,588.89,588.632,588.8,100018.0,588.7914122367971
2025-02-28 15:14:44.201069-05:00,588.8,588.86,588.48,588.64,97179.0,588.6101972360278
2025-02-28 15:15:48.271309-05:00,588.64,588.92,588.59,588.75,98064.0,588.7648668390033
2025-02-28 15:16:39.574593-05:00,588.75,589.02,588.6062,588.9,92316.0,588.8392853470691
2025-02-28 15:17:34.964948-05:00,588.8992,589.0,588.6212,588.84,106589.0,588.8554434200522
2025-02-28 15:18:20.748473-05:00,588.84,588.8637,588.42,588.5,98735.0,588.6230048280758
2025-02-28 15:19:11.589377-05:00,588.4808,588.8034,588.36,588.71,100290.0,588.5658675201917
2025-02-28 15:20:00.777774-05:00,588.7,588.7467,587.4,588.315,109690.0,588.4884637414525
2025-02-28 15:20:40.227332-05:00,588.31,588.6999,588.16,588.39,114440.0,588.3246415990913
2025-02-28 15:21:18.231428-05:00,588.38,588.6116,588.11,588.12,77000.0,588.4644390636361
2025-02-28 15:21:41.419417-05:00,588.12,588.5803,587.81,587.9613,102959.0,587.9353544440014
2025-02-28 15:22:21.186288-05:00,587.95,588.447,587.85,588.3612,82131.0,588.0137327842104
2025-02-28 15:22:59.198125-05:00,588.08,588.5223,587.69,587.84,92902.0,587.8814283535334
2025-02-28 15:23:37.936142-05:00,587.84,588.463,587.7,588.025,100123.0,587.9188398909341
2025-02-28 15:24:12.537799-05:00,588.025,588.3963,587.94,587.975,78595.0,588.1326920949177
2025-02-28 15:24:45.414051-05:00,587.98,588.3621,587.73,588.15,72256.0,587.9416387870903
2025-02-28 15:25:12.301675-05:00,588.15,588.44,587.969,588.43,104945.0,588.2667074944006
2025-02-28 15:25:44.660463-05:00,588.43,588.59,588.0592,588.57,84881.0,588.4754729209127
2025-02-28 15:26:14.269884-05:00,588.57,588.7699,588.1147,588.75,98509.0,588.6316949222916
2025-02-28 15:26:52.675297-05:00,588.74,588.75,588.1394,588.7,67030.0,588.6217276145012
2025-02-28 15:27:20.545608-05:00,588.7,589.13,588.2144,589.07,96665.0,588.9164178089277
2025-02-28 15:28:00.179149-05:00,589.06,589.25,588.3181,589.21,96176.0,589.0625772625187
2025-02-28 15:28:20.739159-05:00,589.21,589.48,588.56,589.4,137354.0,589.4013817420678
2025-02-28 15:28:50.379568-05:00,589.4,589.62,588.476,589.4801,93208.0,589.4918405769893
2025-02-28 15:29:25.506588-05:00,589.48,589.58,588.5243,589.5101,92240.0,589.425167642021
2025-02-28 15:30:00.396798-05:00,589.515,589.68,588.9966,589.62,123612.0,589.6052729953403
2025-02-28 15:30:30.583737-05:00,589.63,589.66,588.6786,589.16,133185.0,589.2798942275779
2025-02-28 15:31:03.402753-05:00,589.16,589.4142,588.7197,588.935,110944.0,589.1044701885637
2025-02-28 15:31:39.575967-05:00,588.935,589.3363,588.7366,589.31,124591.0,589.1038983682613
2025-02-28 15:32:21.898465-05:00,589.3,589.53,588.81,589.41,111489.0,589.3745922476644
2025-02-28 15:32:52.932494-05:00,589.41,589.42,588.9115,589.32,176434.0,589.2769925292179
2025-02-28 15:33:30.012755-05:00,589.32,589.52,588.9992,589.41,137410.0,589.4203492358638
2025-02-28 15:34:08.376536-05:00,589.41,589.59,589.0481,589.34,106677.0,589.4894356168624
2025-02-28 15:34:34.401249-05:00,589.35,589.4028,588.69,588.74,123663.0,588.9788567865894
2025-02-28 15:35:03.782271-05:00,588.74,589.2853,588.23,588.23,124605.0,588.5483341816133
2025-02-28 15:35:39.113443-05:00,588.25,589.1524,588.15,588.24,118527.0,588.2669268183624
2025-02-28 15:36:09.471661-05:00,588.24,589.0334,587.93,588.17,116855.0,588.2157778434807
2025-02-28 15:36:51.390347-05:00,588.17,588.9452,588.13,588.44,108979.0,588.3841058965488
2025-02-28 15:37:37.426354-05:00,588.44,589.0694,588.2793,588.64,107705.0,588.5357825291301
2025-02-28 15:38:19.895836-05:00,588.64,589.0461,588.29,588.67,108451.0,588.575830126048
2025-02-28 15:39:03.905592-05:00,588.67,589.02,588.4882,589.02,98290.0,588.7873893173264
2025-02-28 15:39:41.585318-05:00,589.029,589.3,588.5293,588.97,122969.0,589.1286755596938
2025-02-28 15:40:19.402161-05:00,588.96,589.33,588.5523,589.2,96580.0,589.0858494263829
2025-02-28 15:40:52.219133-05:00,589.2,589.655,588.6443,589.64,99067.0,589.4119595697862
2025-02-28 15:41:14.782189-05:00,589.64,589.87,588.7892,589.68,104674.0,589.7238656027284
2025-02-28 15:41:56.966024-05:00,589.67,589.81,588.961,589.73,106452.0,589.5260294141958
2025-02-28 15:42:25.691357-05:00,589.74,589.8899,588.9992,589.75,114815.0,589.7442044994116
2025-02-28 15:42:52.772889-05:00,589.72,589.92,589.3223,589.69,178879.0,589.7538798282638
2025-02-28 15:43:17.685438-05:00,589.69,590.0,589.0628,590.0,105931.0,589.7916092560246
2025-02-28 15:43:42.520840-05:00,590.0,590.16,589.0913,590.06,105293.0,590.0411219340316
2025-02-28 15:44:07.320082-05:00,590.06,590.11,589.1451,589.95,127140.0,590.0369172022961
2025-02-28 15:44:38.843264-05:00,589.95,590.06,589.1866,589.75,98899.0,589.8637086249604
2025-02-28 15:45:09.005479-05:00,589.81,589.9558,589.2566,589.7,113336.0,589.7933211362666
2025-02-28 15:45:37.286983-05:00,589.7,589.92,589.6,589.865,161796.0,589.6806501118691
2025-02-28 15:46:08.005874-05:00,589.865,590.0,589.7502,590.0,116105.0,589.8821672313851
2025-02-28 15:46:38.771281-05:00,590.0,590.13,589.5284,590.11,99522.0,589.9890798516917
2025-02-28 15:47:05.334400-05:00,590.11,590.2,589.8277,590.2,115308.0,590.1141122740829
2025-02-28 15:47:31.313381-05:00,590.2,590.23,589.6311,590.12,103017.0,590.073602794685
2025-02-28 15:47:54.422592-05:00,590.12,590.4,589.9044,590.3,144665.0,590.2775506853761
2025-02-28 15:48:19.877543-05:00,590.29,590.57,589.7387,590.5,132607.0,590.4235384067207
2025-02-28 15:48:44.745012-05:00,590.5,590.63,589.7814,590.42,137025.0,590.4919318423648
2025-02-28 15:49:09.883750-05:00,590.42,590.49,590.0769,590.36,154418.0,590.4065352031494
2025-02-28 15:49:34.999134-05:00,590.355,590.57,590.1154,590.48,163291.0,590.4163974536256
2025-02-28 15:49:58.169859-05:00,590.48,590.68,589.9739,590.68,128255.0,590.5876128174338
2025-02-28 15:50:00.643059-05:00,590.68,591.06,590.33,591.02,91626.0,590.8245404415776
2025-02-28 15:50:07.292166-05:00,591.03,591.33,590.0408,591.32,117300.0,591.1460504808191
2025-02-28 15:50:22.260987-05:00,591.32,591.38,590.1276,591.29,107925.0,591.2383377336114
2025-02-28 15:50:35.072405-05:00,591.295,591.42,590.448,591.34,150973.0,591.2996811476223
2025-02-28 15:50:48.372068-05:00,591.32,591.4,590.5281,591.32,108723.0,591.2825158236982
2025-02-28 15:51:01.439835-05:00,591.32,591.405,590.2917,591.23,129326.0,591.2850628048503
2025-02-28 15:51:19.648443-05:00,591.23,591.29,590.3162,591.05,165812.0,591.1039302643954
2025-02-28 15:51:40.027865-05:00,591.05,591.33,590.3793,591.27,135351.0,591.1749773293147
2025-02-28 15:51:58.500628-05:00,591.27,591.44,590.7967,591.15,123756.0,591.2785763300367
2025-02-28 15:52:13.770652-05:00,591.15,591.425,590.4686,591.3,128092.0,591.2428119484424
2025-02-28 15:52:33.769369-05:00,591.298,591.49,590.8849,591.41,140852.0,591.3571553680457
2025-02-28 15:52:49.140873-05:00,591.41,591.41,590.6012,591.32,165691.0,591.2614081833043
2025-02-28 15:53:07.921919-05:00,591.32,591.73,590.6426,591.72,133563.0,591.4336300457467
2025-02-28 15:53:25.891198-05:00,591.72,591.839,591.0336,591.74,133334.0,591.7543118341907
2025-02-28 15:53:41.678624-05:00,591.725,592.24,591.119,592.19,96799.0,591.9684889998865
2025-02-28 15:53:55.812848-05:00,592.19,592.2602,591.3579,592.08,142846.0,592.182159907173
2025-02-28 15:54:08.147382-05:00,592.08,592.104,590.8312,591.88,152351.0,591.9980342537958
2025-02-28 15:54:23.434000-05:00,591.88,592.07,590.9217,592.05,161721.0,591.9969244488964
2025-02-28 15:54:40.173203-05:00,592.05,592.37,591.3907,592.37,140112.0,591.9963715434795
2025-02-28 15:54:50.591101-05:00,592.37,592.59,591.4783,592.5,151087.0,592.460710378126
2025-02-28 15:55:00.925649-05:00,592.5,592.81,591.541,592.74,145149.0,592.6034226746315
2025-02-28 15:55:10.307157-05:00,592.735,593.1,591.6439,593.07,169822.0,592.9296130919433
2025-02-28 15:55:16.928038-05:00,593.08,593.27,591.7299,593.08,187551.0,593.151776765786
2025-02-28 15:55:25.038185-05:00,593.0892,593.48,591.8287,593.43,162837.0,593.27282761596
2025-02-28 15:55:33.530420-05:00,593.415,593.465,591.4497,593.4,177734.0,593.3484768170409
2025-02-28 15:55:43.600048-05:00,593.4099,593.67,592.062,593.54,169004.0,593.5610513561802
2025-02-28 15:55:52.091049-05:00,593.53,593.57,592.1603,593.4045,120793.0,593.437773178909
2025-02-28 15:56:01.035204-05:00,593.42,593.59,592.2499,593.47,146532.0,593.461758967324
2025-02-28 15:56:13.962334-05:00,593.47,593.65,592.3195,593.54,149311.0,593.5333058455168
2025-02-28 15:56:21.404881-05:00,593.54,593.72,592.3788,593.72,150465.0,593.6203009105107
2025-02-28 15:56:33.513909-05:00,593.71,593.92,591.8421,593.77,136356.0,593.8028883840832
2025-02-28 15:56:42.577577-05:00,593.77,593.9,592.6122,593.5801,161261.0,593.7394325180921
2025-02-28 15:56:54.940903-05:00,593.58,593.83,591.9615,593.59,155902.0,593.6223216328203
2025-02-28 15:57:06.746420-05:00,593.59,593.6753,593.28,593.495,182659.0,593.5196006301358
2025-02-28 15:57:16.546473-05:00,593.5087,593.74,593.45,593.65,174868.0,593.5963306648443
2025-02-28 15:57:29.193582-05:00,593.66,593.75,592.8478,593.55,151122.0,593.6363508642025
2025-02-28 15:57:41.034825-05:00,593.55,593.78,592.951,593.64,153373.0,593.6900199533162
2025-02-28 15:57:51.641349-05:00,593.64,593.78,593.0382,593.71,143717.0,593.7004470535843
2025-02-28 15:58:00.853015-05:00,593.7,593.88,593.0585,593.83,137240.0,593.7656556594286
2025-02-28 15:58:08.725078-05:00,593.83,593.93,593.1455,593.92,150497.0,593.8200759417138
2025-02-28 15:58:16.892803-05:00,593.9275,594.09,593.9101,593.98,149389.0,594.0248052380032
2025-02-28 15:58:26.500096-05:00,593.98,594.07,593.85,594.06,167662.0,593.9693823126291
2025-02-28 15:58:32.654676-05:00,594.06,594.16,593.2739,594.11,167261.0,594.1141370140083
2025-02-28 15:58:41.200199-05:00,594.12,594.21,593.7723,594.18,170616.0,594.0883000082054
2025-02-28 15:58:50.334718-05:00,594.18,594.3,593.3656,594.3,150175.0,594.2481920446144
2025-02-28 15:58:58.836768-05:00,594.3,594.4,593.4374,594.38,178012.0,594.3501310147632
2025-02-28 15:59:00.207853-05:00,594.38,594.55,594.37,594.46,273559.0,594.4375921779216
2025-02-28 15:59:04.861239-05:00,594.46,594.5,594.4,594.4,239386.0,594.4678989456361
2025-02-28 15:59:11.106733-05:00,594.4,594.55,594.39,594.49,171719.0,594.4799139506987
2025-02-28 15:59:16.717933-05:00,594.49,594.63,594.49,594.61,153368.0,594.570155184914
2025-02-28 15:59:21.585047-05:00,594.6101,594.62,594.38,594.41,185512.0,594.4790214546765
2025-02-28 15:59:28.022943-05:00,594.41,594.72,594.405,594.705,154485.0,594.5728814609831
2025-02-28 15:59:32.295792-05:00,594.705,594.715,594.35,594.37,183509.0,594.5321152548381
2025-02-28 15:59:36.568451-05:00,594.37,594.4,594.14,594.19,212762.0,594.2843283626775
2025-02-28 15:59:42.653525-05:00,594.19,594.26,594.115,594.18,177787.0,594.2032352005489
2025-02-28 15:59:46.710706-05:00,594.18,594.18,593.98,593.99,215290.0,594.0615265395512
2025-02-28 15:59:50.250273-05:00,593.98,594.08,593.825,593.86,152345.0,593.950771381404
2025-02-28 15:59:53.754391-05:00,593.8588,593.93,593.8,593.82,167396.0,593.8580119453267
2025-02-28 15:59:55.080529-05:00,593.81,593.95,593.79,593.83,170334.0,593.8807381732356
2025-02-28 15:59:58.731633-05:00,593.83,593.98,593.75,593.97,225544.0,593.8210957613588
2025-03-03 09:30:01.671849-05:00,593.97,596.18,593.83,596.04,650446.0,595.7253550582241
2025-03-03 09:30:02.228686-05:00,596.04,596.15,595.94,596.11,14712.0,596.0556332721583
2025-03-03 09:30:02.914043-05:00,596.11,596.15,595.93,596.11,13977.0,595.9733058023971
2025-03-03 09:30:03.431952-05:00,596.11,596.11,595.96,596.11,8119.0,596.0362762532352
2025-03-03 09:30:04.454945-05:00,596.11,596.11,595.96,596.03,11610.0,596.0234132472107
2025-03-03 09:30:05.595688-05:00,596.11,596.11,595.95,596.11,15035.0,596.010415936142
2025-03-03 09:30:07.116877-05:00,596.11,596.18,595.9488,596.11,13887.0,596.0025099373622
2025-03-03 09:30:13.849177-05:00,596.11,596.11,595.75,595.76,84688.0,595.8432974565462
2025-03-03 09:30:20.205684-05:00,595.76,596.11,595.62,595.85,155261.0,595.7464629507718
2025-03-03 09:30:41.821954-05:00,595.85,596.11,595.76,595.88,113725.0,595.8548141173886
2025-03-03 09:31:09.360948-05:00,595.88,597.9,595.75,595.9068,100309.0,595.890512297003
2025-03-03 09:31:37.761758-05:00,595.91,596.33,595.83,596.25,92307.0,595.9979277595418
2025-03-03 09:31:59.913119-05:00,596.25,596.63,596.11,596.63,71224.0,596.45568485342
2025-03-03 09:32:23.154812-05:00,596.625,596.918,576.03,596.88,87316.0,596.7902868225755
2025-03-03 09:32:41.767603-05:00,596.85,597.04,596.4099,597.04,114214.0,596.956613341622
2025-03-03 09:33:08.362809-05:00,597.04,597.24,596.873,597.21,96573.0,597.0780452279622
2025-03-03 09:33:30.964605-05:00,597.21,597.34,597.04,597.04,101100.0,597.2384222522257
2025-03-03 09:34:00.426228-05:00,597.06,597.09,596.65,596.72,88590.0,596.9074221334243
2025-03-03 09:34:29.319800-05:00,596.714,597.1782,596.3814,596.965,108048.0,596.915351503036
2025-03-03 09:34:59.195266-05:00,596.97,597.09,596.4502,596.87,96131.0,596.956517178641
2025-03-03 09:35:29.844677-05:00,596.8799,597.04,596.11,596.79,91698.0,596.8336551593271
2025-03-03 09:36:02.016505-05:00,596.79,596.8787,596.34,596.43,97339.0,596.6782380135401
2025-03-03 09:36:27.878873-05:00,596.43,596.8349,596.01,596.171,92518.0,596.2092953403666
2025-03-03 09:36:51.329194-05:00,596.16,596.77,596.11,596.71,73068.0,596.5671086289476
2025-03-03 09:37:36.549668-05:00,596.71,596.8422,596.11,596.45,52206.0,596.6791462724593
2025-03-03 09:38:15.113044-05:00,596.4588,596.8073,595.8973,595.92,66049.0,596.1825713636845
2025-03-03 09:38:37.116802-05:00,595.93,596.5001,595.5,595.63,90665.0,595.679971289913
2025-03-03 09:38:56.720719-05:00,595.63,596.5181,595.42,595.58,98722.0,595.598986033509
2025-03-03 09:39:25.256767-05:00,595.58,596.4312,595.28,595.28,95597.0,595.5178423350125
2025-03-03 09:39:47.550403-05:00,595.28,596.2359,595.09,595.36,104376.0,595.2542281348208
2025-03-03 09:40:16.113061-05:00,595.36,595.9635,595.28,595.6686,96254.0,595.4554760664494
2025-03-03 09:40:46.759267-05:00,595.66,596.11,595.25,595.32,62238.0,595.492698931521
2025-03-03 09:41:23.141028-05:00,595.32,596.11,595.2,595.34,51293.0,595.3757005419841
2025-03-03 09:41:49.048057-05:00,595.34,595.7595,595.1,595.57,89744.0,595.2947739715187
2025-03-03 09:42:27.060479-05:00,595.565,596.11,595.41,595.56,68862.0,595.5700406581279
2025-03-03 09:43:11.856623-05:00,595.56,596.11,595.06,595.13,57645.0,595.3570342249975
2025-03-03 09:43:26.666523-05:00,595.11,595.4617,594.8,594.87,88449.0,594.9838213885968
2025-03-03 09:44:01.332045-05:00,594.84,595.3541,594.64,595.0,86667.0,594.8625867504352
2025-03-03 09:44:29.989832-05:00,594.9813,595.2938,594.7,594.87,80582.0,594.860320312228
2025-03-03 09:45:04.592748-05:00,594.88,595.655,594.7,594.95,87183.0,594.8511939345974
2025-03-03 09:45:24.376571-05:00,594.9,595.6121,594.39,594.39,82743.0,594.7212246159816
2025-03-03 09:45:50.269345-05:00,594.39,596.275,594.37,594.63,82339.0,594.5291861110774
2025-03-03 09:46:21.909663-05:00,594.67,595.03,594.52,594.94,78995.0,594.860640774732
2025-03-03 09:47:01.009666-05:00,594.95,595.26,594.93,595.0896,136648.0,595.1845623411973
2025-03-03 09:47:36.732497-05:00,595.11,595.61,594.8628,595.57,71358.0,595.3103695142793
2025-03-03 09:48:14.224274-05:00,595.59,595.69,594.9256,595.49,63890.0,595.5586955783369
2025-03-03 09:48:57.178686-05:00,595.49,595.57,594.9425,595.1007,64034.0,595.3518366289771
2025-03-03 09:49:32.425549-05:00,595.116,595.3336,594.765,594.91,70531.0,594.9273745572862
2025-03-03 09:49:32.948391-05:00,594.91,594.9499,594.18,594.18,56779.0,594.5482859455071
2025-03-03 09:49:46.249386-05:00,594.23,594.9409,594.07,594.25,48909.0,594.2272637530916
2025-03-03 09:50:21.395173-05:00,594.25,594.9065,594.14,594.2993,64965.0,594.3140229246507
2025-03-03 09:50:55.022457-05:00,594.34,594.9328,594.02,594.29,61232.0,594.1744731757911
2025-03-03 09:51:19.961018-05:00,594.29,594.8156,594.03,594.13,89711.0,594.2195806010427
2025-03-03 09:51:39.393081-05:00,594.11,594.7692,593.84,594.145,58935.0,594.0067825909886
2025-03-03 09:52:00.730787-05:00,594.15,594.6388,594.1,594.25,88282.0,594.4244351204105
2025-03-03 09:52:28.401460-05:00,594.25,595.5316,593.9212,593.93,71046.0,594.2462536666388
2025-03-03 09:53:06.595944-05:00,593.93,595.3277,593.91,594.21,83973.0,594.0404170935905
2025-03-03 09:53:33.601211-05:00,594.21,595.43,593.7197,593.8389,102076.0,593.8902910752779
2025-03-03 09:54:09.512587-05:00,593.8305,594.33,593.74,594.29,119941.0,593.9203207310258
2025-03-03 09:54:31.427374-05:00,594.2899,594.4,593.9894,594.37,109178.0,594.2361479592963
2025-03-03 09:55:00.684525-05:00,594.37,594.39,593.9,593.99,94029.0,594.1758328770911
2025-03-03 09:55:33.680040-05:00,594.02,594.14,593.48,593.5,79317.0,593.9052223180413
2025-03-03 09:55:58.517168-05:00,593.5,594.0746,593.3701,593.66,109255.0,593.6835993162787
2025-03-03 09:56:29.932616-05:00,593.66,594.985,593.29,593.3503,130136.0,593.5527672857625
2025-03-03 09:56:54.837852-05:00,593.365,593.6901,593.03,593.05,115390.0,593.1669888049222
2025-03-03 09:57:17.751033-05:00,593.05,593.8086,592.7946,593.01,102017.0,592.9785362096511
2025-03-03 09:57:58.882970-05:00,593.02,593.5939,592.6,592.6,93558.0,592.7353094775436
2025-03-03 09:58:30.557473-05:00,593.1306,593.6027,592.51,592.955,87384.0,592.7693675032033
2025-03-03 09:58:57.157538-05:00,592.93,593.5555,592.84,593.21,83814.0,593.1032817727349
2025-03-03 09:59:25.847080-05:00,593.19,593.4432,592.88,592.94,83485.0,593.118042328563
2025-03-03 09:59:46.256199-05:00,592.92,593.217,592.8,592.84,122149.0,592.9606960245279
2025-03-03 09:59:59.815753-05:00,592.84,593.3957,592.44,593.1,70612.0,592.718647211522
2025-03-03 10:00:00.555419-05:00,593.1,593.18,591.96,592.03,65009.0,592.4836826670152
2025-03-03 10:00:02.564509-05:00,592.03,592.4,591.19,591.19,85435.0,591.6409225399427
2025-03-03 10:00:03.418147-05:00,591.19,592.6907,591.0,591.28,86879.0,591.2097130710523
2025-03-03 10:00:05.479748-05:00,591.28,593.0717,591.05,591.1,95376.0,591.2478022437509
2025-03-03 10:00:07.666526-05:00,591.1,593.0,591.0,591.33,137940.0,591.4550878149914
2025-03-03 10:00:14.527859-05:00,591.33,592.22,590.69,591.06,98832.0,590.9952790847093
2025-03-03 10:00:22.838416-05:00,591.02,592.1803,590.8088,591.4099,121334.0,591.1137468590832
2025-03-03 10:00:45.024116-05:00,591.3843,594.49,591.18,591.4654,115981.0,591.4122088023033
2025-03-03 10:01:02.122658-05:00,591.51,592.2176,591.43,592.02,136208.0,591.919623447227
2025-03-03 10:01:22.431415-05:00,592.11,592.35,591.84,592.01,130743.0,592.0605037057433
2025-03-03 10:01:41.103483-05:00,592.0,592.7536,591.74,592.61,106859.0,592.2454763389134
2025-03-03 10:02:02.636160-05:00,592.56,592.61,591.603,591.8001,129960.0,592.1205471952916
2025-03-03 10:02:24.897508-05:00,591.8001,592.0167,591.36,591.52,104892.0,591.5970352152686
2025-03-03 10:02:54.774412-05:00,591.52,592.0006,591.46,591.84,90835.0,591.7212337424997
2025-03-03 10:03:13.612809-05:00,591.84,592.3796,591.79,592.3,95615.0,592.1763984887306
2025-03-03 10:03:38.844597-05:00,592.3,592.4862,591.9224,592.01,79780.0,592.1271732777631
2025-03-03 10:04:02.485613-05:00,592.03,592.6,591.7488,592.4198,117442.0,592.3378113213329
2025-03-03 10:04:33.129838-05:00,592.4,592.53,591.7927,592.5,76336.0,592.3467939071999
2025-03-03 10:04:52.870243-05:00,592.5,592.95,591.8228,592.61,94055.0,592.6547118111743
2025-03-03 10:05:18.601894-05:00,592.63,592.915,591.8381,592.68,87793.0,592.6721377490228
2025-03-03 10:05:48.285521-05:00,592.67,592.77,591.8823,592.77,73444.0,592.6074925589561
2025-03-03 10:06:13.361783-05:00,592.77,592.9,592.2247,592.56,66829.0,592.701269022431
2025-03-03 10:06:42.764241-05:00,592.55,592.91,592.1928,592.42,72380.0,592.6137389928157
2025-03-03 10:07:09.529188-05:00,592.395,593.04,592.17,593.0299,98173.0,592.5508794750083
2025-03-03 10:07:39.752697-05:00,593.025,593.37,592.45,593.335,96405.0,593.1490425050569
2025-03-03 10:08:12.074526-05:00,593.3688,593.44,592.53,592.6347,112892.0,593.0860217393612
2025-03-03 10:08:40.192466-05:00,592.6284,592.8728,592.37,592.43,80116.0,592.5840882857356
2025-03-03 10:09:13.402858-05:00,592.43,592.8786,591.93,592.07,66169.0,592.185014583868
2025-03-03 10:09:43.849019-05:00,592.07,592.7593,591.76,591.92,90091.0,591.9412351777645
2025-03-03 10:10:17.911835-05:00,591.92,592.5903,591.63,591.68,73901.0,591.8515842031912
2025-03-03 10:10:46.439583-05:00,591.68,592.5594,591.63,592.36,71503.0,592.0775604939657
2025-03-03 10:11:25.372239-05:00,592.37,592.94,592.0063,592.81,55515.0,592.5982886625234
2025-03-03 10:11:59.734694-05:00,592.81,592.97,592.1239,592.82,94740.0,592.8387269981001
2025-03-03 10:12:25.517378-05:00,592.82,593.1863,592.398,593.13,129955.0,592.9575254949791
2025-03-03 10:13:03.545434-05:00,593.13,593.1697,592.468,592.57,83680.0,592.8463500693108
2025-03-03 10:13:47.683815-05:00,592.55,592.8663,592.1114,592.25,62562.0,592.4071705572072
2025-03-03 10:14:30.716976-05:00,592.26,592.7913,591.94,592.07,87964.0,592.3117223568737
2025-03-03 10:15:12.959102-05:00,592.0996,592.595,591.51,591.56,77712.0,591.7820654776618
2025-03-03 10:15:52.897928-05:00,591.56,592.5197,591.45,591.912,84518.0,591.7750698265463
2025-03-03 10:16:35.144333-05:00,591.96,592.4953,591.68,591.74,107536.0,591.7835476389298
2025-03-03 10:17:15.072662-05:00,591.759,592.4277,591.67,592.1,75449.0,591.9518281739986
2025-03-03 10:17:57.018459-05:00,592.1,592.4,591.82,592.0,65202.0,592.1210091837685
2025-03-03 10:18:31.586140-05:00,592.01,592.41,591.9628,592.37,49278.0,592.2606435184056
2025-03-03 10:19:13.639572-05:00,592.37,592.4,591.75,591.85,61526.0,592.0032357312351
2025-03-03 10:19:59.285145-05:00,591.83,592.22,591.69,592.12,60311.0,591.916350232959
2025-03-03 10:20:27.189160-05:00,592.13,592.65,591.9408,592.625,73967.0,592.315227927319
2025-03-03 10:21:09.329736-05:00,592.62,592.7399,592.112,592.62,62108.0,592.6231082002316
2025-03-03 10:21:39.646561-05:00,592.5945,593.03,592.1133,592.92,55174.0,592.816538920506
2025-03-03 10:22:27.577778-05:00,592.9,593.29,592.2645,593.29,45872.0,593.0826627506974
2025-03-03 10:22:50.861225-05:00,593.29,593.64,592.5306,593.56,97860.0,593.3876594430822
2025-03-03 10:23:25.256460-05:00,593.56,593.85,592.5959,593.74,64325.0,593.51409302604
2025-03-03 10:24:00.287832-05:00,593.73,593.83,592.7293,593.5,73660.0,593.7038683328802
2025-03-03 10:24:37.610463-05:00,593.5,593.67,592.9427,593.42,69041.0,593.4577995176785
2025-03-03 10:25:18.262758-05:00,593.42,593.5498,593.09,593.14,60257.0,593.3110787095275
2025-03-03 10:26:19.237565-05:00,593.15,593.5164,593.04,593.1,56805.0,593.2303961271012
2025-03-03 10:27:15.578291-05:00,593.11,593.74,593.0999,593.69,59994.0,593.3351333183319
2025-03-03 10:28:10.919971-05:00,593.69,593.89,592.9337,593.6787,97273.0,593.7638091803486
2025-03-03 10:29:01.692944-05:00,593.4947,593.88,593.4756,593.8299,61608.0,593.728083643357
2025-03-03 10:29:45.616923-05:00,593.86,593.8922,593.4954,593.7,70394.0,593.7322698837961
2025-03-03 10:30:01.509884-05:00,593.705,594.1496,593.5451,594.02,85457.0,593.9692781550962
2025-03-03 10:30:09.530853-05:00,594.03,594.51,593.6076,594.17,92091.0,594.2901555439731
2025-03-03 10:30:28.850781-05:00,594.17,594.63,593.7804,594.46,77615.0,594.4284614674998
2025-03-03 10:30:52.354992-05:00,594.45,594.57,593.9179,594.14,97495.0,594.2520249633313
2025-03-03 10:31:21.539418-05:00,594.14,594.3388,593.713,594.11,81652.0,594.0795508254549
2025-03-03 10:31:55.666155-05:00,594.15,594.19,593.7299,593.9,76363.0,593.9936834330758
2025-03-03 10:32:31.699896-05:00,593.9,594.199,593.82,593.98,72940.0,594.0160177968194
2025-03-03 10:33:20.427246-05:00,593.99,594.1627,593.855,594.07,53869.0,594.0042653437049
2025-03-03 10:34:04.519915-05:00,594.07,594.17,593.62,593.64,62008.0,593.8282894884524
2025-03-03 10:34:46.938633-05:00,593.62,594.0804,593.46,593.91,61289.0,593.6846477035033
2025-03-03 10:35:36.867197-05:00,593.92,594.11,593.53,593.535,49519.0,593.8653828873767
2025-03-03 10:36:22.385918-05:00,593.55,593.96,593.43,593.74,63281.0,593.6317692166689
2025-03-03 10:37:15.540803-05:00,593.75,593.9701,593.19,593.2,58158.0,593.5954533873247
2025-03-03 10:37:51.910146-05:00,593.2098,593.9342,592.67,592.77,73520.0,592.9751047184437
2025-03-03 10:38:49.509635-05:00,592.75,593.5752,592.68,592.99,60269.0,592.9727794753522
2025-03-03 10:39:31.503807-05:00,592.99,593.96,592.97,593.88,68929.0,593.5071994588634
2025-03-03 10:40:16.912033-05:00,593.88,593.93,593.18,593.22,51299.0,593.5767468040311
2025-03-03 10:41:11.980044-05:00,593.22,593.9,593.22,593.83,53510.0,593.5714179648656
2025-03-03 10:42:06.377169-05:00,593.81,594.26,593.3353,594.24,57194.0,593.9998143091941
2025-03-03 10:42:51.992402-05:00,594.24,594.44,593.4357,594.3459,65188.0,594.2722591918765
2025-03-03 10:43:29.321389-05:00,594.38,594.66,593.7563,594.57,60116.0,594.4575787544077
2025-03-03 10:43:48.407206-05:00,594.57,594.76,593.7963,594.6499,132982.0,594.620146767984
2025-03-03 10:44:29.684048-05:00,594.6381,594.95,593.856,594.77,59045.0,594.8189042476082
2025-03-03 10:45:07.016546-05:00,594.8,595.13,593.893,594.92,61796.0,594.9260981406562
2025-03-03 10:45:49.705108-05:00,594.92,595.03,594.5335,594.665,54998.0,594.820856956617
2025-03-03 10:46:31.881212-05:00,594.65,594.8084,594.01,594.05,63339.0,594.3859592257534
2025-03-03 10:47:03.275001-05:00,594.05,594.5737,593.73,593.73,71773.0,594.002017173589
2025-03-03 10:47:46.160462-05:00,593.72,594.5149,593.56,593.79,58410.0,593.8283143879466
2025-03-03 10:48:28.829251-05:00,593.79,594.4864,593.5,593.5551,75910.0,593.684308753788
2025-03-03 10:49:08.016830-05:00,593.561,594.2527,593.13,593.14,85656.0,593.2678746497622
2025-03-03 10:50:05.045569-05:00,593.18,594.1531,593.02,593.48,56239.0,593.2727420188834
2025-03-03 10:50:50.149951-05:00,593.49,594.1481,593.11,593.2908,48144.0,593.4601051242108
2025-03-03 10:51:43.139414-05:00,593.28,593.86,593.2,593.71,42517.0,593.4564825293403
2025-03-03 10:52:50.914243-05:00,593.7296,593.962,593.375,593.8581,49247.0,593.7022435498614
2025-03-03 10:53:38.589636-05:00,593.84,594.07,593.41,593.94,59300.0,593.7318706880268
2025-03-03 10:54:40.602733-05:00,593.94,594.16,593.4904,593.93,54401.0,593.9486105512761
2025-03-03 10:55:28.838236-05:00,593.9109,594.04,593.32,593.3873,54088.0,593.616979204259
2025-03-03 10:56:28.518403-05:00,593.39,593.7504,593.26,593.32,53684.0,593.4489994933319
2025-03-03 10:57:21.640383-05:00,593.32,593.6849,593.09,593.17,74449.0,593.2511696342461
2025-03-03 10:57:45.782403-05:00,593.18,593.5394,592.63,592.63,180633.0,592.927593643465
2025-03-03 10:58:26.224949-05:00,592.64,593.3421,592.45,592.46,66372.0,592.5790810808778
2025-03-03 10:59:24.348547-05:00,592.47,593.2598,592.42,592.56,58368.0,592.7703264357178
2025-03-03 11:00:01.687323-05:00,592.57,593.1517,592.21,592.54,68611.0,592.4333429712442
2025-03-03 11:00:37.522285-05:00,592.56,593.14,592.56,593.14,184401.0,592.8852385073831
2025-03-03 11:01:25.611776-05:00,593.15,593.39,592.7257,593.245,50068.0,593.1861303507224
2025-03-03 11:02:26.388886-05:00,593.24,593.26,592.7879,593.17,52894.0,593.0377557832654
2025-03-03 11:03:27.150941-05:00,593.16,593.26,592.7889,593.05,47783.0,593.094875480819
2025-03-03 11:04:28.215421-05:00,593.05,593.32,592.73,592.79,38126.0,592.9951349840003
2025-03-03 11:05:31.001497-05:00,592.785,593.3,592.78,593.039,42648.0,593.0614801678854
2025-03-03 11:06:23.018345-05:00,593.03,593.56,593.01,593.56,56537.0,593.2872687673566
2025-03-03 11:07:06.072179-05:00,593.56,593.59,592.8,593.075,55816.0,593.2459837304721
2025-03-03 11:08:05.557314-05:00,593.075,593.55,592.71,592.825,312701.0,593.415442593723
2025-03-03 11:09:13.602727-05:00,592.8115,593.4784,592.7603,593.06,53490.0,592.9843983155727
2025-03-03 11:10:09.003958-05:00,593.061,593.14,592.65,593.08,45711.0,592.9585581785569
2025-03-03 11:11:03.126761-05:00,593.08,593.54,592.9969,593.47,48173.0,593.3027101156257
2025-03-03 11:11:56.267846-05:00,593.47,593.53,592.625,592.68,71035.0,592.9932933455335
2025-03-03 11:12:47.971295-05:00,592.6896,593.0632,592.28,592.71,84525.0,592.5323521325053
2025-03-03 11:13:40.788974-05:00,592.71,593.43,592.5491,593.38,72512.0,593.0560360381725
2025-03-03 11:14:34.175605-05:00,593.365,593.45,592.8791,593.32,63084.0,593.2411243262952
2025-03-03 11:15:39.190069-05:00,593.32,593.45,592.9776,593.15,61043.0,593.2857614239148
2025-03-03 11:16:35.385916-05:00,593.15,593.18,592.85,592.96,71669.0,592.9921905328666
2025-03-03 11:17:14.295837-05:00,592.96,593.47,592.89,593.42,96264.0,593.1744697477765
2025-03-03 11:17:59.070938-05:00,593.42,593.7582,593.0568,593.305,61741.0,593.5406617353132
2025-03-03 11:18:47.730999-05:00,593.29,593.53,593.07,593.48,90822.0,593.3773702230736
2025-03-03 11:19:28.722213-05:00,593.475,593.65,593.1615,593.56,75978.0,593.5276729329543
2025-03-03 11:20:15.971564-05:00,593.56,593.775,593.1619,593.57,82085.0,593.6412937357616
2025-03-03 11:21:20.399003-05:00,593.54,593.88,593.2161,593.79,56106.0,593.7041383648808
2025-03-03 11:22:03.012036-05:00,593.81,594.25,593.2401,594.2,75465.0,594.0721842151985
2025-03-03 11:22:52.850486-05:00,594.21,594.46,593.4808,594.3,66083.0,594.291944512205
2025-03-03 11:23:51.843559-05:00,594.3,594.36,593.4965,594.29,69783.0,594.2120929108817
2025-03-03 11:24:32.019419-05:00,594.29,594.5596,593.6436,594.33,99675.0,594.396379014798
2025-03-03 11:25:05.424249-05:00,594.34,594.5,593.6986,594.43,104243.0,594.4101138378591
2025-03-03 11:25:52.067904-05:00,594.43,594.44,593.47,593.53,83848.0,593.8947489075467
2025-03-03 11:26:32.737950-05:00,593.53,594.1813,593.2301,593.4984,73591.0,593.3849944354602
2025-03-03 11:27:23.488742-05:00,593.49,594.115,593.29,593.31,89753.0,593.4965112776172
2025-03-03 11:28:08.379173-05:00,593.31,593.994,593.0,593.0,92858.0,593.2045384684147
2025-03-03 11:28:50.962393-05:00,593.0,593.8362,592.56,592.63,72965.0,592.7547924360997
2025-03-03 11:29:46.217376-05:00,592.645,593.7472,592.4,592.4,83720.0,592.667840250836
2025-03-03 11:30:29.444069-05:00,592.4,593.2191,592.25,592.27,69083.0,592.4670427659479
2025-03-03 11:31:11.666859-05:00,592.27,593.6244,592.258,592.64,94863.0,592.5767504833292
2025-03-03 11:32:19.586503-05:00,592.6392,592.8811,592.47,592.73,171248.0,592.7056895683453
2025-03-03 11:33:19.356035-05:00,592.701,593.3687,592.25,592.27,71499.0,592.6135690541123
2025-03-03 11:33:25.229695-05:00,592.27,592.71,592.22,592.62,105681.0,592.4892114561748
2025-03-03 11:34:36.273507-05:00,592.605,593.0937,592.33,592.33,89377.0,592.5416685097945
2025-03-03 11:35:20.301511-05:00,592.36,593.0244,592.1,592.4,87591.0,592.2834282403451
2025-03-03 11:36:14.817880-05:00,592.41,592.7821,592.3243,592.4,92748.0,592.5337872611806
2025-03-03 11:36:46.799962-05:00,592.4,592.6936,592.0,592.095,86833.0,592.2900285997255
2025-03-03 11:37:27.315215-05:00,592.095,592.4537,591.73,591.81,60360.0,591.9568793207433
2025-03-03 11:38:14.554474-05:00,591.81,592.4624,591.62,591.98,68052.0,591.8232705328272
2025-03-03 11:38:50.144044-05:00,591.98,592.2725,591.47,591.59,101695.0,591.680335179705
2025-03-03 11:39:50.582962-05:00,591.64,592.305,591.45,591.7338,59841.0,591.6130642469205
2025-03-03 11:40:55.574084-05:00,591.63,592.0273,591.38,591.38,56550.0,591.5501498090199
2025-03-03 11:41:44.410688-05:00,591.38,592.2059,591.2,591.55,80176.0,591.3986476551581
2025-03-03 11:42:23.727498-05:00,591.555,592.1128,591.36,591.68,90626.0,591.5721426698738
2025-03-03 11:43:27.842148-05:00,591.69,592.0221,591.43,591.46,66660.0,591.7462894419447
2025-03-03 11:44:45.383106-05:00,591.46,591.8486,591.15,591.235,72872.0,591.3092895433083
2025-03-03 11:45:39.667154-05:00,591.21,591.8317,591.21,591.595,68564.0,591.4174028703105
2025-03-03 11:46:35.286813-05:00,591.6,591.69,591.37,591.58,69996.0,591.569196784102
2025-03-03 11:47:38.453426-05:00,591.58,591.85,591.4666,591.75,37978.0,591.6936537442768
2025-03-03 11:48:00.398844-05:00,591.75,592.0,591.4913,592.0,19221.0,591.8329023984185
2025-03-03 11:48:19.771155-05:00,592.0,592.05,591.5243,591.845,33158.0,591.9415734875433
2025-03-03 11:48:39.307831-05:00,591.845,592.09,591.5423,592.07,23640.0,591.9930899450083
2025-03-03 11:48:56.678136-05:00,592.0799,592.38,591.5998,592.36,38814.0,592.2224298835479
2025-03-03 11:49:15.938052-05:00,592.36,592.48,591.6257,592.47,33871.0,592.3743418706266
2025-03-03 11:49:33.597436-05:00,592.49,592.6061,591.8288,592.565,50439.0,592.5100310711947
2025-03-03 11:49:53.205376-05:00,592.5412,592.66,591.9138,592.6061,32857.0,592.6013571719891
2025-03-03 11:50:11.140680-05:00,592.595,593.02,591.9972,592.985,31160.0,592.8250542137354
2025-03-03 11:50:30.733457-05:00,592.985,593.15,592.0699,593.0,32159.0,593.0393130010284
2025-03-03 11:50:50.474631-05:00,592.985,592.9961,591.8743,592.9,24568.0,592.8650457180079
2025-03-03 11:51:08.676489-05:00,592.91,593.14,591.8867,593.08,23060.0,592.9782865004337
2025-03-03 11:51:30.705807-05:00,593.08,593.14,591.946,593.095,15331.0,593.0038982323391
2025-03-03 11:51:52.606017-05:00,593.09,593.14,592.6441,592.879,20883.0,593.0160734664584
2025-03-03 11:52:15.734457-05:00,592.865,593.01,592.5093,592.99,17173.0,592.8399913119443
2025-03-03 11:52:39.376643-05:00,592.99,593.1,592.5532,593.03,13114.0,592.9685189949669
2025-03-03 11:53:33.780118-05:00,593.03,593.14,592.1313,593.12,37900.0,592.964241562005
2025-03-03 11:54:48.458910-05:00,593.13,593.3,592.2746,593.04,61211.0,593.1568109000023
2025-03-03 11:55:58.467849-05:00,593.045,593.2688,592.4154,592.979,45291.0,593.0817790134904
2025-03-03 11:57:07.977347-05:00,592.965,593.44,592.93,593.35,64839.0,593.3047296380265
2025-03-03 11:58:24.202609-05:00,593.36,593.39,592.8036,593.11,58132.0,593.2828489334607
2025-03-03 11:59:43.361268-05:00,593.11,593.34,593.0401,593.23,71895.0,593.228617261284
2025-03-03 12:00:15.126359-05:00,593.22,593.28,592.77,592.96,65492.0,593.0540238197035
2025-03-03 12:01:33.650538-05:00,592.96,593.203,592.7,592.78,58679.0,592.8830591915334
2025-03-03 12:02:54.202137-05:00,592.78,593.1344,592.696,593.08,49896.0,592.8660156064608
2025-03-03 12:04:11.698656-05:00,593.075,593.2099,592.83,593.16,60183.0,592.9874502218236
2025-03-03 12:05:44.535015-05:00,593.16,593.33,592.9289,593.32,43368.0,593.1654269507469
2025-03-03 12:06:44.890883-05:00,593.33,593.48,592.9885,593.3,62960.0,593.3608860943449
2025-03-03 12:07:47.350001-05:00,593.3,593.74,593.1089,593.7,60921.0,593.5532007222465
2025-03-03 12:08:51.638027-05:00,593.685,593.72,593.2872,593.52,68958.0,593.5594980263352
2025-03-03 12:09:59.513610-05:00,593.522,593.5633,593.11,593.1821,57247.0,593.3020593114047
2025-03-03 12:11:27.074881-05:00,593.18,593.5761,593.18,593.38,38405.0,593.4303622523114
2025-03-03 12:13:00.431683-05:00,593.38,593.682,593.2965,593.38,42103.0,593.5286510866215
2025-03-03 12:14:13.856234-05:00,593.38,593.81,593.216,593.76,51224.0,593.5030957832263
2025-03-03 12:15:26.312677-05:00,593.755,593.83,593.2737,593.3,47122.0,593.5716693879717
2025-03-03 12:16:41.541955-05:00,593.3,593.84,593.265,593.82,50322.0,593.5252047096697
2025-03-03 12:17:23.886983-05:00,593.82,594.0,593.5147,593.97,90406.0,593.9100128564467
2025-03-03 12:18:06.458990-05:00,593.97,594.02,593.578,594.02,107221.0,593.9496536406115
2025-03-03 12:19:01.223287-05:00,594.01,594.13,593.6561,593.83,77311.0,593.9577658961853
2025-03-03 12:20:30.349568-05:00,593.835,594.095,593.7506,594.05,52540.0,593.9530847125994
2025-03-03 12:21:52.335812-05:00,594.055,594.08,593.77,593.78,119405.0,593.9813419010927
2025-03-03 12:23:18.709809-05:00,593.8,594.16,593.735,593.96,52947.0,593.9581758078826
2025-03-03 12:24:36.090683-05:00,593.96,594.16,593.8718,594.02,62026.0,594.0712534791862
2025-03-03 12:26:11.124390-05:00,594.02,594.12,593.85,593.87,39075.0,593.9488937607174
2025-03-03 12:27:21.232052-05:00,593.865,593.969,593.442,593.629,55588.0,593.7073503669868
2025-03-03 12:28:40.921705-05:00,593.6299,593.94,593.5101,593.82,41884.0,593.6989975432142
2025-03-03 12:30:13.981138-05:00,593.82,593.91,593.64,593.66,39830.0,593.7990889530498
2025-03-03 12:31:30.165788-05:00,593.67,593.97,593.49,593.93,44848.0,593.6843264315017
2025-03-03 12:33:03.790172-05:00,593.935,593.98,593.7163,593.9,41145.0,593.8372251014702
2025-03-03 12:34:44.262592-05:00,593.9,593.94,593.34,593.7123,51025.0,593.6299345477706
2025-03-03 12:36:14.299970-05:00,593.7123,593.7429,593.25,593.56,54631.0,593.4689123226739
2025-03-03 12:37:36.467276-05:00,593.56,593.6677,593.13,593.21,50289.0,593.3020040704727
2025-03-03 12:38:43.793269-05:00,593.215,593.6048,593.15,593.56,65828.0,593.4127122151675
2025-03-03 12:39:54.676318-05:00,593.56,593.81,593.354,593.7386,63031.0,593.5872770017925
2025-03-03 12:41:52.352473-05:00,593.72,593.91,593.4526,593.72,46402.0,593.735353984742
2025-03-03 12:43:16.695438-05:00,593.73,594.22,593.512,594.04,55997.0,594.0526285747444
2025-03-03 12:45:02.892755-05:00,594.02,594.06,593.56,593.5901,50801.0,593.8140949922237
2025-03-03 12:46:31.207929-05:00,593.61,593.8904,593.144,593.16,45771.0,593.3432032269344
2025-03-03 12:47:41.496404-05:00,593.14,593.7187,592.7,592.8699,67642.0,592.9806717749326
2025-03-03 12:48:51.570182-05:00,592.86,593.5373,592.825,593.35,83463.0,593.1070084564419
2025-03-03 12:50:25.727824-05:00,593.34,593.54,593.0357,593.21,45905.0,593.3473899161313
2025-03-03 12:52:03.170404-05:00,593.22,593.378,593.02,593.27,42284.0,593.182121892441
2025-03-03 12:53:22.225154-05:00,593.2705,593.33,592.8203,592.8203,41786.0,593.1524106949693
2025-03-03 12:54:18.719916-05:00,592.8497,593.2085,592.44,592.47,59517.0,592.7132680377039
2025-03-03 12:55:10.839304-05:00,592.46,592.9733,592.21,592.33,54914.0,592.3914947791093
2025-03-03 12:56:00.702594-05:00,592.33,592.9934,592.11,592.32,52303.0,592.2585920826723
2025-03-03 12:56:47.297646-05:00,592.32,592.8225,591.63,591.635,52336.0,591.997365778814
2025-03-03 12:57:29.336956-05:00,591.635,592.4806,591.47,591.56,63842.0,591.7115003195388
2025-03-03 12:58:18.666612-05:00,591.56,592.5651,591.41,591.62,68419.0,591.5369441792484
2025-03-03 12:59:14.187478-05:00,591.62,592.3282,591.495,591.745,77185.0,591.6788393094512
2025-03-03 13:00:02.321818-05:00,591.78,592.1933,591.6599,591.86,87477.0,591.9727101055134
2025-03-03 13:01:00.037420-05:00,591.87,592.15,591.5,591.58,87008.0,591.7588153905391
2025-03-03 13:02:24.484411-05:00,591.589,592.0589,591.39,591.58,71852.0,591.5652828146747
2025-03-03 13:03:29.142396-05:00,591.6,591.8858,591.33,591.38,74092.0,591.4834336338611
2025-03-03 13:03:55.980762-05:00,591.38,591.82,591.32,591.6487,70168.0,591.6210013339412
2025-03-03 13:04:43.402479-05:00,591.63,591.8028,591.39,591.54,66284.0,591.5515821555742
2025-03-03 13:05:28.549683-05:00,591.54,591.6381,591.0,591.0,80763.0,591.209872692941
2025-03-03 13:06:04.227908-05:00,591.0,591.6297,590.59,590.61,56403.0,590.7516610800847
2025-03-03 13:06:53.378631-05:00,590.61,591.5082,590.26,590.32,65280.0,590.4761756525738
2025-03-03 13:07:30.775887-05:00,590.3,591.2107,590.0,590.02,87221.0,590.2429279416656
2025-03-03 13:07:46.913805-05:00,590.02,590.9787,589.92,590.0,53365.0,589.9936942134351
2025-03-03 13:08:08.118241-05:00,590.0,591.2454,589.9312,590.03,122569.0,590.1425598193675
2025-03-03 13:08:53.851340-05:00,590.03,590.9791,589.94,590.11,144300.0,590.0119171004859
2025-03-03 13:09:33.960510-05:00,590.11,590.9241,589.8,589.98,73205.0,589.9580332764151
2025-03-03 13:10:12.385465-05:00,589.98,590.77,589.59,589.59,82803.0,589.9407532178798
2025-03-03 13:10:47.529869-05:00,589.6,590.6092,589.53,589.69,77833.0,589.6753087572109
2025-03-03 13:11:16.229961-05:00,589.69,590.5286,589.48,589.68,83092.0,589.6791824640161
2025-03-03 13:11:53.171655-05:00,589.69,590.4009,589.58,589.82,57709.0,589.7423542740328
2025-03-03 13:12:11.922788-05:00,589.82,590.0,589.69,589.87,74742.0,589.8665294479684
2025-03-03 13:12:54.119276-05:00,589.87,589.96,589.7,589.72,82995.0,589.8089294692452
2025-03-03 13:13:30.902848-05:00,589.72,590.2432,589.26,589.48,69899.0,589.4668672112622
2025-03-03 13:14:12.340632-05:00,589.48,590.1203,589.1,589.19,102856.0,589.2734986310952
2025-03-03 13:14:56.679508-05:00,589.19,589.6288,589.11,589.32,86795.0,589.2913425738809
2025-03-03 13:15:31.741348-05:00,589.33,589.8788,589.204,589.6,94666.0,589.4389564384259
2025-03-03 13:15:49.362511-05:00,589.6,589.87,589.4416,589.825,90542.0,589.7433494345174
2025-03-03 13:16:23.746188-05:00,589.82,589.87,589.4605,589.61,73229.0,589.7033630460619
2025-03-03 13:17:05.724852-05:00,589.61,589.8,589.5581,589.61,74183.0,589.7001639620935
2025-03-03 13:18:00.309192-05:00,589.61,589.8,589.5148,589.64,73528.0,589.6795000394402
2025-03-03 13:18:41.052677-05:00,589.63,589.89,589.38,589.83,61562.0,589.6409874094414
2025-03-03 13:19:20.963985-05:00,589.83,590.04,589.5898,589.8199,77092.0,589.8910413207599
2025-03-03 13:20:18.558790-05:00,589.81,589.89,589.47,589.5099,69896.0,589.6881006667053
2025-03-03 13:21:18.671666-05:00,589.5,589.7736,589.33,589.43,64180.0,589.517380133998
2025-03-03 13:22:18.201421-05:00,589.43,589.6867,589.35,589.495,55705.0,589.4541968548599
2025-03-03 13:23:21.972022-05:00,589.495,589.6497,589.21,589.405,64924.0,589.3661061903149
2025-03-03 13:24:22.875418-05:00,589.41,589.605,589.34,589.56,65814.0,589.4377442732555
2025-03-03 13:24:45.333191-05:00,589.56,590.27,589.4419,590.23,78660.0,589.9859508136282
2025-03-03 13:25:28.710816-05:00,590.22,590.23,589.52,589.545,95545.0,589.824614043644
2025-03-03 13:26:28.409902-05:00,589.53,589.6746,589.32,589.43,58589.0,589.4784035245527
2025-03-03 13:27:12.258480-05:00,589.4001,589.7772,589.09,589.09,75200.0,589.3873774973413
2025-03-03 13:27:42.298427-05:00,589.08,589.5811,588.7437,588.7437,81915.0,588.9707446780195
2025-03-03 13:28:16.517725-05:00,588.83,589.5399,588.52,588.54,69051.0,588.6813482136397
2025-03-03 13:28:48.693820-05:00,588.52,589.3405,588.22,588.28,70911.0,588.4681102536979
2025-03-03 13:29:05.388134-05:00,588.23,589.1917,587.94,587.9645,101737.0,588.0580032328451
2025-03-03 13:29:33.444457-05:00,587.96,589.1821,587.87,588.225,87928.0,588.0595640626417
2025-03-03 13:30:09.023577-05:00,588.22,589.0826,587.99,588.15,65006.0,588.1700450712233
2025-03-03 13:30:43.759359-05:00,588.15,588.5147,588.085,588.4275,60331.0,588.2517069052395
2025-03-03 13:31:07.160200-05:00,588.425,588.76,588.4,588.54,70829.0,588.5878086377054
2025-03-03 13:31:49.746057-05:00,588.55,588.9323,588.35,588.4525,58082.0,588.5038683723013
2025-03-03 13:32:34.219029-05:00,588.46,588.5237,588.066,588.11,50727.0,588.2594300155741
2025-03-03 13:32:52.174550-05:00,588.09,588.321,587.76,587.79,102774.0,587.9442652032621
2025-03-03 13:33:00.315746-05:00,587.81,588.2229,587.54,587.73,103990.0,587.6358312914693
2025-03-03 13:33:15.190578-05:00,587.73,588.1426,587.72,587.72,113346.0,587.903274469324
2025-03-03 13:33:44.332649-05:00,587.72,588.21,587.59,588.18,65875.0,587.8715366785576
2025-03-03 13:34:27.655448-05:00,588.2,588.21,587.7,587.7625,63626.0,587.8850888819037
2025-03-03 13:35:03.731875-05:00,587.7625,588.4625,587.67,587.85,114671.0,587.802915150299
2025-03-03 13:35:44.306071-05:00,587.85,588.3109,587.74,588.16,48575.0,587.9769207020069
2025-03-03 13:36:17.831580-05:00,588.16,588.3,587.8597,587.87,58102.0,588.1535208856847
2025-03-03 13:36:56.020020-05:00,587.86,588.15,587.77,587.83,59651.0,587.9367257631889
2025-03-03 13:37:46.732938-05:00,587.825,588.05,587.735,587.85,53822.0,587.8978623852698
2025-03-03 13:38:39.262413-05:00,587.86,588.0412,587.5,587.57,53941.0,587.7866669101426
2025-03-03 13:39:15.249928-05:00,587.57,587.9066,587.48,587.64,82468.0,587.5958327921135
2025-03-03 13:39:44.749137-05:00,587.6203,587.9684,587.47,587.7385,57501.0,587.6240129267339
2025-03-03 13:40:19.572124-05:00,587.73,587.97,587.57,587.86,48940.0,587.7449695157327
2025-03-03 13:41:12.384875-05:00,587.86,587.99,587.6614,587.97,47632.0,587.866456596406
2025-03-03 13:41:45.260334-05:00,587.97,588.38,587.7383,588.235,76707.0,588.1624198704154
2025-03-03 13:42:21.728284-05:00,588.23,588.48,587.8263,588.48,76873.0,588.3177978549035
2025-03-03 13:42:52.684644-05:00,588.48,588.75,587.9459,588.7,73005.0,588.5974497075548
2025-03-03 13:43:33.058671-05:00,588.695,588.7625,587.9598,588.32,64429.0,588.6069820608732
2025-03-03 13:44:15.084683-05:00,588.32,588.56,588.0162,588.32,60600.0,588.4215995858085
2025-03-03 13:45:05.911493-05:00,588.32,588.5061,588.12,588.185,92340.0,588.399411652588
2025-03-03 13:45:56.423870-05:00,588.2,588.53,588.05,588.49,52297.0,588.2717367172113
2025-03-03 13:46:46.464360-05:00,588.49,588.6387,588.0,588.0,55601.0,588.3691211399073
2025-03-03 13:47:52.751005-05:00,588.0,588.4282,587.85,587.89,63871.0,587.979803904746
2025-03-03 13:48:02.059082-05:00,587.89,588.9,587.85,588.89,70954.0,588.340641225301
2025-03-03 13:48:03.865039-05:00,588.9,589.41,588.5199,589.39,97536.0,589.165643217889
2025-03-03 13:48:08.175202-05:00,589.39,589.72,588.3876,589.64,106862.0,589.4353592043943
2025-03-03 13:48:13.579999-05:00,589.66,589.79,588.4851,589.6401,127727.0,589.5525402084132
2025-03-03 13:48:19.512603-05:00,589.6402,589.96,588.7795,589.7896,129009.0,589.7381653876856
2025-03-03 13:48:24.423675-05:00,589.765,589.95,588.8362,589.93,134686.0,589.7003734233698
2025-03-03 13:48:31.383755-05:00,589.94,589.99,589.0398,589.435,117699.0,589.7696831918706
2025-03-03 13:48:42.178191-05:00,589.41,589.76,589.01,589.05,110887.0,589.2771102906564
2025-03-03 13:48:59.012012-05:00,589.05,589.36,588.83,588.9,163566.0,589.1087370523212
2025-03-03 13:49:11.122990-05:00,588.9,589.4526,588.58,588.59,133382.0,588.8728763941165
2025-03-03 13:49:16.185200-05:00,588.59,588.8395,588.27,588.39,128872.0,588.588934222329
2025-03-03 13:49:44.365714-05:00,588.41,589.1223,588.29,588.58,119416.0,588.6600614239298
2025-03-03 13:50:24.633155-05:00,588.56,589.1413,588.4,589.1413,99847.0,588.6888757949667
2025-03-03 13:50:49.224290-05:00,589.1581,594.2194,588.6702,589.369,176191.0,591.1702968233334
2025-03-03 13:51:27.797092-05:00,589.369,589.43,588.89,588.89,91099.0,589.1337580423498
2025-03-03 13:52:15.741028-05:00,588.89,589.1587,588.57,588.835,68529.0,588.7807179938428
2025-03-03 13:53:04.345206-05:00,588.83,589.1762,588.61,589.1731,89648.0,588.8876070843744
2025-03-03 13:54:19.149710-05:00,588.915,589.26,588.7201,588.89,64094.0,589.0039264065288
2025-03-03 13:55:23.277881-05:00,588.9,590.3946,588.42,588.85,81624.0,588.7654268842492
2025-03-03 13:56:29.296407-05:00,588.87,589.0623,588.2201,588.45,66934.0,588.5290672931542
2025-03-03 13:57:30.133499-05:00,588.45,588.7932,588.24,588.63,59582.0,588.4563873065703
2025-03-03 13:58:23.036803-05:00,588.63,598.0,588.4749,589.07,55024.0,588.8439166981685
2025-03-03 13:59:21.210513-05:00,589.0601,589.28,588.6589,589.28,63792.0,589.1001000783796
2025-03-03 14:00:17.448548-05:00,589.28,589.39,588.7808,589.1,70843.0,589.2444509196386
2025-03-03 14:00:53.112202-05:00,589.2,589.7,588.8453,589.7,79627.0,589.4951376304525
2025-03-03 14:01:24.461167-05:00,589.7,589.94,588.9778,589.93,121339.0,589.7370453053014
2025-03-03 14:01:54.405224-05:00,589.93,589.9788,589.3799,589.81,139138.0,589.8051960068427
2025-03-03 14:02:21.099964-05:00,589.79,589.95,589.4645,589.9,124785.0,589.8556064719318
2025-03-03 14:03:11.968564-05:00,589.9,589.99,589.3034,589.98,65617.0,589.8819285368126
2025-03-03 14:03:32.371301-05:00,589.98,590.23,589.669,590.0299,130207.0,590.1051229803314
2025-03-03 14:04:22.583121-05:00,590.02,590.14,589.4803,589.89,66155.0,590.0197546761384
2025-03-03 14:05:16.580408-05:00,589.9,589.9505,589.53,589.7,71557.0,589.7362781055656
2025-03-03 14:06:09.638105-05:00,589.71,589.9158,589.33,589.38,62969.0,589.5699977703308
2025-03-03 14:07:08.466206-05:00,589.8634,589.8723,589.36,589.68,60693.0,589.6504576689247
2025-03-03 14:08:33.940047-05:00,589.68,589.8667,589.5112,589.77,48977.0,589.6758218653652
2025-03-03 14:09:44.616653-05:00,589.77,590.05,589.685,589.775,80906.0,589.851110712432
2025-03-03 14:11:00.062874-05:00,589.76,589.7999,589.51,589.735,63509.0,589.6796180478353
2025-03-03 14:12:14.380317-05:00,589.735,589.98,589.5,589.87,58754.0,589.7411745038638
2025-03-03 14:13:27.117237-05:00,589.88,589.93,589.3101,589.36,49128.0,589.6288067090054
2025-03-03 14:14:42.008619-05:00,589.36,589.7271,589.21,589.33,62952.0,589.4399487816123
2025-03-03 14:15:49.949714-05:00,589.33,589.6601,589.15,589.18,61627.0,589.2940300858395
2025-03-03 14:16:34.222059-05:00,589.18,589.4852,588.9,589.04,71985.0,589.0872845148293
2025-03-03 14:17:33.613524-05:00,589.04,589.3952,588.5804,588.68,71221.0,588.802473236826
2025-03-03 14:18:30.580862-05:00,588.69,589.409,588.29,588.54,88075.0,588.6347087243826
2025-03-03 14:19:25.673140-05:00,588.54,588.9944,588.49,588.8,73176.0,588.7130120176017
2025-03-03 14:20:41.651851-05:00,588.8,588.9,588.4,588.776,74711.0,588.6638750532034
2025-03-03 14:21:53.111251-05:00,588.7785,603.66,588.5,589.0,51213.0,588.8284356159573
2025-03-03 14:23:12.775441-05:00,589.0253,589.1188,588.54,588.81,61528.0,588.8012669467557
2025-03-03 14:24:20.079687-05:00,588.8398,589.275,588.7158,589.11,65888.0,589.0542086677398
2025-03-03 14:25:25.215433-05:00,589.11,589.27,588.6101,588.6565,97014.0,588.9930256086757
2025-03-03 14:26:58.321639-05:00,588.9279,589.0248,588.39,588.5,67575.0,588.590388207178
2025-03-03 14:28:09.297886-05:00,588.5,588.8532,588.24,588.5,82211.0,588.4652905231663
2025-03-03 14:29:31.006850-05:00,588.5,588.7772,588.34,588.51,74801.0,588.486999026752
2025-03-03 14:30:24.594095-05:00,588.52,588.85,588.41,588.785,166076.0,588.5706870432817
2025-03-03 14:31:18.031850-05:00,588.785,589.25,588.5339,589.2,74640.0,588.9921513183283
2025-03-03 14:31:54.322668-05:00,589.2251,589.68,588.6213,589.68,67897.0,589.4024414966782
2025-03-03 14:32:45.049297-05:00,589.68,589.81,588.7521,589.47,77622.0,589.6654857694981
2025-03-03 14:34:15.745031-05:00,589.47,589.81,588.8889,589.7201,62984.0,589.5046375079388
2025-03-03 14:35:42.797973-05:00,589.7201,589.8088,588.9076,589.64,66670.0,589.5433276931152
2025-03-03 14:37:08.520339-05:00,589.64,589.64,588.977,589.11,65054.0,589.25408694623
2025-03-03 14:38:34.835426-05:00,589.11,589.4803,588.72,589.15,91457.0,588.9055877100714
2025-03-03 14:39:33.513525-05:00,589.17,589.59,589.0025,589.59,81426.0,589.340627540343
2025-03-03 14:40:12.958762-05:00,589.59,590.08,589.2299,590.0585,96559.0,589.7708521722469
2025-03-03 14:41:01.864296-05:00,590.0586,590.33,589.4172,590.21,84877.0,590.1940336227723
2025-03-03 14:41:45.657482-05:00,590.21,590.57,589.5444,590.44,104359.0,590.3954056286469
2025-03-03 14:42:21.448463-05:00,590.425,590.65,589.7373,590.63,109449.0,590.5130946230659
2025-03-03 14:43:12.477104-05:00,590.63,590.65,589.8639,590.16,110117.0,590.4279593341624
2025-03-03 14:44:21.561649-05:00,590.18,590.4473,589.84,589.99,93933.0,589.9993662887381
2025-03-03 14:45:26.948128-05:00,589.99,590.3294,589.75,589.81,74537.0,590.1079287360639
2025-03-03 14:46:31.470374-05:00,589.82,590.3084,589.26,589.26,71693.0,589.5785972507786
2025-03-03 14:47:55.213089-05:00,589.27,590.2106,589.1,589.15,66273.0,589.2457914656047
2025-03-03 14:48:23.243538-05:00,589.12,589.6465,588.77,589.15,119816.0,588.9783015782536
2025-03-03 14:49:06.967782-05:00,589.16,589.4968,588.94,588.94,109628.0,589.0695298564237
2025-03-03 14:50:21.537336-05:00,588.94,589.8257,588.526,588.87,83567.0,588.7233755848596
2025-03-03 14:51:28.945990-05:00,588.88,589.7072,588.17,588.27,73548.0,588.7301463479628
2025-03-03 14:51:32.558537-05:00,588.29,588.8498,588.0,588.8026,90210.0,588.1453374426346
2025-03-03 14:51:46.643863-05:00,588.185,588.8135,588.07,588.17,110735.0,588.1819109874921
2025-03-03 14:51:50.639856-05:00,588.17,588.3462,587.57,587.65,81549.0,587.7715860280325
2025-03-03 14:51:56.207842-05:00,587.69,588.59,587.14,587.14,90846.0,587.4308350549281
2025-03-03 14:52:02.883135-05:00,587.13,588.37,587.08,587.68,109578.0,587.3986962090926
2025-03-03 14:52:15.086054-05:00,587.68,587.9249,587.07,587.11,114605.0,587.404914317875
2025-03-03 14:52:29.855505-05:00,587.11,587.8501,586.9,586.9,83400.0,587.1209829616305
2025-03-03 14:52:46.016747-05:00,586.89,588.5195,586.5493,586.63,98274.0,586.8026091794372
2025-03-03 14:53:06.822056-05:00,586.62,588.2421,586.44,586.49,114576.0,586.6774475893736
2025-03-03 14:53:34.446646-05:00,586.49,588.1676,586.45,586.58,110072.0,586.6553252035028
2025-03-03 14:54:03.226715-05:00,586.59,587.9584,586.13,586.19,104909.0,586.4516334280187
2025-03-03 14:54:28.130278-05:00,586.18,587.3667,586.05,586.405,128962.0,586.1858040926793
2025-03-03 14:54:47.312780-05:00,586.405,587.7233,586.25,586.81,97968.0,586.7057897731911
2025-03-03 14:55:20.212072-05:00,586.81,587.6426,586.37,586.46,102640.0,586.7166427240841
2025-03-03 14:55:53.956552-05:00,586.46,587.5589,586.39,586.7,101395.0,586.5609520321512
2025-03-03 14:56:04.532924-05:00,586.7,587.5001,586.5097,587.25,116182.0,587.0213740080213
2025-03-03 14:56:25.781132-05:00,587.25,587.57,586.7237,587.245,112930.0,587.3952257575487
2025-03-03 14:56:38.316240-05:00,587.2413,587.6,586.9747,587.05,90810.0,587.3397915240612
2025-03-03 14:57:07.566296-05:00,587.05,587.2148,586.55,586.81,116644.0,586.8767076403415
2025-03-03 14:57:44.952162-05:00,586.82,587.3951,586.32,586.415,104898.0,586.4554689107512
2025-03-03 14:58:16.989035-05:00,586.42,587.2489,586.41,586.64,96354.0,586.6101783994438
2025-03-03 14:58:55.363130-05:00,586.64,586.9189,586.32,586.43,107659.0,586.4997270771603
2025-03-03 14:59:04.899564-05:00,586.4373,586.7438,586.12,586.12,116751.0,586.264210038458
2025-03-03 14:59:10.596787-05:00,586.11,586.7569,586.0,586.4237,96131.0,586.1225033183885
2025-03-03 14:59:23.846141-05:00,586.39,586.61,586.27,586.47,131717.0,586.4080218589852
2025-03-03 14:59:49.670471-05:00,586.47,586.9866,586.15,586.23,113278.0,586.3524792016094
2025-03-03 15:00:06.303603-05:00,586.22,586.6388,585.64,585.76,117616.0,585.9546176132496
2025-03-03 15:00:24.629169-05:00,585.76,586.5948,585.5,585.5,98408.0,585.6675739889034
2025-03-03 15:00:49.317973-05:00,585.5,586.5054,585.32,585.42,98065.0,585.5296280283484
2025-03-03 15:01:08.513420-05:00,585.41,586.467,585.02,585.04,95225.0,585.3026229845101
2025-03-03 15:01:12.501724-05:00,585.04,585.912,584.96,584.97,62439.0,585.0282618827977
2025-03-03 15:01:30.866437-05:00,584.96,586.14,584.5,584.51,111834.0,584.7705885195912
2025-03-03 15:01:42.143422-05:00,584.4952,586.0392,584.49,584.6193,139577.0,584.5825539351036
2025-03-03 15:01:51.004460-05:00,584.6,585.8403,584.54,584.63,128602.0,584.6329593676612
2025-03-03 15:02:02.535748-05:00,584.63,586.2203,584.38,584.77,134278.0,584.6035561491829
2025-03-03 15:02:14.909000-05:00,584.77,585.6448,584.42,584.45,101866.0,584.6524834135043
2025-03-03 15:02:34.932680-05:00,584.45,585.561,584.29,584.52,101549.0,584.4347577986975
2025-03-03 15:02:53.001989-05:00,584.51,585.9894,584.15,584.185,86293.0,584.4167237110776
2025-03-03 15:03:06.871937-05:00,584.19,584.4835,583.945,584.25,114425.0,584.13539186454
2025-03-03 15:03:16.785720-05:00,584.24,584.4974,583.85,584.03,131968.0,584.0143700222783
2025-03-03 15:03:17.918716-05:00,584.03,584.48,583.7,583.74,177540.0,583.7809811715667
2025-03-03 15:03:29.766753-05:00,583.74,584.27,583.62,583.785,168775.0,583.783052901792
2025-03-03 15:03:43.594944-05:00,583.761,584.9906,583.72,583.86,93523.0,583.9086913828687
2025-03-03 15:03:59.164751-05:00,583.85,583.9792,583.64,583.91,102522.0,583.7885486295626
2025-03-03 15:04:13.195681-05:00,583.91,584.7257,583.91,584.349,112987.0,584.2050286581645
2025-03-03 15:04:25.848238-05:00,584.35,584.62,584.0161,584.62,144339.0,584.3894718114997
2025-03-03 15:04:40.296355-05:00,584.5525,585.3532,584.0565,584.2389,118488.0,584.4922113446088
2025-03-03 15:05:03.928267-05:00,584.22,584.5241,584.0522,584.32,102407.0,584.3268323659515
2025-03-03 15:05:24.077584-05:00,584.32,585.2254,584.0895,584.22,97575.0,584.4436908685623
2025-03-03 15:05:48.091653-05:00,584.22,585.1862,584.12,584.22,109123.0,584.26183221594
2025-03-03 15:06:11.729113-05:00,584.22,584.3569,583.97,584.122,130603.0,584.1437741506699
2025-03-03 15:06:35.086756-05:00,584.13,584.48,584.13,584.42,103968.0,584.3155823791939
2025-03-03 15:06:59.023003-05:00,584.42,584.74,584.14,584.19,98454.0,584.4356568234912
2025-03-03 15:07:28.349288-05:00,584.1783,584.58,584.0778,584.48,88810.0,584.3366675869844
2025-03-03 15:07:46.618042-05:00,584.445,584.55,583.92,584.005,94998.0,584.1547618128807
2025-03-03 15:08:15.880308-05:00,584.0,584.37,583.92,584.12,97221.0,584.1260367585198
2025-03-03 15:08:46.106596-05:00,584.12,584.7049,583.84,583.895,98159.0,584.1614855153371
2025-03-03 15:09:01.625841-05:00,583.9,584.1612,583.72,583.79,86410.0,583.8613339243142
2025-03-03 15:09:22.642296-05:00,583.79,584.5727,583.43,583.5,91835.0,583.75917362988
2025-03-03 15:09:54.067510-05:00,583.5,584.213,583.43,583.65,95638.0,583.5374673905767
2025-03-03 15:10:21.439503-05:00,583.65,584.1127,583.51,583.58,91280.0,583.7172811185368
2025-03-03 15:10:33.180438-05:00,583.58,584.2377,583.05,583.115,127235.0,583.3055952984631
2025-03-03 15:10:51.709061-05:00,583.1,584.0331,583.01,583.1,110819.0,583.1460993024664
2025-03-03 15:11:12.741601-05:00,583.1,584.1766,583.0796,583.1,97510.0,583.2714796584974
2025-03-03 15:11:24.725913-05:00,583.1,583.8166,582.97,583.02,123625.0,583.104078713043
2025-03-03 15:11:42.416697-05:00,583.02,583.709,582.99,583.16,114525.0,583.1096934678012
2025-03-03 15:12:04.187425-05:00,583.16,583.5777,582.68,582.77,119043.0,582.852780575926
2025-03-03 15:12:15.013818-05:00,582.76,583.9229,582.42,582.4492,104829.0,582.6809022064505
2025-03-03 15:12:31.961515-05:00,582.45,583.4039,582.2,582.25,109841.0,582.3633500760191
2025-03-03 15:12:46.169751-05:00,582.25,584.2034,582.08,582.12,110382.0,582.2190208095521
2025-03-03 15:12:59.018077-05:00,582.12,582.7085,582.07,582.36,128408.0,582.22582666189
2025-03-03 15:13:06.694942-05:00,582.37,582.59,582.14,582.32,118965.0,582.4714074467274
2025-03-03 15:13:27.930263-05:00,582.32,583.6252,582.18,582.3575,91587.0,582.3538260517322
2025-03-03 15:13:39.797978-05:00,582.35,583.7225,582.25,582.79,115477.0,582.5817181707175
2025-03-03 15:13:54.381436-05:00,582.8,583.19,582.76,583.14,108471.0,582.9960873468489
2025-03-03 15:14:13.017425-05:00,583.14,583.26,582.5074,583.175,80788.0,583.0771219463284
2025-03-03 15:14:36.099293-05:00,583.175,583.5639,582.5959,583.12,109411.0,583.017953788924
2025-03-03 15:15:01.913200-05:00,583.12,583.135,582.81,583.08,77961.0,582.9371801695715
2025-03-03 15:15:23.777188-05:00,583.0792,583.2988,582.8151,582.97,104137.0,583.0603169228999
2025-03-03 15:15:40.222535-05:00,582.97,584.6767,582.7199,583.19,103579.0,583.1831484953512
2025-03-03 15:16:01.288271-05:00,583.18,583.35,582.76,582.9918,89016.0,583.1463531073067
2025-03-03 15:16:22.255567-05:00,583.02,583.6,582.7796,583.55,103642.0,583.4138101802358
2025-03-03 15:16:34.209132-05:00,583.5419,583.79,582.8147,583.61,119770.0,583.5441249970775
2025-03-03 15:17:02.003797-05:00,583.6,584.7697,582.8243,583.615,84446.0,583.48405815906
2025-03-03 15:17:35.554689-05:00,583.63,588.86,582.8567,583.73,78359.0,583.5799454242649
2025-03-03 15:18:06.731747-05:00,583.73,583.79,582.8954,583.48,79015.0,583.4973738847052
2025-03-03 15:18:34.841407-05:00,583.48,583.55,582.93,582.96,94573.0,583.2821548993895
2025-03-03 15:19:00.060333-05:00,582.95,584.983,582.73,582.73,126814.0,582.9152351120538
2025-03-03 15:19:25.008294-05:00,582.73,583.2335,582.7,582.907,104460.0,582.859352923607
2025-03-03 15:19:50.826589-05:00,582.87,585.1241,582.58,582.611,105004.0,582.8271367500282
2025-03-03 15:20:09.827664-05:00,582.615,583.2056,582.31,582.32,107243.0,582.5976489999346
2025-03-03 15:20:32.736269-05:00,582.32,583.167,582.22,582.7,96026.0,582.518582483911
2025-03-03 15:20:56.139516-05:00,582.7,583.1319,582.5686,582.8,89480.0,582.8095512270899
2025-03-03 15:21:24.396794-05:00,582.8,583.0928,582.45,582.46,86639.0,582.7787570089686
2025-03-03 15:21:51.442122-05:00,582.456,583.0053,582.28,582.32,93415.0,582.3944994551198
2025-03-03 15:22:11.878752-05:00,582.32,582.9979,582.32,582.38,103931.0,582.5200685185363
2025-03-03 15:22:34.475750-05:00,582.38,582.8068,582.08,582.17,86054.0,582.2576629895179
2025-03-03 15:22:56.292303-05:00,582.17,583.8962,582.06,582.3,99448.0,582.2233351057838
2025-03-03 15:23:20.920537-05:00,582.3,582.8971,582.01,582.01,115840.0,582.2487955369472
2025-03-03 15:23:23.606105-05:00,582.01,582.5761,581.93,581.97,58253.0,581.992803594665
2025-03-03 15:23:41.847110-05:00,581.97,584.4042,581.88,582.38,98205.0,582.1701019031619
2025-03-03 15:24:02.514328-05:00,582.38,582.5014,581.93,582.2501,103643.0,582.1407459538998
2025-03-03 15:24:20.198539-05:00,582.28,582.8201,582.06,582.15,111756.0,582.292830761659
2025-03-03 15:24:39.997748-05:00,582.15,584.2081,581.98,582.03,111849.0,582.1079596777802
2025-03-03 15:25:04.214559-05:00,582.03,582.3648,581.82,581.83,101683.0,581.9429939321229
2025-03-03 15:25:25.527339-05:00,581.82,582.3062,581.7,581.92,94659.0,581.8865810773405
2025-03-03 15:25:45.642678-05:00,581.93,584.0911,581.88,581.935,94709.0,582.0302935993415
2025-03-03 15:26:04.221609-05:00,581.935,582.28,581.935,582.18,103621.0,582.1424037695066
2025-03-03 15:26:19.247775-05:00,582.15,582.26,581.8,581.96,85317.0,581.9489420373433
2025-03-03 15:26:42.545817-05:00,581.96,583.9113,581.83,582.24,88396.0,582.0112286641931
2025-03-03 15:26:57.216296-05:00,582.24,582.4654,581.63,581.6608,111972.0,581.9355158486046
2025-03-03 15:27:21.438874-05:00,581.662,582.0839,581.65,581.905,101618.0,581.8834280875435
2025-03-03 15:27:50.119580-05:00,581.9093,582.9991,581.83,581.91,109183.0,581.9895164118956
2025-03-03 15:28:10.352021-05:00,581.88,582.0957,581.5,581.5004,96031.0,581.6749215284651
2025-03-03 15:28:24.819524-05:00,581.5,582.0344,581.15,581.23,94471.0,581.3793075737527
2025-03-03 15:28:47.786580-05:00,581.23,581.9649,581.04,581.2,114833.0,581.1547062699746
2025-03-03 15:29:06.468454-05:00,581.19,581.8928,581.01,581.38,91097.0,581.1843962721046
2025-03-03 15:29:16.443053-05:00,581.38,581.8067,581.0,581.0,634535.0,581.1716914154457
2025-03-03 15:29:33.036821-05:00,581.0,582.0843,580.82,581.2,102118.0,580.999185641121
2025-03-03 15:29:50.972572-05:00,581.2,582.9407,581.1207,581.37,89374.0,581.3570053057931
2025-03-03 15:30:08.893773-05:00,581.37,581.7628,581.174,581.5,97123.0,581.4790778950401
2025-03-03 15:30:32.034913-05:00,581.5,581.83,581.2978,581.74,94736.0,581.6150593881948
2025-03-03 15:30:51.485976-05:00,581.74,583.4571,581.349,582.19,100415.0,581.9274349629042
2025-03-03 15:31:16.746661-05:00,582.1787,582.24,581.5943,582.23,116748.0,582.0364799628252
2025-03-03 15:31:43.208653-05:00,582.23,583.4657,581.5257,582.13,82599.0,582.146830868413
2025-03-03 15:32:07.876349-05:00,582.13,582.53,581.5996,582.5,99624.0,582.3265346793946
2025-03-03 15:32:26.975592-05:00,582.5,582.52,581.5797,582.05,134046.0,582.2703635005901
2025-03-03 15:32:54.887830-05:00,582.05,583.5128,581.6563,581.865,77376.0,581.967054602202
2025-03-03 15:33:16.703508-05:00,581.85,582.1681,581.6593,582.05,104846.0,581.9454850571307
2025-03-03 15:33:38.498247-05:00,582.0999,583.605,581.7028,581.76,96949.0,581.9166619913562
2025-03-03 15:33:58.652108-05:00,581.76,582.0559,581.58,581.59,90357.0,581.7523392609323
2025-03-03 15:34:13.948457-05:00,581.59,589.0699,581.34,581.51,102404.0,581.5489917884065
2025-03-03 15:34:46.460237-05:00,581.51,582.9154,581.3,581.4088,74668.0,581.5887887435046
2025-03-03 15:35:20.055287-05:00,581.28,581.9071,581.19,581.36,81673.0,581.4218563772608
2025-03-03 15:35:44.211395-05:00,581.36,581.9199,581.13,581.2784,98869.0,581.2934999747146
2025-03-03 15:36:06.449733-05:00,581.26,581.8744,580.88,581.242,83911.0,581.0549104670422
2025-03-03 15:36:31.803846-05:00,581.26,581.7913,581.1813,581.38,105357.0,581.4299062055669
2025-03-03 15:36:55.749179-05:00,581.38,581.7452,580.875,580.94,158431.0,581.0927816923454
2025-03-03 15:37:13.387212-05:00,580.94,581.6045,580.55,580.59,96096.0,580.7390645125708
2025-03-03 15:37:30.086723-05:00,580.59,581.5441,580.53,580.8906,102409.0,580.7460520628073
2025-03-03 15:37:54.932898-05:00,580.9172,581.5365,580.8309,580.87,90089.0,581.0450624105056
2025-03-03 15:38:21.798308-05:00,580.87,581.2449,580.65,581.15,77161.0,580.862250618836
2025-03-03 15:38:48.979604-05:00,581.15,581.4839,580.855,581.105,84768.0,581.0326120764914
2025-03-03 15:39:16.316479-05:00,581.1091,581.4858,580.63,580.9251,73047.0,580.8616867578405
2025-03-03 15:39:38.686543-05:00,580.94,581.4931,580.52,580.67,96721.0,580.7368899577133
2025-03-03 15:39:58.635008-05:00,580.67,581.028,580.42,580.54,84314.0,580.5765833752397
2025-03-03 15:40:22.531836-05:00,580.54,580.9574,580.4,580.4,116596.0,580.6054847447606
2025-03-03 15:40:39.400065-05:00,580.4,580.9191,580.32,580.53,102232.0,580.3677890983255
2025-03-03 15:40:58.636056-05:00,580.53,580.8522,580.2388,580.3191,95395.0,580.3934893862358
2025-03-03 15:41:14.147326-05:00,580.3191,580.8053,580.29,580.58,86073.0,580.5381633020805
2025-03-03 15:41:26.273184-05:00,580.58,580.83,580.4764,580.73,109214.0,580.6782916466759
2025-03-03 15:41:52.770641-05:00,580.7193,581.1934,580.38,580.47,87045.0,580.5891672560167
2025-03-03 15:42:11.880234-05:00,580.47,580.63,580.35,580.455,96679.0,580.4768000817131
2025-03-03 15:42:33.339199-05:00,580.4589,581.0828,580.3,580.37,108454.0,580.384657383776
2025-03-03 15:42:54.829655-05:00,580.4,580.9956,580.28,580.45,86389.0,580.3998217157275
2025-03-03 15:43:10.419147-05:00,580.45,580.75,580.42,580.72,103819.0,580.5448866325044
2025-03-03 15:43:27.362128-05:00,580.6887,580.9113,580.11,580.11,84815.0,580.4559818935329
2025-03-03 15:43:43.935732-05:00,580.11,581.68,580.06,580.4999,71001.0,580.2227635540346
2025-03-03 15:44:07.131225-05:00,580.49,580.55,580.19,580.26,95147.0,580.3313878440731
2025-03-03 15:44:23.462290-05:00,580.26,580.7428,580.0,580.0,71604.0,580.1368351949613
2025-03-03 15:44:23.498419-05:00,580.0,580.0193,579.97,580.0,26517.0,580.0000004148283
2025-03-03 15:44:23.505224-05:00,580.0,580.075,579.98,580.0,18908.0,579.9986284376984
2025-03-03 15:44:23.533127-05:00,580.0,580.01,579.96,580.0,30351.0,579.9991871108041
2025-03-03 15:44:33.371552-05:00,580.0,580.4337,579.9,580.0321,77031.0,579.9652449507347
2025-03-03 15:44:51.310149-05:00,580.06,581.4358,580.0177,580.33,96226.0,580.2455254858353
2025-03-03 15:44:58.187529-05:00,580.32,580.88,580.1986,580.764,101971.0,580.7312336850677
2025-03-03 15:45:13.761676-05:00,580.77,580.86,580.3207,580.79,104087.0,580.6461316321924
2025-03-03 15:45:34.093865-05:00,580.795,581.04,580.3388,580.99,107919.0,580.8137329978962
2025-03-03 15:45:48.085211-05:00,580.99,581.3802,580.414,581.15,133261.0,581.1000300575573
2025-03-03 15:46:03.976206-05:00,581.15,581.3301,580.5014,581.204,123900.0,581.1403949539954
2025-03-03 15:46:18.968442-05:00,581.2062,581.36,580.5634,581.2699,102705.0,581.2179517939724
2025-03-03 15:46:32.147329-05:00,581.255,581.59,580.6169,581.4,129057.0,581.4474380413301
2025-03-03 15:46:50.655214-05:00,581.4,581.66,580.6444,581.43,72734.0,581.4605890587625
2025-03-03 15:47:03.816527-05:00,581.43,581.68,580.6756,581.68,115992.0,581.536622937789
2025-03-03 15:47:15.869974-05:00,581.68,581.91,580.7422,581.7,127947.0,581.6747749763571
2025-03-03 15:47:25.868853-05:00,581.7,581.99,580.801,581.84,119199.0,581.778343116972
2025-03-03 15:47:47.307622-05:00,581.83,581.88,580.8004,581.51,114157.0,581.6844431265711
2025-03-03 15:48:06.316451-05:00,581.51,581.84,580.94,581.81,88725.0,581.6719963527751
2025-03-03 15:48:21.946527-05:00,581.81,581.9696,580.8333,581.94,105021.0,581.846757939841
2025-03-03 15:48:35.470130-05:00,581.94,582.2,581.0893,581.645,93353.0,581.945250901417
2025-03-03 15:48:55.213538-05:00,581.645,582.04,581.1496,581.95,110312.0,581.8158030975779
2025-03-03 15:49:12.595794-05:00,581.95,582.29,580.9451,582.16,105345.0,582.116002240258
2025-03-03 15:49:33.183360-05:00,582.1496,582.32,580.9497,582.09,108787.0,582.1465426319314
2025-03-03 15:49:57.611539-05:00,582.07,582.24,580.9941,581.94,116380.0,581.9469742275311
2025-03-03 15:50:02.985554-05:00,581.93,581.9555,581.5643,581.81,106252.0,581.7748222904042
2025-03-03 15:50:16.803408-05:00,581.81,582.0005,581.4,581.4,99293.0,581.6024417783731
2025-03-03 15:50:33.523550-05:00,581.4,581.9,581.38,581.9,106394.0,581.6424128982842
2025-03-03 15:50:53.219303-05:00,581.91,582.3504,581.6,581.82,125300.0,581.79076027055
2025-03-03 15:51:10.290124-05:00,581.8,582.16,581.1586,581.91,121612.0,582.0101260105912
2025-03-03 15:51:24.906984-05:00,581.91,581.93,581.53,581.53,116107.0,581.7183148363148
2025-03-03 15:51:41.061229-05:00,581.53,583.1549,581.2377,581.84,125317.0,581.6289196078743
2025-03-03 15:52:02.494326-05:00,581.84,581.8727,581.2529,581.67,86297.0,581.6920071926023
2025-03-03 15:52:18.298259-05:00,581.6812,582.07,581.57,582.02,115627.0,581.8597799467254
2025-03-03 15:52:30.872465-05:00,582.02,582.17,581.7792,582.14,127087.0,582.0547172173389
2025-03-03 15:52:48.457272-05:00,582.14,583.2464,581.8563,582.1625,113689.0,582.1764959441994
2025-03-03 15:53:05.230219-05:00,582.17,582.39,581.8741,582.25,91684.0,582.2661493150391
2025-03-03 15:53:20.287353-05:00,582.25,582.26,581.4526,581.96,87806.0,582.0303340660087
2025-03-03 15:53:33.294482-05:00,581.96,582.13,581.82,581.9,107899.0,581.991650974522
2025-03-03 15:53:51.116177-05:00,581.9,583.8559,581.88,582.15,100585.0,582.0516091315804
2025-03-03 15:54:01.750280-05:00,582.15,582.24,581.8925,582.06,108526.0,582.1090470163834
2025-03-03 15:54:13.116832-05:00,582.06,582.19,581.855,581.89,100129.0,582.0379390406373
2025-03-03 15:54:23.823844-05:00,581.885,583.9843,581.5939,582.0,97415.0,581.9331201847764
2025-03-03 15:54:35.398521-05:00,582.0,582.0775,581.7,581.78,95422.0,581.8522253128207
2025-03-03 15:54:46.792444-05:00,581.81,582.47,581.62,582.25,90733.0,582.1126250515251
2025-03-03 15:55:00.006749-05:00,582.25,582.47,581.9161,582.42,125607.0,582.3084477903298
2025-03-03 15:55:06.680563-05:00,582.42,582.55,581.9413,582.53,102224.0,582.4020797210046
2025-03-03 15:55:18.792939-05:00,582.53,582.64,581.9766,582.64,116134.0,582.4599708466087
2025-03-03 15:55:28.597740-05:00,582.64,582.7,581.8543,582.66,133935.0,582.5838464994212
2025-03-03 15:55:38.597223-05:00,582.66,583.06,582.066,583.0091,95918.0,582.803109176588
2025-03-03 15:55:52.121980-05:00,583.015,583.19,582.1102,583.16,108005.0,583.0472536808478
2025-03-03 15:56:05.365473-05:00,583.16,583.23,582.149,583.1487,128779.0,583.1295249372959
2025-03-03 15:56:18.282432-05:00,583.15,583.26,582.2092,583.19,138393.0,583.1961842882225
2025-03-03 15:56:33.472693-05:00,583.19,583.31,582.2803,583.22,108853.0,583.230368146032
2025-03-03 15:56:44.960553-05:00,583.22,583.39,582.3918,583.3,117330.0,583.2788213662316
2025-03-03 15:56:58.898445-05:00,583.28,583.31,582.1491,583.22,113354.0,583.2040650784267
2025-03-03 15:57:05.742430-05:00,583.22,583.228,582.4799,582.81,113326.0,583.0160672184664
2025-03-03 15:57:15.651614-05:00,582.81,583.19,582.7902,583.16,130997.0,582.9343845240737
2025-03-03 15:57:26.083881-05:00,583.16,583.34,582.5599,583.2,122730.0,583.2154285455877
2025-03-03 15:57:35.318996-05:00,583.19,583.33,582.617,583.33,116721.0,583.2619087670602
2025-03-03 15:57:48.743538-05:00,583.34,583.43,582.6607,583.28,105411.0,583.3354338256918
2025-03-03 15:58:00.830973-05:00,583.28,583.375,582.6812,583.31,129834.0,583.2973641249592
2025-03-03 15:58:10.699235-05:00,583.31,583.32,582.7385,583.13,123082.0,583.2230891795714
2025-03-03 15:58:24.287751-05:00,583.15,583.35,582.7511,583.34,111716.0,583.2344355365391
2025-03-03 15:58:35.038863-05:00,583.35,583.4336,582.8076,583.2,123706.0,583.3307451433235
2025-03-03 15:58:49.024291-05:00,583.2,583.38,582.8518,583.34,110847.0,583.3025248567843
2025-03-03 15:58:57.392453-05:00,583.34,583.54,582.8809,583.53,150833.0,583.4691400648405
2025-03-03 15:59:00.103465-05:00,583.53,583.62,583.36,583.51,164567.0,583.5300254188261
2025-03-03 15:59:04.040780-05:00,583.51,583.58,582.9799,583.48,196959.0,583.4944681370233
2025-03-03 15:59:12.115656-05:00,583.48,583.63,583.35,583.53,142949.0,583.4541716185491
2025-03-03 15:59:20.648908-05:00,583.53,583.59,583.39,583.45,139266.0,583.5071556000747
2025-03-03 15:59:27.930953-05:00,583.45,583.47,583.26,583.33,136755.0,583.346899623414
2025-03-03 15:59:34.749682-05:00,583.33,583.44,583.25,583.41,141784.0,583.3316828055347
2025-03-03 15:59:41.567404-05:00,583.41,583.48,583.2,583.38,122180.0,583.3207570789
2025-03-03 15:59:47.436169-05:00,583.365,583.6,583.36,583.59,150673.0,583.4696805426319
2025-03-03 15:59:50.802498-05:00,583.59,583.7,583.45,583.68,172908.0,583.5815939678906
2025-03-03 15:59:55.517197-05:00,583.68,583.96,583.4688,583.87,241171.0,583.8305926512726
2025-03-03 15:59:58.666935-05:00,583.87,584.09,583.585,584.07,281534.0,583.9805892481903
2025-03-04 09:30:00.895325-05:00,584.06,584.11,579.5,579.62,796542.0,580.6326003526507
2025-03-04 09:30:01.508024-05:00,579.62,579.7,579.34,579.34,22530.0,579.475683959161
2025-03-04 09:30:02.652085-05:00,579.35,579.7,579.26,579.62,29947.0,579.3310115704297
2025-03-04 09:30:04.189472-05:00,579.27,579.74,579.17,579.18,51064.0,579.2821883283765
2025-03-04 09:30:06.448706-05:00,579.18,579.74,579.14,579.38,60377.0,579.2736945128124
2025-03-04 09:30:10.077486-05:00,579.37,579.77,579.16,579.7,72862.0,579.5553206074499
2025-03-04 09:30:15.442427-05:00,579.7,579.79,579.2388,579.5094,123210.0,579.677171292103
2025-03-04 09:30:25.944678-05:00,579.5,579.7188,579.15,579.23,95685.0,579.3958330908712
2025-03-04 09:30:37.006635-05:00,579.23,579.62,579.14,579.28,104837.0,579.27340805727
2025-03-04 09:30:51.800570-05:00,579.28,579.43,579.17,579.25,144065.0,579.2980547572279
2025-03-04 09:31:05.126051-05:00,579.25,579.51,579.13,579.51,129211.0,579.3336626486911
2025-03-04 09:31:13.548271-05:00,579.51,579.81,579.41,579.61,113763.0,579.651270430632
2025-03-04 09:31:26.100455-05:00,579.62,579.64,579.32,579.42,133537.0,579.4287390970306
2025-03-04 09:31:38.944859-05:00,579.43,579.62,579.23,579.3,101116.0,579.3234509246814
2025-03-04 09:31:48.842272-05:00,579.3393,579.62,579.1504,579.41,120144.0,579.2820679534566
2025-03-04 09:31:55.010539-05:00,579.41,579.47,578.94,578.95,68363.0,579.1581228559303
2025-03-04 09:32:06.403554-05:00,578.95,579.3737,578.7,578.965,88921.0,578.8630131262585
2025-03-04 09:32:21.009434-05:00,578.94,579.62,578.72,578.82,88685.0,578.8185707346222
2025-03-04 09:32:31.707325-05:00,578.829,579.2633,578.55,578.82,104523.0,578.7392062282943
2025-03-04 09:32:43.877702-05:00,578.795,579.204,578.315,578.425,75456.0,578.616306731075
2025-03-04 09:32:56.271182-05:00,578.425,579.62,578.03,578.12,73574.0,578.231157667111
2025-03-04 09:33:08.367023-05:00,578.12,578.59,578.08,578.55,92772.0,578.306820253956
2025-03-04 09:33:23.810067-05:00,578.55,578.57,578.17,578.2016,81800.0,578.3410961271394
2025-03-04 09:33:38.680239-05:00,578.2086,578.91,578.03,578.15,88829.0,578.1390828546984
2025-03-04 09:33:54.435834-05:00,578.15,578.8702,578.01,578.23,81843.0,578.1207256943175
2025-03-04 09:34:05.659450-05:00,578.22,579.05,578.135,578.38,112538.0,578.3000240274398
2025-03-04 09:34:15.413603-05:00,578.38,579.2602,578.37,578.72,107556.0,578.647018868311
2025-03-04 09:34:30.420319-05:00,578.67,579.0,578.42,578.4346,116331.0,578.6929467923424
2025-03-04 09:34:42.444842-05:00,578.43,578.74,578.25,578.6275,82494.0,578.4362467670386
2025-03-04 09:35:01.761638-05:00,578.64,578.9655,578.3778,578.5,82180.0,578.6078837709907
2025-03-04 09:35:10.326075-05:00,578.49,578.88,578.45,578.736,107759.0,578.6585298295274
2025-03-04 09:35:21.254508-05:00,578.7,578.77,578.4599,578.74,111058.0,578.6391956671284
2025-03-04 09:35:30.524925-05:00,578.74,578.93,578.53,578.84,92176.0,578.7505267054329
2025-03-04 09:35:41.151433-05:00,578.86,579.14,578.83,578.87,101588.0,578.9568310627235
2025-03-04 09:35:57.987087-05:00,578.86,578.94,578.57,578.655,84628.0,578.7911249574599
2025-03-04 09:36:10.029220-05:00,578.6663,579.62,578.53,578.94,131873.0,578.7415757342297
2025-03-04 09:36:24.435328-05:00,578.94,579.62,578.7057,579.26,75883.0,579.0192170090796
2025-03-04 09:36:41.238284-05:00,579.26,579.62,578.7448,579.52,69834.0,579.36762974196
2025-03-04 09:36:49.159883-05:00,579.51,579.89,579.42,579.78,76520.0,579.6994495504442
2025-03-04 09:37:05.595693-05:00,579.78,579.8293,578.6779,579.23,75258.0,579.4494629381597
2025-03-04 09:37:20.537107-05:00,579.25,579.6575,578.75,579.575,158159.0,579.4042527842241
2025-03-04 09:37:36.884523-05:00,579.545,579.74,578.79,579.68,73309.0,579.6129522487005
2025-03-04 09:37:52.119423-05:00,579.68,579.85,578.93,579.64,91586.0,579.6852261972352
2025-03-04 09:38:06.247443-05:00,579.64,580.04,578.8508,580.04,81006.0,579.7607304915687
2025-03-04 09:38:24.539950-05:00,580.04,580.1,579.0,579.96,89340.0,579.9229160208185
2025-03-04 09:38:45.497249-05:00,579.96,580.22,579.19,580.165,80404.0,579.9949996716582
2025-03-04 09:38:59.726405-05:00,580.17,580.1908,579.42,580.035,106033.0,580.0101485660128
2025-03-04 09:39:14.139673-05:00,580.035,580.05,579.66,579.7,96351.0,579.8218757843714
2025-03-04 09:39:35.063324-05:00,579.7,579.88,579.1935,579.6885,72904.0,579.6471669592888
2025-03-04 09:39:52.995205-05:00,579.69,579.8438,579.2999,579.31,107590.0,579.4626571586582
2025-03-04 09:40:07.299214-05:00,579.3,579.7508,578.78,578.83,67647.0,579.0462222330625
2025-03-04 09:40:21.752558-05:00,578.83,579.6851,578.7,579.64,90768.0,579.3303220749603
2025-03-04 09:40:36.144216-05:00,579.635,579.95,579.54,579.6,99616.0,579.7305014003775
2025-03-04 09:40:54.885023-05:00,579.591,579.62,579.15,579.42,99711.0,579.3763238810158
2025-03-04 09:41:11.653112-05:00,579.42,579.62,578.85,578.95,78642.0,579.2166912298765
2025-03-04 09:41:23.685083-05:00,578.95,579.5581,578.72,578.99,89576.0,578.8803925549253
2025-03-04 09:41:40.329562-05:00,578.99,579.3198,578.7,578.7663,86647.0,578.9041416159824
2025-03-04 09:41:54.344635-05:00,578.75,579.62,578.75,579.51,85049.0,579.0776178532378
2025-03-04 09:42:14.427159-05:00,579.5,579.62,578.6315,578.7106,74499.0,579.0209519604288
2025-03-04 09:42:37.531236-05:00,578.7,580.0638,578.59,578.7,85570.0,578.7566962019397
2025-03-04 09:42:52.521566-05:00,578.7,578.9185,578.4,578.46,91466.0,578.5541239870548
2025-03-04 09:43:05.832915-05:00,578.46,579.3312,578.0,578.26,79729.0,578.2764292666413
2025-03-04 09:43:13.769341-05:00,578.26,579.62,578.0,578.0,50881.0,578.1134150488392
2025-03-04 09:43:17.120623-05:00,578.0,578.0512,577.6,577.6,65442.0,577.7875956526391
2025-03-04 09:43:34.414200-05:00,577.6,579.7739,577.59,577.72,90268.0,577.7188183365093
2025-03-04 09:43:49.428332-05:00,577.72,578.5402,577.62,577.72,119775.0,577.781043154248
2025-03-04 09:44:06.113869-05:00,577.72,579.441,577.68,577.76,80690.0,577.8832088747047
2025-03-04 09:44:12.721393-05:00,577.76,578.8078,577.76,578.44,87259.0,578.0887700993594
2025-03-04 09:44:17.558429-05:00,578.45,579.09,577.8612,578.7,70828.0,578.7752839357319
2025-03-04 09:44:32.752847-05:00,578.7,579.3687,578.2536,578.73,79667.0,578.8099096162789
2025-03-04 09:44:54.583147-05:00,578.74,579.205,578.26,578.52,80462.0,578.5079275285232
2025-03-04 09:45:09.995665-05:00,578.535,579.0016,578.27,578.4188,79208.0,578.4227652030102
2025-03-04 09:45:34.152909-05:00,578.48,578.6217,578.095,578.32,76029.0,578.2524178865958
2025-03-04 09:45:58.685588-05:00,578.34,578.55,578.03,578.07,69395.0,578.3792226212256
2025-03-04 09:46:14.119397-05:00,578.05,578.62,578.04,578.55,75744.0,578.3624200821188
2025-03-04 09:46:31.708860-05:00,578.55,579.24,578.48,579.24,83568.0,578.9669116228699
2025-03-04 09:46:52.884184-05:00,579.24,579.27,578.48,578.48,72760.0,578.8436112699292
2025-03-04 09:47:17.735740-05:00,578.48,579.1,578.3663,579.0563,82628.0,578.7906462821322
2025-03-04 09:47:38.236459-05:00,579.05,579.2,578.3588,578.93,72068.0,579.0028217946945
2025-03-04 09:47:58.973642-05:00,578.94,579.02,578.384,578.85,102759.0,578.8298280199293
2025-03-04 09:48:17.954285-05:00,578.85,579.2,578.3989,579.2,82604.0,578.9005791765529
2025-03-04 09:48:36.163430-05:00,579.2,579.62,578.4895,579.12,83468.0,579.3886799851437
2025-03-04 09:48:57.566717-05:00,579.12,579.16,578.76,578.86,95599.0,578.9126536595573
2025-03-04 09:49:15.928229-05:00,578.86,579.0,578.48,578.485,78697.0,578.7784882778235
2025-03-04 09:49:36.042220-05:00,578.49,579.9258,578.27,578.53,84929.0,578.406345799433
2025-03-04 09:49:56.408577-05:00,578.53,578.8543,577.93,578.05,81045.0,578.3192290258501
2025-03-04 09:50:14.463101-05:00,578.05,578.76,577.696,577.705,68877.0,577.9928036615999
2025-03-04 09:50:24.077994-05:00,577.74,578.99,577.2,577.24,64778.0,577.424622294606
2025-03-04 09:50:44.260289-05:00,577.2599,580.1503,577.24,577.37,103456.0,577.38879209519
2025-03-04 09:51:06.506528-05:00,577.38,578.5322,577.3,577.61,84508.0,577.4913543581672
2025-03-04 09:51:24.277320-05:00,577.61,578.4986,576.99,577.0,64878.0,577.272933509048
2025-03-04 09:51:40.762444-05:00,577.0,579.9662,576.93,577.32,59301.0,577.1951537512015
2025-03-04 09:52:04.444069-05:00,577.32,578.2999,577.25,577.75,56767.0,577.5579281043563
2025-03-04 09:52:23.318554-05:00,577.75,579.6,577.55,577.62,70237.0,577.7942710679563
2025-03-04 09:52:49.253152-05:00,577.63,579.526,577.23,577.39,71199.0,577.3825587592527
2025-03-04 09:53:06.194633-05:00,577.39,578.0375,576.92,577.04,74626.0,577.2678286026318
2025-03-04 09:53:24.214912-05:00,577.04,577.981,576.66,576.765,70337.0,576.8761325333755
2025-03-04 09:53:51.266519-05:00,576.76,578.9088,576.5,576.775,66403.0,576.7211174645727
2025-03-04 09:54:14.091501-05:00,576.7899,578.188,576.71,576.92,88743.0,576.8391339328181
2025-03-04 09:54:42.583180-05:00,576.92,578.0956,576.58,576.8688,63992.0,576.8210061960862
2025-03-04 09:55:02.835595-05:00,576.86,577.324,576.83,577.1262,73077.0,577.0614356336466
2025-03-04 09:55:20.381330-05:00,577.12,577.73,577.0896,577.555,68000.0,577.3966199102941
2025-03-04 09:55:47.397182-05:00,577.57,578.67,576.89,576.93,57022.0,577.2666887885377
2025-03-04 09:56:14.307405-05:00,576.94,577.24,576.81,577.15,55038.0,576.9941909008314
2025-03-04 09:56:39.272449-05:00,577.15,577.37,577.04,577.14,76649.0,577.2058235971751
2025-03-04 09:57:00.540561-05:00,577.15,577.41,576.98,577.08,78391.0,577.2298214284799
2025-03-04 09:57:19.195100-05:00,577.07,577.2551,576.72,576.945,88281.0,576.9432675082978
2025-03-04 09:57:44.529435-05:00,576.945,577.13,576.8201,576.9243,78140.0,576.9332958331192
2025-03-04 09:58:02.502938-05:00,576.91,579.1609,576.7804,576.96,71462.0,576.9082052419456
2025-03-04 09:58:32.358780-05:00,576.945,577.2,576.7419,576.89,108644.0,577.027969978093
2025-03-04 09:58:59.285494-05:00,576.89,577.03,576.7401,576.9599,54714.0,576.8891063292757
2025-03-04 09:59:12.716901-05:00,576.91,577.11,576.74,576.9,90379.0,576.8648551012961
2025-03-04 09:59:22.876893-05:00,576.9,578.87,576.16,576.1987,60697.0,576.4866981069906
2025-03-04 09:59:44.168424-05:00,576.2,578.315,576.03,576.23,71215.0,576.2775176999232
2025-03-04 09:59:51.082498-05:00,576.24,576.9564,575.96,575.98,44894.0,576.0796947877216
2025-03-04 10:00:00.400160-05:00,575.98,576.5866,575.5,575.5,75001.0,575.7450572712359
2025-03-04 10:00:05.087209-05:00,575.5,576.7421,575.22,575.24,85331.0,575.3974765231857
2025-03-04 10:00:10.275116-05:00,575.255,576.6999,575.0,575.0,64189.0,575.0812577497711
2025-03-04 10:00:10.593364-05:00,575.0,576.5701,575.0,575.0,24692.0,575.0047978414054
2025-03-04 10:00:11.960034-05:00,575.0,576.2001,575.0,575.0,46727.0,575.0153806279021
2025-03-04 10:00:12.115469-05:00,575.0,576.35,574.98,574.98,23372.0,575.0063589294884
2025-03-04 10:00:16.748929-05:00,574.98,576.4244,574.74,574.87,103910.0,574.8995954393213
2025-03-04 10:00:29.224205-05:00,574.87,576.9721,574.76,575.05,75502.0,574.9777113334744
2025-03-04 10:00:46.038344-05:00,575.07,576.2283,574.868,575.46,74375.0,575.2320273021852
2025-03-04 10:01:03.452764-05:00,575.47,576.5505,575.12,575.53,98525.0,575.3688316061917
2025-03-04 10:01:17.988883-05:00,575.53,575.88,575.44,575.85,104269.0,575.6433765165099
2025-03-04 10:01:33.510863-05:00,575.86,577.1129,575.3877,575.82,82366.0,575.9585038231792
2025-03-04 10:01:55.813739-05:00,575.81,575.94,575.48,575.94,67847.0,575.6427839005404
2025-03-04 10:02:16.409183-05:00,575.94,576.08,575.5,575.77,72280.0,575.8027589789705
2025-03-04 10:02:37.650361-05:00,575.75,577.3971,575.374,575.72,67414.0,575.5576425623758
2025-03-04 10:02:59.840790-05:00,575.72,575.7771,575.25,575.3,65896.0,575.4793290093479
2025-03-04 10:03:13.901070-05:00,575.3,575.6822,574.88,574.91,68218.0,575.1340962194724
2025-03-04 10:03:32.254352-05:00,574.91,577.6055,574.77,574.85,77399.0,574.9865428377637
2025-03-04 10:03:49.375542-05:00,574.815,575.5527,574.815,575.0,97077.0,575.0489338164551
2025-03-04 10:04:11.058291-05:00,574.99,575.5799,574.99,575.39,67953.0,575.3187581019221
2025-03-04 10:04:31.176359-05:00,575.39,577.0102,575.24,575.74,69504.0,575.4856053565259
2025-03-04 10:04:47.758532-05:00,575.749,575.97,575.275,575.95,71785.0,575.8408056933903
2025-03-04 10:05:05.386162-05:00,575.95,577.5299,575.3654,575.47,75722.0,575.7366431935234
2025-03-04 10:05:25.433605-05:00,575.49,577.1,575.3676,575.88,68031.0,575.7016510855341
2025-03-04 10:05:45.688848-05:00,575.88,577.3714,575.4239,575.685,70773.0,575.7815373942043
2025-03-04 10:06:04.586045-05:00,575.68,576.885,575.2051,575.39,80068.0,575.50264980017
2025-03-04 10:06:21.178991-05:00,575.405,575.5341,575.16,575.44,100081.0,575.2758505200792
2025-03-04 10:06:45.708864-05:00,575.46,576.98,575.24,575.3,65881.0,575.4377625840531
2025-03-04 10:07:07.912879-05:00,575.29,575.4262,574.8,574.93,56742.0,575.0271375471426
2025-03-04 10:07:27.939072-05:00,574.93,576.375,574.66,574.66,70290.0,574.8904099502071
2025-03-04 10:07:48.923897-05:00,574.67,575.3764,574.57,574.84,72864.0,574.7392561621649
2025-03-04 10:08:10.179497-05:00,574.8,575.518,574.47,574.55,72047.0,574.6212627076762
2025-03-04 10:08:30.433720-05:00,574.55,575.281,574.44,574.62,71966.0,574.6453133438018
2025-03-04 10:08:51.226364-05:00,574.62,575.2585,574.49,574.9,91334.0,574.7736534817262
2025-03-04 10:09:06.133556-05:00,574.9286,575.5999,574.69,574.9608,81386.0,574.8894598653335
2025-03-04 10:09:23.394329-05:00,574.9552,575.2168,574.64,574.72,87900.0,574.874008147895
2025-03-04 10:09:43.365250-05:00,574.7,575.172,574.54,574.745,70823.0,574.72372668201
2025-03-04 10:10:02.176727-05:00,574.78,575.505,574.23,574.2787,64620.0,574.6187274172087
2025-03-04 10:10:20.152371-05:00,574.275,575.64,574.22,574.35,80976.0,574.3748874987657
2025-03-04 10:10:38.963719-05:00,574.365,574.74,574.0,574.15,91715.0,574.2445511388555
2025-03-04 10:10:51.867643-05:00,574.15,574.84,574.0,574.185,96222.0,574.157798283137
2025-03-04 10:11:13.068376-05:00,574.1999,574.71,574.03,574.11,75505.0,574.1633910787367
2025-03-04 10:11:31.433910-05:00,574.11,575.43,573.97,574.04,65195.0,574.1213341360536
2025-03-04 10:11:59.633274-05:00,574.07,575.6103,574.04,574.3,62329.0,574.2547954547639
2025-03-04 10:12:15.474970-05:00,574.3,574.915,574.23,574.78,83163.0,574.6481807570674
2025-03-04 10:12:32.188792-05:00,574.82,575.4071,574.5414,575.12,83398.0,575.0394899949638
2025-03-04 10:12:52.034371-05:00,575.12,575.19,574.5633,574.905,66295.0,574.9085370842447
2025-03-04 10:13:03.943351-05:00,574.9,575.19,574.5983,575.145,141142.0,575.0029732815182
2025-03-04 10:13:20.164770-05:00,575.145,575.27,574.5883,574.88,72801.0,575.0900350654522
2025-03-04 10:13:44.424521-05:00,574.88,575.4132,574.6425,574.85,71490.0,574.9732989844733
2025-03-04 10:14:02.309444-05:00,574.85,575.35,574.644,575.23,68548.0,575.0352163257867
2025-03-04 10:14:19.077147-05:00,575.24,575.39,574.6585,574.93,77201.0,575.1558954611984
2025-03-04 10:14:41.062956-05:00,574.92,575.48,574.43,574.55,74638.0,574.6252674307989
2025-03-04 10:15:03.063533-05:00,574.55,574.8,574.5,574.6,82223.0,574.6210904150905
2025-03-04 10:15:29.956487-05:00,574.59,575.4967,574.32,574.585,70631.0,574.5596673316243
2025-03-04 10:15:53.027919-05:00,574.59,574.7084,574.08,574.2141,73098.0,574.2601729554843
2025-03-04 10:16:21.761435-05:00,574.2188,574.8249,574.088,574.155,79611.0,574.2358805943903
2025-03-04 10:16:33.578853-05:00,574.1517,575.6394,573.6,573.6,62014.0,573.953336901345
2025-03-04 10:17:01.040116-05:00,573.6,574.4704,573.5,573.7699,60082.0,573.6301989630838
2025-03-04 10:17:20.339540-05:00,573.74,574.6783,573.45,573.45,80499.0,573.5878120647465
2025-03-04 10:17:34.893104-05:00,573.45,576.2943,573.22,573.46,85453.0,573.4360558845207
2025-03-04 10:17:54.353002-05:00,573.45,574.5192,573.26,573.37,67809.0,573.3576057145799
2025-03-04 10:18:10.916951-05:00,573.37,574.89,573.19,573.19,79499.0,573.3692133838166
2025-03-04 10:18:20.455704-05:00,573.19,574.1997,573.0,573.0,84367.0,573.1547107056089
2025-03-04 10:18:26.557619-05:00,573.0,575.9091,572.83,572.9,52579.0,572.9420250708462
2025-03-04 10:18:43.121872-05:00,572.91,573.1573,572.72,572.72,83979.0,572.8619325438499
2025-03-04 10:18:59.108449-05:00,572.72,574.2816,572.57,572.83,87184.0,572.7094186123603
2025-03-04 10:19:12.793048-05:00,572.83,574.2374,572.59,572.72,92254.0,572.7705950939787
2025-03-04 10:19:37.980135-05:00,572.735,575.327,572.5201,572.65,56190.0,572.6303587115152
2025-03-04 10:19:54.424254-05:00,572.65,573.16,572.39,572.63,83440.0,572.558525188159
2025-03-04 10:20:10.224902-05:00,572.64,574.0044,572.61,573.11,84737.0,572.8887460743239
2025-03-04 10:20:28.038789-05:00,573.1199,575.6744,572.49,572.56,76235.0,572.8240500045916
2025-03-04 10:20:49.531961-05:00,572.56,573.2298,572.54,572.92,56952.0,572.8058175463556
2025-03-04 10:21:04.919567-05:00,572.9,573.2,572.84,573.1627,94167.0,573.0336148629567
2025-03-04 10:21:23.726132-05:00,573.1503,573.24,572.9703,573.07,89176.0,573.1073527787748
2025-03-04 10:21:42.499324-05:00,573.0793,575.3612,572.64,572.7593,64170.0,572.8385761555237
2025-03-04 10:22:03.135609-05:00,572.75,573.0081,572.5,572.5,54888.0,572.6955375382604
2025-03-04 10:22:14.457373-05:00,572.5,573.7272,572.23,572.35,76938.0,572.3782206127019
2025-03-04 10:22:29.842674-05:00,572.364,572.9311,572.2863,572.635,77164.0,572.4947630630872
2025-03-04 10:22:49.178352-05:00,572.64,573.06,572.5516,572.85,55819.0,572.8376830469902
2025-03-04 10:23:04.135327-05:00,572.85,573.29,572.81,573.215,63951.0,573.0304756110144
2025-03-04 10:23:20.806509-05:00,573.24,573.36,572.7104,573.3299,84780.0,573.1975301415431
2025-03-04 10:23:33.959137-05:00,573.33,574.5188,572.8451,573.42,93875.0,573.4610633576566
2025-03-04 10:23:47.306726-05:00,573.43,573.55,572.8567,573.41,92464.0,573.3685078949642
2025-03-04 10:24:06.758630-05:00,573.36,573.4,572.9007,573.15,66021.0,573.1821611275199
2025-03-04 10:24:25.618232-05:00,573.155,573.2707,572.9012,573.22,82835.0,573.0353526673501
2025-03-04 10:24:38.905220-05:00,573.23,574.6441,572.944,573.37,96430.0,573.3610379363269
2025-03-04 10:24:58.255429-05:00,573.37,573.55,573.0313,573.4,79467.0,573.4453601482372
2025-03-04 10:25:21.834768-05:00,573.4,573.41,573.03,573.3175,73363.0,573.1902377983455
2025-03-04 10:25:39.517800-05:00,573.32,573.9492,572.4001,573.28,75509.0,573.3627065184273
2025-03-04 10:26:00.462504-05:00,573.28,573.45,573.0996,573.21,81559.0,573.2938780441152
2025-03-04 10:26:11.634361-05:00,573.21,573.24,572.93,573.24,81604.0,573.0492273234158
2025-03-04 10:26:28.292195-05:00,573.24,574.0061,573.1019,573.315,68453.0,573.3514531415713
2025-03-04 10:26:44.871640-05:00,573.3002,573.7,573.1193,573.69,74191.0,573.4398217411816
2025-03-04 10:26:56.394310-05:00,573.69,573.8599,573.094,573.75,102265.0,573.6965019527698
2025-03-04 10:27:07.599861-05:00,573.76,573.8497,573.1973,573.77,88835.0,573.7594048314285
2025-03-04 10:27:16.728559-05:00,573.77,574.08,573.2114,573.93,98530.0,573.9302653100577
2025-03-04 10:27:26.281456-05:00,573.93,574.3,573.91,574.3,130566.0,574.0659184075487
2025-03-04 10:27:36.359555-05:00,574.31,574.52,573.4682,574.48,89619.0,574.4290617938166
2025-03-04 10:27:49.496591-05:00,574.48,574.72,573.2295,574.63,84701.0,574.5863725398751
2025-03-04 10:28:00.331378-05:00,574.6501,574.96,573.5775,574.71,89751.0,574.7871600015596
2025-03-04 10:28:15.323773-05:00,574.715,574.8,573.6777,574.455,78192.0,574.6561231686096
2025-03-04 10:28:30.195429-05:00,574.455,574.8088,573.7067,574.79,116362.0,574.6311586428554
2025-03-04 10:28:51.587979-05:00,574.79,574.89,573.7779,574.8,73454.0,574.7352335094068
2025-03-04 10:29:07.741200-05:00,574.81,574.97,573.4492,574.88,92077.0,574.698597874605
2025-03-04 10:29:23.513167-05:00,574.88,575.05,574.5389,574.7458,93081.0,574.9187501283832
2025-03-04 10:29:50.620895-05:00,574.72,574.78,573.9593,574.405,79497.0,574.4895908235521
2025-03-04 10:30:09.944527-05:00,574.4007,574.7287,573.6049,574.43,82255.0,574.4427685332197
2025-03-04 10:30:33.283055-05:00,574.42,574.93,573.668,574.67,78435.0,574.5655644546448
2025-03-04 10:30:52.452611-05:00,574.63,575.0684,574.1931,574.817,103910.0,574.8505561774613
2025-03-04 10:31:08.414616-05:00,574.8,575.27,574.6298,574.88,94529.0,575.025907399846
2025-03-04 10:31:23.506355-05:00,574.89,575.24,574.3866,575.23,95049.0,575.0618841976244
2025-03-04 10:31:38.698718-05:00,575.23,575.6,574.4742,575.58,82270.0,575.3164017709979
2025-03-04 10:31:57.374783-05:00,575.6,575.6,574.5863,575.39,80889.0,575.315948389769
2025-03-04 10:32:18.235780-05:00,575.41,575.41,574.0231,575.0,72210.0,575.130062323778
2025-03-04 10:32:38.780769-05:00,575.0,575.2586,574.8117,575.125,68033.0,575.0196750062468
2025-03-04 10:32:55.556681-05:00,575.115,575.37,574.8468,575.34,71468.0,575.1739405608104
2025-03-04 10:33:15.398694-05:00,575.35,575.49,574.9175,575.16,72699.0,575.3158129575376
2025-03-04 10:33:30.234463-05:00,575.16,575.85,574.9149,575.79,83221.0,575.5670389432962
2025-03-04 10:33:38.954116-05:00,575.795,576.04,575.0,575.82,93845.0,575.8833518216206
2025-03-04 10:34:00.113019-05:00,575.82,576.1,575.0902,575.86,76891.0,575.9298954129868
2025-03-04 10:34:17.712407-05:00,575.86,576.02,575.1439,575.73,68246.0,575.8119399979482
2025-03-04 10:34:39.030409-05:00,575.73,575.83,575.1897,575.39,84703.0,575.5628691073516
2025-03-04 10:35:04.073578-05:00,575.39,575.7279,575.2372,575.59,68607.0,575.4736245193634
2025-03-04 10:35:30.480265-05:00,575.59,575.82,575.2582,575.66,82309.0,575.6480671481853
2025-03-04 10:35:57.730983-05:00,575.66,575.95,575.4104,575.73,67175.0,575.7401643781162
2025-03-04 10:36:19.637077-05:00,575.73,575.77,575.32,575.43,89054.0,575.538466022862
2025-03-04 10:36:42.965249-05:00,575.43,575.5658,575.17,575.17,77727.0,575.3940101882229
2025-03-04 10:37:00.169216-05:00,575.17,575.5145,575.0,575.26,102670.0,575.2456206603682
2025-03-04 10:37:22.145441-05:00,575.25,575.5037,574.83,575.25,58529.0,575.0522309333829
2025-03-04 10:37:48.819096-05:00,575.25,575.66,575.0,575.5283,63703.0,575.3859533742519
2025-03-04 10:38:02.074049-05:00,575.53,575.87,575.1852,575.525,75431.0,575.6405529835221
2025-03-04 10:38:17.848188-05:00,575.525,575.6,575.04,575.07,32842.0,575.3018311430485
2025-03-04 10:38:33.661335-05:00,575.08,575.5621,574.71,575.06,39450.0,574.9779362154637
2025-03-04 10:38:46.291988-05:00,575.06,575.3333,574.92,575.29,55215.0,575.1474555664228
2025-03-04 10:38:59.581752-05:00,575.29,575.4778,575.1517,575.47,45722.0,575.3245916232888
2025-03-04 10:39:13.222885-05:00,575.46,575.55,575.236,575.2488,42884.0,575.3868509793857
2025-03-04 10:39:27.711812-05:00,575.2599,575.4157,574.8243,574.86,34348.0,575.0724837632471
2025-03-04 10:39:44.612956-05:00,574.86,575.2908,574.52,574.73,50643.0,574.7165755129038
2025-03-04 10:40:12.081672-05:00,574.73,575.3463,574.37,574.57,70613.0,574.652112956538
2025-03-04 10:40:39.472126-05:00,574.5789,575.3106,574.47,574.5,72121.0,574.582313548064
2025-03-04 10:41:11.132325-05:00,574.5,575.3144,574.385,574.74,74935.0,574.5887863454997
2025-03-04 10:41:26.299639-05:00,574.74,575.48,574.6965,575.37,74455.0,575.0743850889797
2025-03-04 10:41:55.004573-05:00,575.35,575.49,574.9303,575.29,73780.0,575.2866319083766
2025-03-04 10:42:22.373121-05:00,575.29,575.47,574.85,574.905,61046.0,575.1867772499428
2025-03-04 10:42:51.281203-05:00,574.9199,575.0712,574.36,574.78,58224.0,574.6251898993536
2025-03-04 10:43:25.376220-05:00,574.78,574.9457,574.36,574.53,65540.0,574.6568684772657
2025-03-04 10:43:51.360006-05:00,574.52,574.956,574.09,574.33,81703.0,574.3247859307489
2025-03-04 10:44:11.266705-05:00,574.33,574.7897,574.2165,574.75,90817.0,574.4620431890501
2025-03-04 10:44:31.792124-05:00,574.72,575.34,574.4958,575.18,85793.0,574.9488666965829
2025-03-04 10:45:01.461679-05:00,575.18,575.38,574.7624,575.25,73835.0,575.1885412907153
2025-03-04 10:45:31.240559-05:00,575.24,575.39,574.7661,575.25,67748.0,575.0866253380167
2025-03-04 10:45:49.954052-05:00,575.21,575.75,574.9022,575.64,92731.0,575.5759916651389
2025-03-04 10:46:15.717915-05:00,575.64,575.64,574.9447,574.99,93933.0,575.3854630832619
2025-03-04 10:46:44.439163-05:00,574.99,575.3774,574.42,574.47,64634.0,574.6888657997333
2025-03-04 10:47:05.130952-05:00,574.47,574.9384,574.2,574.43,78511.0,574.3535124097253
2025-03-04 10:47:29.181541-05:00,574.43,574.8556,573.7631,573.7894,58153.0,574.1231723935136
2025-03-04 10:47:58.213092-05:00,573.7894,574.8076,573.7894,574.25,65710.0,574.018701013544
2025-03-04 10:48:21.672987-05:00,574.25,574.95,574.1761,574.82,69757.0,574.7317526742828
2025-03-04 10:48:46.644722-05:00,574.82,575.15,574.6657,574.83,72341.0,574.9187242766899
2025-03-04 10:49:16.543125-05:00,574.83,575.25,574.6699,575.05,60911.0,575.0217918750308
2025-03-04 10:49:39.190872-05:00,575.06,575.43,574.599,575.28,72579.0,575.2447662243903
2025-03-04 10:50:20.667288-05:00,575.28,575.28,574.5275,574.58,51554.0,574.929384864414
2025-03-04 10:50:53.170851-05:00,574.58,574.8694,574.23,574.28,61094.0,574.5661527105772
2025-03-04 10:51:26.265097-05:00,574.2983,574.8442,574.18,574.4,88483.0,574.4300092740968
2025-03-04 10:51:56.577061-05:00,574.4,574.6338,573.7,573.9408,59759.0,573.9776709232077
2025-03-04 10:52:27.115695-05:00,573.92,574.5716,573.91,573.9708,63011.0,574.0450782990267
2025-03-04 10:52:56.887283-05:00,573.9664,574.7222,573.63,574.09,51154.0,573.8715175802485
2025-03-04 10:53:30.254279-05:00,574.0899,574.5634,573.565,573.6,82986.0,573.821879356759
2025-03-04 10:54:00.902258-05:00,573.6,574.6292,573.49,573.61,71256.0,573.640673251376
2025-03-04 10:54:34.301750-05:00,573.63,574.2442,573.57,573.87,65492.0,573.7635584758442
2025-03-04 10:55:02.192849-05:00,573.87,574.2208,573.6,573.74,88913.0,573.7895688369533
2025-03-04 10:55:31.754699-05:00,573.74,574.4944,573.3901,573.78,59688.0,573.5815857676587
2025-03-04 10:56:06.353885-05:00,573.79,574.3134,573.52,573.75,58373.0,573.6747772377639
2025-03-04 10:56:33.552561-05:00,573.75,574.2542,573.5,573.79,61763.0,573.8698528682222
2025-03-04 10:57:01.904930-05:00,573.79,573.96,573.6968,573.93,79621.0,573.8075385689701
2025-03-04 10:57:39.192758-05:00,573.93,575.1652,573.5,573.7181,53521.0,573.7446330057356
2025-03-04 10:58:14.495274-05:00,573.715,573.88,573.56,573.58,61334.0,573.7175377816537
2025-03-04 10:58:48.231667-05:00,573.57,575.1468,573.48,573.6486,61494.0,573.6572595228794
2025-03-04 10:59:15.915082-05:00,573.65,574.13,573.595,574.12,73816.0,573.8672170518586
2025-03-04 10:59:49.550832-05:00,574.11,575.4347,573.7566,574.2,72312.0,574.1341677923447
2025-03-04 11:00:11.314023-05:00,574.2,574.22,573.8126,574.08,68935.0,574.0730962645973
2025-03-04 11:00:39.192310-05:00,574.08,575.508,573.8394,574.46,60677.0,574.298532397778
2025-03-04 11:01:02.993386-05:00,574.46,574.56,573.8955,574.43,70392.0,574.4257489799973
2025-03-04 11:01:26.976826-05:00,574.43,575.5422,573.651,573.85,59136.0,574.0523107142856
2025-03-04 11:01:57.328493-05:00,573.8681,574.1935,573.6701,573.72,66632.0,573.9050936907191
2025-03-04 11:02:25.679321-05:00,573.72,574.1019,573.55,573.69,66683.0,573.7398002474391
2025-03-04 11:02:52.131945-05:00,573.69,573.988,573.35,573.78,67321.0,573.5819480102784
2025-03-04 11:03:18.618804-05:00,573.7808,574.3,573.6837,574.1198,55502.0,574.0734822943309
2025-03-04 11:03:55.045676-05:00,574.11,574.67,573.8885,574.53,42944.0,574.3736635711622
2025-03-04 11:04:26.288219-05:00,574.5352,574.61,573.94,573.94,68030.0,574.3275726885195
2025-03-04 11:05:10.610532-05:00,573.96,574.2413,573.75,573.83,48431.0,573.8531620429056
2025-03-04 11:05:52.894747-05:00,573.81,574.1347,573.65,573.75,85269.0,573.7793400262698
2025-03-04 11:06:22.531824-05:00,573.75,573.944,573.36,573.51,82954.0,573.6364434433544
2025-03-04 11:07:02.597696-05:00,573.4803,573.885,573.43,573.81,59000.0,573.6057839084745
2025-03-04 11:07:30.721026-05:00,573.82,573.88,573.4,573.51,79786.0,573.5700058544111
2025-03-04 11:08:03.332821-05:00,573.5,573.912,573.375,573.43,56309.0,573.4371533413844
2025-03-04 11:08:10.261694-05:00,573.4499,573.7582,573.02,573.05,108658.0,573.1207542638367
2025-03-04 11:08:17.204844-05:00,573.05,573.6728,572.82,572.86,62847.0,572.9637554966823
2025-03-04 11:08:28.612144-05:00,572.86,573.6026,572.57,572.68,93532.0,572.6848230979774
2025-03-04 11:08:47.794093-05:00,572.68,572.955,572.64,572.79,91601.0,572.7287383784021
2025-03-04 11:09:08.781248-05:00,572.79,573.3449,572.65,572.79,110016.0,572.7831087505451
2025-03-04 11:09:29.461009-05:00,572.79,575.4638,572.55,572.66,105316.0,572.7140773738082
2025-03-04 11:09:49.936009-05:00,572.6622,573.1664,572.51,572.545,89653.0,572.5836199881777
2025-03-04 11:10:14.454244-05:00,572.55,573.4319,572.54,572.77,67014.0,572.7166309442802
2025-03-04 11:10:37.437799-05:00,572.77,575.0133,572.49,572.49,80750.0,572.7553013312697
2025-03-04 11:11:00.568188-05:00,572.49,573.04,572.45,573.03,74216.0,572.639066982861
2025-03-04 11:11:22.437709-05:00,573.02,573.39,572.81,573.39,95071.0,573.0586521694313
2025-03-04 11:11:39.398743-05:00,573.4,574.8577,572.9338,573.65,89450.0,573.5008626416998
2025-03-04 11:12:00.261380-05:00,573.62,573.82,572.9624,573.52,66549.0,573.6038175058978
2025-03-04 11:12:31.182301-05:00,573.5,573.8,572.9619,573.65,64544.0,573.6207374271814
2025-03-04 11:12:53.309847-05:00,573.66,574.15,572.9656,574.09,78461.0,573.9340752463005
2025-03-04 11:13:14.126664-05:00,574.09,574.51,573.0424,574.51,91533.0,574.3204484710432
2025-03-04 11:13:29.830489-05:00,574.51,574.51,573.0907,574.23,105983.0,574.3028601945593
2025-03-04 11:13:59.366599-05:00,574.23,574.59,573.248,574.42,66241.0,574.3330119986116
2025-03-04 11:14:28.917587-05:00,574.43,574.71,573.3671,574.52,80307.0,574.5230082246878
2025-03-04 11:15:01.693396-05:00,574.5,574.76,573.5869,574.51,76152.0,574.5016762107373
2025-03-04 11:15:24.020807-05:00,574.48,574.95,573.4106,574.9,81591.0,574.7245810052578
2025-03-04 11:15:43.721305-05:00,574.9,574.97,573.465,574.81,139069.0,574.8068280795865
2025-03-04 11:16:07.555507-05:00,574.81,575.03,574.74,574.89,62351.0,574.9048582380398
2025-03-04 11:16:25.721236-05:00,574.89,575.079,574.62,574.69,143006.0,574.8102246702924
2025-03-04 11:16:48.903119-05:00,574.6799,575.09,574.4775,574.97,89139.0,574.9186788274488
2025-03-04 11:17:17.233665-05:00,574.99,574.995,574.35,574.43,95543.0,574.6661056257395
2025-03-04 11:17:56.413867-05:00,574.45,574.6124,574.13,574.36,84284.0,574.3465590384892
2025-03-04 11:18:45.172331-05:00,574.36,574.7067,573.95,574.0491,58207.0,574.2113173501476
2025-03-04 11:19:26.512231-05:00,574.055,574.6645,573.64,573.72,77919.0,573.937175975051
2025-03-04 11:20:09.731395-05:00,573.72,574.6216,573.475,573.6,62465.0,573.6454606275518
2025-03-04 11:20:42.199749-05:00,573.6,574.5647,573.5203,574.19,66508.0,573.9746014644853
2025-03-04 11:21:32.755266-05:00,574.19,574.4446,573.82,573.94,62523.0,573.9895334500906
2025-03-04 11:22:18.924889-05:00,573.94,574.3919,573.65,573.72,62957.0,573.8994909176105
2025-03-04 11:22:25.869052-05:00,573.6801,574.38,573.6,573.79,99733.0,574.0200809010059
2025-03-04 11:23:01.333033-05:00,573.79,576.0939,573.6,573.98,64621.0,573.8108897927918
2025-03-04 11:23:44.862962-05:00,573.99,575.7542,573.31,573.31,63189.0,573.6592196695636
2025-03-04 11:24:30.605734-05:00,573.31,574.3699,573.0401,573.3,71225.0,573.2330602358717
2025-03-04 11:25:03.533592-05:00,573.3,573.7793,573.1359,573.21,76357.0,573.3061489175855
2025-03-04 11:25:35.291637-05:00,573.22,574.2408,572.79,572.86,60680.0,573.0565843885954
2025-03-04 11:26:00.010604-05:00,572.87,573.6442,572.69,572.905,56454.0,572.8164848797253
2025-03-04 11:26:19.783269-05:00,572.91,573.4897,572.79,573.03,45535.0,572.9607599472929
2025-03-04 11:26:58.358328-05:00,573.02,573.872,572.978,573.27,61940.0,573.2049657135939
2025-03-04 11:27:40.465558-05:00,573.26,573.5303,572.93,572.93,52756.0,573.1629057832291
2025-03-04 11:28:21.142714-05:00,572.93,573.2088,572.79,572.87,77737.0,572.9476988847009
2025-03-04 11:29:00.664897-05:00,572.8584,573.16,572.65,572.65,69824.0,572.948586087878
2025-03-04 11:29:19.946521-05:00,572.66,573.0645,572.32,572.32,73434.0,572.5667666353462
2025-03-04 11:29:45.251200-05:00,572.31,572.9971,572.3,572.32,85649.0,572.4132809478227
2025-03-04 11:29:54.222782-05:00,572.32,573.11,572.3164,573.08,106263.0,572.6212822515829
2025-03-04 11:30:07.677129-05:00,573.08,573.62,572.41,573.62,88438.0,573.2861545512113
2025-03-04 11:30:21.735797-05:00,573.62,574.005,572.8939,573.99,97563.0,573.786299652532
2025-03-04 11:30:43.023705-05:00,573.99,574.14,573.0319,573.6,120521.0,573.9407063980551
2025-03-04 11:31:18.995761-05:00,573.6,573.79,573.1135,573.5,65199.0,573.5444955888897
2025-03-04 11:31:52.208628-05:00,573.5099,573.8005,573.1582,573.61,68101.0,573.5284762426393
2025-03-04 11:32:26.173750-05:00,573.61,573.68,573.192,573.68,79528.0,573.538645289709
2025-03-04 11:32:49.375055-05:00,573.68,574.22,573.2189,574.19,68863.0,573.920965331165
2025-03-04 11:33:24.960329-05:00,574.19,574.19,573.2816,573.99,70731.0,573.9873071637609
2025-03-04 11:33:57.210987-05:00,573.95,574.1,573.3587,573.81,75513.0,573.9903218584876
2025-03-04 11:34:31.705157-05:00,573.815,573.91,573.304,573.72,72600.0,573.7177910688708
2025-03-04 11:35:06.043609-05:00,573.76,573.97,573.39,573.41,101222.0,573.7705551411747
2025-03-04 11:35:47.918570-05:00,573.42,573.7864,573.29,573.5999,72857.0,573.5069856801678
2025-03-04 11:36:16.936358-05:00,573.58,574.1,573.57,574.1,70468.0,573.8368616222967
2025-03-04 11:36:43.561985-05:00,574.1,574.38,573.4287,573.92,70769.0,574.1590252751909
2025-03-04 11:37:25.603034-05:00,573.92,574.14,573.726,574.02,59744.0,573.9255016219205
2025-03-04 11:37:59.784365-05:00,574.03,574.34,573.8431,574.28,56997.0,574.1494940838991
2025-03-04 11:38:38.189998-05:00,574.29,576.6991,573.5458,573.8,69895.0,573.9859581214682
2025-03-04 11:39:16.564849-05:00,573.8,574.004,573.4,573.8986,63386.0,573.6681891127382
2025-03-04 11:40:03.706647-05:00,573.9,574.03,573.476,573.6,54344.0,573.7596045653611
2025-03-04 11:40:28.763435-05:00,573.585,574.45,573.53,574.37,82357.0,574.0731708780065
2025-03-04 11:41:02.469379-05:00,574.37,574.39,573.8372,574.1701,53899.0,574.2325045436835
2025-03-04 11:41:39.608398-05:00,574.16,574.33,573.9577,574.14,56564.0,574.1537663407826
2025-03-04 11:42:15.964787-05:00,574.14,574.55,573.9926,574.43,60018.0,574.3513296111166
2025-03-04 11:42:50.311049-05:00,574.44,574.71,574.064,574.71,80062.0,574.5212152531786
2025-03-04 11:43:16.125054-05:00,574.71,575.19,574.1123,575.16,83893.0,574.9005591992184
2025-03-04 11:43:29.506777-05:00,575.18,575.42,574.2422,575.11,91758.0,575.2569571252639
2025-03-04 11:44:01.440997-05:00,575.11,575.1286,574.1497,574.94,52388.0,575.0148129495312
2025-03-04 11:44:29.698898-05:00,574.95,575.06,574.5218,575.06,63104.0,574.8704925567318
2025-03-04 11:44:56.971223-05:00,575.06,575.3,574.5914,575.2,63299.0,575.1912700279621
2025-03-04 11:45:25.865376-05:00,575.21,575.28,574.3527,575.24,57549.0,575.1593548628125
2025-03-04 11:45:54.857022-05:00,575.24,575.39,574.7449,575.3,73541.0,575.271545079616
2025-03-04 11:46:25.928067-05:00,575.3,575.41,574.5153,575.225,49486.0,575.3105435880852
2025-03-04 11:46:56.060594-05:00,575.225,575.2813,574.75,575.0,49765.0,575.0212023389938
2025-03-04 11:47:35.848445-05:00,575.0,575.18,574.95,575.05,55956.0,575.0387169436693
2025-03-04 11:48:09.731468-05:00,575.04,575.34,574.648,575.26,91528.0,575.1462134330469
2025-03-04 11:48:48.078709-05:00,575.26,575.27,574.6285,574.835,106614.0,574.9839004567885
2025-03-04 11:49:29.738866-05:00,574.8206,575.1818,574.76,575.1,81981.0,574.9312430050867
2025-03-04 11:49:53.304846-05:00,575.1191,575.89,574.997,575.81,86182.0,575.5596713954185
2025-03-04 11:50:25.857064-05:00,575.825,575.83,574.9362,575.5993,75916.0,575.6420794680964
2025-03-04 11:50:49.797689-05:00,575.58,576.07,575.2144,576.06,95688.0,575.842850647939
2025-03-04 11:51:22.834358-05:00,576.06,576.1,575.3125,575.4,92501.0,575.7469077620789
2025-03-04 11:52:03.849898-05:00,575.41,575.48,575.12,575.165,84073.0,575.2513249949446
2025-03-04 11:52:48.742126-05:00,575.1687,575.6094,574.88,575.31,57294.0,575.0940991953778
2025-03-04 11:53:14.797161-05:00,575.31,576.0,575.1692,575.99,85682.0,575.623208850167
2025-03-04 11:53:33.767177-05:00,576.0,576.14,575.349,576.01,120746.0,576.0392952735499
2025-03-04 11:54:03.389146-05:00,576.02,576.36,575.5754,576.28,78903.0,576.13836259838
2025-03-04 11:54:19.858052-05:00,576.28,576.324,575.84,576.065,137300.0,576.1272007021132
2025-03-04 11:54:54.479571-05:00,576.065,576.22,575.6564,575.91,112815.0,575.9627987918269
2025-03-04 11:55:40.092318-05:00,575.91,576.24,575.5453,576.2,66159.0,575.9862783491286
2025-03-04 11:56:21.317345-05:00,576.21,576.3199,575.5843,576.31,75263.0,576.1694471161134
2025-03-04 11:56:56.168876-05:00,576.32,576.44,575.8806,576.35,70395.0,576.3553055430073
2025-03-04 11:57:25.718327-05:00,576.35,576.53,575.9985,576.42,61609.0,576.3794719342947
2025-03-04 11:58:08.704983-05:00,576.41,576.49,575.7227,576.45,67428.0,576.2883830826948
2025-03-04 11:58:56.558580-05:00,576.445,576.58,576.1411,576.45,69677.0,576.4453450751315
2025-03-04 11:59:17.512228-05:00,576.45,576.48,575.89,576.05,76942.0,576.1881457396476
2025-03-04 11:59:51.802159-05:00,576.05,576.2853,575.82,575.96,70067.0,575.9500752180054
2025-03-04 12:00:25.830256-05:00,575.95,576.2888,575.8413,576.01,79368.0,576.0146868637238
2025-03-04 12:01:08.356014-05:00,576.01,576.2128,575.81,575.82,84924.0,575.9060713273038
2025-03-04 12:01:48.060917-05:00,575.81,576.1728,575.53,575.76,76312.0,575.6933880097484
2025-03-04 12:02:34.738971-05:00,575.78,576.1049,575.63,576.005,60987.0,575.8834898683335
2025-03-04 12:03:32.901013-05:00,575.99,576.14,575.816,575.98,100394.0,575.9438412275636
2025-03-04 12:04:17.949886-05:00,575.98,576.38,575.885,576.37,73376.0,576.0822584768869
2025-03-04 12:05:02.437577-05:00,576.37,576.5399,575.9319,576.2612,56305.0,576.3617508054341
2025-03-04 12:05:54.743406-05:00,576.27,576.32,575.9706,576.28,77077.0,576.159112776834
2025-03-04 12:06:42.419309-05:00,576.28,576.3,575.83,576.0723,59965.0,575.9902916568003
2025-03-04 12:07:38.033505-05:00,575.93,576.0856,575.51,575.51,58994.0,575.7810167457711
2025-03-04 12:08:18.957336-05:00,575.5,576.0549,575.33,575.43,78660.0,575.4889686562426
2025-03-04 12:08:55.984974-05:00,575.41,575.9788,575.335,575.6,73320.0,575.5404644039825
2025-03-04 12:09:47.333173-05:00,575.58,575.8858,575.58,575.66,66302.0,575.732784342856
2025-03-04 12:10:31.307929-05:00,575.67,576.24,575.58,576.15,80043.0,575.9133694251838
2025-03-04 12:11:11.479130-05:00,576.15,576.58,575.7508,576.43,78640.0,576.3136997164298
2025-03-04 12:11:45.977108-05:00,576.41,576.65,575.8207,576.6,98785.0,576.4390159538397
2025-03-04 12:12:16.131801-05:00,576.58,576.73,575.9206,576.54,102922.0,576.569509787995
2025-03-04 12:13:00.970246-05:00,576.54,576.54,576.038,576.25,76620.0,576.3636423858004
2025-03-04 12:13:51.888618-05:00,576.25,576.38,575.956,576.05,83831.0,576.1703797771702
2025-03-04 12:14:43.085573-05:00,576.05,576.29,575.92,576.22,74533.0,576.1174475923419
2025-03-04 12:15:38.058655-05:00,576.22,576.41,576.0115,576.39,72169.0,576.2536366791832
2025-03-04 12:16:19.006492-05:00,576.41,576.7387,576.1195,576.635,123498.0,576.5548032348698
2025-03-04 12:17:02.720029-05:00,576.635,576.83,576.3664,576.79,103333.0,576.6538920828779
2025-03-04 12:17:27.870216-05:00,576.7998,577.7266,576.2222,576.48,106085.0,576.713653158316
2025-03-04 12:18:14.879456-05:00,576.48,576.75,576.36,576.56,83002.0,576.5262454254118
2025-03-04 12:19:10.188562-05:00,576.56,577.7342,576.4802,576.5888,73835.0,576.6384589327556
2025-03-04 12:19:47.076742-05:00,576.5901,577.774,576.47,576.53,92263.0,576.6125626871008
2025-03-04 12:20:23.425965-05:00,576.53,576.87,576.4458,576.81,76655.0,576.741822901311
2025-03-04 12:21:11.211107-05:00,576.81,577.7113,576.5115,576.85,151613.0,576.6587255888348
2025-03-04 12:21:39.068748-05:00,576.8305,577.7603,576.5285,577.2,84927.0,576.9711454802361
2025-03-04 12:22:11.288529-05:00,577.21,577.6299,576.7213,577.61,93347.0,577.4223425884069
2025-03-04 12:22:49.568611-05:00,577.61,577.69,576.93,577.24,102769.0,577.5197943300025
2025-03-04 12:23:29.852580-05:00,577.26,577.43,576.7178,577.385,79782.0,577.2909304354364
2025-03-04 12:24:04.545123-05:00,577.38,577.48,576.7828,577.23,114865.0,577.3807639959962
2025-03-04 12:24:31.318465-05:00,577.23,577.3555,576.8813,577.11,124172.0,577.0781065481751
2025-03-04 12:25:18.274624-05:00,577.12,577.4099,576.9101,577.255,80855.0,577.1793109789131
2025-03-04 12:26:03.234939-05:00,577.25,577.69,576.9832,577.6,67612.0,577.3907111814472
2025-03-04 12:26:28.809639-05:00,577.6,578.0,577.2771,577.79,88251.0,577.7798666111424
2025-03-04 12:27:06.242618-05:00,577.7743,577.96,577.0798,577.95,91384.0,577.838543404754
2025-03-04 12:27:23.870289-05:00,577.94,578.3,577.4348,577.98,100755.0,578.1362700253089
2025-03-04 12:28:02.917261-05:00,577.9799,578.195,577.5299,578.06,92494.0,577.9749593335786
2025-03-04 12:28:37.869138-05:00,578.08,578.57,577.3897,578.38,95720.0,578.2870534141238
2025-03-04 12:29:13.977490-05:00,578.38,578.45,577.7099,578.0,104591.0,578.2244020766606
2025-03-04 12:29:56.242102-05:00,578.0,578.2197,577.77,577.85,84419.0,577.8992605029669
2025-03-04 12:30:32.553480-05:00,577.8319,577.9427,577.54,577.54,100984.0,577.6834672522386
2025-03-04 12:31:07.905229-05:00,577.54,577.9364,577.1291,577.13,95574.0,577.4452247096486
2025-03-04 12:31:44.911863-05:00,577.12,577.9282,576.718,577.12,82460.0,576.9789582731017
2025-03-04 12:32:32.966633-05:00,577.12,577.8449,576.822,577.13,83850.0,577.101646772809
2025-03-04 12:33:13.535709-05:00,577.13,577.6994,576.965,576.965,93333.0,577.3136245422304
2025-03-04 12:34:12.889782-05:00,576.965,577.5994,576.72,577.42,90190.0,577.0366928506488
2025-03-04 12:35:15.187126-05:00,577.42,577.6,577.205,577.415,67289.0,577.3854743152666
2025-03-04 12:36:25.181893-05:00,577.2367,577.82,577.1825,577.79,61167.0,577.5698294603299
2025-03-04 12:37:06.409412-05:00,577.79,578.03,577.2705,577.9514,81704.0,577.9004273450498
2025-03-04 12:37:58.002696-05:00,577.965,578.06,577.389,577.7,63568.0,577.7548978070727
2025-03-04 12:38:38.277743-05:00,577.7,579.078,577.5127,577.835,79574.0,577.8466827694972
2025-03-04 12:39:32.556767-05:00,577.8391,577.86,577.49,577.58,77919.0,577.6601601560595
2025-03-04 12:40:18.601562-05:00,577.58,577.81,577.56,577.79,66800.0,577.6661144221571
2025-03-04 12:40:57.102307-05:00,577.79,578.08,577.4567,577.85,57515.0,577.899565974093
2025-03-04 12:40:57.710175-05:00,577.78,577.96,575.5,577.28,75484.0,577.5307755961528
2025-03-04 12:40:58.276601-05:00,577.28,577.6,576.45,577.09,92963.0,577.1105162419453
2025-03-04 12:41:02.020555-05:00,577.05,577.6052,576.98,577.11,82228.0,577.1546334885926
2025-03-04 12:41:13.347663-05:00,577.11,577.6,576.95,577.48,96930.0,577.1912235819661
2025-03-04 12:41:33.896530-05:00,577.49,577.84,577.34,577.37,106597.0,577.5342912417792
2025-03-04 12:41:58.873827-05:00,577.37,577.5161,576.86,577.32,99255.0,577.1296294070827
2025-03-04 12:42:32.072978-05:00,577.32,577.56,576.95,577.06,88255.0,577.234097909467
2025-03-04 12:42:53.496521-05:00,577.05,577.4222,576.61,576.805,120170.0,576.738789894317
2025-03-04 12:43:26.527308-05:00,576.78,577.42,576.78,577.4,91316.0,577.0776044176268
2025-03-04 12:44:04.429089-05:00,577.39,577.65,577.17,577.54,83469.0,577.3672962453127
2025-03-04 12:44:57.374194-05:00,577.54,577.54,577.1387,577.33,80651.0,577.3618440998869
2025-03-04 12:45:33.231829-05:00,577.33,577.74,577.08,577.65,88249.0,577.4067909857337
2025-03-04 12:46:00.879303-05:00,577.65,578.1,577.2492,577.86,97509.0,577.9265760637488
2025-03-04 12:46:45.455537-05:00,577.85,578.12,577.2981,578.075,76426.0,577.9676031834722
2025-03-04 12:47:26.163096-05:00,578.0763,578.11,577.3524,577.89,98640.0,577.9055350476476
2025-03-04 12:48:10.689516-05:00,577.88,578.09,577.4458,578.05,72107.0,577.8849398130553
2025-03-04 12:48:57.253442-05:00,578.05,578.18,577.59,577.6,81136.0,577.9629423239996
2025-03-04 12:49:26.015860-05:00,577.6,577.764,577.33,577.52,91355.0,577.4946901811611
2025-03-04 12:50:09.043474-05:00,577.52,577.7714,577.097,577.13,87182.0,577.3839243433281
2025-03-04 12:50:40.654120-05:00,577.13,577.7558,576.795,576.89,94592.0,577.0191614555141
2025-03-04 12:51:37.170874-05:00,576.89,577.6591,576.72,576.84,98864.0,576.8372771362681
2025-03-04 12:52:08.606606-05:00,576.84,577.4427,576.39,576.4103,98733.0,576.7174209089159
2025-03-04 12:52:31.652439-05:00,576.4,577.3304,576.09,576.15,103633.0,576.3576161396472
2025-03-04 12:53:07.729348-05:00,576.15,577.2781,575.93,576.19,89758.0,576.0585102085611
2025-03-04 12:53:53.186287-05:00,576.19,576.64,576.18,576.61,86802.0,576.3931030563809
2025-03-04 12:54:18.792412-05:00,576.61,577.29,576.6,577.15,108450.0,577.0178132752416
2025-03-04 12:55:18.367582-05:00,577.15,577.1764,576.6121,576.99,85575.0,577.0160647770961
2025-03-04 12:56:29.420995-05:00,576.99,577.1287,576.55,576.6,569892.0,576.7857167103588
2025-03-04 12:57:14.911719-05:00,576.6,577.0475,576.3,576.39,88805.0,576.5305579190356
2025-03-04 12:57:58.487947-05:00,576.39,576.7115,576.38,576.43,76803.0,576.5217717055332
2025-03-04 12:59:05.428794-05:00,576.41,576.7614,576.23,576.3563,61886.0,576.4275774472424
2025-03-04 13:00:13.990756-05:00,576.3494,576.7174,576.18,576.53,83775.0,576.396209544614
2025-03-04 13:01:04.585611-05:00,576.5125,576.91,576.47,576.54,69617.0,576.7068494060362
2025-03-04 13:01:44.317589-05:00,576.54,576.62,576.03,576.3151,110945.0,576.3345696606426
2025-03-04 13:02:27.151072-05:00,576.34,576.6228,576.2,576.3,108572.0,576.4286085307443
2025-03-04 13:03:18.171163-05:00,576.3,576.7587,576.15,576.7,85523.0,576.4460504180161
2025-03-04 13:04:05.173321-05:00,576.7,577.31,576.4437,577.31,80116.0,576.985148101503
2025-03-04 13:05:08.741552-05:00,577.31,577.31,576.5373,576.9,88770.0,577.0058486650892
2025-03-04 13:05:43.091935-05:00,576.9,577.47,576.6308,577.21,85215.0,577.2407264859474
2025-03-04 13:06:36.635620-05:00,577.1901,577.38,576.7223,576.92,92722.0,577.1465124307073
2025-03-04 13:07:53.493281-05:00,576.92,577.31,576.6841,577.098,72082.0,577.0970777697628
2025-03-04 13:08:31.628254-05:00,577.0999,578.19,577.0337,578.19,78374.0,577.6195384655624
2025-03-04 13:09:11.625985-05:00,578.19,578.49,577.217,578.27,75317.0,578.2595415284728
2025-03-04 13:09:32.268280-05:00,578.27,578.54,577.0184,578.4,102518.0,578.3957654567982
2025-03-04 13:10:15.338130-05:00,578.39,578.89,577.6,578.87,80922.0,578.5142204517929
2025-03-04 13:10:41.917455-05:00,578.87,579.27,577.3979,579.2063,102389.0,578.9857772622062
2025-03-04 13:11:13.796236-05:00,579.21,579.45,578.5949,579.385,102127.0,579.2230233503384
2025-03-04 13:11:59.905698-05:00,579.3809,579.43,578.3802,579.23,89948.0,579.2479504980658
2025-03-04 13:12:54.221953-05:00,579.22,579.85,577.9592,579.585,74499.0,579.4919329507778
2025-03-04 13:13:27.336573-05:00,579.5729,580.05,578.7464,580.02,89386.0,579.7481626954999
2025-03-04 13:14:05.524235-05:00,580.0268,580.0811,578.4418,579.7309,110626.0,579.7539181440164
2025-03-04 13:15:07.118515-05:00,579.75,579.94,578.6041,579.72,89007.0,579.7519245969407
2025-03-04 13:15:37.820851-05:00,579.72,579.79,579.3,579.38,113681.0,579.4731156261814
2025-03-04 13:16:15.007473-05:00,579.38,579.59,579.17,579.54,102088.0,579.3609719790765
2025-03-04 13:16:44.779526-05:00,579.54,579.5608,578.67,578.73,93242.0,579.0603420325604
2025-03-04 13:17:04.045022-05:00,578.73,579.4938,578.5,578.54,104577.0,578.6555912141295
2025-03-04 13:18:03.269536-05:00,578.5201,579.404,578.31,578.52,68777.0,578.5684605885698
2025-03-04 13:18:55.209206-05:00,578.5326,579.316,578.04,578.5,75879.0,578.3104347724669
2025-03-04 13:20:00.383035-05:00,578.46,579.1754,578.4389,578.8199,86936.0,578.8419547253158
2025-03-04 13:21:16.786908-05:00,578.77,578.9276,578.3,578.32,55747.0,578.6014004054031
2025-03-04 13:22:42.071961-05:00,578.305,578.6792,578.14,578.15,57429.0,578.4155595744314
2025-03-04 13:23:27.192311-05:00,578.16,579.1037,577.58,577.669,73180.0,577.9928372629129
2025-03-04 13:24:21.152969-05:00,577.66,578.4583,577.5102,577.76,118632.0,577.7914872892642
2025-03-04 13:25:27.770486-05:00,577.7847,578.149,577.55,577.7499,81098.0,577.8603693629931
2025-03-04 13:26:21.120050-05:00,577.72,578.4637,577.574,578.0601,93291.0,577.878874682445
2025-03-04 13:27:30.592541-05:00,578.06,578.07,577.6,577.68,62403.0,577.7493693027575
2025-03-04 13:28:33.744311-05:00,577.686,578.1159,577.25,577.4201,56167.0,577.5362565225137
2025-03-04 13:29:39.994602-05:00,577.43,577.7814,577.32,577.55,84945.0,577.4816130413793
2025-03-04 13:30:40.498126-05:00,577.58,577.8909,577.278,577.278,48650.0,577.435222581705
2025-03-04 13:31:18.636860-05:00,577.29,577.7426,576.965,577.27,60776.0,577.1404683098588
2025-03-04 13:32:03.717632-05:00,577.27,577.6903,577.07,577.48,63820.0,577.2932931729866
2025-03-04 13:32:36.759398-05:00,577.465,577.83,577.2991,577.82,65701.0,577.6164530920378
2025-03-04 13:33:22.144652-05:00,577.83,577.98,577.4299,577.825,75408.0,577.8469261059831
2025-03-04 13:34:17.369849-05:00,577.83,578.3,577.4989,578.25,75063.0,578.104208343658
2025-03-04 13:35:06.386767-05:00,578.235,579.0086,577.6242,578.23,76869.0,578.195888646919
2025-03-04 13:36:09.686116-05:00,578.28,579.0742,577.7156,578.19,75134.0,578.2183724026405
2025-03-04 13:37:08.959968-05:00,578.19,578.48,577.84,577.94,64790.0,578.1420262154654
2025-03-04 13:38:10.262856-05:00,577.94,578.57,577.7701,578.47,77503.0,578.186004488858
2025-03-04 13:39:18.924532-05:00,578.47,578.69,577.8655,578.65,67200.0,578.4087235833334
2025-03-04 13:40:14.548631-05:00,578.65,578.87,577.903,578.855,60131.0,578.6825009196593
2025-03-04 13:41:22.852847-05:00,578.88,578.97,578.0214,578.78,62040.0,578.8196349371378
2025-03-04 13:42:14.242270-05:00,578.78,579.37,578.1585,579.37,66515.0,579.0294005021428
2025-03-04 13:42:50.915638-05:00,579.36,579.54,578.327,579.32,82986.0,579.4228449280604
2025-03-04 13:43:36.955103-05:00,579.32,579.41,578.5662,579.14,83065.0,579.2455143670618
2025-03-04 13:44:29.612854-05:00,579.1399,579.282,578.6079,578.9493,70424.0,578.9615259513805
2025-03-04 13:45:31.829023-05:00,578.95,579.19,578.84,578.9,85954.0,579.0304888649744
2025-03-04 13:46:38.487270-05:00,578.902,579.1697,578.845,579.12,72579.0,579.0582786205376
2025-03-04 13:47:44.395691-05:00,579.125,579.65,578.88,579.65,67925.0,579.2412696886266
2025-03-04 13:48:52.024939-05:00,579.65,579.72,579.1259,579.3801,67258.0,579.4784455291569
2025-03-04 13:50:02.198469-05:00,579.384,579.4618,578.9,578.92,75528.0,579.208187109416
2025-03-04 13:51:10.509609-05:00,578.9213,581.1958,578.75,579.09,68151.0,578.9812265175855
2025-03-04 13:52:37.884089-05:00,579.0788,579.62,578.9979,579.6,50092.0,579.2706784316856
2025-03-04 13:53:44.419180-05:00,579.6189,579.83,579.1978,579.75,61283.0,579.6842026271559
2025-03-04 13:54:25.261716-05:00,579.74,579.94,579.2245,579.75,128506.0,579.7477621916483
2025-03-04 13:55:29.053480-05:00,579.76,580.05,579.4161,580.05,74803.0,579.8619493683411
2025-03-04 13:56:17.212243-05:00,580.05,580.3225,579.4946,580.17,75380.0,580.121243660122
2025-03-04 13:57:12.602264-05:00,580.17,580.53,574.1723,580.43,65581.0,580.14921755539
2025-03-04 13:58:20.479421-05:00,579.909,580.62,579.6991,580.61,67563.0,580.4728847653305
2025-03-04 13:58:55.850370-05:00,580.61,580.83,580.0049,580.67,81182.0,580.6726955803017
2025-03-04 13:59:38.610538-05:00,580.67,580.7,580.1782,580.29,75953.0,580.3787217845249
2025-03-04 14:00:24.444170-05:00,580.29,580.4649,580.14,580.24,87036.0,580.254777728756
2025-03-04 14:01:04.066587-05:00,580.25,580.51,580.2101,580.345,89737.0,580.3428306083335
2025-03-04 14:01:52.628400-05:00,580.34,580.55,580.1195,580.46,91643.0,580.3740962441213
2025-03-04 14:02:02.127590-05:00,580.46,581.0,580.45,581.0,143547.0,580.738070104564
2025-03-04 14:02:07.343804-05:00,581.0,581.37,580.4897,581.36,107496.0,581.1653171559876
2025-03-04 14:02:18.012071-05:00,581.36,581.65,580.6717,581.33,109745.0,581.4827426033079
2025-03-04 14:02:41.528889-05:00,581.33,581.72,580.5031,581.56,102229.0,581.4307941621266
2025-03-04 14:03:06.183329-05:00,581.56,581.56,580.8008,581.22,102160.0,581.3026961834374
2025-03-04 14:03:35.357753-05:00,581.22,581.68,580.8617,581.58,104951.0,581.4212730321766
2025-03-04 14:04:02.174509-05:00,581.58,581.82,580.9719,581.71,91872.0,581.7078190395334
2025-03-04 14:04:45.512217-05:00,581.71,581.738,580.818,581.46,103211.0,581.4557233666955
2025-03-04 14:05:22.850007-05:00,581.465,581.7563,581.1,581.72,110240.0,581.5090052984398
2025-03-04 14:05:50.537179-05:00,581.72,581.8388,580.9545,581.5699,136055.0,581.643627510198
2025-03-04 14:06:22.867948-05:00,581.57,581.85,581.4111,581.69,261295.0,581.498327961882
2025-03-04 14:07:08.372158-05:00,581.67,582.04,581.3037,581.94,77490.0,581.868257428055
2025-03-04 14:07:38.531654-05:00,581.94,582.29,580.8803,582.23,94751.0,582.1095383352152
2025-03-04 14:08:19.054911-05:00,582.24,582.53,581.2231,582.37,91983.0,582.3171837100329
2025-03-04 14:08:51.030046-05:00,582.37,582.51,581.6873,582.47,98093.0,582.3705627333238
2025-03-04 14:09:24.707840-05:00,582.47,582.49,581.3575,582.24,87354.0,582.3416437930724
2025-03-04 14:09:50.569667-05:00,582.24,582.3549,581.9265,582.03,118381.0,582.1783826990811
2025-03-04 14:10:31.073568-05:00,582.04,582.2299,582.0088,582.09,94824.0,582.1237983358631
2025-03-04 14:10:50.717229-05:00,582.0724,582.09,581.54,581.6099,137732.0,581.7551628452354
2025-03-04 14:11:13.419647-05:00,581.59,582.0641,581.33,581.33,104333.0,581.5279982690043
2025-03-04 14:11:41.943084-05:00,581.34,582.0386,581.19,581.37,108013.0,581.2947708396214
2025-03-04 14:12:39.571982-05:00,581.3863,581.9744,581.3018,581.5307,94583.0,581.6524529672347
2025-03-04 14:13:42.370336-05:00,581.53,581.9163,581.3338,581.37,63987.0,581.5860430790635
2025-03-04 14:14:33.821949-05:00,581.37,581.8417,581.25,581.485,79246.0,581.3726542929616
2025-03-04 14:15:41.052200-05:00,581.47,581.8455,581.245,581.36,55955.0,581.4720630721112
2025-03-04 14:16:33.971402-05:00,581.36,591.591,581.29,581.68,87529.0,581.5373621496872
2025-03-04 14:17:11.856016-05:00,581.68,581.9,581.5244,581.76,77997.0,581.7283925971519
2025-03-04 14:18:23.868275-05:00,581.8,581.92,581.5515,581.875,68519.0,581.7782832061174
2025-03-04 14:19:29.678125-05:00,581.875,582.03,581.57,581.73,67361.0,581.7888307729992
2025-03-04 14:20:33.540323-05:00,581.73,581.88,581.63,581.68,74887.0,581.7265422129342
2025-03-04 14:21:23.321004-05:00,581.68,582.03,581.6148,581.982,80970.0,581.9181348412993
2025-03-04 14:22:22.381556-05:00,581.99,582.24,581.7818,582.1401,77508.0,582.1324005805858
2025-03-04 14:23:16.640256-05:00,582.16,582.45,581.7183,582.45,98240.0,582.2796328959699
2025-03-04 14:23:46.714441-05:00,582.45,582.86,581.9976,582.79,88543.0,582.5574651434905
2025-03-04 14:24:18.875407-05:00,582.79,582.92,582.2109,582.43,90429.0,582.73522076325
2025-03-04 14:25:04.477942-05:00,582.42,582.7682,582.037,582.65,80163.0,582.4983879270981
2025-03-04 14:25:33.611325-05:00,582.65,582.93,582.33,582.875,129874.0,582.8441367533151
2025-03-04 14:26:17.022000-05:00,582.875,582.91,582.2309,582.52,90901.0,582.7239512249586
2025-03-04 14:26:45.044586-05:00,582.51,582.7513,581.93,582.01,86185.0,582.2096252271275
2025-03-04 14:27:27.125852-05:00,582.01,582.5679,581.65,581.9,66317.0,581.8620359440264
2025-03-04 14:28:07.738344-05:00,581.89,582.7005,581.37,581.65,75798.0,581.6078956212561
2025-03-04 14:29:09.011221-05:00,581.6301,582.4271,581.6,581.81,66656.0,581.8942411590863
2025-03-04 14:29:48.145391-05:00,581.83,582.3024,581.3,581.47,84474.0,581.4559719594203
2025-03-04 14:30:22.510224-05:00,581.47,582.1401,581.35,581.45,102310.0,581.5203423389702
2025-03-04 14:31:06.796123-05:00,581.465,581.8186,581.18,581.45,85882.0,581.4446936389469
2025-03-04 14:31:25.783891-05:00,581.44,581.7032,581.08,581.2,100989.0,581.2308116577052
2025-03-04 14:31:58.705654-05:00,581.2,581.52,580.861,580.9,76052.0,581.26077947457
2025-03-04 14:32:51.614988-05:00,580.9,582.0397,580.878,581.55,66038.0,581.2635884445317
2025-03-04 14:33:37.469622-05:00,581.55,581.58,580.85,580.96,81365.0,581.171144632213
2025-03-04 14:34:22.419955-05:00,580.96,581.9098,580.8,581.25,90668.0,581.0326452210265
2025-03-04 14:35:03.165796-05:00,581.2712,581.6991,581.09,581.39,114152.0,581.3457741230995
2025-03-04 14:36:01.762639-05:00,581.3689,581.43,581.048,581.4075,58688.0,581.2720492621999
2025-03-04 14:36:38.539666-05:00,581.4,581.67,581.18,581.64,89967.0,581.48118359843
2025-03-04 14:37:27.183312-05:00,581.64,581.94,581.263,581.87,71609.0,581.7130457847478
2025-03-04 14:38:10.648412-05:00,581.889,582.08,581.3145,581.83,92476.0,581.8834219678612
2025-03-04 14:38:58.084470-05:00,581.83,582.1269,581.4333,581.72,99320.0,581.8389966049132
2025-03-04 14:39:57.497991-05:00,581.72,582.01,581.445,581.94,68975.0,581.8615963465027
2025-03-04 14:40:37.453612-05:00,581.94,582.3985,581.7042,582.34,107974.0,582.0974076657347
2025-03-04 14:41:20.275104-05:00,582.34,582.37,581.5349,581.91,61226.0,582.0330454676116
2025-03-04 14:42:05.533894-05:00,581.895,582.4703,581.57,581.6,80806.0,581.7251957193773
2025-03-04 14:43:02.823011-05:00,581.62,582.2585,581.5625,581.82,71968.0,581.7652303120827
2025-03-04 14:43:56.562745-05:00,581.82,582.1213,581.61,582.09,88231.0,581.9241097720751
2025-03-04 14:44:44.562802-05:00,582.09,582.42,581.781,582.2,93562.0,582.2602324127317
2025-03-04 14:45:39.312084-05:00,582.2,582.29,581.9854,582.115,141756.0,582.1163825672278
2025-03-04 14:46:22.646460-05:00,582.1,582.63,581.9016,582.6299,103706.0,582.3255126308989
2025-03-04 14:46:57.448473-05:00,582.2755,582.94,582.0655,582.74,120303.0,582.814448653815
2025-03-04 14:47:15.085695-05:00,582.74,582.86,582.1489,582.62,123680.0,582.6736668402331
2025-03-04 14:47:48.815223-05:00,582.61,582.76,582.18,582.2715,101402.0,582.4325439162938
2025-03-04 14:48:38.908501-05:00,582.3,582.6,581.992,582.33,74946.0,582.2278396338697
2025-03-04 14:49:05.130838-05:00,582.33,582.52,581.92,582.06,105509.0,582.2077901572383
2025-03-04 14:49:40.696617-05:00,582.06,582.447,581.94,582.13,96579.0,582.0625958241444
2025-03-04 14:50:39.781203-05:00,582.13,582.3945,581.91,582.23,94815.0,582.1813328144285
2025-03-04 14:51:27.055082-05:00,582.23,582.46,582.1342,582.33,75357.0,582.3286449765782
2025-03-04 14:52:17.942237-05:00,582.33,582.78,582.254,582.71,239011.0,582.4674505863745
2025-03-04 14:53:15.313323-05:00,582.7286,582.79,582.2822,582.71,107490.0,582.6579315592146
2025-03-04 14:54:12.568420-05:00,582.725,582.76,582.3335,582.39,75342.0,582.5085751227726
2025-03-04 14:55:15.905523-05:00,582.4,582.6117,582.18,582.545,60824.0,582.3614676657244
2025-03-04 14:55:59.370846-05:00,582.5494,582.78,582.417,582.715,101326.0,582.6784645234197
2025-03-04 14:57:01.166596-05:00,582.72,582.87,582.4548,582.57,103688.0,582.7439937176908
2025-03-04 14:58:09.617688-05:00,582.58,582.7296,582.4292,582.52,85540.0,582.5616759340661
2025-03-04 14:58:51.868821-05:00,582.52,582.96,582.36,582.96,82444.0,582.661675846635
2025-03-04 14:59:19.286856-05:00,582.96,583.15,582.6129,583.08,110292.0,583.0383843098318
2025-03-04 15:00:10.710653-05:00,583.09,583.0987,582.6086,583.05,112904.0,582.9681061202434
2025-03-04 15:00:50.149887-05:00,583.05,583.24,582.681,582.99,77719.0,583.1351429187207
2025-03-04 15:01:43.455262-05:00,582.99,583.41,582.8677,583.4,73356.0,583.1949183379677
2025-03-04 15:02:21.096034-05:00,583.4,583.63,582.8084,583.44,79504.0,583.4603072801361
2025-03-04 15:03:00.886128-05:00,583.43,583.54,583.0113,583.14,105539.0,583.3108971574493
2025-03-04 15:03:38.924663-05:00,583.14,583.328,582.49,582.5,71665.0,582.9214070103953
2025-03-04 15:04:05.754700-05:00,582.5,583.1938,582.28,582.29,83717.0,582.4858282953289
2025-03-04 15:04:46.711307-05:00,582.27,583.0639,582.2,582.61,87673.0,582.3603551538099
2025-03-04 15:05:55.812559-05:00,582.62,592.0,582.27,582.54,92850.0,582.4866042563266
2025-03-04 15:06:52.410317-05:00,582.56,582.8783,582.21,582.87,66486.0,582.422885875221
2025-03-04 15:07:37.978822-05:00,582.89,583.11,582.4419,583.0691,432708.0,582.7717442071795
2025-03-04 15:08:28.821634-05:00,583.0681,583.31,582.5854,583.19,74588.0,583.1241083833863
2025-03-04 15:09:20.021268-05:00,583.1825,583.35,582.6343,583.04,66432.0,583.1831037722784
2025-03-04 15:10:06.886521-05:00,583.04,583.1556,582.7825,583.08,55770.0,583.02645673839
2025-03-04 15:10:57.812346-05:00,583.07,583.5,582.8785,583.5,60001.0,583.2950889651831
2025-03-04 15:11:24.888444-05:00,583.5,583.74,582.943,583.39,114204.0,583.5314777485901
2025-03-04 15:11:56.744234-05:00,583.39,583.44,583.09,583.33,126290.0,583.2250121711934
2025-03-04 15:12:46.880576-05:00,583.33,583.4199,582.9836,583.35,82680.0,583.2551925326565
2025-03-04 15:13:26.134227-05:00,583.33,583.77,583.2643,583.77,67752.0,583.5336771106399
2025-03-04 15:13:48.178572-05:00,583.77,583.78,583.0551,583.66,112437.0,583.7656016951721
2025-03-04 15:14:33.058733-05:00,583.66,583.69,583.1974,583.32,75867.0,583.4706574610834
2025-03-04 15:15:29.017676-05:00,583.32,583.68,583.2248,583.52,57710.0,583.4787208767979
2025-03-04 15:16:13.177420-05:00,583.54,583.56,583.23,583.3,68295.0,583.4069238143344
2025-03-04 15:16:52.700836-05:00,583.3,583.5092,582.94,583.04,85393.0,583.1246312308973
2025-03-04 15:17:33.357881-05:00,583.04,583.62,583.03,583.62,84126.0,583.3648752490329
2025-03-04 15:17:53.642106-05:00,583.61,583.87,583.3248,583.8288,104880.0,583.7706341838293
2025-03-04 15:18:34.060787-05:00,583.82,583.98,583.474,583.715,99060.0,583.8263648526146
2025-03-04 15:19:26.346338-05:00,583.71,583.91,583.5174,583.85,87904.0,583.7559042535041
2025-03-04 15:19:59.225302-05:00,583.85,584.11,583.5219,583.9624,99905.0,583.9776149772287
2025-03-04 15:20:40.351368-05:00,583.97,584.1988,583.5565,583.995,83963.0,584.0652399926166
2025-03-04 15:21:20.052950-05:00,583.9441,584.13,583.5926,584.1,87690.0,584.0295527175291
2025-03-04 15:21:42.209271-05:00,584.1,584.6,583.6072,584.6,77166.0,584.3889612523659
2025-03-04 15:22:01.374732-05:00,584.6,584.73,583.772,584.58,115263.0,584.6355375471738
2025-03-04 15:22:31.568276-05:00,584.58,585.0,584.0299,585.0,83901.0,584.7218852969571
2025-03-04 15:22:47.444724-05:00,585.0,585.06,584.26,584.79,100045.0,584.934262039082
2025-03-04 15:23:13.461222-05:00,584.79,584.9,584.0942,584.89,114783.0,584.7435582368472
2025-03-04 15:23:36.527739-05:00,584.88,585.18,584.3671,584.95,65217.0,585.0222797905453
2025-03-04 15:24:09.408083-05:00,584.91,585.14,584.1146,585.14,64332.0,584.960093266181
2025-03-04 15:24:30.945629-05:00,585.14,585.33,584.5177,585.279,74788.0,585.1960536650267
2025-03-04 15:25:03.170014-05:00,585.29,585.39,584.5813,585.07,720752.0,585.2602980301127
2025-03-04 15:25:26.235724-05:00,585.07,585.17,584.78,585.0,109530.0,584.8977262430384
2025-03-04 15:26:00.465676-05:00,585.0,585.0597,584.3426,584.75,66252.0,584.8672934749133
2025-03-04 15:26:28.995158-05:00,584.75,585.0028,584.6,584.6212,97397.0,584.7066357269737
2025-03-04 15:27:09.252977-05:00,584.635,584.9483,584.51,584.76,76396.0,584.771881416566
2025-03-04 15:27:43.935472-05:00,584.792,584.9305,584.5223,584.89,69227.0,584.781652769874
2025-03-04 15:28:20.836731-05:00,584.89,584.9182,584.31,584.64,58238.0,584.5654702702707
2025-03-04 15:28:50.232432-05:00,584.65,584.8855,584.3,584.3,69201.0,584.4877861172528
2025-03-04 15:29:24.379259-05:00,584.3,584.8423,584.06,584.17,74568.0,584.1924255431281
2025-03-04 15:29:44.990397-05:00,584.17,584.9025,583.79,583.88,106128.0,583.9807685483555
2025-03-04 15:30:13.696048-05:00,583.88,584.6033,583.52,583.59,107717.0,583.8226023877381
2025-03-04 15:30:39.794459-05:00,583.575,584.5923,583.23,583.23,87992.0,583.4184551447864
2025-03-04 15:30:57.252835-05:00,583.23,584.24,582.77,582.9,94649.0,583.1122383543416
2025-03-04 15:31:13.287188-05:00,582.9,584.4533,582.55,582.57,94456.0,582.7333602756838
2025-03-04 15:31:30.224610-05:00,582.57,583.9434,582.1,582.15,111751.0,582.4004172705387
2025-03-04 15:31:40.285397-05:00,582.15,583.8151,581.87,582.04,122478.0,582.0122319690072
2025-03-04 15:31:56.903969-05:00,582.04,583.1657,581.93,582.0,124622.0,582.164170150535
2025-03-04 15:32:10.536592-05:00,582.0,583.2692,581.65,581.77,95705.0,581.8622196123508
2025-03-04 15:32:23.817707-05:00,581.77,582.8059,581.49,581.59,110841.0,581.6610161483561
2025-03-04 15:32:36.694887-05:00,581.57,583.1559,581.31,581.54,110559.0,581.4471391021996
2025-03-04 15:32:53.661113-05:00,581.54,582.8314,581.37,581.37,116644.0,581.57697784541
2025-03-04 15:33:05.989514-05:00,581.37,581.9739,581.23,581.4,121627.0,581.4420805240609
2025-03-04 15:33:29.205126-05:00,581.41,583.2773,580.875,580.89,78748.0,581.2930088230813
2025-03-04 15:33:42.470679-05:00,580.86,582.3733,580.76,580.945,112110.0,580.9848216840604
2025-03-04 15:33:53.874108-05:00,580.9,581.4495,580.56,580.6,130656.0,580.7490800246454
2025-03-04 15:34:09.135643-05:00,580.61,581.9156,580.44,580.48,112900.0,580.6141934348983
2025-03-04 15:34:19.238833-05:00,580.48,582.8057,580.35,580.95,109781.0,580.7168046374137
2025-03-04 15:34:32.385255-05:00,580.95,582.1793,580.63,581.0,103935.0,580.8533553191895
2025-03-04 15:34:53.062727-05:00,580.9999,581.8141,580.69,580.87,99348.0,580.8700639902165
2025-03-04 15:35:06.141593-05:00,580.86,581.6712,580.83,580.89,110899.0,581.0697378750028
2025-03-04 15:35:17.281210-05:00,580.88,582.3072,580.45,580.54,98445.0,580.6070282858454
2025-03-04 15:35:33.866483-05:00,580.54,581.8724,580.49,581.2,109683.0,580.8989796313012
2025-03-04 15:35:52.785843-05:00,581.21,581.5,580.9617,581.38,113453.0,581.3410614210288
2025-03-04 15:36:13.644458-05:00,581.3526,582.1349,581.0449,581.2399,109702.0,581.3168833138867
2025-03-04 15:36:35.563191-05:00,581.2314,581.6467,580.93,581.03,114236.0,581.1827981511962
2025-03-04 15:37:07.770963-05:00,581.03,581.9679,580.76,580.7901,86742.0,580.9568971467104
2025-03-04 15:37:35.574644-05:00,580.8,581.3805,580.62,580.72,98563.0,580.7727660014413
2025-03-04 15:37:58.020920-05:00,580.71,581.7837,580.47,580.9614,96115.0,580.6486629901682
2025-03-04 15:38:15.607432-05:00,580.62,580.989,580.17,580.3,84136.0,580.4535365313297
2025-03-04 15:38:39.304540-05:00,580.3,581.6177,580.12,580.485,93234.0,580.3596049799426
2025-03-04 15:39:08.468402-05:00,580.49,581.6003,580.15,580.32,85125.0,580.4342305538912
2025-03-04 15:39:19.464059-05:00,580.315,580.852,579.98,580.0,105635.0,580.1965449926629
2025-03-04 15:39:47.491216-05:00,580.0,581.4471,579.97,580.1996,90052.0,580.2316077743975
2025-03-04 15:40:10.337678-05:00,580.14,581.3215,579.87,580.12,92511.0,580.0706457923925
2025-03-04 15:40:16.317503-05:00,580.12,580.42,579.96,580.0,137583.0,580.0748250924898
2025-03-04 15:40:30.023347-05:00,580.0,580.6126,579.87,579.99,130443.0,580.0194982666757
2025-03-04 15:40:44.492201-05:00,579.99,580.574,579.47,579.65,110664.0,579.6548457863446
2025-03-04 15:40:54.156869-05:00,579.65,580.9936,579.445,579.445,117155.0,579.5940977559636
2025-03-04 15:41:02.538863-05:00,579.445,594.78,579.2,579.56,108921.0,579.3867391311137
2025-03-04 15:41:14.611029-05:00,579.56,580.8405,579.385,579.63,106162.0,579.5806691782375
2025-03-04 15:41:27.873445-05:00,579.63,580.407,579.24,579.34,111624.0,579.4541205744277
2025-03-04 15:41:42.494803-05:00,579.34,580.7338,579.02,579.09,98550.0,579.1799092917303
2025-03-04 15:41:59.658168-05:00,579.09,579.975,579.06,579.17,99819.0,579.1891267333878
2025-03-04 15:42:12.924693-05:00,579.17,579.9233,578.88,579.0625,82993.0,579.0497326919135
2025-03-04 15:42:29.671003-05:00,579.04,580.4787,578.95,579.54,109477.0,579.3706883939093
2025-03-04 15:42:43.129009-05:00,579.58,579.8769,579.3496,579.39,141736.0,579.5277866688772
2025-03-04 15:43:00.214411-05:00,579.39,579.754,579.0,579.57,82516.0,579.3525406248483
2025-03-04 15:43:15.161057-05:00,579.58,580.2667,579.3922,579.83,85397.0,579.7361695902671
2025-03-04 15:43:28.201408-05:00,579.83,580.31,579.5409,580.25,82932.0,580.0799713681085
2025-03-04 15:43:43.775566-05:00,580.26,580.41,579.4614,580.05,116839.0,580.1904731348264
2025-03-04 15:44:09.957128-05:00,580.025,580.1923,579.5853,579.81,84735.0,579.9887382226939
2025-03-04 15:44:37.749867-05:00,579.83,580.41,579.5689,580.37,99879.0,580.1221455060628
2025-03-04 15:45:01.500683-05:00,580.37,580.4,579.615,580.35,81348.0,580.1531297696321
2025-03-04 15:45:23.541149-05:00,580.35,580.67,579.6415,580.6,88486.0,580.5271763668843
2025-03-04 15:45:48.952065-05:00,580.6,580.63,579.6649,579.9,83873.0,580.2741704481779
2025-03-04 15:46:06.628290-05:00,579.9,580.2047,579.58,579.65,106582.0,579.7274640943119
2025-03-04 15:46:39.330310-05:00,579.65,580.1414,579.35,579.45,76677.0,579.6252701553262
2025-03-04 15:47:07.888035-05:00,579.45,579.9122,579.3,579.38,115212.0,579.4448676327117
2025-03-04 15:47:28.120859-05:00,579.38,579.8713,579.2,579.25,106193.0,579.3348296629724
2025-03-04 15:47:41.547563-05:00,579.23,579.8383,579.0,579.24,107781.0,579.1457651209391
2025-03-04 15:47:59.204615-05:00,579.27,579.8169,578.99,579.06,94067.0,579.1467995662668
2025-03-04 15:48:13.592676-05:00,579.06,579.7821,578.91,579.0725,112381.0,579.0108373319332
2025-03-04 15:48:25.022289-05:00,579.06,579.7177,578.66,578.78,96752.0,578.8623127893989
2025-03-04 15:48:39.150494-05:00,578.78,579.6518,578.52,578.55,124383.0,578.7556339652522
2025-03-04 15:48:47.149065-05:00,578.55,579.4641,578.45,578.73,155302.0,578.6263292140475
2025-03-04 15:48:57.236013-05:00,578.73,579.3935,578.5901,578.88,142011.0,578.7751727859109
2025-03-04 15:49:11.764278-05:00,578.88,579.3328,578.75,578.78,134607.0,578.8636523642901
2025-03-04 15:49:23.138012-05:00,578.785,579.2864,578.62,578.73,112402.0,578.7313072676644
2025-03-04 15:49:34.154544-05:00,578.74,579.4722,578.36,578.38,123611.0,578.5900797687912
2025-03-04 15:49:42.855543-05:00,578.37,579.4303,578.29,578.43,102113.0,578.3788463868455
2025-03-04 15:49:50.141251-05:00,578.43,579.1269,578.16,578.2,104829.0,578.2905893788933
2025-03-04 15:49:59.925085-05:00,578.215,579.3579,578.11,578.4284,110577.0,578.2659213968545
2025-03-04 15:50:02.330423-05:00,578.45,578.45,577.65,577.77,82112.0,577.8643512007986
2025-03-04 15:50:09.979034-05:00,577.78,578.9485,577.39,577.44,94018.0,577.6066630347383
2025-03-04 15:50:14.105697-05:00,577.44,578.68,577.33,577.67,102107.0,577.4379566689844
2025-03-04 15:50:26.349275-05:00,577.67,578.63,577.29,577.31,97205.0,577.5581599732525
2025-03-04 15:50:36.014243-05:00,577.31,578.7125,576.94,576.94,119651.0,577.2062006201372
2025-03-04 15:50:44.954190-05:00,576.94,578.5966,576.59,576.63,150736.0,576.7943605893747
2025-03-04 15:50:51.930528-05:00,576.63,578.24,576.11,576.16,138698.0,576.3796940525457
2025-03-04 15:50:59.282216-05:00,576.16,578.158,576.06,576.4,135686.0,576.2772224253051
2025-03-04 15:51:05.201012-05:00,576.41,578.2084,576.25,576.59,165562.0,576.449433659898
2025-03-04 15:51:13.507341-05:00,576.6,578.1294,576.1,576.2,115411.0,576.2976543414404
2025-03-04 15:51:20.139464-05:00,576.21,576.4,575.97,576.28,132097.0,576.2133628311016
2025-03-04 15:51:27.906536-05:00,576.31,576.31,575.85,576.01,152409.0,576.0402095807991
2025-03-04 15:51:37.559080-05:00,576.02,576.28,575.64,575.76,139283.0,575.8623040615159
2025-03-04 15:51:47.034294-05:00,575.76,577.7672,575.69,575.94,152058.0,575.8315290842963
2025-03-04 15:51:59.534822-05:00,575.93,577.6277,575.55,575.56,111780.0,575.7123609160851
2025-03-04 15:52:05.323710-05:00,575.56,577.2999,575.54,575.8,173250.0,575.6388614637807
2025-03-04 15:52:12.527009-05:00,575.8,578.1075,575.4,575.5293,104778.0,575.5705416833683
2025-03-04 15:52:16.956847-05:00,575.52,577.3711,575.0,575.0,81566.0,575.1923037270434
2025-03-04 15:52:18.460819-05:00,575.0,575.97,574.93,575.09,148519.0,575.0132926864579
2025-03-04 15:52:26.618243-05:00,575.1,577.8476,575.0075,575.31,189507.0,575.2084974818871
2025-03-04 15:52:37.720588-05:00,575.32,577.0751,575.0,575.03,141653.0,575.2296209688462
2025-03-04 15:52:45.527101-05:00,575.03,576.9805,574.846,574.87,156782.0,575.0291723896884
2025-03-04 15:52:54.891507-05:00,574.87,576.9336,574.71,574.76,161107.0,574.8424706648377
2025-03-04 15:53:02.603590-05:00,574.76,577.5009,574.69,574.98,137514.0,574.8502274575675
2025-03-04 15:53:10.368222-05:00,574.98,576.7772,574.93,575.19,151980.0,575.0890719463076
2025-03-04 15:53:16.132539-05:00,575.14,575.53,575.0336,575.45,160354.0,575.3145205613831
2025-03-04 15:53:24.350168-05:00,575.45,576.5802,575.1126,575.75,155632.0,575.5903456435694
2025-03-04 15:53:31.393552-05:00,575.73,576.1165,575.15,575.83,151860.0,575.8510015777687
2025-03-04 15:53:40.051389-05:00,575.83,576.5599,575.2836,575.85,184922.0,575.825585055861
2025-03-04 15:53:49.950356-05:00,575.85,576.0822,575.4905,575.84,196773.0,575.892018059896
2025-03-04 15:54:01.736732-05:00,575.914,576.05,575.38,575.97,186516.0,575.9654972308007
2025-03-04 15:54:10.042862-05:00,575.96,576.26,575.5298,576.26,174757.0,576.0672398061308
2025-03-04 15:54:20.285561-05:00,576.26,576.63,575.7842,576.51,133109.0,576.3968256428941
2025-03-04 15:54:30.272340-05:00,576.51,576.9297,575.5615,576.44,163913.0,576.5408878996789
2025-03-04 15:54:40.041643-05:00,576.44,576.7847,575.6679,576.6,171629.0,576.6056135315127
2025-03-04 15:54:49.229648-05:00,576.6,576.74,575.9527,576.63,168228.0,576.5546914907153
2025-03-04 15:55:00.082562-05:00,576.62,576.8639,575.7688,576.76,153529.0,576.5753382155814
2025-03-04 15:55:07.834552-05:00,576.77,576.98,575.82,576.88,117875.0,576.822652954401
2025-03-04 15:55:13.003755-05:00,576.88,577.12,575.8998,576.99,173030.0,576.9896538351732
2025-03-04 15:55:22.219764-05:00,576.99,577.205,575.9721,577.12,165517.0,577.1087976032674
2025-03-04 15:55:36.048326-05:00,577.12,577.12,575.9771,576.835,170352.0,576.8547834114073
2025-03-04 15:55:49.382783-05:00,576.83,577.08,575.9169,576.91,192669.0,576.971584884439
2025-03-04 15:56:02.567128-05:00,576.94,577.02,575.9749,576.82,146275.0,576.9049715836613
2025-03-04 15:56:15.259649-05:00,576.82,576.965,575.9808,576.75,150922.0,576.77559359603
2025-03-04 15:56:29.273728-05:00,576.74,576.9165,575.9904,576.52,178416.0,576.6954225417005
2025-03-04 15:56:40.548262-05:00,576.52,576.94,576.0145,576.94,178234.0,576.7060226483164
2025-03-04 15:56:53.298972-05:00,576.93,577.06,576.0364,577.03,186692.0,576.9840726849568
2025-03-04 15:57:06.512740-05:00,577.03,577.04,576.1097,576.84,171045.0,576.8855604583589
2025-03-04 15:57:19.575357-05:00,576.84,576.99,576.147,576.75,154408.0,576.8245169919952
2025-03-04 15:57:31.692798-05:00,576.75,576.8947,576.2426,576.78,169928.0,576.7370314415513
2025-03-04 15:57:42.584908-05:00,576.78,577.12,576.74,577.07,179581.0,576.9403303851741
2025-03-04 15:57:55.354425-05:00,577.07,577.16,576.3695,576.96,142084.0,576.9964792714168
2025-03-04 15:58:05.863424-05:00,576.96,577.11,576.4423,576.95,137856.0,576.9506898481027
2025-03-04 15:58:15.113856-05:00,576.95,577.07,576.72,576.745,133171.0,576.8845091138461
2025-03-04 15:58:21.654917-05:00,576.745,576.8961,576.56,576.68,127216.0,576.6584772111997
2025-03-04 15:58:31.890135-05:00,576.68,576.8947,576.36,576.4,141108.0,576.5113486882391
2025-03-04 15:58:41.048417-05:00,576.4,576.6677,576.29,576.31,154339.0,576.359619545287
2025-03-04 15:58:51.190973-05:00,576.32,576.7636,576.28,576.49,169087.0,576.3825690774569
2025-03-04 15:58:59.098721-05:00,576.495,576.75,576.4554,576.61,192773.0,576.6119106130009
2025-03-04 15:59:06.661493-05:00,576.61,576.7252,576.42,576.465,137572.0,576.5243326061985
2025-03-04 15:59:13.489163-05:00,576.465,576.545,576.19,576.2,170933.0,576.2876079493141
2025-03-04 15:59:21.338267-05:00,576.195,576.46,576.19,576.4,130897.0,576.3172845305844
2025-03-04 15:59:28.503063-05:00,576.4,576.52,576.27,576.4999,175621.0,576.3627169438731
2025-03-04 15:59:34.235484-05:00,576.5,576.83,576.4309,576.82,171738.0,576.6103959543032
2025-03-04 15:59:40.053802-05:00,576.81,576.93,576.71,576.9,144547.0,576.8507550457647
2025-03-04 15:59:45.459776-05:00,576.87,576.95,576.59,576.625,131562.0,576.790331376841
2025-03-04 15:59:50.200493-05:00,576.625,576.96,576.59,576.91,158692.0,576.8364241606384
2025-03-04 15:59:54.676245-05:00,576.91,576.99,576.76,576.7769,196862.0,576.8763546494499
2025-03-04 15:59:59.819628-05:00,576.79,576.8687,576.59,576.84,203335.0,576.7362392691866
2025-03-05 09:30:01.592960-05:00,576.84,576.96,576.32,576.63,634301.0,576.6509808904592
2025-03-05 09:30:02.157411-05:00,576.675,576.71,576.26,576.63,19239.0,576.4596438068631
2025-03-05 09:30:04.119533-05:00,576.63,576.71,576.39,576.63,23157.0,576.5178923781164
2025-03-05 09:30:09.407897-05:00,576.63,576.74,576.33,576.74,115651.0,576.4331543834488
2025-03-05 09:30:29.570742-05:00,576.52,576.94,576.3788,576.87,110599.0,576.7503933914415
2025-03-05 09:30:52.543987-05:00,576.89,577.09,576.75,577.02,124035.0,576.9117045551653
2025-03-05 09:31:15.727088-05:00,577.025,577.49,576.995,577.48,100204.0,577.2538517464378
2025-03-05 09:31:40.013424-05:00,577.49,577.58,576.63,577.46,82816.0,577.3659619252306
2025-03-05 09:32:02.761747-05:00,577.49,577.58,576.63,577.27,99590.0,577.3169497389296
2025-03-05 09:32:31.942181-05:00,577.27,577.294,576.85,577.14,88761.0,577.070746179065
2025-03-05 09:32:55.998533-05:00,577.135,577.59,576.82,576.82,90210.0,577.3032483627085
2025-03-05 09:33:16.546865-05:00,576.82,577.1198,576.71,577.1198,89922.0,576.8890565656905
2025-03-05 09:33:41.128961-05:00,577.07,577.2797,576.58,577.02,83629.0,576.9489406581445
2025-03-05 09:34:05.603388-05:00,577.02,577.21,576.8801,577.02,83460.0,577.0253839767547
2025-03-05 09:34:37.105233-05:00,577.02,577.404,576.63,577.36,79978.0,577.1609233714273
2025-03-05 09:34:53.917256-05:00,577.38,577.61,577.09,577.5,97618.0,577.4759398164271
2025-03-05 09:35:13.837857-05:00,577.48,577.67,576.63,577.67,107407.0,577.5537771756034
2025-03-05 09:35:30.469642-05:00,577.67,577.91,576.63,577.52,89025.0,577.7397412940184
2025-03-05 09:35:58.655493-05:00,577.52,577.69,576.63,577.61,74738.0,577.5341058350509
2025-03-05 09:36:21.896825-05:00,577.61,577.77,576.63,577.04,87569.0,577.4486900364285
2025-03-05 09:36:37.914936-05:00,577.04,577.5329,576.5,576.7173,82362.0,576.9154385286906
2025-03-05 09:36:50.708563-05:00,576.7174,577.3342,576.5,576.76,145800.0,576.7358958532241
2025-03-05 09:37:14.681122-05:00,576.75,577.1916,576.63,577.04,77016.0,576.9079594551785
2025-03-05 09:37:43.892752-05:00,577.04,577.2,576.63,577.17,90928.0,577.0656270048827
2025-03-05 09:38:09.279379-05:00,577.17,577.21,576.6,576.6,69130.0,576.944834832923
2025-03-05 09:38:27.432426-05:00,576.6,577.2,576.55,576.975,96481.0,576.8519784361686
2025-03-05 09:38:47.989551-05:00,576.99,577.0999,576.395,576.45,104489.0,576.8855116021783
2025-03-05 09:39:17.717387-05:00,576.47,577.2,576.41,577.1995,80641.0,576.782401015613
2025-03-05 09:39:39.126815-05:00,577.2,577.57,576.893,577.52,85597.0,577.3962895895887
2025-03-05 09:40:06.024386-05:00,577.5,577.96,577.1235,577.89,70784.0,577.6859614305502
2025-03-05 09:40:13.684171-05:00,577.9,578.18,577.73,578.14,100782.0,577.892418394158
2025-03-05 09:40:36.510349-05:00,578.14,578.55,577.7719,578.24,74618.0,578.277081394569
2025-03-05 09:41:01.869412-05:00,578.24,578.57,577.2255,578.52,88566.0,578.4210948964616
2025-03-05 09:41:18.293692-05:00,578.53,578.7925,577.2768,578.6,87865.0,578.4915251818132
2025-03-05 09:41:36.628235-05:00,578.6,579.11,577.5113,578.87,86689.0,578.9173312254147
2025-03-05 09:41:56.228638-05:00,578.87,579.0,577.6399,578.84,80283.0,578.8430773725444
2025-03-05 09:42:22.241510-05:00,578.84,579.14,578.6493,578.89,58698.0,578.9281074806638
2025-03-05 09:42:49.945822-05:00,578.89,579.13,578.64,578.71,68023.0,578.8582300324887
2025-03-05 09:43:16.093879-05:00,578.71,578.95,578.4755,578.915,68650.0,578.7673325695547
2025-03-05 09:43:38.210552-05:00,578.93,579.06,578.74,578.75,57038.0,578.9447491356641
2025-03-05 09:44:11.244567-05:00,578.755,578.9488,578.5,578.5,70158.0,578.7670761053621
2025-03-05 09:44:35.045099-05:00,578.5,578.8015,578.21,578.3,91040.0,578.4641799121266
2025-03-05 09:45:06.316921-05:00,578.31,578.68,577.7802,578.15,73951.0,578.411995998701
2025-03-05 09:45:19.932950-05:00,578.165,578.7222,578.1,578.21,85538.0,578.3737017875101
2025-03-05 09:45:50.351243-05:00,578.23,578.641,578.12,578.4499,88647.0,578.3469114025287
2025-03-05 09:46:29.233358-05:00,578.47,578.73,578.31,578.67,61558.0,578.5762652327886
2025-03-05 09:46:59.326756-05:00,578.6465,578.6573,577.86,577.92,54861.0,578.2240452489021
2025-03-05 09:47:17.256983-05:00,577.92,578.5717,577.34,577.53,70913.0,577.6687028570209
2025-03-05 09:47:40.094374-05:00,577.53,578.4038,577.265,577.61,74835.0,577.4052589336546
2025-03-05 09:48:07.151798-05:00,577.585,578.3011,577.25,577.72,82639.0,577.4825890015608
2025-03-05 09:48:39.439567-05:00,577.72,578.1624,577.57,577.57,60537.0,577.8325645605161
2025-03-05 09:49:10.741899-05:00,577.6,578.0675,577.07,577.29,57894.0,577.3425585708369
2025-03-05 09:49:50.196711-05:00,577.29,577.9602,577.0,577.21,80416.0,577.2006799778653
2025-03-05 09:50:13.154774-05:00,577.21,577.8571,576.625,577.33,58086.0,576.9593238973246
2025-03-05 09:50:24.775603-05:00,577.36,577.59,577.21,577.32,75552.0,577.4039359818399
2025-03-05 09:51:02.067759-05:00,577.32,577.6497,577.14,577.46,118856.0,577.2602154775523
2025-03-05 09:51:39.127688-05:00,577.46,577.79,577.31,577.56,64727.0,577.5707102430206
2025-03-05 09:52:16.206045-05:00,577.56,577.9,577.4019,577.74,61757.0,577.6999091600946
2025-03-05 09:52:57.932076-05:00,577.74,577.99,577.4186,577.8398,50559.0,577.7735595620954
2025-03-05 09:53:39.642275-05:00,577.83,577.91,577.29,577.34,51547.0,577.6674428327557
2025-03-05 09:54:13.492430-05:00,577.349,577.5799,577.12,577.39,89299.0,577.3459253619857
2025-03-05 09:54:27.974633-05:00,577.39,577.4724,577.25,577.29,121205.0,577.3429083816671
2025-03-05 09:54:42.146244-05:00,577.29,577.4,576.5,576.55,69405.0,576.8947678250855
2025-03-05 09:55:15.265279-05:00,576.55,577.5899,574.65,576.835,58559.0,576.5818738537209
2025-03-05 09:55:40.239456-05:00,576.84,577.3149,576.74,576.855,77865.0,576.8384850651768
2025-03-05 09:56:05.420870-05:00,576.86,577.233,576.32,576.37,91366.0,576.5771671146812
2025-03-05 09:56:31.723194-05:00,577.1858,577.1858,576.2,576.28,62272.0,576.405019353802
2025-03-05 09:56:39.489972-05:00,576.26,577.01,575.51,575.63,69646.0,575.7944609252503
2025-03-05 09:57:06.098204-05:00,575.63,576.9201,575.45,575.72,85496.0,575.652126740433
2025-03-05 09:57:27.114037-05:00,575.72,576.6874,575.03,575.275,92571.0,575.3652936859273
2025-03-05 09:57:39.732303-05:00,575.28,576.9101,575.0,575.0,118539.0,575.1571887437891
2025-03-05 09:58:00.539269-05:00,575.0,575.59,575.0,575.56,95998.0,575.3739645513449
2025-03-05 09:58:28.542543-05:00,575.55,576.17,575.525,576.12,88112.0,575.8550478697568
2025-03-05 09:58:54.759301-05:00,576.1,576.41,575.34,576.32,121182.0,576.1137218497796
2025-03-05 09:59:43.336293-05:00,576.33,576.5,576.1,576.28,64095.0,576.2819439035808
2025-03-05 10:00:00.088401-05:00,576.23,576.88,575.71,576.8,73084.0,576.1703499425321
2025-03-05 10:00:02.180825-05:00,576.8,577.9,576.35,577.9,85063.0,577.2170271539923
2025-03-05 10:00:05.027758-05:00,577.82,578.17,576.08,577.94,123975.0,577.9204216511405
2025-03-05 10:00:05.628235-05:00,577.94,578.08,576.8993,577.92,95471.0,577.8301950780865
2025-03-05 10:00:08.671486-05:00,577.92,578.91,576.333,578.9,97093.0,578.3456327098766
2025-03-05 10:00:13.232983-05:00,578.8,579.37,576.54,578.66,86243.0,579.067728047494
2025-03-05 10:00:19.897842-05:00,578.64,579.37,576.68,579.12,93490.0,579.0587943897741
2025-03-05 10:00:31.102251-05:00,579.15,579.3,576.8762,578.88,100599.0,578.9587182596244
2025-03-05 10:00:33.409721-05:00,578.84,579.2,578.74,578.74,106435.0,578.9227533912717
2025-03-05 10:00:40.137809-05:00,578.74,579.25,578.6,579.12,107212.0,578.8781359381414
2025-03-05 10:00:54.209847-05:00,579.12,579.2,577.19,578.93,123080.0,578.9311841598956
2025-03-05 10:01:10.667417-05:00,578.93,579.03,578.36,578.75,94236.0,578.6660653041299
2025-03-05 10:01:25.550093-05:00,578.76,578.76,577.3014,578.32,85703.0,578.3449640245962
2025-03-05 10:01:50.771277-05:00,578.34,578.38,577.3837,577.8499,142308.0,578.0573783589122
2025-03-05 10:02:18.361880-05:00,577.84,578.2,577.65,577.82,87127.0,577.8498897000935
2025-03-05 10:02:45.040300-05:00,577.82,578.11,577.05,577.69,98177.0,577.6459554814267
2025-03-05 10:03:15.665064-05:00,577.69,578.21,577.66,577.98,72607.0,577.9880094495013
2025-03-05 10:03:41.538669-05:00,577.95,578.56,577.383,578.11,81463.0,578.1998960423755
2025-03-05 10:04:08.151070-05:00,578.12,578.91,577.91,578.88,62619.0,578.3028070633504
2025-03-05 10:04:35.689733-05:00,578.88,578.96,578.441,578.65,72863.0,578.6935570907051
2025-03-05 10:05:08.766227-05:00,578.65,578.67,578.13,578.38,51736.0,578.3974520353327
2025-03-05 10:05:33.151571-05:00,578.38,578.87,578.32,578.81,63908.0,578.6913828221816
2025-03-05 10:05:59.370850-05:00,578.81,578.88,578.03,578.03,60574.0,578.28926655991
2025-03-05 10:06:21.742073-05:00,578.08,578.63,577.89,578.5662,61044.0,578.223482628923
2025-03-05 10:06:53.357876-05:00,578.54,578.87,577.6123,578.86,64039.0,578.699379312606
2025-03-05 10:07:12.126400-05:00,578.8587,579.05,578.2751,579.05,76408.0,578.7621004044079
2025-03-05 10:07:26.068518-05:00,579.05,579.48,578.3356,579.48,101287.0,579.1952550287795
2025-03-05 10:07:37.294913-05:00,579.48,579.57,578.99,579.02,102569.0,579.3530452817129
2025-03-05 10:07:55.623137-05:00,579.0,579.6,578.649,579.52,108200.0,579.3266841774497
2025-03-05 10:08:14.397645-05:00,579.54,579.64,578.7862,579.34,88082.0,579.4554178685769
2025-03-05 10:08:36.717632-05:00,579.33,579.43,578.8205,579.28,75945.0,579.2753162499182
2025-03-05 10:09:04.401398-05:00,579.27,579.46,578.9309,579.39,53848.0,579.3197337969842
2025-03-05 10:09:24.882299-05:00,579.39,579.45,578.9665,579.12,99507.0,579.2823526636322
2025-03-05 10:09:42.987534-05:00,579.14,579.17,578.5448,579.03,86280.0,578.9040550011591
2025-03-05 10:10:14.644128-05:00,579.03,579.1909,578.66,578.71,65153.0,578.885366420579
2025-03-05 10:10:22.887700-05:00,578.71,579.0159,578.31,578.61,91350.0,578.5147745703342
2025-03-05 10:11:05.685937-05:00,578.61,579.05,578.2701,578.2701,50279.0,578.6924591817658
2025-03-05 10:11:50.415202-05:00,578.3086,579.0744,578.26,578.6197,51283.0,578.5268675077511
2025-03-05 10:12:22.829513-05:00,578.61,579.0554,578.01,578.62,56024.0,578.1939638208625
2025-03-05 10:13:00.431393-05:00,578.62,579.21,578.59,579.17,78003.0,578.8673593631016
2025-03-05 10:13:34.969490-05:00,579.15,579.1947,578.36,578.47,63948.0,578.7670339807344
2025-03-05 10:14:11.232996-05:00,578.4995,578.7969,578.0,578.0,48207.0,578.302320636007
2025-03-05 10:14:52.037248-05:00,578.0,578.6588,577.88,578.04,58134.0,578.2238857948884
2025-03-05 10:15:38.297053-05:00,578.04,578.8699,577.95,577.95,44602.0,578.2537534348237
2025-03-05 10:16:00.524355-05:00,577.95,578.4406,577.62,577.81,65885.0,577.8096880670864
2025-03-05 10:16:28.726038-05:00,577.84,578.8387,577.5,577.8,343892.0,578.1935511951426
2025-03-05 10:17:07.538621-05:00,577.85,578.2701,577.28,577.37,71154.0,577.4928727857884
2025-03-05 10:17:28.070779-05:00,577.37,578.7642,576.99,577.24,68966.0,577.136330910884
2025-03-05 10:18:03.472537-05:00,577.24,577.9866,576.99,577.53,82510.0,577.2074780693248
2025-03-05 10:18:35.302101-05:00,577.5204,578.3279,577.0,577.03,69671.0,577.5673081927916
2025-03-05 10:19:09.160450-05:00,577.03,578.2399,576.83,576.91,77785.0,576.9592974648061
2025-03-05 10:19:32.791402-05:00,576.91,577.9607,576.65,576.84,94510.0,576.8831513067389
2025-03-05 10:20:12.244307-05:00,576.87,577.3768,576.6403,577.14,99904.0,576.8463420964131
2025-03-05 10:20:39.920601-05:00,577.14,577.3,576.5345,576.5345,84008.0,577.0062883868208
2025-03-05 10:21:17.273287-05:00,576.55,577.191,576.44,576.71,75692.0,576.7441589626384
2025-03-05 10:21:34.934510-05:00,576.71,577.0839,575.91,575.92,90770.0,576.2434082251843
2025-03-05 10:21:47.896415-05:00,575.96,576.8192,575.39,575.59,109155.0,575.6895023626955
2025-03-05 10:22:23.138258-05:00,575.59,577.3039,575.53,576.1,78178.0,575.8903892668015
2025-03-05 10:22:58.455257-05:00,576.075,576.662,575.8,576.45,78595.0,576.1705735530243
2025-03-05 10:23:35.661809-05:00,576.45,577.02,576.1174,576.955,84143.0,576.7696019692667
2025-03-05 10:24:10.104333-05:00,576.95,577.28,576.5036,576.516,83814.0,577.0599357291138
2025-03-05 10:24:42.481132-05:00,577.0,577.04,576.4203,576.54,76060.0,576.6357680896664
2025-03-05 10:25:00.425279-05:00,576.54,576.54,575.9,575.9,104232.0,576.2006078526744
2025-03-05 10:25:33.623722-05:00,575.9,576.993,575.85,576.22,86545.0,576.1650271095958
2025-03-05 10:26:10.332626-05:00,576.22,576.412,576.0,576.0,79379.0,576.2648582358053
2025-03-05 10:26:33.699321-05:00,576.0,576.6745,575.83,576.4372,112133.0,576.2282712136478
2025-03-05 10:27:06.169231-05:00,576.435,576.5579,575.88,575.9,74474.0,576.1243680734214
2025-03-05 10:27:50.383544-05:00,575.9,576.5497,575.7001,575.864,70575.0,575.8940831101656
2025-03-05 10:28:18.985803-05:00,575.8799,576.359,575.41,575.5,92168.0,575.6877716289822
2025-03-05 10:28:56.070783-05:00,575.5,576.2556,575.43,575.78,69570.0,575.8178274529253
2025-03-05 10:29:36.189749-05:00,575.79,576.2346,575.71,575.77,63663.0,575.9673558487665
2025-03-05 10:30:16.523934-05:00,575.76,576.2167,575.61,576.2167,67467.0,575.7927662442381
2025-03-05 10:31:03.055004-05:00,575.74,576.06,575.5,576.05,64874.0,575.7470104679853
2025-03-05 10:31:42.369703-05:00,576.06,576.3,575.8191,576.0287,51443.0,576.1148745563053
2025-03-05 10:32:00.575820-05:00,576.01,576.36,575.8601,576.3,39519.0,576.2753092107599
2025-03-05 10:32:19.062102-05:00,576.3,576.3473,575.8812,576.22,21229.0,576.2061560553973
2025-03-05 10:32:36.750356-05:00,576.24,576.56,575.8831,576.385,24911.0,576.3847195094529
2025-03-05 10:32:49.469330-05:00,576.399,576.71,576.2822,576.54,59276.0,576.5965632363855
2025-03-05 10:33:03.867469-05:00,576.555,576.575,575.9871,576.2,41797.0,576.3311067277559
2025-03-05 10:33:20.498802-05:00,576.1892,576.48,576.0685,576.3301,28369.0,576.271324759421
2025-03-05 10:33:33.032687-05:00,576.37,577.0,576.1406,576.955,41499.0,576.7921526470525
2025-03-05 10:33:59.905823-05:00,576.955,577.1165,576.1962,576.74,67125.0,576.9188877929237
2025-03-05 10:34:35.615685-05:00,576.74,576.8,576.2847,576.7,65545.0,576.5443844366458
2025-03-05 10:35:22.904738-05:00,576.7,576.83,576.3468,576.74,53445.0,576.6619837066138
2025-03-05 10:35:58.830717-05:00,576.74,577.4,576.68,577.4,98573.0,577.0179402250112
2025-03-05 10:36:32.906959-05:00,577.41,577.43,576.2701,576.98,72436.0,577.1776900215367
2025-03-05 10:37:21.644433-05:00,576.97,577.27,576.3636,577.19,56380.0,577.0101314490955
2025-03-05 10:38:12.560828-05:00,577.19,577.55,576.3684,577.52,73083.0,577.2299626561578
2025-03-05 10:38:49.622479-05:00,577.52,577.76,576.5203,577.75,69194.0,577.5884702430845
2025-03-05 10:39:21.479574-05:00,577.75,578.37,577.0627,578.34,73879.0,577.9618772885393
2025-03-05 10:40:00.866040-05:00,578.32,578.37,577.2213,577.98,64153.0,578.0463478668189
2025-03-05 10:40:53.732658-05:00,577.97,578.295,577.3474,577.67,51435.0,577.6627579624773
2025-03-05 10:41:52.237253-05:00,577.65,577.8254,577.0436,577.73,54756.0,577.6464635711152
2025-03-05 10:42:40.930945-05:00,577.72,577.81,576.9,576.94,59575.0,577.3168157431799
2025-03-05 10:43:20.798240-05:00,576.94,577.6237,576.65,576.9179,79258.0,576.8108757311561
2025-03-05 10:43:55.518897-05:00,576.92,577.56,576.88,577.18,64051.0,577.2422475714666
2025-03-05 10:44:56.053614-05:00,577.18,577.4554,576.99,577.29,68762.0,577.2140439617806
2025-03-05 10:45:36.778969-05:00,577.295,577.72,577.24,577.72,72542.0,577.4672015466901
2025-03-05 10:46:00.196060-05:00,577.72,577.8,577.2989,577.4,87674.0,577.589365366015
2025-03-05 10:46:38.591787-05:00,577.39,578.03,577.3251,577.56,66684.0,577.7401816342747
2025-03-05 10:47:28.924407-05:00,577.55,577.8299,577.2,577.65,65185.0,577.5999697415048
2025-03-05 10:48:13.634177-05:00,577.65,577.665,577.05,577.17,58876.0,577.3155612864329
2025-03-05 10:49:02.635439-05:00,577.18,577.519,576.77,576.84,59233.0,577.0203202876767
2025-03-05 10:49:45.676734-05:00,576.84,577.4058,576.4,576.65,54086.0,576.6383049643156
2025-03-05 10:50:38.701444-05:00,576.65,577.3658,576.31,576.32,44521.0,576.6496211248623
2025-03-05 10:51:18.705687-05:00,576.32,577.216,576.03,576.135,60637.0,576.3872382225379
2025-03-05 10:51:36.354936-05:00,576.13,576.8341,575.85,576.3,81683.0,575.9813840529858
2025-03-05 10:52:26.113946-05:00,576.27,576.54,576.112,576.5397,79672.0,576.3635651659296
2025-03-05 10:53:07.467538-05:00,576.5111,577.11,576.39,577.08,56928.0,576.8796812008148
2025-03-05 10:54:02.535267-05:00,577.085,577.51,576.5149,577.144,57737.0,577.2574496180968
2025-03-05 10:55:03.296908-05:00,577.18,577.53,576.5633,577.42,54006.0,577.3323266637043
2025-03-05 10:56:03.332548-05:00,577.42,577.67,576.6514,577.55,41424.0,577.35842764098
2025-03-05 10:57:04.644744-05:00,577.54,577.64,576.7253,577.33,45335.0,577.4622186235804
2025-03-05 10:57:52.318137-05:00,577.289,577.54,576.8383,577.53,93686.0,577.3917935998982
2025-03-05 10:58:18.293841-05:00,577.54,577.86,577.4209,577.83,113046.0,577.6373068715393
2025-03-05 10:58:57.389027-05:00,577.83,577.91,576.9852,577.51,98376.0,577.6303052522973
2025-03-05 10:59:33.859069-05:00,577.51,577.5699,576.81,576.92,57090.0,577.1418130110358
2025-03-05 11:00:15.674736-05:00,576.92,577.5093,576.4819,576.56,50024.0,576.8274273208865
2025-03-05 11:01:01.966729-05:00,576.56,577.3763,576.0475,576.08,58348.0,576.3558333104819
2025-03-05 11:01:47.800537-05:00,576.1,577.2781,575.8225,576.05,54017.0,575.9690362182283
2025-03-05 11:02:36.333856-05:00,576.08,577.0929,575.78,575.8,70939.0,576.0160553010336
2025-03-05 11:03:23.872371-05:00,575.83,576.6824,575.76,576.05,89257.0,575.9921015909117
2025-03-05 11:04:11.063963-05:00,576.05,576.1205,575.53,575.68,63370.0,575.8415037683437
2025-03-05 11:04:56.512532-05:00,575.68,576.8483,575.56,576.01,84884.0,575.9061318564166
2025-03-05 11:05:34.553587-05:00,576.01,576.7799,575.87,576.0,87917.0,576.0639071260391
2025-03-05 11:06:18.949105-05:00,576.0,576.09,575.655,575.8003,83568.0,575.8802226366541
2025-03-05 11:07:01.995790-05:00,575.8297,576.02,575.73,575.75,91405.0,575.9189573754176
2025-03-05 11:08:09.022616-05:00,575.76,576.205,575.595,575.98,63474.0,576.007886906451
2025-03-05 11:08:53.797150-05:00,575.97,575.98,575.5,575.5,62541.0,575.7797117203111
2025-03-05 11:09:25.512235-05:00,575.5,575.8585,575.28,575.28,94658.0,575.4072384204184
2025-03-05 11:10:09.977696-05:00,575.28,575.825,575.21,575.29,93031.0,575.3642465618983
2025-03-05 11:10:45.653454-05:00,575.29,575.6817,575.0,575.0,84940.0,575.1724430586303
2025-03-05 11:10:45.825158-05:00,575.0,575.015,574.95,575.0,75913.0,574.9989904403726
2025-03-05 11:11:04.001852-05:00,575.0,575.6707,574.6,574.62,98807.0,574.8597480745298
2025-03-05 11:11:15.527915-05:00,574.63,575.3117,574.28,574.32,90810.0,574.4968246459639
2025-03-05 11:11:27.192723-05:00,574.31,575.5363,573.9554,574.21,68299.0,574.1346009721954
2025-03-05 11:12:00.016891-05:00,574.33,575.1754,574.11,574.18,97673.0,574.2478567014429
2025-03-05 11:12:34.103118-05:00,574.18,575.3045,573.8,574.1272,77995.0,574.015817503686
2025-03-05 11:13:10.969588-05:00,574.13,575.2829,574.0,574.17,76865.0,574.1763777701168
2025-03-05 11:13:34.793803-05:00,574.17,575.1248,574.1105,574.61,146112.0,574.3686147537503
2025-03-05 11:14:08.348559-05:00,574.61,575.04,574.4054,575.04,94354.0,574.7763464919344
2025-03-05 11:14:49.103841-05:00,575.04,575.2,574.5268,574.94,85412.0,575.0848407366644
2025-03-05 11:15:31.777899-05:00,574.94,575.12,574.4503,574.879,68484.0,574.9143087597099
2025-03-05 11:16:21.931152-05:00,574.865,574.98,574.4926,574.87,61535.0,574.8069506866012
2025-03-05 11:17:04.191333-05:00,574.8501,574.865,574.34,574.3526,71282.0,574.6293828203477
2025-03-05 11:17:56.892513-05:00,574.365,574.67,574.26,574.405,121845.0,574.5539760146087
2025-03-05 11:18:53.938645-05:00,574.405,574.76,574.37,574.53,58586.0,574.6113661369606
2025-03-05 11:19:52.697781-05:00,574.53,574.7774,574.16,574.34,53012.0,574.39304361088
2025-03-05 11:20:22.823859-05:00,574.33,574.5433,573.97,574.02,82065.0,574.2111576652657
2025-03-05 11:20:51.787442-05:00,574.05,574.4887,573.87,574.28,82518.0,574.0421535216569
2025-03-05 11:21:27.697893-05:00,574.28,574.63,574.266,574.55,75734.0,574.476250522882
2025-03-05 11:22:16.443318-05:00,574.55,574.73,574.3112,574.48,76756.0,574.4870157902969
2025-03-05 11:22:59.661917-05:00,574.49,574.83,574.3145,574.64,75001.0,574.6732869601734
2025-03-05 11:24:09.857507-05:00,574.615,574.75,574.3,574.41,46898.0,574.4904840547557
2025-03-05 11:24:45.027202-05:00,574.41,574.96,574.37,574.84,71017.0,574.6884698044129
2025-03-05 11:25:30.270772-05:00,574.84,575.05,574.4315,574.62,65568.0,574.8643902589688
2025-03-05 11:26:19.089636-05:00,574.62,574.633,574.12,574.12,52971.0,574.335852345622
2025-03-05 11:26:54.183956-05:00,574.12,574.5962,573.91,574.14,51142.0,574.0174812248248
2025-03-05 11:27:40.029922-05:00,574.13,574.5334,574.04,574.05,63925.0,574.1348931716856
2025-03-05 11:28:50.147491-05:00,574.04,574.4083,573.9,574.27,68128.0,574.0468571468413
2025-03-05 11:29:44.238220-05:00,574.2887,574.94,574.15,574.94,69988.0,574.5698113619483
2025-03-05 11:30:25.370648-05:00,574.86,575.05,574.2689,574.48,77757.0,574.7527087220441
2025-03-05 11:31:38.511479-05:00,574.51,574.655,574.275,574.3261,66147.0,574.4196301147438
2025-03-05 11:32:31.787964-05:00,574.365,574.53,574.2,574.2401,70758.0,574.3378575609825
2025-03-05 11:33:15.016632-05:00,574.25,574.4699,574.13,574.36,97385.0,574.3278254145915
2025-03-05 11:33:37.835427-05:00,574.36,574.4556,573.7,573.7,84228.0,573.9702726777309
2025-03-05 11:34:04.263327-05:00,573.7,574.3323,573.66,573.826,89009.0,573.7855137480473
2025-03-05 11:34:35.795970-05:00,573.85,574.2864,573.48,573.5,81968.0,573.708516902937
2025-03-05 11:35:14.473369-05:00,573.49,574.0189,573.41,573.48,84059.0,573.5847715354688
2025-03-05 11:35:55.449450-05:00,573.48,573.9915,573.44,573.9,77069.0,573.6844098327479
2025-03-05 11:36:40.103897-05:00,573.887,574.08,573.78,573.995,163377.0,573.8992973288778
2025-03-05 11:37:26.129290-05:00,573.98,574.59,573.746,574.56,149689.0,574.2073915504812
2025-03-05 11:38:21.014447-05:00,574.5688,574.67,573.8721,574.56,69225.0,574.5516961791265
2025-03-05 11:39:06.464529-05:00,574.56,574.81,573.9214,574.55,81081.0,574.5363015022022
2025-03-05 11:40:06.769288-05:00,574.55,574.7,574.02,574.045,98741.0,574.5116021672858
2025-03-05 11:40:48.030259-05:00,574.045,574.4854,573.785,573.87,106041.0,573.970856418743
2025-03-05 11:41:54.698181-05:00,573.8863,574.3041,573.52,573.5362,65614.0,573.8232859130669
2025-03-05 11:42:18.834264-05:00,573.5399,574.1859,573.38,573.82,75094.0,573.5258892015344
2025-03-05 11:43:10.398804-05:00,573.805,574.1672,573.25,573.28,63763.0,573.6274480451046
2025-03-05 11:44:13.048906-05:00,573.2841,574.039,573.28,573.585,65884.0,573.4962725305085
2025-03-05 11:45:00.998080-05:00,573.58,573.7666,573.17,573.58,70934.0,573.3967399004708
2025-03-05 11:46:08.848767-05:00,573.58,573.73,573.24,573.24,66656.0,573.5524402259355
2025-03-05 11:46:57.423421-05:00,573.24,573.5297,573.0795,573.5,67647.0,573.2753661359712
2025-03-05 11:47:46.560451-05:00,573.5,573.9599,573.43,573.7401,92504.0,573.7559767058722
2025-03-05 11:48:46.570674-05:00,573.75,574.06,573.5551,573.91,80514.0,573.8682412735675
2025-03-05 11:49:54.981127-05:00,573.9001,573.9299,573.6022,573.8,75348.0,573.814270385412
2025-03-05 11:50:57.406026-05:00,573.8,573.8686,573.27,573.29,58848.0,573.5181820724581
2025-03-05 11:51:48.412604-05:00,573.2897,573.6585,573.15,573.585,92765.0,573.3165884449953
2025-03-05 11:52:35.535613-05:00,573.59,573.6899,573.27,573.33,92693.0,573.5107455244724
2025-03-05 11:53:37.469667-05:00,573.3278,573.78,573.27,573.73,61692.0,573.5181913100566
2025-03-05 11:54:20.854522-05:00,573.7035,574.02,573.529,573.995,57484.0,573.885691444576
2025-03-05 11:55:09.119549-05:00,574.0,574.31,573.5681,574.24,77234.0,574.1052745681956
2025-03-05 11:55:37.521556-05:00,574.24,574.49,573.7027,574.28,95821.0,574.3721338307886
2025-03-05 11:56:10.049732-05:00,574.2737,574.47,573.8037,573.8037,119490.0,574.2736445518457
2025-03-05 11:56:49.761016-05:00,574.13,574.31,573.8586,574.29,82365.0,574.1454336914951
2025-03-05 11:57:46.150913-05:00,574.26,574.4888,573.9329,574.29,72443.0,574.20823021686
2025-03-05 11:57:49.653342-05:00,574.3,575.1,574.26,575.07,106728.0,574.6881382420738
2025-03-05 11:57:50.598909-05:00,575.07,575.62,574.754,575.58,110940.0,575.3660987641971
2025-03-05 11:57:51.586111-05:00,575.57,575.63,574.8188,575.53,94247.0,575.5103578140416
2025-03-05 11:57:52.866739-05:00,575.55,575.6,575.04,575.42,85456.0,575.44118634736
2025-03-05 11:57:54.528396-05:00,575.42,575.59,574.45,575.2,80937.0,575.3677413309117
2025-03-05 11:57:58.953420-05:00,575.16,575.54,574.66,575.35,95341.0,575.1838546721757
2025-03-05 11:58:02.558820-05:00,575.35,575.86,574.8423,575.76,119146.0,575.5043283777883
2025-03-05 11:58:09.757153-05:00,575.7785,575.92,574.8267,575.64,101486.0,575.667638072246
2025-03-05 11:58:18.653433-05:00,575.62,576.0,574.9936,576.0,103974.0,575.753879061112
2025-03-05 11:58:26.912140-05:00,576.0,576.72,574.9215,576.53,98025.0,576.3523152206067
2025-03-05 11:58:35.243851-05:00,576.53,576.68,576.07,576.42,96081.0,576.3176597808101
2025-03-05 11:58:42.942648-05:00,576.42,576.48,575.9,576.39,104143.0,576.1291940255223
2025-03-05 11:58:48.231720-05:00,576.36,576.8,576.33,576.55,108815.0,576.5957579203225
2025-03-05 11:59:03.041129-05:00,576.55,576.7123,575.3496,576.509,113667.0,576.5190637704877
2025-03-05 11:59:17.886386-05:00,576.51,576.69,576.4,576.44,124598.0,576.4946536677958
2025-03-05 11:59:36.331172-05:00,576.45,576.56,575.8189,575.925,118813.0,576.1144240200989
2025-03-05 11:59:57.244247-05:00,575.83,576.13,575.5224,576.07,103178.0,575.8381965099151
2025-03-05 12:00:12.136252-05:00,576.045,576.62,575.7266,576.6,88374.0,576.2474718367389
2025-03-05 12:00:20.766421-05:00,576.61,577.25,575.7802,577.1693,120162.0,576.8859743354807
2025-03-05 12:00:35.421962-05:00,577.165,577.66,577.0,577.55,94158.0,577.253490181397
2025-03-05 12:00:44.461891-05:00,577.55,577.5896,577.21,577.295,103855.0,577.3703956179287
2025-03-05 12:01:07.640627-05:00,577.28,577.43,575.9263,577.21,109311.0,577.2334746100572
2025-03-05 12:01:33.224773-05:00,577.21,577.2421,576.0112,576.67,82770.0,576.8561680029002
2025-03-05 12:01:57.814309-05:00,576.66,577.1815,576.38,576.71,120899.0,576.5905920867824
2025-03-05 12:02:34.452495-05:00,576.73,576.89,576.2,576.5532,99352.0,576.5092403313467
2025-03-05 12:03:17.971801-05:00,576.32,576.82,576.1573,576.29,73034.0,576.5229199537212
2025-03-05 12:03:58.398322-05:00,576.28,576.5208,576.04,576.46,110248.0,576.2647872006752
2025-03-05 12:04:37.499230-05:00,576.46,576.6275,576.02,576.06,102436.0,576.1432838084265
2025-03-05 12:05:20.388045-05:00,576.06,576.7508,576.01,576.287,94143.0,576.1725800218815
2025-03-05 12:05:58.853629-05:00,576.285,576.6515,576.14,576.3,98804.0,576.4010915256468
2025-03-05 12:06:45.547091-05:00,576.3,576.59,576.08,576.36,111609.0,576.4196185379317
2025-03-05 12:07:34.876302-05:00,576.36,576.53,576.01,576.305,86170.0,576.2568600185683
2025-03-05 12:08:32.677451-05:00,576.305,576.44,576.02,576.13,66771.0,576.2104185694392
2025-03-05 12:09:26.041364-05:00,576.12,576.54,576.0901,576.5191,82796.0,576.3545671276388
2025-03-05 12:10:10.063956-05:00,576.51,576.88,576.3221,576.77,85925.0,576.6626405144023
2025-03-05 12:11:05.179548-05:00,576.77,576.9141,576.34,576.6301,62133.0,576.6150951185357
2025-03-05 12:12:06.571058-05:00,576.6301,576.93,576.35,576.745,60486.0,576.603966438515
2025-03-05 12:13:18.975281-05:00,576.75,576.97,576.4569,576.95,55877.0,576.7249864577559
2025-03-05 12:13:38.585327-05:00,576.95,577.21,576.68,577.06,115344.0,577.0791421885832
2025-03-05 12:14:12.275985-05:00,577.06,577.23,576.76,576.7904,102433.0,577.0401125574767
2025-03-05 12:15:08.359115-05:00,576.775,576.87,576.405,576.48,73875.0,576.6005026233502
2025-03-05 12:15:58.000924-05:00,576.48,576.91,576.449,576.59,83096.0,576.706576800328
2025-03-05 12:16:47.428303-05:00,576.83,576.94,576.5701,576.8,67186.0,576.7105360268507
2025-03-05 12:17:49.450937-05:00,576.8,577.13,576.66,577.13,58781.0,576.9149925775333
2025-03-05 12:18:41.990866-05:00,577.12,577.43,576.8961,577.33,71226.0,577.2193335649906
2025-03-05 12:19:14.577990-05:00,577.33,577.5,576.9221,577.25,93948.0,577.3525006099115
2025-03-05 12:20:22.598423-05:00,577.25,577.3,576.79,577.18,61933.0,577.0157744045986
2025-03-05 12:21:28.742465-05:00,577.18,577.65,576.9601,577.63,67197.0,577.3985078455884
2025-03-05 12:22:11.211185-05:00,577.63,577.97,577.3001,577.73,73750.0,577.7845626237292
2025-03-05 12:22:52.019033-05:00,577.74,578.12,577.5304,578.06,67767.0,577.825309625629
2025-03-05 12:23:43.702097-05:00,578.08,578.36,577.1542,578.1,64238.0,578.1981879339326
2025-03-05 12:24:32.309145-05:00,578.1,578.32,577.6402,577.975,88236.0,578.0464284385054
2025-03-05 12:25:25.127483-05:00,577.96,578.31,577.95,578.1901,65870.0,578.1291447290118
2025-03-05 12:26:18.868969-05:00,578.215,578.43,577.4939,577.9,60177.0,578.1724514947567
2025-03-05 12:27:19.402765-05:00,577.9,578.22,577.72,578.22,53386.0,577.9322438054919
2025-03-05 12:28:14.426141-05:00,578.23,578.6,578.0708,578.57,72718.0,578.3729137435027
2025-03-05 12:29:11.964838-05:00,578.6,578.6897,578.1511,578.6,65186.0,578.5751839750869
2025-03-05 12:29:59.147488-05:00,578.6,578.79,578.49,578.71,79783.0,578.6229269167618
2025-03-05 12:30:49.133955-05:00,578.7099,578.8974,578.38,578.78,77296.0,578.7727211421029
2025-03-05 12:31:35.574830-05:00,578.76,578.99,578.2426,578.96,70402.0,578.7684133476329
2025-03-05 12:32:31.327858-05:00,578.97,578.99,578.5842,578.785,57581.0,578.8880927858144
2025-03-05 12:33:40.995822-05:00,578.76,579.1625,578.438,578.89,101367.0,578.9524350054743
2025-03-05 12:34:25.952682-05:00,578.89,579.089,578.477,578.65,82411.0,578.8734289657936
2025-03-05 12:35:21.986947-05:00,578.6888,578.9496,578.5709,578.59,106736.0,578.7567447084402
2025-03-05 12:36:25.390861-05:00,578.8237,579.03,578.5,579.0,60481.0,578.8193472528568
2025-03-05 12:37:35.759372-05:00,579.0,579.15,578.838,578.9866,60016.0,578.9923360520529
2025-03-05 12:38:50.566268-05:00,578.9866,579.24,578.763,579.18,67537.0,579.0718507233067
2025-03-05 12:40:01.061275-05:00,579.1899,579.32,578.9249,579.3,69312.0,579.1751393322952
2025-03-05 12:41:03.494871-05:00,579.29,579.46,578.928,579.3306,71121.0,579.329018498052
2025-03-05 12:41:24.350312-05:00,579.3306,580.2754,579.15,579.15,80112.0,579.3094004743361
2025-03-05 12:42:13.853704-05:00,579.18,579.36,579.1,579.125,88436.0,579.1758255766882
2025-03-05 12:42:53.038662-05:00,579.125,579.43,579.105,579.42,131996.0,579.2529278182666
2025-03-05 12:43:30.867844-05:00,579.42,579.46,579.1062,579.17,112594.0,579.2732163614407
2025-03-05 12:44:13.014255-05:00,579.15,579.26,578.85,579.03,63867.0,579.0318753722578
2025-03-05 12:45:15.982589-05:00,579.03,579.25,578.95,578.96,57918.0,579.1175881349492
2025-03-05 12:45:47.853782-05:00,578.95,579.2167,578.56,578.59,70107.0,578.7213951303019
2025-03-05 12:46:27.072412-05:00,578.58,579.1394,578.2,578.22,68758.0,578.5795652753123
2025-03-05 12:47:07.824846-05:00,578.2001,579.0452,578.1738,578.24,67393.0,578.2981081566332
2025-03-05 12:47:49.825735-05:00,578.25,579.0567,577.89,578.18,68893.0,578.1048767567096
2025-03-05 12:48:40.666063-05:00,578.1801,578.9612,578.12,578.89,72626.0,578.520027373117
2025-03-05 12:49:38.774063-05:00,578.89,579.08,578.3457,579.04,65041.0,578.863087577066
2025-03-05 12:50:38.735185-05:00,579.05,579.45,578.5749,579.43,79675.0,579.1786740269849
2025-03-05 12:51:16.392823-05:00,579.43,579.93,578.6401,579.93,73585.0,579.6429018441257
2025-03-05 12:51:45.317822-05:00,579.94,580.2197,578.8029,580.18,70677.0,579.9824167296292
2025-03-05 12:52:17.088113-05:00,580.18,580.18,579.0513,579.7,62653.0,579.9063097457426
2025-03-05 12:52:56.205494-05:00,579.6901,580.12,579.6901,579.85,75711.0,579.9590018768733
2025-03-05 12:53:27.377276-05:00,579.84,580.525,579.1427,580.52,74855.0,580.2860006372315
2025-03-05 12:53:58.969756-05:00,580.51,580.62,580.4101,580.58,80269.0,580.50389367128
2025-03-05 12:54:26.797377-05:00,580.59,580.62,579.8785,580.11,83245.0,580.3391619244395
2025-03-05 12:55:04.266395-05:00,580.1,580.27,579.3879,580.07,63256.0,580.1180790264957
2025-03-05 12:55:34.347824-05:00,580.07,580.52,579.451,580.28,83721.0,580.2468085904366
2025-03-05 12:56:33.816818-05:00,580.28,580.53,580.1578,580.5,68343.0,580.3871443015385
2025-03-05 12:57:25.408177-05:00,580.5,580.58,579.712,580.48,88616.0,580.4800088031508
2025-03-05 12:57:57.948623-05:00,580.48,580.5,580.03,580.28,94266.0,580.1708075552164
2025-03-05 12:58:45.537078-05:00,580.29,580.54,580.0616,580.39,125868.0,580.4151790145232
2025-03-05 12:59:16.187903-05:00,580.39,580.84,580.325,580.81,106840.0,580.6150513384508
2025-03-05 13:00:03.178534-05:00,580.83,580.91,580.3559,580.75,89793.0,580.7849540610069
2025-03-05 13:00:54.577673-05:00,580.75,580.8488,580.4862,580.7,144613.0,580.6574310470008
2025-03-05 13:01:34.218859-05:00,580.7107,580.72,580.3,580.35,102056.0,580.4896443276241
2025-03-05 13:01:57.583455-05:00,580.34,580.95,580.18,580.62,86498.0,580.6430760630304
2025-03-05 13:02:08.727371-05:00,580.6237,580.72,580.39,580.6,90881.0,580.5424520460822
2025-03-05 13:02:54.630942-05:00,580.65,580.74,580.3701,580.57,76947.0,580.5800390658503
2025-03-05 13:03:25.427172-05:00,580.57,580.89,580.28,580.5113,87988.0,580.5088343637765
2025-03-05 13:04:14.614368-05:00,580.5113,580.99,580.4865,580.97,68417.0,580.8455209962431
2025-03-05 13:05:04.585868-05:00,580.97,580.98,580.59,580.69,72307.0,580.7711544082864
2025-03-05 13:06:03.330638-05:00,580.6984,580.92,580.5538,580.66,65165.0,580.8217718821458
2025-03-05 13:06:55.889098-05:00,580.65,581.03,580.54,581.03,64053.0,580.848203506472
2025-03-05 13:07:27.882126-05:00,581.03,581.14,580.71,580.85,61874.0,580.9649718443935
2025-03-05 13:07:31.789928-05:00,580.86,581.16,580.7491,580.92,100725.0,581.0305952186649
2025-03-05 13:07:32.749382-05:00,580.92,580.93,578.52,580.34,87026.0,580.5740317548776
2025-03-05 13:07:34.216107-05:00,580.31,580.6099,579.82,580.06,84498.0,580.1650600960972
2025-03-05 13:07:36.450863-05:00,580.05,580.3212,579.52,579.7,99712.0,579.8425718178354
2025-03-05 13:07:40.004644-05:00,579.7,580.6931,579.45,579.64,88499.0,579.658005572943
2025-03-05 13:07:46.306880-05:00,579.62,579.79,579.25,579.67,111189.0,579.5567019983987
2025-03-05 13:07:55.593457-05:00,579.65,580.3365,579.12,579.42,103297.0,579.3740967714456
2025-03-05 13:08:09.892903-05:00,579.46,580.2787,579.32,579.7,96926.0,579.7219357943173
2025-03-05 13:08:27.744172-05:00,579.7,580.2209,579.17,579.21,91147.0,579.5436471732472
2025-03-05 13:08:37.982920-05:00,579.21,580.1702,578.79,579.188,86080.0,579.0623245097581
2025-03-05 13:08:56.046603-05:00,579.19,580.0874,578.7,578.99,86814.0,579.0821332008658
2025-03-05 13:09:10.493331-05:00,578.99,579.2421,578.671,578.79,96599.0,578.9107860723196
2025-03-05 13:09:26.429820-05:00,578.79,579.0606,578.48,578.6,80846.0,578.6717255139398
2025-03-05 13:09:39.319948-05:00,578.6,579.5696,578.19,578.24,122535.0,578.3876705471903
2025-03-05 13:09:48.448521-05:00,578.225,578.74,577.8,577.97,81834.0,578.0289640907197
2025-03-05 13:09:59.238426-05:00,577.95,579.6288,577.74,578.29,92914.0,577.9654614449923
2025-03-05 13:10:20.932033-05:00,578.29,579.7767,578.18,578.62,87922.0,578.479504109324
2025-03-05 13:10:43.729193-05:00,578.6,579.4111,578.2819,579.05,97731.0,578.7414221915255
2025-03-05 13:11:09.233638-05:00,579.045,579.3876,578.6397,578.915,89630.0,578.991243824613
2025-03-05 13:11:38.831243-05:00,578.92,579.6451,578.7014,579.13,78178.0,578.9034226086619
2025-03-05 13:12:12.314893-05:00,579.15,579.5848,578.9604,579.06,87753.0,579.1765305790119
2025-03-05 13:12:48.610480-05:00,579.07,579.69,578.92,579.67,79998.0,579.2795229843254
2025-03-05 13:13:33.779514-05:00,579.67,579.91,578.7207,579.86,83814.0,579.7049568353738
2025-03-05 13:14:10.667417-05:00,579.86,579.99,578.8068,579.36,100850.0,579.7679642617751
2025-03-05 13:14:59.813854-05:00,579.36,579.7282,578.8368,579.35,94661.0,579.4236221316062
2025-03-05 13:15:52.274382-05:00,579.35,579.69,579.05,579.63,69524.0,579.4074329425811
2025-03-05 13:17:03.945608-05:00,579.63,579.985,579.3685,579.56,54210.0,579.7403411012727
2025-03-05 13:18:00.185671-05:00,579.55,579.7304,579.09,579.09,65362.0,579.3732845889044
2025-03-05 13:18:42.331743-05:00,579.09,579.511,578.91,578.9512,62825.0,579.0835899323515
2025-03-05 13:19:24.594632-05:00,578.95,579.61,578.91,579.57,82398.0,579.3153472268738
2025-03-05 13:20:08.238085-05:00,579.57,579.7,579.2586,579.65,118142.0,579.5679772697267
2025-03-05 13:21:08.559250-05:00,579.67,580.0,579.4094,579.64,74358.0,579.8018605798976
2025-03-05 13:21:57.669523-05:00,579.64,579.7893,579.18,579.31,65716.0,579.372323380912
2025-03-05 13:22:51.434214-05:00,579.31,579.64,579.17,579.64,71539.0,579.4617110764766
2025-03-05 13:24:01.138718-05:00,579.64,579.735,579.28,579.34,59039.0,579.523445895086
2025-03-05 13:25:09.740347-05:00,579.33,579.75,579.2303,579.6787,59423.0,579.4997587180051
2025-03-05 13:26:24.158974-05:00,579.66,579.71,575.07,575.07,51161.0,579.4238846562813
2025-03-05 13:27:08.738393-05:00,579.5,579.5,578.84,579.33,60793.0,579.0787792722828
2025-03-05 13:28:01.398564-05:00,579.33,579.7577,579.0963,579.57,48949.0,579.4274325052625
2025-03-05 13:28:56.170726-05:00,579.57,579.64,578.95,579.21,39834.0,579.1455803409146
2025-03-05 13:29:55.300044-05:00,579.21,579.46,575.14,579.14,55963.0,579.2629778925367
2025-03-05 13:30:33.132644-05:00,579.14,579.4153,575.19,579.08,49010.0,579.0763783044264
2025-03-05 13:31:15.946406-05:00,579.06,579.3099,575.09,578.93,46520.0,578.9117628761818
2025-03-05 13:31:53.099707-05:00,578.92,579.2823,575.09,578.83,54196.0,578.8378386486091
2025-03-05 13:32:12.871248-05:00,578.83,579.2273,575.09,578.525,80409.0,578.6285821450319
2025-03-05 13:32:43.653559-05:00,578.525,578.9804,578.14,578.24,60806.0,578.3940917014777
2025-03-05 13:33:07.576551-05:00,578.24,578.3461,577.905,578.28,65541.0,578.0598417235009
2025-03-05 13:33:43.462941-05:00,578.2893,578.88,578.0993,578.8382,63144.0,578.4790294786516
2025-03-05 13:33:59.330610-05:00,578.82,579.67,575.05,579.43,79150.0,579.3430099873651
2025-03-05 13:34:16.227855-05:00,579.4,579.62,578.9383,579.4,98960.0,579.397576542037
2025-03-05 13:34:49.390917-05:00,579.43,579.51,575.08,578.9606,66955.0,579.13119851542
2025-03-05 13:35:16.834595-05:00,578.96,579.1929,578.5,578.56,84121.0,578.6479591302998
2025-03-05 13:35:45.137269-05:00,578.5337,578.82,578.26,578.805,85741.0,578.4582832425547
2025-03-05 13:36:30.149086-05:00,578.8136,579.21,578.5745,579.18,65486.0,578.9399572122288
2025-03-05 13:37:15.486880-05:00,579.18,579.4899,578.7883,579.08,70198.0,579.2457359212515
2025-03-05 13:37:57.467477-05:00,579.08,579.2066,578.6673,578.75,85726.0,578.9257336175727
2025-03-05 13:38:41.953832-05:00,578.75,579.0353,578.46,578.62,94706.0,578.5911680020275
2025-03-05 13:39:38.114414-05:00,578.62,579.17,578.56,579.15,64160.0,578.8550313045515
2025-03-05 13:40:31.290710-05:00,579.14,579.4,578.8153,578.945,62385.0,579.2436449018196
2025-03-05 13:41:07.678588-05:00,578.935,578.94,578.57,578.65,78195.0,578.7531552490566
2025-03-05 13:42:17.102162-05:00,578.65,578.93,578.38,578.75,63169.0,578.6622451819717
2025-03-05 13:43:33.603521-05:00,578.75,578.8949,578.42,578.498,156501.0,578.6725654692304
2025-03-05 13:44:44.586352-05:00,578.5,578.92,578.31,578.5,55003.0,578.6284674617748
2025-03-05 13:45:37.875947-05:00,578.5,579.15,578.46,579.11,72970.0,578.8584140893513
2025-03-05 13:46:33.813085-05:00,579.081,579.36,578.7173,579.3,99461.0,579.238354514835
2025-03-05 13:47:35.844187-05:00,579.3,579.68,578.8686,579.6,83018.0,579.4349009973737
2025-03-05 13:48:35.311115-05:00,579.58,579.93,579.0451,579.88,62779.0,579.7122711272871
2025-03-05 13:49:07.297127-05:00,579.88,580.32,578.9851,580.16,72446.0,580.0682216616514
2025-03-05 13:50:14.496349-05:00,580.17,580.43,579.1487,580.4,61586.0,580.1393725944208
2025-03-05 13:50:56.494069-05:00,580.41,580.43,579.2394,580.28,100264.0,580.3283196022492
2025-03-05 13:51:52.059902-05:00,580.28,580.45,579.4453,580.3,89912.0,580.2737836039687
2025-03-05 13:52:23.320959-05:00,580.31,580.63,580.1571,580.4,86644.0,580.4271706707907
2025-03-05 13:52:32.836191-05:00,580.4,580.82,580.2261,580.47,86265.0,580.592808909755
2025-03-05 13:53:00.926260-05:00,580.47,580.67,579.7598,580.28,359127.0,580.6016735586584
2025-03-05 13:53:48.910302-05:00,580.29,580.59,579.7658,580.36,82699.0,580.2659820396863
2025-03-05 13:55:09.249979-05:00,580.3652,580.69,579.9651,580.64,57348.0,580.5444396526466
2025-03-05 13:56:04.376019-05:00,580.64,580.91,580.4043,580.62,63967.0,580.7091457454626
2025-03-05 13:57:05.305369-05:00,580.62,581.01,580.4679,580.86,63824.0,580.8451674558156
2025-03-05 13:58:08.127759-05:00,580.85,581.0,580.3636,580.78,70939.0,580.8542722733628
2025-03-05 13:58:53.382475-05:00,580.8283,581.41,580.5019,581.34,77209.0,581.2166663290542
2025-03-05 13:59:31.708285-05:00,581.3599,581.42,580.904,581.369,100225.0,581.3076175115986
2025-03-05 14:00:05.271193-05:00,581.3539,581.57,581.0516,581.49,92482.0,581.478974924851
2025-03-05 14:00:25.983210-05:00,581.5,581.67,581.1584,581.375,110944.0,581.4606979800618
2025-03-05 14:01:04.397052-05:00,581.37,581.4324,580.9675,581.025,82163.0,581.1926208731426
2025-03-05 14:01:42.670499-05:00,581.04,581.3112,580.83,581.12,133319.0,581.0158428303538
2025-03-05 14:02:07.035348-05:00,581.135,582.0,581.069,581.76,106940.0,581.4987975219753
2025-03-05 14:02:40.421996-05:00,581.76,582.0,580.9891,581.6326,93839.0,581.8143937478022
2025-03-05 14:03:25.318909-05:00,581.65,581.99,581.58,581.84,90958.0,581.8095252237298
2025-03-05 14:03:56.338157-05:00,581.85,582.19,581.4235,582.16,90484.0,582.0625185347685
2025-03-05 14:04:24.192380-05:00,582.16,582.33,581.77,582.02,168498.0,582.1360154559695
2025-03-05 14:04:56.506743-05:00,582.02,582.41,581.4778,582.3904,159950.0,582.2497718899659
2025-03-05 14:05:30.532453-05:00,582.381,582.43,581.8112,582.09,147603.0,582.1704267948477
2025-03-05 14:06:07.088977-05:00,582.09,582.6,581.8275,582.59,112507.0,582.3116138231402
2025-03-05 14:06:30.754612-05:00,582.59,583.07,582.0425,583.02,91435.0,582.7150248329417
2025-03-05 14:06:57.587614-05:00,583.02,583.25,582.3833,583.1101,104820.0,583.071808674871
2025-03-05 14:07:27.176179-05:00,583.11,583.49,582.3032,583.43,88372.0,583.3203804847697
2025-03-05 14:07:58.563867-05:00,583.43,583.57,581.9184,583.41,88187.0,583.472349920056
2025-03-05 14:08:15.097560-05:00,583.38,583.4,582.081,583.1249,127805.0,583.2435031610656
2025-03-05 14:08:47.087715-05:00,583.12,583.28,582.13,583.17,101549.0,583.1507305852348
2025-03-05 14:09:03.638983-05:00,583.17,583.4718,583.13,583.45,169350.0,583.2317518854445
2025-03-05 14:09:20.564203-05:00,583.4499,583.71,582.8698,583.39,83985.0,583.5414904994932
2025-03-05 14:09:34.522100-05:00,583.38,583.68,583.34,583.6,126170.0,583.5240832630576
2025-03-05 14:09:51.091977-05:00,583.6089,583.76,583.3201,583.75,194419.0,583.6859193561328
2025-03-05 14:10:27.582201-05:00,583.75,583.88,583.2455,583.63,98007.0,583.7016291948536
2025-03-05 14:10:54.010118-05:00,583.603,583.71,582.6924,583.47,100228.0,583.5877186045826
2025-03-05 14:11:22.630681-05:00,583.47,583.88,582.7426,583.73,133708.0,583.6624512474935
2025-03-05 14:11:53.650853-05:00,583.7107,583.72,582.8892,583.445,96919.0,583.5918982954836
2025-03-05 14:12:40.034060-05:00,583.44,583.83,583.41,583.73,72274.0,583.578838064864
2025-03-05 14:13:19.961716-05:00,583.73,583.97,583.5351,583.88,75987.0,583.7387179464907
2025-03-05 14:14:12.975467-05:00,583.85,583.9,583.0916,583.9,92481.0,583.7144728398271
2025-03-05 14:14:43.271547-05:00,583.9,584.23,583.6734,584.09,102160.0,584.0806285777214
2025-03-05 14:15:17.263141-05:00,584.11,584.3,583.7461,584.3,94728.0,584.1064814373792
2025-03-05 14:15:55.970136-05:00,584.3,584.34,583.7667,584.23,93879.0,584.2284176557055
2025-03-05 14:16:39.662392-05:00,584.23,584.34,583.5343,584.15,92362.0,584.1711524046688
2025-03-05 14:17:22.933982-05:00,584.15,584.25,583.97,583.99,100950.0,584.1128026527989
2025-03-05 14:17:48.098715-05:00,583.98,584.1507,583.6774,583.89,98484.0,583.8609511331794
2025-03-05 14:18:22.033877-05:00,583.8806,584.0206,583.33,583.333,116357.0,583.6671588310115
2025-03-05 14:18:46.240873-05:00,583.333,583.9516,582.87,582.93,97467.0,583.1136706875142
2025-03-05 14:19:04.190486-05:00,582.93,583.8283,582.6875,583.0,94335.0,582.9037906938038
2025-03-05 14:19:44.252416-05:00,583.0,583.7587,582.72,582.78,105720.0,582.981154922437
2025-03-05 14:20:10.221888-05:00,582.78,583.6891,582.38,582.4139,104639.0,582.6977836494997
2025-03-05 14:20:46.978796-05:00,582.42,583.4655,582.42,583.15,106693.0,582.8633682856413
2025-03-05 14:21:31.120420-05:00,583.15,583.5808,582.8399,583.49,95698.0,583.2866182104125
2025-03-05 14:22:21.512431-05:00,583.47,583.65,583.0812,583.56,105472.0,583.5399091929612
2025-03-05 14:23:34.338215-05:00,583.57,583.76,583.0968,583.5682,84358.0,583.5624313651344
2025-03-05 14:24:45.364049-05:00,583.5399,584.01,583.0972,583.98,68568.0,583.7646866657914
2025-03-05 14:25:40.111916-05:00,583.96,584.015,583.4058,583.51,1074206.0,583.8595563754994
2025-03-05 14:26:20.564294-05:00,583.51,583.7755,583.14,583.4507,85176.0,583.4143327052227
2025-03-05 14:27:26.394175-05:00,583.44,583.64,583.38,583.41,70398.0,583.5066465396739
2025-03-05 14:27:50.197280-05:00,583.41,583.5892,583.03,583.13,105893.0,583.1985749652952
2025-03-05 14:28:46.989064-05:00,583.12,583.54,582.89,583.0493,78807.0,583.2257560064461
2025-03-05 14:29:34.370998-05:00,583.05,583.3819,582.85,582.86,80552.0,583.1557649654883
2025-03-05 14:30:21.841197-05:00,582.86,583.3775,582.69,583.12,95478.0,582.9160529944071
2025-03-05 14:31:11.120310-05:00,583.12,583.42,582.9301,583.18,81200.0,583.2298275344828
2025-03-05 14:32:13.943187-05:00,583.2,583.2139,582.79,582.835,62970.0,582.9478719564875
2025-03-05 14:33:12.991704-05:00,582.849,583.44,582.8,583.33,84779.0,583.1011728847943
2025-03-05 14:34:29.403050-05:00,583.33,583.4,583.057,583.15,64370.0,583.2768416591572
2025-03-05 14:35:41.383818-05:00,583.15,583.4963,583.04,583.44,69485.0,583.305635955962
2025-03-05 14:36:43.865176-05:00,583.44,583.48,582.82,582.85,58898.0,583.0983965941114
2025-03-05 14:37:23.642380-05:00,582.8589,583.2432,582.49,582.5,91090.0,582.9533765627398
2025-03-05 14:38:05.292478-05:00,582.495,583.1246,582.24,582.24,74752.0,582.464765853756
2025-03-05 14:38:19.164633-05:00,582.24,582.8424,581.98,582.39,97559.0,582.208693543394
2025-03-05 14:39:04.881632-05:00,582.39,583.0,582.23,583.0,95065.0,582.6553397959283
2025-03-05 14:40:07.731492-05:00,583.0,583.2399,582.4906,583.07,84304.0,583.0478311835739
2025-03-05 14:40:57.472978-05:00,583.07,583.5,582.7082,583.33,77443.0,583.2190182560076
2025-03-05 14:42:02.372014-05:00,583.34,583.5699,582.7876,583.37,76106.0,583.3950168554389
2025-03-05 14:42:58.891244-05:00,583.37,583.62,582.8264,583.255,65840.0,583.3877144152507
2025-03-05 14:44:00.073575-05:00,583.255,583.3648,582.75,583.06,69606.0,583.0080090897337
2025-03-05 14:45:16.177033-05:00,583.06,583.2037,582.7,582.84,77964.0,582.9551168590629
2025-03-05 14:46:29.581878-05:00,582.84,583.1852,582.6745,582.74,68934.0,582.926263827719
2025-03-05 14:47:42.668444-05:00,582.74,583.38,582.67,583.29,59698.0,583.1568674679215
2025-03-05 14:48:18.933591-05:00,583.26,583.57,583.0778,583.57,91751.0,583.424952292618
2025-03-05 14:49:15.930978-05:00,583.57,583.77,583.1499,583.6,85813.0,583.6313876370718
2025-03-05 14:50:22.985226-05:00,583.6,583.91,583.2452,583.9,76796.0,583.683308764779
2025-03-05 14:51:16.541694-05:00,583.9,583.93,583.3067,583.89,81615.0,583.6998923028862
2025-03-05 14:52:30.709289-05:00,583.89,583.92,583.26,583.57,61129.0,583.5344520603962
2025-03-05 14:53:36.364237-05:00,583.59,583.95,583.4116,583.9,67118.0,583.7582736300244
2025-03-05 14:54:53.634563-05:00,583.88,583.93,583.656,583.74,74674.0,583.7907965021299
2025-03-05 14:55:27.357407-05:00,583.75,583.98,583.7,583.72,385460.0,583.7446431466311
2025-03-05 14:56:10.471190-05:00,583.72,584.06,583.6027,583.7614,74631.0,583.8374845144778
2025-03-05 14:57:06.439024-05:00,584.0,584.14,583.7958,584.04,79105.0,584.0232868845209
2025-03-05 14:58:10.946051-05:00,584.03,584.2,583.712,583.8995,63754.0,584.100214112056
2025-03-05 14:58:51.598796-05:00,583.9408,584.0503,583.5,583.51,85955.0,583.751787424815
2025-03-05 14:59:19.266559-05:00,583.51,583.9021,583.1837,583.36,126385.0,583.3727775685406
2025-03-05 14:59:57.382873-05:00,583.36,583.7244,582.95,583.06,97988.0,583.2771889302777
2025-03-05 15:00:22.929136-05:00,583.09,583.6823,582.94,583.42,92052.0,583.1026613272935
2025-03-05 15:01:29.852521-05:00,583.4,583.785,583.1853,583.7808,79611.0,583.4781203816063
2025-03-05 15:02:08.020266-05:00,583.7999,584.4,583.5008,584.4,74050.0,584.1038664172861
2025-03-05 15:02:50.626087-05:00,584.4,584.47,583.5539,584.2,82590.0,584.3477604843205
2025-03-05 15:03:45.466736-05:00,584.16,584.44,583.6184,584.37,94910.0,584.1018335570536
2025-03-05 15:04:29.329983-05:00,584.395,584.7,583.656,584.67,78405.0,584.4840453593522
2025-03-05 15:05:14.254275-05:00,584.665,584.69,583.8176,584.26,76066.0,584.3960657245026
2025-03-05 15:06:05.675147-05:00,584.27,584.45,584.01,584.41,80689.0,584.2002344545097
2025-03-05 15:07:02.414842-05:00,584.41,584.74,584.2158,584.545,84470.0,584.5470760814484
2025-03-05 15:07:56.795893-05:00,584.54,584.63,583.9184,584.61,77510.0,584.5050640627016
2025-03-05 15:08:32.905054-05:00,584.61,584.78,584.4389,584.7401,115327.0,584.6279827585918
2025-03-05 15:09:22.330520-05:00,584.7401,584.89,584.014,584.74,68698.0,584.7877669772046
2025-03-05 15:10:18.152713-05:00,584.74,584.82,584.2743,584.64,58496.0,584.6645414848874
2025-03-05 15:10:47.185311-05:00,584.64,584.7037,584.19,584.24,94065.0,584.4256235028967
2025-03-05 15:11:35.398468-05:00,584.225,584.6,584.2,584.46,126841.0,584.4684778108027
2025-03-05 15:12:47.276123-05:00,584.46,584.62,584.23,584.51,211368.0,584.4675867818212
2025-03-05 15:13:54.906720-05:00,584.5,584.72,584.4689,584.635,73738.0,584.6381160582058
2025-03-05 15:14:58.620845-05:00,584.65,584.78,584.5,584.64,92721.0,584.6732464792224
2025-03-05 15:15:53.886313-05:00,584.6388,584.785,582.8379,584.45,71555.0,584.6235792313607
2025-03-05 15:16:27.726108-05:00,584.45,584.5808,582.7689,584.1,98789.0,584.301738474931
2025-03-05 15:16:42.333705-05:00,584.1,584.507,583.66,583.66,95726.0,583.8436316152347
2025-03-05 15:17:06.874548-05:00,583.69,584.4323,582.8554,583.34,102527.0,583.5643081295661
2025-03-05 15:17:21.241967-05:00,583.34,584.2403,582.96,583.025,131308.0,583.1743825143935
2025-03-05 15:17:42.193203-05:00,583.002,584.2624,582.57,582.57,120987.0,582.8957767776708
2025-03-05 15:17:53.049472-05:00,582.57,583.8195,582.25,582.4,115054.0,582.3919910885326
2025-03-05 15:18:08.892341-05:00,582.39,583.8885,582.31,582.57,103909.0,582.4944345042302
2025-03-05 15:18:27.094919-05:00,582.57,583.7835,582.48,583.02,98887.0,582.8199256717273
2025-03-05 15:18:56.693895-05:00,583.02,583.7629,582.7182,583.26,97620.0,583.0909118971531
2025-03-05 15:19:28.701632-05:00,583.26,583.6981,582.6685,582.72,80123.0,583.0324185964081
2025-03-05 15:20:08.638932-05:00,582.72,583.6135,582.72,583.18,102350.0,583.1666112349798
2025-03-05 15:20:50.538652-05:00,583.165,583.5538,582.88,583.16,93658.0,583.1020872546931
2025-03-05 15:21:34.405617-05:00,583.16,583.6099,583.06,583.42,63135.0,583.3518595264122
2025-03-05 15:22:12.540547-05:00,583.41,583.42,582.61,582.67,74227.0,582.9889302814355
2025-03-05 15:22:45.292679-05:00,582.67,583.0105,582.56,582.78,70224.0,582.6890827395207
2025-03-05 15:23:18.952239-05:00,582.78,583.003,582.27,582.39,75771.0,582.5149771957613
2025-03-05 15:23:59.967699-05:00,582.39,583.12,582.37,583.075,78695.0,582.7618188220337
2025-03-05 15:24:50.821358-05:00,583.0898,583.35,582.6581,583.11,104452.0,583.1705544805266
2025-03-05 15:25:40.437658-05:00,583.13,583.55,582.9,583.52,92602.0,583.2661389570424
2025-03-05 15:26:13.178961-05:00,583.52,583.76,582.9577,583.5,106442.0,583.5503146934471
2025-03-05 15:27:23.109341-05:00,583.5,583.86,583.0497,583.68,84249.0,583.5151668945625
2025-03-05 15:28:16.314868-05:00,583.68,583.98,583.1115,583.87,79301.0,583.7616534797789
2025-03-05 15:28:59.824597-05:00,583.87,584.28,583.2054,584.22,126112.0,584.0430268301195
2025-03-05 15:29:54.548188-05:00,584.22,584.34,583.2822,584.17,76786.0,584.192170188577
2025-03-05 15:30:18.575218-05:00,584.16,584.25,583.3748,583.69,92212.0,583.9130110994232
2025-03-05 15:30:47.876118-05:00,583.68,583.9853,583.2,583.24,99580.0,583.490478282788
2025-03-05 15:31:17.824781-05:00,583.25,583.8506,582.9817,583.35,126603.0,583.2634929851586
2025-03-05 15:32:06.448903-05:00,583.36,583.81,583.35,583.75,94675.0,583.6250858156855
2025-03-05 15:32:47.440293-05:00,583.73,583.7312,583.06,583.13,95991.0,583.4217605223408
2025-03-05 15:33:24.570757-05:00,583.13,583.7393,582.75,582.91,80581.0,583.0011329134661
2025-03-05 15:34:20.632289-05:00,582.91,583.574,582.7477,583.04,79340.0,583.0865032127548
2025-03-05 15:34:54.509432-05:00,583.03,583.54,582.98,583.28,99775.0,583.2467858361326
2025-03-05 15:35:45.763119-05:00,583.27,583.5385,582.6715,583.03,76685.0,583.140311384234
2025-03-05 15:36:21.262058-05:00,583.03,583.5257,582.5058,583.13,88271.0,582.8767283014809
2025-03-05 15:37:05.284106-05:00,583.1,583.4808,582.4428,583.23,609192.0,583.230930415862
2025-03-05 15:37:53.951767-05:00,583.26,583.49,583.1165,583.31,85153.0,583.3515795638435
2025-03-05 15:38:39.830609-05:00,583.31,583.46,582.0557,583.42,79235.0,583.2261628749917
2025-03-05 15:39:32.261457-05:00,583.42,583.54,583.1772,583.29,65250.0,583.40848131341
2025-03-05 15:40:15.799358-05:00,583.31,583.57,583.17,583.29,75440.0,583.3308441529682
2025-03-05 15:40:58.229525-05:00,583.29,583.63,583.18,583.5,79231.0,583.4423313324327
2025-03-05 15:41:27.655803-05:00,583.5,583.77,583.2735,583.48,147512.0,583.6103946078958
2025-03-05 15:42:04.093068-05:00,583.48,583.81,583.2932,583.71,93875.0,583.665016591212
2025-03-05 15:42:49.948424-05:00,583.71,583.98,583.3206,583.9,91286.0,583.8265262581334
2025-03-05 15:43:38.108674-05:00,583.9,583.95,583.5401,583.81,68956.0,583.8613340637515
2025-03-05 15:44:16.531989-05:00,583.81,583.92,583.3992,583.58,82230.0,583.6800434926424
2025-03-05 15:45:05.902317-05:00,583.58,583.7848,583.4284,583.62,70564.0,583.6658749503996
2025-03-05 15:45:45.731648-05:00,583.62,583.7,583.33,583.39,84724.0,583.496442296161
2025-03-05 15:46:16.562140-05:00,583.39,583.671,582.9,582.95,85092.0,583.1643179476334
2025-03-05 15:46:35.028143-05:00,582.95,583.6016,582.81,582.82,128898.0,582.9323973126039
2025-03-05 15:47:02.937412-05:00,582.82,583.4562,582.69,582.89,152128.0,582.8159380699149
2025-03-05 15:47:34.278894-05:00,582.89,583.3634,582.83,583.23,103031.0,582.992861331055
2025-03-05 15:48:15.311039-05:00,583.23,583.36,582.82,583.05,204417.0,583.0385241075841
2025-03-05 15:49:03.538181-05:00,583.05,583.41,582.9914,583.14,70550.0,583.287097294117
2025-03-05 15:49:50.343470-05:00,583.14,583.3511,582.98,583.11,80568.0,583.124076460878
2025-03-05 15:50:07.566414-05:00,583.11,583.1885,582.641,582.66,107853.0,582.9072051143688
2025-03-05 15:50:31.199364-05:00,582.66,583.0576,582.425,582.46,95879.0,582.5791440763879
2025-03-05 15:50:46.744758-05:00,582.46,582.965,582.0201,582.13,117920.0,582.2856260549526
2025-03-05 15:51:01.248021-05:00,582.1001,582.865,581.85,581.9,118706.0,581.9905016107025
2025-03-05 15:51:09.807337-05:00,581.9,582.7219,581.41,581.41,135994.0,581.6822199280856
2025-03-05 15:51:23.504124-05:00,581.41,582.5094,581.39,581.63,154725.0,581.5298345134918
2025-03-05 15:51:31.668581-05:00,581.62,582.7705,581.61,582.0,127234.0,581.8482920830907
2025-03-05 15:51:53.209435-05:00,582.0,582.3479,581.808,582.19,125296.0,582.1464364848041
2025-03-05 15:52:10.352263-05:00,582.19,582.75,582.0109,582.66,127561.0,582.4527218052544
2025-03-05 15:52:38.550139-05:00,582.66,582.94,582.0391,582.9371,137076.0,582.7605150515038
2025-03-05 15:53:05.629721-05:00,582.9398,583.16,582.1264,582.9,113278.0,583.0117037430045
2025-03-05 15:53:38.702235-05:00,582.9,583.04,582.209,583.03,121891.0,582.8372905243208
2025-03-05 15:53:55.028174-05:00,583.04,583.52,582.2585,583.5,123659.0,583.2689052248525
2025-03-05 15:54:13.657782-05:00,583.5,583.63,582.3908,583.51,118391.0,583.4653238210675
2025-03-05 15:54:34.157660-05:00,583.51,583.75,582.4696,583.73,113487.0,583.5913633614417
2025-03-05 15:54:50.052540-05:00,583.73,583.93,582.4954,583.66,105830.0,583.7721439506745
2025-03-05 15:55:04.798735-05:00,583.66,583.8,582.591,583.1,101536.0,583.4446623542383
2025-03-05 15:55:22.879209-05:00,583.1,583.5452,582.6284,583.41,132106.0,583.2588294649743
2025-03-05 15:55:48.415704-05:00,583.38,583.49,582.6737,583.47,102533.0,583.4013448158155
2025-03-05 15:56:09.685620-05:00,583.46,583.72,582.7257,583.59,97621.0,583.5712190010355
2025-03-05 15:56:36.178996-05:00,583.6,583.68,582.7999,583.55,95763.0,583.5069784373921
2025-03-05 15:57:04.958466-05:00,583.55,583.59,582.8134,583.27,80610.0,583.4711167001612
2025-03-05 15:57:28.112994-05:00,583.27,583.4683,582.93,582.9797,103579.0,583.1836286380448
2025-03-05 15:57:50.424625-05:00,582.965,583.3882,582.83,583.11,113751.0,583.0183441042277
2025-03-05 15:58:04.184646-05:00,583.11,583.3922,583.01,583.1227,106503.0,583.1034891730749
2025-03-05 15:58:19.792258-05:00,583.13,583.2073,582.96,582.98,108305.0,583.0500410904385
2025-03-05 15:58:38.533216-05:00,582.99,583.343,582.99,583.07,95890.0,583.0648406674319
2025-03-05 15:58:46.698236-05:00,583.07,583.4,583.02,583.32,162376.0,583.2037207758533
2025-03-05 15:58:59.034648-05:00,583.32,583.34,583.11,583.2,123065.0,583.2094144752774
2025-03-05 15:59:00.149528-05:00,583.21,583.4,583.14,583.31,192456.0,583.2704995728897
2025-03-05 15:59:04.168342-05:00,583.31,583.48,583.2006,583.45,223201.0,583.391722481979
2025-03-05 15:59:12.070898-05:00,583.45,583.62,583.39,583.6,191307.0,583.4890929835287
2025-03-05 15:59:19.964067-05:00,583.6,583.675,583.2758,583.63,158152.0,583.6174241723156
2025-03-05 15:59:28.823323-05:00,583.635,583.66,583.55,583.62,149895.0,583.6138380939993
2025-03-05 15:59:33.269284-05:00,583.62,583.65,583.41,583.42,170753.0,583.5367477262471
2025-03-05 15:59:39.083781-05:00,583.42,583.57,583.39,583.56,171929.0,583.4733778379451
2025-03-05 15:59:43.042201-05:00,583.56,583.57,583.44,583.44,134200.0,583.5103729247395
2025-03-05 15:59:46.840180-05:00,583.44,583.455,583.17,583.19,153059.0,583.3552492907962
2025-03-05 15:59:50.017107-05:00,583.18,583.29,583.16,583.27,115503.0,583.204063266755
2025-03-05 15:59:50.432697-05:00,583.23,583.25,583.09,583.09,148724.0,583.1606345525939
2025-03-05 15:59:56.240146-05:00,583.13,583.21,582.76,582.76,172772.0,582.9718630918203
2025-03-06 09:30:00.467411-05:00,582.76,583.12,575.47,575.47,647454.0,577.1135834877881
2025-03-06 09:30:01.507202-05:00,575.47,575.66,575.29,575.3,25515.0,575.4936689202428
2025-03-06 09:30:04.469837-05:00,575.31,575.6367,575.3,575.43,42030.0,575.4190599428965
2025-03-06 09:30:13.664532-05:00,575.3907,575.6,575.13,575.3,63452.0,575.3057514956191
2025-03-06 09:30:39.058660-05:00,575.3,575.57,575.13,575.55,124196.0,575.2880810259594
2025-03-06 09:31:02.067804-05:00,575.54,575.77,575.3965,575.54,106190.0,575.5652107015726
2025-03-06 09:31:23.311207-05:00,575.54,575.7262,575.47,575.63,81533.0,575.6110075135224
2025-03-06 09:31:47.634772-05:00,575.63,575.65,575.01,575.01,78259.0,575.2357338018641
2025-03-06 09:31:54.187053-05:00,575.01,575.47,574.86,574.88,40214.0,574.9781500746001
2025-03-06 09:32:18.607111-05:00,574.87,575.3596,574.79,574.9,94173.0,575.0107937784711
2025-03-06 09:32:38.980044-05:00,574.9,575.2997,574.56,574.67,86330.0,574.7220001424762
2025-03-06 09:33:11.826753-05:00,574.66,575.12,574.645,574.7,62871.0,574.7470789966752
2025-03-06 09:33:32.390803-05:00,574.69,574.95,574.65,574.689,82041.0,574.7829171938421
2025-03-06 09:34:02.696934-05:00,574.6692,575.47,574.65,574.82,81733.0,574.8740794305854
2025-03-06 09:34:25.496540-05:00,574.83,575.47,574.72,575.085,99198.0,574.9960522087139
2025-03-06 09:34:51.369619-05:00,575.085,575.47,574.9205,575.195,71392.0,575.1506940973762
2025-03-06 09:35:13.502779-05:00,575.1854,575.47,574.57,574.65,87447.0,574.8678700915979
2025-03-06 09:35:37.382231-05:00,574.63,575.07,574.52,574.77,71395.0,574.6568371384546
2025-03-06 09:35:59.872127-05:00,574.77,574.81,574.37,574.45,78535.0,574.4958710141975
2025-03-06 09:36:23.373658-05:00,574.455,574.56,574.07,574.15,86080.0,574.2612831540423
2025-03-06 09:36:38.624928-05:00,574.15,574.5888,573.77,574.03,65022.0,573.9544630986427
2025-03-06 09:36:58.121387-05:00,574.03,574.49,574.0,574.4795,110868.0,574.2821824584188
2025-03-06 09:37:25.854391-05:00,574.47,574.6718,574.1887,574.55,81314.0,574.3881083343575
2025-03-06 09:37:56.920991-05:00,574.55,574.7599,574.3414,574.63,72420.0,574.5352717426125
2025-03-06 09:38:21.134753-05:00,574.63,574.93,574.4201,574.81,74262.0,574.6940019552388
2025-03-06 09:38:54.560650-05:00,574.815,574.98,574.3779,574.95,75809.0,574.8180886134893
2025-03-06 09:39:16.577414-05:00,574.95,575.15,574.52,575.11,105677.0,575.0080595143697
2025-03-06 09:39:45.601282-05:00,575.12,575.19,574.626,575.02,79631.0,575.061025713604
2025-03-06 09:40:06.815429-05:00,575.01,575.0199,574.5849,574.9072,67993.0,574.791268952686
2025-03-06 09:40:38.897158-05:00,574.8989,575.02,574.5911,574.97,71866.0,574.8183413742248
2025-03-06 09:41:01.177605-05:00,574.97,575.27,574.5991,574.97,75053.0,575.0730582468385
2025-03-06 09:41:21.864167-05:00,574.96,574.96,574.48,574.52,70031.0,574.6670926118443
2025-03-06 09:41:25.295406-05:00,574.52,574.6758,573.89,574.07,76318.0,574.2772342147334
2025-03-06 09:41:57.108696-05:00,574.07,574.6841,573.995,574.13,76169.0,574.1594300765406
2025-03-06 09:42:22.537957-05:00,574.13,574.7988,574.125,574.72,70789.0,574.4335764511436
2025-03-06 09:43:04.149019-05:00,574.72,574.74,574.31,574.615,68485.0,574.4582274717093
2025-03-06 09:43:40.043689-05:00,574.62,574.7002,574.3387,574.34,74515.0,574.4722333288594
2025-03-06 09:44:02.774276-05:00,574.34,574.6637,573.81,573.85,72952.0,574.021648264612
2025-03-06 09:44:24.309955-05:00,573.85,574.5984,573.59,573.6,98412.0,573.7994288592852
2025-03-06 09:44:42.793034-05:00,573.6,574.4301,573.45,573.75,68195.0,573.5825182066128
2025-03-06 09:45:07.678294-05:00,573.74,574.465,573.5612,573.89,90473.0,573.7441803322532
2025-03-06 09:45:33.882069-05:00,573.89,574.39,573.8058,574.29,89965.0,574.1102569777131
2025-03-06 09:46:04.672161-05:00,574.3,574.47,574.07,574.15,66529.0,574.2826242495754
2025-03-06 09:46:36.048328-05:00,574.15,574.3946,573.9077,574.32,80832.0,574.063399673397
2025-03-06 09:47:23.593164-05:00,574.32,574.3598,574.01,574.04,64635.0,574.1554193501976
2025-03-06 09:47:55.570828-05:00,574.04,574.5163,574.03,574.4,62625.0,574.3407644774451
2025-03-06 09:48:22.225016-05:00,574.39,574.83,574.0476,574.54,76423.0,574.6106667259858
2025-03-06 09:48:46.985046-05:00,574.54,574.54,573.98,574.25,77610.0,574.2168866073954
2025-03-06 09:49:16.888026-05:00,574.24,574.49,574.0667,574.46,69748.0,574.3065773097429
2025-03-06 09:49:39.465957-05:00,574.4412,574.73,574.2206,574.59,83741.0,574.6236531901935
2025-03-06 09:49:59.057916-05:00,574.59,575.1,574.27,574.72,72331.0,574.8519054748313
2025-03-06 09:50:23.850876-05:00,574.72,575.23,574.325,575.13,68189.0,574.9052464488403
2025-03-06 09:50:43.935265-05:00,575.13,575.49,574.437,575.39,78529.0,575.2289773090192
2025-03-06 09:51:05.553799-05:00,575.38,575.76,574.5493,575.7,81643.0,575.541680807908
2025-03-06 09:51:19.614929-05:00,575.7,575.99,574.7,575.92,90428.0,575.8739974366345
2025-03-06 09:51:46.610953-05:00,575.9,575.92,575.3,575.6,83497.0,575.7227677784834
2025-03-06 09:52:07.750124-05:00,575.6,575.6985,575.06,575.47,90439.0,575.5439157719567
2025-03-06 09:52:34.115145-05:00,575.46,575.67,575.34,575.53,79593.0,575.5481862148679
2025-03-06 09:53:01.336425-05:00,575.4988,575.67,575.32,575.63,81570.0,575.5097981782519
2025-03-06 09:53:27.068937-05:00,575.63,575.7,575.1619,575.3,65532.0,575.4809778657756
2025-03-06 09:53:52.204883-05:00,575.3,575.5,575.0,575.1,69639.0,575.227260756186
2025-03-06 09:54:10.651046-05:00,575.095,575.4165,574.73,574.9,77197.0,574.8781505408239
2025-03-06 09:54:32.662169-05:00,574.9,575.4364,574.68,574.7751,75437.0,574.844816641701
2025-03-06 09:55:05.806793-05:00,574.79,575.3602,574.62,574.74,56419.0,574.8508149098712
2025-03-06 09:55:34.327088-05:00,574.74,575.3583,574.645,574.78,68423.0,574.9235101807866
2025-03-06 09:56:09.156698-05:00,574.78,575.3462,574.655,574.74,60760.0,574.768376361092
2025-03-06 09:56:47.036218-05:00,574.74,575.2065,574.3,574.3,57633.0,574.6249032325233
2025-03-06 09:57:13.004865-05:00,574.3,575.1115,574.121,574.18,86185.0,574.276262401811
2025-03-06 09:57:49.463805-05:00,574.7902,574.7902,574.15,574.39,73606.0,574.312559938048
2025-03-06 09:58:28.279786-05:00,574.39,574.8262,574.26,574.41,71127.0,574.4547348236257
2025-03-06 09:59:17.809745-05:00,574.41,574.6325,574.2,574.44,72064.0,574.3299059530415
2025-03-06 09:59:42.875622-05:00,574.425,574.6599,574.3865,574.47,99042.0,574.4883163577067
2025-03-06 10:00:09.145621-05:00,574.47,574.74,574.08,574.17,107479.0,574.3857629127551
2025-03-06 10:00:33.626138-05:00,574.17,574.45,574.0,574.36,94746.0,574.2587645821458
2025-03-06 10:00:47.616239-05:00,574.36,575.39,574.34,575.35,111315.0,574.9371470655349
2025-03-06 10:01:04.206137-05:00,575.35,575.48,574.5112,575.3599,98809.0,575.2717120970764
2025-03-06 10:01:30.070954-05:00,575.3412,575.54,574.5634,575.21,72447.0,575.3582498046849
2025-03-06 10:01:48.602753-05:00,575.225,575.2293,574.85,575.02,109624.0,575.0106602869804
2025-03-06 10:02:23.797400-05:00,575.045,575.1399,574.6754,575.07,72954.0,574.9651226238451
2025-03-06 10:03:01.813665-05:00,575.08,575.34,574.7422,575.34,79398.0,575.1160746479757
2025-03-06 10:03:26.970343-05:00,575.34,575.6,574.8097,575.2499,68704.0,575.4057102876116
2025-03-06 10:03:38.154539-05:00,575.22,576.1,574.8485,576.02,96553.0,575.6428075502573
2025-03-06 10:03:51.835864-05:00,576.02,576.2988,575.0,576.0164,108179.0,576.0985104955676
2025-03-06 10:04:05.055585-05:00,576.042,576.47,575.64,576.41,107645.0,576.1323995986802
2025-03-06 10:04:19.608757-05:00,576.4175,576.7,575.29,576.54,94039.0,576.5020233690279
2025-03-06 10:04:36.187395-05:00,576.54,576.57,575.368,576.16,100528.0,576.4051437460213
2025-03-06 10:05:00.145902-05:00,576.1507,576.4499,575.4117,576.2,84064.0,576.2431002153115
2025-03-06 10:05:17.448937-05:00,576.215,576.77,575.4952,576.61,88065.0,576.435854697098
2025-03-06 10:05:38.204120-05:00,576.61,577.08,576.5588,576.78,84295.0,576.8467087573405
2025-03-06 10:06:06.027975-05:00,576.78,576.95,575.3555,576.84,83312.0,576.7921477146156
2025-03-06 10:06:27.647036-05:00,576.8699,577.07,575.4392,576.77,109404.0,576.9392267028627
2025-03-06 10:06:46.705931-05:00,576.8,577.24,576.0677,577.24,90039.0,576.8127291495911
2025-03-06 10:07:08.853317-05:00,577.22,577.25,576.75,576.9237,98868.0,576.9231637425655
2025-03-06 10:07:31.920649-05:00,576.9493,577.35,575.6589,577.32,86518.0,577.1143086132364
2025-03-06 10:07:52.792077-05:00,577.32,577.51,576.93,577.46,79806.0,577.4166601095159
2025-03-06 10:08:09.811692-05:00,577.46,577.59,577.24,577.5,77870.0,577.4350856889683
2025-03-06 10:08:27.712888-05:00,577.51,577.77,575.9003,577.55,78228.0,577.6644742662471
2025-03-06 10:08:57.533394-05:00,577.55,577.8462,576.8687,577.58,93044.0,577.6667350597562
2025-03-06 10:09:16.056900-05:00,577.57,577.62,576.9243,577.54,87231.0,577.433683825704
2025-03-06 10:09:38.706533-05:00,577.54,577.66,577.0332,577.26,79649.0,577.4314425554614
2025-03-06 10:10:04.262584-05:00,577.26,577.6274,577.0,577.3393,71970.0,577.3611244324032
2025-03-06 10:10:24.058339-05:00,577.32,577.3399,576.87,577.18,73812.0,577.0078951566146
2025-03-06 10:10:53.377908-05:00,577.18,577.4,576.98,577.36,83394.0,577.1343287670571
2025-03-06 10:11:29.154461-05:00,577.379,577.615,577.16,577.285,64240.0,577.4194153113325
2025-03-06 10:12:08.433760-05:00,577.285,577.7,576.6904,577.61,76251.0,577.5158002675379
2025-03-06 10:12:43.631778-05:00,577.58,577.5988,577.24,577.395,65827.0,577.368541668312
2025-03-06 10:13:24.029462-05:00,577.39,577.75,577.26,577.75,68139.0,577.492746160055
2025-03-06 10:13:50.085309-05:00,577.75,577.78,577.41,577.45,96358.0,577.623037476909
2025-03-06 10:14:28.739725-05:00,577.45,577.6696,577.29,577.415,62840.0,577.4531138765124
2025-03-06 10:15:05.840626-05:00,577.43,577.54,577.2379,577.4,77955.0,577.4487340055161
2025-03-06 10:15:39.128490-05:00,577.4,577.89,577.3339,577.645,100088.0,577.6776231256491
2025-03-06 10:16:12.077840-05:00,577.67,577.94,577.3426,577.905,73961.0,577.7652812292964
2025-03-06 10:16:39.012268-05:00,577.875,577.94,577.3857,577.46,69626.0,577.6854361876317
2025-03-06 10:17:13.844813-05:00,577.45,577.57,577.25,577.429,75699.0,577.407330347824
2025-03-06 10:17:58.346279-05:00,577.429,577.8,577.29,577.78,83117.0,577.5039129071067
2025-03-06 10:18:10.172929-05:00,577.78,578.23,577.5822,578.175,82525.0,577.9882572468949
2025-03-06 10:18:38.774707-05:00,578.19,578.36,577.5196,578.04,79070.0,578.2227569647154
2025-03-06 10:19:11.974917-05:00,578.04,578.06,577.57,577.83,56831.0,577.7951672115571
2025-03-06 10:19:31.060539-05:00,577.805,578.12,577.5499,578.12,16825.0,578.0226356136695
2025-03-06 10:19:50.438088-05:00,578.12,578.15,577.5609,578.01,35266.0,578.0265782311582
2025-03-06 10:20:09.188061-05:00,578.01,578.06,577.7664,577.99,19486.0,578.0032063481469
2025-03-06 10:20:26.672127-05:00,577.99,578.19,577.785,578.03,46266.0,578.0630130138759
2025-03-06 10:21:06.193423-05:00,578.041,578.4,577.8387,578.34,62121.0,578.2075457220585
2025-03-06 10:21:51.355700-05:00,578.35,578.43,577.8685,578.19,59444.0,578.300960808492
2025-03-06 10:22:25.707024-05:00,578.19,578.54,578.0048,578.38,102209.0,578.4385588138035
2025-03-06 10:22:52.036915-05:00,578.37,578.72,577.8643,578.62,81761.0,578.6029055173002
2025-03-06 10:23:08.413192-05:00,578.61,578.74,578.2721,578.5,115613.0,578.6133043541818
2025-03-06 10:23:29.135417-05:00,578.505,578.62,578.3057,578.5875,129506.0,578.5359403386718
2025-03-06 10:24:03.527848-05:00,578.574,578.67,578.4035,578.46,104080.0,578.5311044004611
2025-03-06 10:24:30.598089-05:00,578.46,578.55,578.1,578.24,94814.0,578.3083638249618
2025-03-06 10:25:03.467174-05:00,578.24,578.4873,577.92,577.9999,76361.0,578.1287499744634
2025-03-06 10:25:32.291697-05:00,577.96,578.4127,577.72,577.72,88969.0,577.8601951893359
2025-03-06 10:26:01.069107-05:00,577.72,578.3893,577.53,577.72,95322.0,577.677741467867
2025-03-06 10:26:29.079107-05:00,577.72,578.31,577.3201,577.34,70388.0,577.7173800946179
2025-03-06 10:26:59.776668-05:00,577.34,578.2717,577.11,577.12,88744.0,577.2438547259541
2025-03-06 10:27:24.704425-05:00,577.12,578.15,576.97,577.33,81285.0,577.2248815562526
2025-03-06 10:27:56.464801-05:00,577.32,578.24,577.2473,578.1601,113444.0,577.9263453122239
2025-03-06 10:28:41.763522-05:00,578.16,578.24,577.5531,578.24,64513.0,577.9565721808004
2025-03-06 10:29:28.068772-05:00,578.235,578.64,577.6817,578.52,87132.0,578.415772479686
2025-03-06 10:30:08.126874-05:00,578.52,578.56,577.7921,578.46,60025.0,578.4244404581427
2025-03-06 10:30:53.385927-05:00,578.46,578.66,577.8092,578.33,57613.0,578.4581874056198
2025-03-06 10:31:33.560838-05:00,578.33,578.459,577.9077,578.17,165085.0,578.3766595553809
2025-03-06 10:32:20.889588-05:00,578.18,578.5,577.85,577.88,75553.0,578.087321001152
2025-03-06 10:33:06.851223-05:00,577.85,578.35,577.75,578.32,76541.0,578.0429805333085
2025-03-06 10:33:51.346279-05:00,578.31,578.59,578.0574,578.2,73986.0,578.2958636728574
2025-03-06 10:34:45.423698-05:00,578.18,578.45,578.14,578.26,67027.0,578.3010892073343
2025-03-06 10:35:48.914699-05:00,578.24,578.31,577.87,578.195,54996.0,578.122929434869
2025-03-06 10:36:50.491438-05:00,578.1873,578.79,578.14,578.76,66585.0,578.4264655252688
2025-03-06 10:37:44.504229-05:00,578.78,578.87,578.2308,578.865,74348.0,578.6528202870293
2025-03-06 10:38:30.392676-05:00,578.87,578.91,578.3198,578.7294,76469.0,578.7462146503809
2025-03-06 10:39:11.133964-05:00,578.72,579.19,578.3849,579.19,91157.0,578.8399194378928
2025-03-06 10:39:47.828646-05:00,579.19,579.6,578.6064,579.505,74025.0,579.380162319486
2025-03-06 10:40:29.373805-05:00,579.505,579.98,578.7896,579.95,58467.0,579.6600613457158
2025-03-06 10:41:09.543182-05:00,579.95,580.07,578.612,579.72,59518.0,579.9385679407904
2025-03-06 10:41:41.439712-05:00,579.7287,579.8435,579.1019,579.52,98210.0,579.3806330444961
2025-03-06 10:42:37.860293-05:00,579.52,579.93,579.2062,579.69,65167.0,579.7414278530541
2025-03-06 10:43:15.247422-05:00,579.69,579.75,578.9435,579.45,83253.0,579.4972111095087
2025-03-06 10:43:58.120335-05:00,579.45,579.75,579.029,579.51,86316.0,579.5705630138092
2025-03-06 10:44:45.568905-05:00,579.51,579.96,579.42,579.83,75981.0,579.6672940682539
2025-03-06 10:45:41.515220-05:00,579.81,580.03,579.5719,579.6872,73266.0,579.8504575519343
2025-03-06 10:46:40.625957-05:00,579.66,579.88,579.46,579.46,60842.0,579.6855607820253
2025-03-06 10:47:46.918445-05:00,579.46,579.7591,579.34,579.56,57595.0,579.538950631131
2025-03-06 10:48:30.484744-05:00,579.52,579.6768,579.2,579.2,83104.0,579.3371294281865
2025-03-06 10:49:02.975680-05:00,579.2,579.555,579.01,579.412,90222.0,579.2702783356609
2025-03-06 10:50:04.976146-05:00,579.4201,579.5642,578.99,578.99,49872.0,579.2545423965353
2025-03-06 10:50:41.909157-05:00,578.99,579.4721,578.62,578.82,79251.0,578.7479770854628
2025-03-06 10:51:31.131134-05:00,578.82,579.2122,578.5,578.9,57705.0,578.7242483424312
2025-03-06 10:52:22.295068-05:00,578.89,579.374,578.46,578.56,64585.0,578.599559211891
2025-03-06 10:53:15.681722-05:00,578.56,578.9938,578.55,578.9,65780.0,578.7306210626333
2025-03-06 10:54:17.402342-05:00,578.91,578.9897,578.27,578.29,50583.0,578.6798502065917
2025-03-06 10:54:43.588968-05:00,578.3,578.6359,577.66,577.78,77372.0,577.9662222199246
2025-03-06 10:55:14.568236-05:00,577.79,578.5135,577.65,577.94,103563.0,577.7954929105952
2025-03-06 10:55:43.513671-05:00,577.9301,578.3653,577.47,577.68,80806.0,577.6703491659039
2025-03-06 10:56:06.145522-05:00,577.69,578.1695,577.67,578.0,114044.0,577.9035363087928
2025-03-06 10:57:01.252305-05:00,578.03,578.5005,577.485,577.6842,57916.0,577.7701511413076
2025-03-06 10:57:50.820353-05:00,577.7,578.4658,577.67,578.29,79934.0,578.0091187129381
2025-03-06 10:58:40.782700-05:00,578.28,578.5,578.0241,578.33,82988.0,578.3405155649003
2025-03-06 10:59:36.466499-05:00,578.3312,578.85,577.9371,578.71,54768.0,578.5294235338146
2025-03-06 11:00:09.621542-05:00,578.72,579.24,577.9772,579.23,94517.0,578.9309669583245
2025-03-06 11:00:45.424424-05:00,579.2102,579.42,578.1747,579.2,65795.0,579.2682253286724
2025-03-06 11:01:43.410816-05:00,579.1839,579.35,578.5165,579.105,66594.0,579.169505818843
2025-03-06 11:02:53.735898-05:00,579.105,579.38,578.6573,579.38,37285.0,579.080322877832
2025-03-06 11:03:56.312760-05:00,579.37,579.54,578.3269,579.52,52141.0,579.307550775781
2025-03-06 11:04:42.317688-05:00,579.51,579.65,578.369,579.1106,81549.0,579.4471056800204
2025-03-06 11:05:38.621553-05:00,579.13,579.4037,578.5728,579.22,58920.0,579.0931934979628
2025-03-06 11:06:46.352547-05:00,579.222,579.25,578.88,578.98,56726.0,579.0957181468817
2025-03-06 11:07:41.466009-05:00,578.96,579.2335,578.69,578.9,59752.0,578.8703756426568
2025-03-06 11:08:34.323517-05:00,578.89,579.46,578.85,579.41,66580.0,579.0523147326521
2025-03-06 11:09:22.469803-05:00,579.41,580.02,579.1204,580.02,60096.0,579.7050768537005
2025-03-06 11:10:03.514922-05:00,580.0,580.14,579.1915,580.01,104237.0,579.9701501808381
2025-03-06 11:11:04.246025-05:00,580.0113,580.06,579.4085,579.879,73102.0,579.7945730445131
2025-03-06 11:12:11.011177-05:00,579.8701,580.18,579.4373,579.92,65136.0,579.973909349668
2025-03-06 11:13:14.737710-05:00,579.92,579.96,579.47,579.535,67486.0,579.7622082283733
2025-03-06 11:14:08.125875-05:00,579.535,579.8439,579.17,579.2391,71208.0,579.4830361209415
2025-03-06 11:15:04.972555-05:00,579.21,579.784,579.02,579.26,63461.0,579.1952111139126
2025-03-06 11:15:55.574522-05:00,579.26,579.6334,578.78,578.8,66339.0,579.1704026590689
2025-03-06 11:16:50.135343-05:00,578.7901,579.4873,578.79,579.19,66801.0,579.1537947186415
2025-03-06 11:17:45.134094-05:00,579.19,579.5,579.06,579.5,70944.0,579.2908086237035
2025-03-06 11:18:51.329574-05:00,579.48,579.64,579.2336,579.52,57351.0,579.4776395755962
2025-03-06 11:20:00.197559-05:00,579.52,579.54,578.934,578.94,51609.0,579.252432387762
2025-03-06 11:20:53.851791-05:00,578.9351,579.2638,578.55,578.59,48089.0,578.938097693859
2025-03-06 11:21:26.709270-05:00,578.61,579.31,578.41,578.48,69948.0,578.603496520273
2025-03-06 11:22:00.955697-05:00,578.47,579.0882,578.01,578.0399,69348.0,578.2882999235741
2025-03-06 11:22:27.154839-05:00,578.02,578.8081,577.84,577.91,98835.0,578.0116282794554
2025-03-06 11:23:08.847805-05:00,577.88,578.8643,577.65,578.27,88646.0,577.9166771427924
2025-03-06 11:23:57.126420-05:00,578.27,578.8267,578.06,578.09,96956.0,578.2306790575104
2025-03-06 11:24:52.189798-05:00,578.08,578.7013,578.06,578.504,72652.0,578.3051539255631
2025-03-06 11:25:38.757456-05:00,578.51,578.98,578.2698,578.8301,76451.0,578.7326991994873
2025-03-06 11:26:21.757880-05:00,578.85,578.86,577.82,577.91,61154.0,578.2833225774272
2025-03-06 11:27:11.907498-05:00,577.91,578.22,577.641,577.8701,66419.0,577.8233876646731
2025-03-06 11:27:59.565474-05:00,577.8775,578.2475,577.5,577.61,64193.0,577.6405161512931
2025-03-06 11:28:33.549125-05:00,577.61,578.3418,577.52,577.89,80999.0,577.7483517475524
2025-03-06 11:29:00.554900-05:00,577.89,578.2683,577.25,577.3899,83596.0,577.7587883283885
2025-03-06 11:29:38.643258-05:00,577.35,578.1842,577.108,577.46,77947.0,577.3291270594121
2025-03-06 11:29:40.067575-05:00,577.47,577.83,577.12,577.78,95535.0,577.6067093724811
2025-03-06 11:29:41.571642-05:00,577.78,578.43,577.7588,578.41,95851.0,578.1469522237642
2025-03-06 11:29:42.461535-05:00,578.41,579.53,578.2875,578.61,104795.0,578.5747201498165
2025-03-06 11:29:44.958965-05:00,578.57,579.1,578.0126,578.96,103232.0,578.948423734889
2025-03-06 11:29:51.693660-05:00,578.96,579.06,578.143,578.66,130473.0,578.7970807722666
2025-03-06 11:30:01.359974-05:00,578.66,578.7388,578.2101,578.48,111849.0,578.5324216801223
2025-03-06 11:30:09.309356-05:00,578.48,579.45,578.3198,579.38,166598.0,579.1674386877394
2025-03-06 11:30:22.206276-05:00,579.43,580.03,578.4596,580.03,108516.0,579.7107820846693
2025-03-06 11:30:32.012216-05:00,580.03,580.07,578.4899,579.43,103906.0,579.5032090264281
2025-03-06 11:30:55.064417-05:00,579.45,579.54,578.5507,578.95,98762.0,579.1704621909228
2025-03-06 11:31:28.886852-05:00,578.95,579.3668,578.5479,579.1,82096.0,578.9572576995217
2025-03-06 11:32:05.434224-05:00,579.1,579.13,578.6098,578.79,86152.0,578.8414452723094
2025-03-06 11:33:00.240640-05:00,578.79,579.03,578.5493,578.8101,62609.0,578.8003767365718
2025-03-06 11:33:37.471770-05:00,578.81,578.85,578.14,578.51,94182.0,578.4074580461227
2025-03-06 11:34:29.259205-05:00,578.545,579.05,578.41,578.88,90607.0,578.7153988003134
2025-03-06 11:34:58.850593-05:00,578.9,579.25,578.6101,579.17,105973.0,579.0440563803988
2025-03-06 11:35:43.580616-05:00,579.17,579.33,578.57,578.57,69370.0,578.9817658728557
2025-03-06 11:36:06.133140-05:00,578.56,578.7984,577.82,577.94,91430.0,578.0850179055017
2025-03-06 11:36:52.343539-05:00,577.94,578.7,577.905,578.15,64654.0,578.3492356791533
2025-03-06 11:37:21.598605-05:00,578.15,578.6132,577.55,577.65,70046.0,577.8429333866317
2025-03-06 11:37:57.525335-05:00,577.64,578.5077,577.236,577.28,67125.0,577.4684862108003
2025-03-06 11:38:34.331564-05:00,577.29,578.5834,577.22,577.445,60933.0,577.3256328262189
2025-03-06 11:39:21.828200-05:00,577.45,578.5969,577.24,577.46,75727.0,577.4205933933733
2025-03-06 11:39:38.393575-05:00,577.46,578.0401,576.9,577.11,89787.0,577.0753511566263
2025-03-06 11:40:21.637530-05:00,577.1,578.6145,576.96,577.01,70034.0,577.1241505854301
2025-03-06 11:40:40.997039-05:00,577.0,577.55,576.64,576.68,100632.0,576.7476778231579
2025-03-06 11:41:10.928948-05:00,576.66,578.0487,576.65,577.0,144989.0,576.9426234472959
2025-03-06 11:41:35.418895-05:00,576.99,577.14,576.6,576.6979,89972.0,576.7670093340146
2025-03-06 11:42:23.571157-05:00,576.68,577.8175,576.63,576.95,72876.0,576.8562085130915
2025-03-06 11:43:05.702869-05:00,576.94,577.05,576.6,576.825,71498.0,576.8221621220181
2025-03-06 11:43:52.554361-05:00,576.81,577.5909,576.41,576.5097,64279.0,576.6115530406503
2025-03-06 11:44:40.917728-05:00,576.48,576.8265,576.36,576.64,79973.0,576.5574094619433
2025-03-06 11:45:28.012914-05:00,576.63,576.93,576.55,576.82,80166.0,576.7429045867336
2025-03-06 11:46:39.966506-05:00,576.85,577.1402,576.62,576.79,65860.0,576.8110901472817
2025-03-06 11:47:13.837385-05:00,576.8,577.15,576.7327,577.13,73553.0,577.0011707027584
2025-03-06 11:48:21.604954-05:00,577.13,577.14,576.64,576.71,67179.0,576.9064206746154
2025-03-06 11:49:19.582970-05:00,576.74,576.9441,576.31,576.51,58208.0,576.5658847993395
2025-03-06 11:50:06.635208-05:00,576.519,576.7935,576.13,576.13,62263.0,576.3678385429553
2025-03-06 11:50:23.881090-05:00,576.13,576.5634,575.65,575.765,85611.0,575.8764247841984
2025-03-06 11:51:13.343140-05:00,575.78,576.5836,575.72,575.8899,81355.0,575.8899431811191
2025-03-06 11:51:46.643184-05:00,575.8993,576.3839,575.42,575.43,95166.0,575.5695456434025
2025-03-06 11:52:13.162603-05:00,575.42,576.05,575.24,575.24,102781.0,575.4041774209246
2025-03-06 11:52:54.628366-05:00,575.24,575.55,575.12,575.3,73161.0,575.2609535244194
2025-03-06 11:53:41.472551-05:00,575.3,576.1802,575.06,575.06,82815.0,575.2979409370287
2025-03-06 11:54:00.108766-05:00,575.06,575.29,574.96,575.26,60895.0,575.0445855242632
2025-03-06 11:54:37.512457-05:00,575.3,575.9589,575.1859,575.5,92950.0,575.3127576987637
2025-03-06 11:55:12.341195-05:00,575.45,575.53,575.0,575.0,80649.0,575.3537483291798
2025-03-06 11:55:39.181400-05:00,575.0,575.8177,574.75,574.78,78873.0,574.8811550543286
2025-03-06 11:56:17.998384-05:00,574.78,575.3204,574.63,574.97,68657.0,574.8302337649483
2025-03-06 11:56:53.178492-05:00,574.97,575.6024,574.77,575.18,80495.0,574.9819687347043
2025-03-06 11:57:28.695075-05:00,575.18,575.26,574.9,574.94,76412.0,575.1022587250686
2025-03-06 11:58:13.882432-05:00,574.93,575.1165,574.77,574.92,78616.0,574.8847402856917
2025-03-06 11:58:55.375705-05:00,574.92,575.3906,574.6,574.73,84457.0,574.8168360230651
2025-03-06 11:59:36.396599-05:00,574.73,575.0281,574.51,574.54,71109.0,574.6401544150533
2025-03-06 12:00:01.264582-05:00,574.54,574.9,574.26,574.28,90948.0,574.4569658958966
2025-03-06 12:00:30.119018-05:00,574.2801,574.797,574.26,574.71,76152.0,574.493253976258
2025-03-06 12:01:02.212279-05:00,574.72,574.8499,574.5675,574.64,82031.0,574.7395970511145
2025-03-06 12:01:35.680086-05:00,574.64,575.0161,574.54,574.845,71621.0,574.7874150319044
2025-03-06 12:02:25.708940-05:00,574.9107,575.0,574.6767,574.92,65342.0,574.8492538841776
2025-03-06 12:02:57.721286-05:00,574.93,574.95,574.25,574.25,76856.0,574.5993242700641
2025-03-06 12:03:08.692032-05:00,574.25,574.6773,573.96,573.99,63644.0,574.1396818144682
2025-03-06 12:03:18.086654-05:00,573.99,574.4851,573.7101,573.79,96232.0,573.844747148558
2025-03-06 12:03:58.506646-05:00,573.79,574.4777,573.76,573.94,98185.0,573.9521992228961
2025-03-06 12:04:28.185878-05:00,573.94,574.4148,573.63,573.64,85631.0,573.7910982354522
2025-03-06 12:04:43.695547-05:00,573.64,574.3117,573.28,573.305,64566.0,573.5855786807294
2025-03-06 12:05:04.530870-05:00,573.305,574.5228,573.0,573.0,64278.0,573.2252603316831
2025-03-06 12:05:05.112549-05:00,573.0,574.09,572.98,573.14,59779.0,573.0475011425417
2025-03-06 12:05:26.597028-05:00,573.14,574.001,573.03,573.15,85875.0,573.1786827260552
2025-03-06 12:05:55.298483-05:00,573.15,573.9825,573.14,573.43,88368.0,573.3349533643398
2025-03-06 12:06:21.872961-05:00,573.44,574.1944,573.12,573.17,92304.0,573.3599085554259
2025-03-06 12:06:37.377117-05:00,573.17,573.2597,572.73,572.74,60285.0,572.9823805955048
2025-03-06 12:07:04.719299-05:00,572.74,573.38,572.55,572.55,88813.0,572.7331153682454
2025-03-06 12:07:19.272642-05:00,572.55,573.26,572.52,572.845,96587.0,572.8175830732919
2025-03-06 12:07:47.849657-05:00,572.85,573.305,572.81,573.165,92759.0,573.117057203075
2025-03-06 12:08:19.395587-05:00,573.16,573.8205,573.12,573.1688,73534.0,573.2678290341879
2025-03-06 12:08:58.986626-05:00,573.175,573.7853,573.0092,573.42,67925.0,573.3101938579312
2025-03-06 12:09:25.025209-05:00,573.42,573.68,573.1371,573.63,74866.0,573.381921040259
2025-03-06 12:09:46.897443-05:00,573.64,573.86,573.1956,573.7993,93877.0,573.7675589004759
2025-03-06 12:10:12.882956-05:00,573.81,573.88,573.2226,573.74,91514.0,573.7530646633305
2025-03-06 12:10:50.842837-05:00,573.74,573.84,573.274,573.825,71872.0,573.6255096671864
2025-03-06 12:11:47.194848-05:00,573.81,573.82,573.2825,573.5,58687.0,573.6121821033616
2025-03-06 12:12:17.126892-05:00,573.5,573.59,573.058,573.11,84543.0,573.2589933974433
2025-03-06 12:13:04.439169-05:00,573.09,573.536,572.93,573.03,84369.0,573.0426579004142
2025-03-06 12:14:06.704248-05:00,573.03,573.4671,572.94,573.2879,58065.0,573.1465084870404
2025-03-06 12:14:38.521265-05:00,573.3,573.47,573.027,573.03,88243.0,573.2293487358771
2025-03-06 12:15:21.512785-05:00,573.03,573.3622,572.86,572.99,80412.0,572.9965497400888
2025-03-06 12:15:59.000914-05:00,572.99,573.325,572.96,573.29,78077.0,573.1673503400498
2025-03-06 12:16:49.909430-05:00,573.3,573.36,573.04,573.2,68202.0,573.1718806208024
2025-03-06 12:17:30.485025-05:00,573.2,573.23,572.84,572.84,105863.0,573.0546744537758
2025-03-06 12:18:05.253854-05:00,572.83,573.2892,572.63,572.75,79313.0,572.7524717398156
2025-03-06 12:18:38.624610-05:00,572.75,573.0701,572.7293,573.03,83378.0,572.9084646249611
2025-03-06 12:18:58.986618-05:00,573.03,573.5,573.0247,573.42,104611.0,573.3545255403352
2025-03-06 12:19:44.722129-05:00,573.4388,573.65,573.0911,573.47,61421.0,573.4438118461102
2025-03-06 12:20:15.687484-05:00,573.43,573.96,573.1131,573.95,85704.0,573.6347586016986
2025-03-06 12:20:30.357374-05:00,573.93,574.09,573.2041,574.04,120230.0,573.9333790892457
2025-03-06 12:20:46.477193-05:00,574.045,574.44,573.3152,574.29,116390.0,574.1584875530548
2025-03-06 12:21:12.033671-05:00,574.27,574.42,573.3633,574.08,100572.0,574.2331262985713
2025-03-06 12:22:02.970421-05:00,574.09,574.36,573.4152,574.15,88894.0,574.1914581884041
2025-03-06 12:22:45.019920-05:00,574.17,574.51,573.6358,574.28,84751.0,574.3636130665125
2025-03-06 12:23:32.947803-05:00,574.25,574.3,574.0,574.07,88357.0,574.1570144414142
2025-03-06 12:24:12.474422-05:00,574.085,574.1685,573.58,573.59,80863.0,573.9094068844844
2025-03-06 12:24:54.055534-05:00,573.59,574.0445,573.35,573.4,75404.0,573.4841603906953
2025-03-06 12:25:20.171899-05:00,573.4,574.0397,572.79,572.84,71537.0,573.0764806282065
2025-03-06 12:25:53.241155-05:00,572.87,573.905,572.65,573.06,80361.0,572.8444288261718
2025-03-06 12:26:14.532173-05:00,573.07,573.7915,572.94,573.0,100657.0,573.1309789095643
2025-03-06 12:26:47.155382-05:00,573.0,573.646,572.86,572.89,79171.0,573.0457819062544
2025-03-06 12:27:06.291992-05:00,572.89,573.5256,572.43,572.47,84609.0,572.763686123226
2025-03-06 12:27:34.817360-05:00,572.47,573.07,572.37,572.61,99208.0,572.5758364033138
2025-03-06 12:27:46.052080-05:00,572.61,572.67,572.08,572.165,103172.0,572.2142718537974
2025-03-06 12:27:50.305024-05:00,572.1599,572.17,572.0,572.0,59852.0,572.0478392284303
2025-03-06 12:28:17.064792-05:00,572.0,573.3791,572.0,572.24,99555.0,572.140282166642
2025-03-06 12:29:00.204460-05:00,572.24,573.3487,572.1708,572.56,75026.0,572.3546383507045
2025-03-06 12:29:31.871532-05:00,572.5407,572.89,572.3875,572.565,82145.0,572.683555811065
2025-03-06 12:30:20.080258-05:00,572.57,573.2798,572.43,572.75,78354.0,572.6220876190112
2025-03-06 12:30:53.365362-05:00,572.7787,573.17,572.5886,573.17,106159.0,572.8781237360943
2025-03-06 12:31:02.299816-05:00,573.17,573.72,572.6082,573.68,88654.0,573.4019478433013
2025-03-06 12:31:36.809088-05:00,573.69,573.75,572.6367,573.15,97463.0,573.4450641648625
2025-03-06 12:32:18.066497-05:00,573.17,573.347,572.6744,572.78,76464.0,572.9900711995184
2025-03-06 12:33:13.091460-05:00,572.78,573.0717,572.7,573.06,90282.0,572.9203930296189
2025-03-06 12:34:08.876601-05:00,573.06,573.16,572.76,572.78,56061.0,572.9338228394071
2025-03-06 12:35:05.820897-05:00,572.78,573.0423,572.59,573.0,61734.0,572.8323316454466
2025-03-06 12:35:59.674844-05:00,573.0,573.0872,572.51,572.71,91250.0,572.7402436339727
2025-03-06 12:36:44.133874-05:00,572.72,573.0186,572.24,572.24,71806.0,572.4907120254576
2025-03-06 12:37:34.719754-05:00,572.26,572.7834,572.19,572.35,78942.0,572.3783180499609
2025-03-06 12:38:32.718565-05:00,572.35,572.8206,572.18,572.37,65244.0,572.287665866593
2025-03-06 12:39:26.709025-05:00,572.37,572.5628,572.25,572.36,61696.0,572.3847551478219
2025-03-06 12:40:09.936560-05:00,572.37,572.5014,572.09,572.2188,85571.0,572.2360503733744
2025-03-06 12:40:44.219838-05:00,572.2197,572.7841,572.19,572.73,88486.0,572.4377893926725
2025-03-06 12:40:58.602398-05:00,572.73,573.12,572.3808,573.05,81337.0,572.8659710365512
2025-03-06 12:41:17.606418-05:00,573.05,573.33,572.4943,573.24,89068.0,573.118783271208
2025-03-06 12:41:45.281907-05:00,573.24,573.5,572.5629,572.875,78884.0,573.2144631420817
2025-03-06 12:42:29.284477-05:00,572.875,573.18,572.6436,573.15,66589.0,573.0010581747738
2025-03-06 12:43:00.081080-05:00,573.15,573.28,572.713,572.94,92749.0,573.0599404219993
2025-03-06 12:43:52.906550-05:00,572.93,573.0824,572.57,572.6541,75162.0,572.7426141853603
2025-03-06 12:44:51.916507-05:00,572.6541,572.8404,572.446,572.46,72322.0,572.5952633030059
2025-03-06 12:45:43.179564-05:00,572.46,572.933,572.42,572.58,77214.0,572.5553268060188
2025-03-06 12:46:14.072614-05:00,572.57,572.8977,572.0,572.0,77754.0,572.2966683900506
2025-03-06 12:46:14.929651-05:00,572.0,572.0576,571.76,571.89,72462.0,571.9141468493827
2025-03-06 12:46:33.342264-05:00,571.89,572.676,571.8,571.8697,105645.0,571.9246647669088
2025-03-06 12:46:59.050248-05:00,571.87,572.4684,571.56,571.62,77065.0,571.7315272419381
2025-03-06 12:47:09.971575-05:00,571.62,572.1304,571.29,571.44,106832.0,571.4172810899355
2025-03-06 12:47:26.839516-05:00,571.44,571.9404,571.26,571.3347,96660.0,571.3762933116076
2025-03-06 12:47:44.119936-05:00,571.3188,571.528,571.19,571.26,128043.0,571.3168374920923
2025-03-06 12:48:09.895170-05:00,571.27,571.74,571.15,571.29,93755.0,571.2623291952425
2025-03-06 12:48:35.073992-05:00,571.29,571.666,571.13,571.42,89680.0,571.2758654148075
2025-03-06 12:48:49.169085-05:00,571.42,571.73,571.3548,571.57,94254.0,571.5639609501984
2025-03-06 12:49:10.173283-05:00,571.57,571.6953,571.21,571.25,110257.0,571.4140863999565
2025-03-06 12:49:21.840165-05:00,571.2631,571.6596,571.04,571.05,123495.0,571.1679637005554
2025-03-06 12:49:44.154012-05:00,571.045,571.6063,571.04,571.42,105230.0,571.2686869134277
2025-03-06 12:50:09.740541-05:00,571.41,571.5571,571.22,571.44,109654.0,571.3757454930962
2025-03-06 12:50:39.630554-05:00,571.45,571.9323,571.3114,571.3999,80312.0,571.5047768938645
2025-03-06 12:51:04.185362-05:00,571.38,571.725,571.34,571.53,100283.0,571.4928933637807
2025-03-06 12:51:32.598139-05:00,571.535,571.89,571.4114,571.815,99538.0,571.7015049428359
2025-03-06 12:52:03.230971-05:00,571.8125,571.97,571.4051,571.9103,72808.0,571.8582938179866
2025-03-06 12:52:37.350889-05:00,571.9101,571.9488,571.3,571.3235,80254.0,571.446705215939
2025-03-06 12:53:16.398320-05:00,571.32,571.5923,571.15,571.3,108822.0,571.2617120784399
2025-03-06 12:53:51.621169-05:00,571.3,571.79,571.2851,571.7,114771.0,571.5771224534071
2025-03-06 12:54:41.806627-05:00,571.69,571.81,571.4423,571.78,92308.0,571.6693150496164
2025-03-06 12:55:10.999919-05:00,571.78,571.91,571.5389,571.78,124178.0,571.804438677544
2025-03-06 12:55:27.825475-05:00,571.78,572.37,571.6076,572.14,107748.0,572.0841771680219
2025-03-06 12:56:04.792138-05:00,572.1401,572.4,571.5557,572.35,115963.0,572.2481996533375
2025-03-06 12:56:40.519429-05:00,572.35,572.51,571.5669,572.1408,89530.0,572.2881516273874
2025-03-06 12:57:30.086382-05:00,572.12,572.28,571.5883,572.18,60011.0,572.1366156837914
2025-03-06 12:58:10.265707-05:00,572.21,572.5241,571.8861,572.43,73471.0,572.3391172925371
2025-03-06 12:58:32.013068-05:00,572.44,572.87,571.6781,572.84,88254.0,572.6880903981693
2025-03-06 12:58:48.250568-05:00,572.84,573.33,572.2074,573.248,94900.0,573.0948684625928
2025-03-06 12:59:09.012303-05:00,573.22,573.5,572.2483,573.43,93020.0,573.3110515770801
2025-03-06 12:59:30.763895-05:00,573.43,573.58,571.9442,573.28,87703.0,573.3689056588719
2025-03-06 13:00:06.733338-05:00,573.275,573.3034,572.0729,573.09,75601.0,573.0942467348319
2025-03-06 13:00:41.806430-05:00,573.09,573.26,572.634,572.7,68710.0,572.9884168956488
2025-03-06 13:01:26.060467-05:00,572.7,573.1882,572.52,573.15,68236.0,572.8367917257758
2025-03-06 13:02:04.348104-05:00,573.15,573.21,572.67,572.94,72116.0,572.9086511661767
2025-03-06 13:02:47.259644-05:00,572.93,573.08,572.77,572.92,91600.0,572.9450884355894
2025-03-06 13:03:26.050561-05:00,572.875,573.0802,572.49,572.54,80879.0,572.7466515770474
2025-03-06 13:03:49.429230-05:00,572.54,572.9721,572.2504,572.37,104516.0,572.4290552240802
2025-03-06 13:04:48.567384-05:00,572.38,572.9492,572.23,572.43,69652.0,572.3965643570906
2025-03-06 13:05:36.281793-05:00,572.44,572.9,572.3401,572.9,65268.0,572.5892720628797
2025-03-06 13:06:07.980587-05:00,572.9,573.1,572.4985,572.6505,88499.0,572.9986214996779
2025-03-06 13:06:46.023826-05:00,572.6697,572.9132,572.15,572.23,72543.0,572.4074670733227
2025-03-06 13:07:46.580684-05:00,572.23,572.8151,572.18,572.47,116133.0,572.5756262087432
2025-03-06 13:09:00.515035-05:00,572.46,572.6114,572.35,572.53,78365.0,572.4718285497355
2025-03-06 13:10:06.375022-05:00,572.53,572.6209,572.2904,572.57,77000.0,572.4624033272723
2025-03-06 13:10:55.403445-05:00,572.56,572.65,571.98,571.98,58816.0,572.2404506239798
2025-03-06 13:11:36.923679-05:00,571.98,572.74,571.95,572.73,58989.0,572.3282563528794
2025-03-06 13:12:31.901811-05:00,572.73,572.94,572.3298,572.9,55593.0,572.7314942924477
2025-03-06 13:13:15.026574-05:00,572.9,573.04,572.4593,572.72,59632.0,572.9452213425683
2025-03-06 13:14:08.920374-05:00,572.7,572.85,572.31,572.81,67106.0,572.5936114579918
2025-03-06 13:15:02.826878-05:00,572.8486,573.2,572.5551,573.2,74192.0,572.848191542215
2025-03-06 13:15:21.541696-05:00,573.2,573.375,572.6601,573.35,117086.0,573.2340998010011
2025-03-06 13:15:50.011332-05:00,573.35,573.61,572.8102,573.445,97342.0,573.5075812948164
2025-03-06 13:16:33.676825-05:00,573.46,573.54,572.7902,573.31,85737.0,573.3585752510586
2025-03-06 13:17:33.072518-05:00,573.31,573.51,572.8795,573.36,84342.0,573.3425630219816
2025-03-06 13:18:25.372480-05:00,573.39,573.61,573.1664,573.45,55993.0,573.4873608665368
2025-03-06 13:19:00.111856-05:00,573.44,573.93,573.2591,573.89,84721.0,573.7610120749285
2025-03-06 13:19:35.649619-05:00,573.92,573.9449,573.1254,573.8413,122978.0,573.8495091512303
2025-03-06 13:20:35.050074-05:00,573.86,573.8988,573.2428,573.61,76399.0,573.6658384743242
2025-03-06 13:21:21.816975-05:00,573.64,574.13,573.43,574.11,72214.0,573.8866713144265
2025-03-06 13:22:12.495525-05:00,574.0937,574.1299,573.7349,573.92,81847.0,574.0352285471665
2025-03-06 13:22:52.448041-05:00,573.91,574.08,573.4735,573.66,80591.0,573.8547886860807
2025-03-06 13:23:57.646586-05:00,573.65,574.165,573.65,574.1,69279.0,573.9983943575969
2025-03-06 13:24:54.466579-05:00,574.07,574.12,573.87,574.01,63305.0,573.977413412842
2025-03-06 13:25:57.605134-05:00,574.01,574.07,573.62,573.73,56648.0,573.8862509550214
2025-03-06 13:26:59.732379-05:00,573.74,573.947,573.495,573.53,66394.0,573.6544426830742
2025-03-06 13:27:55.820813-05:00,573.5207,573.8596,573.2596,573.37,67130.0,573.4496907746167
2025-03-06 13:28:43.592054-05:00,573.385,573.8121,572.82,572.8201,61447.0,573.1890991260768
2025-03-06 13:29:12.564209-05:00,572.83,573.6207,572.53,572.6,68476.0,572.716587664291
2025-03-06 13:29:52.968250-05:00,572.6,573.3201,572.32,572.46,94211.0,572.5111672999972
2025-03-06 13:30:34.187453-05:00,572.45,573.436,572.19,572.544,74266.0,572.3970156733894
2025-03-06 13:31:07.014468-05:00,572.56,572.96,572.5064,572.64,73203.0,572.7844011775463
2025-03-06 13:32:00.500633-05:00,572.64,573.2595,572.504,572.72,55435.0,572.8151990601598
2025-03-06 13:32:56.090076-05:00,572.72,573.1782,572.67,572.7499,64018.0,572.8997249507945
2025-03-06 13:34:03.553659-05:00,572.7499,573.0905,572.61,572.72,54709.0,572.7519181359565
2025-03-06 13:34:57.729027-05:00,572.705,572.91,572.47,572.52,55655.0,572.7271811553318
2025-03-06 13:35:59.469650-05:00,572.52,572.82,572.37,572.4,53267.0,572.5620838323922
2025-03-06 13:36:59.937464-05:00,572.4,572.8202,572.12,572.12,55136.0,572.2953103725333
2025-03-06 13:37:21.306061-05:00,572.12,572.6528,571.79,571.8,72778.0,571.9880070089866
2025-03-06 13:38:03.806608-05:00,571.805,572.3885,571.58,571.77,79279.0,571.699243248528
2025-03-06 13:38:54.490528-05:00,571.7686,572.522,571.52,571.5691,79321.0,571.732364175944
2025-03-06 13:39:35.116076-05:00,571.56,572.1056,571.36,571.37,93346.0,571.4471120744323
2025-03-06 13:39:57.631693-05:00,571.37,572.2461,571.14,571.26,99119.0,571.2747366761171
2025-03-06 13:40:01.381724-05:00,571.26,571.7636,571.0,571.0112,86316.0,571.1239978891517
2025-03-06 13:40:05.867795-05:00,571.0113,571.05,570.92,571.0,57114.0,570.9743490492697
2025-03-06 13:40:42.736632-05:00,571.01,571.9761,570.87,570.96,72174.0,570.9816984883744
2025-03-06 13:41:09.790794-05:00,570.96,571.3302,570.67,570.73,76544.0,570.8395605756169
2025-03-06 13:41:48.033232-05:00,570.73,571.7718,570.61,570.8,69412.0,570.7428818259091
2025-03-06 13:42:10.496041-05:00,570.77,570.819,570.43,570.5392,78501.0,570.6319895822993
2025-03-06 13:42:42.595897-05:00,570.54,571.5514,570.515,570.83,90809.0,570.6539425079008
2025-03-06 13:43:14.506991-05:00,570.82,571.0881,570.42,570.55,82355.0,570.717122710218
2025-03-06 13:43:34.839525-05:00,570.575,571.3118,570.53,570.9,118678.0,570.7639228997791
2025-03-06 13:44:04.710037-05:00,570.92,570.96,570.72,570.79,102714.0,570.8657235839321
2025-03-06 13:44:32.394923-05:00,570.79,571.05,570.75,570.98,85693.0,570.9456075116989
2025-03-06 13:45:00.408802-05:00,570.96,571.24,570.858,571.19,86265.0,571.1573979725268
2025-03-06 13:45:25.232241-05:00,571.2,571.28,570.8176,571.1598,101754.0,571.0934448178945
2025-03-06 13:45:46.412391-05:00,571.16,571.63,570.8519,571.56,75860.0,571.4142767822308
2025-03-06 13:46:14.470555-05:00,571.56,571.94,570.8993,571.9299,62078.0,571.7313644833918
2025-03-06 13:46:42.747792-05:00,571.91,572.195,571.1701,572.09,75519.0,572.0725680623422
2025-03-06 13:47:36.530026-05:00,572.09,572.23,571.0556,572.03,77504.0,571.9961863323184
2025-03-06 13:48:38.005811-05:00,572.03,572.13,571.2299,572.01,73207.0,571.9215584889422
2025-03-06 13:49:44.954751-05:00,571.9993,572.28,571.1512,571.78,61275.0,571.9355527327621
2025-03-06 13:50:36.287392-05:00,571.81,571.96,571.1646,571.91,58348.0,571.8162373191881
2025-03-06 13:51:25.324719-05:00,571.905,572.35,571.2144,572.31,70776.0,572.0945515089865
2025-03-06 13:52:13.675481-05:00,572.31,572.57,571.9557,572.55,84541.0,572.2886084704456
2025-03-06 13:52:47.252917-05:00,572.5585,572.78,571.4059,572.68,97059.0,572.6180189966924
2025-03-06 13:53:48.769037-05:00,572.68,572.7907,571.7494,572.59,58980.0,572.5960528721606
2025-03-06 13:54:33.424005-05:00,572.61,572.61,572.2,572.24,82624.0,572.4025823441132
2025-03-06 13:55:30.334188-05:00,572.259,572.48,571.9655,572.48,68778.0,572.2496431358859
2025-03-06 13:56:32.521514-05:00,572.48,572.51,572.05,572.09,101078.0,572.2586597973847
2025-03-06 13:57:28.575371-05:00,572.08,572.4025,571.93,572.11,65815.0,572.1374342551085
2025-03-06 13:58:35.558442-05:00,572.12,572.3628,571.85,572.15,63280.0,571.9703033154241
2025-03-06 13:59:41.825220-05:00,572.15,572.242,571.83,571.97,64808.0,572.0296889612395
2025-03-06 14:00:05.576968-05:00,571.93,572.31,571.905,572.15,146865.0,572.1896239716745
2025-03-06 14:01:09.042527-05:00,572.15,572.3,571.92,572.17,57933.0,572.1238087963688
2025-03-06 14:01:45.015348-05:00,572.15,572.2463,571.62,571.73,63799.0,571.8850175520006
2025-03-06 14:02:15.945412-05:00,571.73,572.0583,571.22,571.22,83142.0,571.4937551514279
2025-03-06 14:02:34.893688-05:00,571.22,571.8642,571.14,571.25,93696.0,571.230124569886
2025-03-06 14:03:20.823691-05:00,571.25,572.0279,571.1805,571.3,82884.0,571.322402773756
2025-03-06 14:04:06.295419-05:00,571.3,571.7221,570.91,570.91,68327.0,571.1285018440736
2025-03-06 14:04:59.383212-05:00,570.91,571.7573,570.9,571.02,75117.0,571.021433672804
2025-03-06 14:05:32.097074-05:00,571.02,571.3985,571.01,571.14,118084.0,571.1963642635745
2025-03-06 14:06:15.426793-05:00,571.14,571.6187,570.84,570.86,100103.0,571.0421745242406
2025-03-06 14:06:58.292998-05:00,570.86,571.4,570.85,571.4,87349.0,571.181156030407
2025-03-06 14:07:21.099817-05:00,571.4,571.58,571.1582,571.46,103074.0,571.4567784785689
2025-03-06 14:07:56.122869-05:00,571.47,571.7,571.2057,571.61,111451.0,571.5769496505181
2025-03-06 14:08:37.587288-05:00,571.635,571.6437,571.2536,571.54,77643.0,571.4572332006744
2025-03-06 14:09:31.654225-05:00,571.54,571.66,571.25,571.52,68486.0,571.4600025698682
2025-03-06 14:10:11.895560-05:00,571.52,571.71,571.3345,571.71,69277.0,571.5318393550527
2025-03-06 14:10:25.354087-05:00,571.71,572.35,571.492,572.31,93617.0,571.9994226369143
2025-03-06 14:10:53.180274-05:00,572.31,572.36,571.427,572.26,134225.0,572.1200613611472
2025-03-06 14:11:37.274802-05:00,572.27,572.32,571.47,571.87,90085.0,571.9892673763667
2025-03-06 14:12:40.915271-05:00,571.89,572.01,571.4827,571.64,64239.0,571.7867155279489
2025-03-06 14:13:34.771883-05:00,571.64,571.9575,571.49,571.8,67381.0,571.683327837224
2025-03-06 14:14:36.210127-05:00,571.81,571.9495,571.5325,571.5325,64046.0,571.8066001327164
2025-03-06 14:15:10.396435-05:00,571.54,572.0,571.5,571.695,75499.0,571.6915958582231
2025-03-06 14:15:59.758633-05:00,571.695,571.8967,571.47,571.67,89718.0,571.6189837970079
2025-03-06 14:16:31.712332-05:00,571.65,571.7399,571.19,571.35,74015.0,571.3857220090526
2025-03-06 14:17:23.490550-05:00,571.335,571.6313,571.24,571.42,73119.0,571.3653794950693
2025-03-06 14:17:50.256553-05:00,571.42,571.75,571.29,571.59,82062.0,571.4458939960031
2025-03-06 14:18:39.908712-05:00,571.59,571.74,571.13,571.16,74950.0,571.4538431927947
2025-03-06 14:19:08.788046-05:00,571.17,571.495,570.98,571.11,75973.0,571.0903439129686
2025-03-06 14:19:28.059708-05:00,571.11,571.6073,570.65,570.7012,99039.0,570.7737791839583
2025-03-06 14:19:52.304965-05:00,570.71,571.5762,570.67,570.93,106281.0,570.807550169833
2025-03-06 14:20:18.146990-05:00,570.92,571.5306,570.82,570.91,115981.0,570.9367217682203
2025-03-06 14:21:06.144617-05:00,570.91,571.3714,570.68,570.87,73560.0,570.8320601726479
2025-03-06 14:21:55.753743-05:00,570.87,571.2663,570.62,570.64,68395.0,570.8233023452016
2025-03-06 14:22:45.716605-05:00,570.64,571.2343,570.54,570.68,67530.0,570.685124922256
2025-03-06 14:23:15.356935-05:00,570.635,570.93,570.635,570.87,76273.0,570.8255793164029
2025-03-06 14:24:01.775733-05:00,570.87,571.1575,570.77,570.99,63293.0,570.8744075363786
2025-03-06 14:24:30.284422-05:00,570.99,571.16,570.8332,571.12,91135.0,571.0807386404783
2025-03-06 14:25:08.434716-05:00,571.11,571.2892,570.8868,571.09,70639.0,571.2161094296357
2025-03-06 14:25:52.934651-05:00,571.09,571.11,570.67,570.96,148287.0,570.8464240897719
2025-03-06 14:26:27.891642-05:00,570.95,571.12,570.63,570.67,106816.0,570.8083601688885
2025-03-06 14:27:08.288215-05:00,570.6899,570.9613,570.48,570.53,60634.0,570.6784045271631
2025-03-06 14:27:17.262739-05:00,570.5,570.8601,570.22,570.47,71883.0,570.3334612008408
2025-03-06 14:28:03.493322-05:00,570.4793,570.8104,570.25,570.31,74102.0,570.4026993535934
2025-03-06 14:28:49.976958-05:00,570.31,572.42,570.25,570.35,96690.0,570.3867659385668
2025-03-06 14:29:16.585481-05:00,570.36,570.7686,570.12,570.4388,74985.0,570.2464613335998
2025-03-06 14:29:46.723874-05:00,570.4288,570.7311,570.3608,570.58,101848.0,570.5303251040764
2025-03-06 14:30:29.316411-05:00,570.56,570.7167,570.3767,570.39,75536.0,570.5219508075628
2025-03-06 14:31:13.354702-05:00,570.39,570.6758,570.16,570.16,65208.0,570.3638683980496
2025-03-06 14:31:45.328966-05:00,570.16,572.42,570.12,570.31,82776.0,570.2169524209916
2025-03-06 14:31:58.454688-05:00,570.31,570.6233,570.2,570.32,100376.0,570.2990061169997
2025-03-06 14:32:12.864210-05:00,570.32,570.77,570.267,570.75,125914.0,570.6134992550468
2025-03-06 14:32:37.894758-05:00,570.76,570.99,570.35,570.95,131032.0,570.726301514134
2025-03-06 14:32:52.696300-05:00,570.83,571.07,570.4901,570.88,96253.0,570.9588921695948
2025-03-06 14:33:13.908850-05:00,570.9,570.9,570.43,570.65,117221.0,570.6511845880863
2025-03-06 14:33:59.967754-05:00,570.65,570.85,570.4477,570.85,75909.0,570.6326256043415
2025-03-06 14:34:29.848689-05:00,570.85,571.09,570.5573,570.83,92119.0,570.9040546282531
2025-03-06 14:35:22.013334-05:00,570.84,570.87,570.56,570.595,82569.0,570.723430568373
2025-03-06 14:36:13.280462-05:00,570.59,571.0,570.54,570.95,50397.0,570.7581399249949
2025-03-06 14:36:44.036924-05:00,570.95,571.27,570.6552,571.05,98999.0,571.1552056677342
2025-03-06 14:37:30.181395-05:00,571.05,571.0715,570.606,570.7,87523.0,570.872048750614
2025-03-06 14:38:20.013742-05:00,570.69,570.9477,570.4,570.7,57498.0,570.5591950033045
2025-03-06 14:39:04.782085-05:00,570.68,571.13,570.6078,571.08,60892.0,570.8939433406687
2025-03-06 14:40:00.872970-05:00,571.08,571.1,570.6835,570.72,58309.0,570.9337905349089
2025-03-06 14:40:38.145898-05:00,570.7101,571.25,570.69,571.2,71996.0,570.9927940010552
2025-03-06 14:41:22.584503-05:00,571.1993,571.3485,570.7408,571.19,75235.0,571.1899715092716
2025-03-06 14:41:57.335973-05:00,571.2091,571.52,570.9464,571.52,84833.0,571.3195479200308
2025-03-06 14:42:19.926565-05:00,571.52,571.9,571.0191,571.88,97631.0,571.7064058465033
2025-03-06 14:42:49.981007-05:00,571.91,572.09,571.2145,572.03,71911.0,571.8423539013503
2025-03-06 14:43:21.531345-05:00,572.05,572.22,571.1248,572.08,86682.0,572.0575293751871
2025-03-06 14:44:00.254654-05:00,572.09,572.22,571.1616,572.0811,98674.0,572.1204311753853
2025-03-06 14:44:26.966205-05:00,572.1,572.25,571.61,572.0709,109557.0,572.1050283888754
2025-03-06 14:44:56.311542-05:00,572.06,572.1131,571.3974,571.88,101010.0,571.8363196257802
2025-03-06 14:45:30.130559-05:00,571.88,572.23,571.66,572.23,86615.0,571.9777803405873
2025-03-06 14:46:16.340147-05:00,572.22,572.51,571.506,572.3861,76458.0,572.278445500798
2025-03-06 14:46:49.254702-05:00,572.3897,572.63,571.9377,572.48,109151.0,572.4672135472881
2025-03-06 14:46:57.247233-05:00,572.48,572.83,572.46,572.7999,111415.0,572.7070443270659
2025-03-06 14:47:22.094945-05:00,572.7988,572.7988,572.1579,572.34,142022.0,572.5016377765419
2025-03-06 14:48:01.125296-05:00,572.34,572.71,572.256,572.58,106523.0,572.514357007407
2025-03-06 14:48:16.403696-05:00,572.57,573.07,572.296,573.05,110318.0,572.8174392465419
2025-03-06 14:48:35.131367-05:00,573.05,573.43,572.016,573.43,102387.0,573.2172500952272
2025-03-06 14:48:50.382628-05:00,573.43,573.97,572.4942,573.97,100788.0,573.62256057864
2025-03-06 14:49:04.736084-05:00,573.97,574.2,572.2933,574.0,113928.0,574.0404229925913
2025-03-06 14:49:20.140076-05:00,574.0,574.13,572.3179,573.7,109545.0,573.9044193755996
2025-03-06 14:49:44.731475-05:00,573.7007,573.9077,572.9611,573.61,103397.0,573.7072758948524
2025-03-06 14:49:56.908408-05:00,573.61,573.88,573.31,573.53,134622.0,573.6588395811975
2025-03-06 14:50:06.533636-05:00,573.56,573.8406,573.2,573.63,96987.0,573.6081524142407
2025-03-06 14:50:22.506090-05:00,573.63,573.92,573.1701,573.54,107348.0,573.689379265566
2025-03-06 14:50:45.255571-05:00,573.54,574.21,572.7557,574.2,97708.0,573.9546735825121
2025-03-06 14:51:03.733256-05:00,574.2,574.28,572.8321,573.98,111952.0,574.1084157942684
2025-03-06 14:51:22.939225-05:00,573.97,574.39,572.9001,574.29,97256.0,574.0929649358394
2025-03-06 14:51:39.705033-05:00,574.29,574.78,574.1249,574.68,91844.0,574.5642780094508
2025-03-06 14:52:05.427128-05:00,574.68,574.8,573.102,574.58,101637.0,574.608194261932
2025-03-06 14:52:33.029923-05:00,574.58,574.94,573.6855,574.635,147976.0,574.7799215251124
2025-03-06 14:53:05.779023-05:00,574.63,574.89,573.8762,574.76,81143.0,574.6376745966992
2025-03-06 14:53:34.024495-05:00,574.74,574.85,573.3697,574.19,91747.0,574.5154286548875
2025-03-06 14:53:57.389510-05:00,574.19,574.4795,573.4157,574.0,100359.0,574.105930773523
2025-03-06 14:54:22.660385-05:00,574.0,574.441,573.4694,573.81,122143.0,573.9175116953086
2025-03-06 14:55:03.397437-05:00,573.81,574.19,573.56,573.62,80538.0,573.9555696515924
2025-03-06 14:55:23.837746-05:00,573.6201,574.3371,573.0301,573.14,114117.0,573.3417305528541
2025-03-06 14:55:36.232365-05:00,573.19,574.1204,572.95,573.08,145260.0,573.1270648671347
2025-03-06 14:56:01.689266-05:00,573.0603,574.0576,572.47,572.57,89038.0,572.79755158584
2025-03-06 14:56:21.953036-05:00,572.57,573.9537,572.55,573.06,113352.0,572.8459799447731
2025-03-06 14:56:57.511014-05:00,573.05,573.859,572.8001,573.06,125480.0,573.0756032172461
2025-03-06 14:57:24.882166-05:00,573.07,573.38,572.9878,573.08,107877.0,573.1844066761216
2025-03-06 14:57:54.810349-05:00,573.08,573.698,572.31,572.32,94271.0,572.6048222040715
2025-03-06 14:58:21.074886-05:00,572.31,573.2876,571.91,571.9888,95578.0,572.2506938730662
2025-03-06 14:58:52.377047-05:00,571.96,573.655,571.83,571.83,83467.0,572.0812710580232
2025-03-06 14:59:17.152650-05:00,571.83,572.8071,571.35,571.52,93318.0,571.7140242697011
2025-03-06 14:59:36.602948-05:00,571.53,572.35,570.95,571.0,136282.0,571.1862107813214
2025-03-06 14:59:53.568093-05:00,570.95,583.485,570.85,570.93,113165.0,571.0619609711483
2025-03-06 15:00:07.938484-05:00,570.93,571.09,570.46,570.46,110845.0,570.7894326140105
2025-03-06 15:00:31.371234-05:00,570.46,571.98,570.46,571.01,102365.0,570.7798697425886
2025-03-06 15:00:54.770756-05:00,571.0,571.9223,570.8904,571.49,99571.0,571.2172506181522
2025-03-06 15:01:11.884586-05:00,571.49,572.9205,571.3404,571.76,118180.0,571.5312642773745
2025-03-06 15:01:28.034334-05:00,571.76,572.7872,571.4744,571.97,98181.0,571.7943034059543
2025-03-06 15:01:52.229370-05:00,571.97,572.13,571.2899,571.42,89287.0,571.7142452630285
2025-03-06 15:02:29.361199-05:00,571.42,572.565,571.33,571.4,82192.0,571.6836085701771
2025-03-06 15:03:18.216391-05:00,571.4,571.64,571.15,571.41,66854.0,571.3812929547969
2025-03-06 15:04:09.116873-05:00,571.6,572.2699,571.3574,572.01,74878.0,571.7934753625892
2025-03-06 15:04:42.063145-05:00,572.01,572.4,571.3442,572.35,108840.0,572.0880910253575
2025-03-06 15:05:26.287131-05:00,572.33,572.33,571.4197,571.8,73053.0,572.0553373098983
2025-03-06 15:06:02.489167-05:00,571.77,572.35,571.7148,572.16,87237.0,572.1324292375938
2025-03-06 15:06:30.074553-05:00,572.17,572.61,571.8099,572.57,110578.0,572.4415078713669
2025-03-06 15:06:52.982817-05:00,572.57,573.0,571.9716,572.58,91162.0,572.7707758013208
2025-03-06 15:07:21.383282-05:00,572.58,572.64,571.7932,572.38,89516.0,572.4833814156129
2025-03-06 15:07:58.259714-05:00,572.38,572.6142,571.743,572.13,94238.0,572.2184712653069
2025-03-06 15:08:40.701157-05:00,572.13,572.51,571.7213,572.48,90030.0,572.2565761379542
2025-03-06 15:09:22.688385-05:00,572.4701,572.62,571.7256,572.49,88217.0,572.433321842729
2025-03-06 15:10:03.771699-05:00,572.49,572.74,571.8468,572.71,80643.0,572.4786850700002
2025-03-06 15:10:40.664854-05:00,572.7015,572.86,572.385,572.46,80914.0,572.6746539721184
2025-03-06 15:11:10.276747-05:00,572.46,573.1,572.1236,572.99,88733.0,572.8375815254751
2025-03-06 15:11:48.998522-05:00,573.0,573.16,572.2391,572.75,86803.0,572.9510354388681
2025-03-06 15:12:25.465591-05:00,572.75,572.9187,572.339,572.65,114637.0,572.693761788952
2025-03-06 15:13:03.571825-05:00,572.65,572.8045,572.286,572.5449,114455.0,572.4456838993488
2025-03-06 15:13:54.067666-05:00,572.55,572.68,572.22,572.65,80377.0,572.5169572489642
2025-03-06 15:14:23.640289-05:00,572.655,573.06,572.52,572.96,81528.0,572.8475994271909
2025-03-06 15:14:58.922932-05:00,572.95,573.27,572.546,573.22,101632.0,573.1087065009053
2025-03-06 15:15:25.155408-05:00,573.22,573.61,572.6048,573.269,89698.0,573.3420719926863
2025-03-06 15:16:06.619851-05:00,573.269,573.48,572.6634,572.92,74518.0,573.179664811187
2025-03-06 15:16:51.006351-05:00,572.91,573.1669,572.5607,572.57,69801.0,572.7358991232219
2025-03-06 15:17:29.747593-05:00,572.5707,572.9886,572.46,572.68,90081.0,572.6664490758322
2025-03-06 15:18:24.787902-05:00,572.68,573.02,572.62,572.655,79796.0,572.7748465938146
2025-03-06 15:19:10.891406-05:00,572.65,573.12,572.51,573.1,80002.0,572.8048578598031
2025-03-06 15:19:52.752283-05:00,573.1001,573.22,572.7512,573.22,91215.0,572.9683846253351
2025-03-06 15:20:25.278582-05:00,573.214,573.6,572.824,573.44,74670.0,573.3940064939068
2025-03-06 15:21:12.998284-05:00,573.45,573.5,572.86,572.98,94689.0,573.11729032517
2025-03-06 15:22:01.148754-05:00,572.96,573.169,572.75,572.76,82888.0,572.969430793359
2025-03-06 15:22:26.530439-05:00,572.75,572.9539,572.34,572.4402,125008.0,572.579902063068
2025-03-06 15:22:48.508964-05:00,572.4407,572.8273,571.83,572.0213,110550.0,572.0219299412036
2025-03-06 15:23:25.057167-05:00,572.03,572.7141,571.92,572.29,92302.0,572.1849577571451
2025-03-06 15:24:03.857890-05:00,572.31,572.8107,571.59,571.59,86401.0,572.0005835453284
2025-03-06 15:24:31.777915-05:00,571.656,572.5892,571.2401,571.32,114783.0,571.46893179652
2025-03-06 15:25:06.957809-05:00,571.32,572.6087,571.32,571.63,75153.0,571.5603460913071
2025-03-06 15:25:53.911971-05:00,571.64,572.4964,571.4898,572.01,74684.0,571.8310540249583
2025-03-06 15:26:33.116679-05:00,571.99,572.23,571.6181,572.18,78433.0,571.9960714354917
2025-03-06 15:27:20.090583-05:00,572.1721,572.4084,571.8356,572.18,93521.0,572.1784286256566
2025-03-06 15:28:02.445452-05:00,572.21,572.61,571.8963,572.61,102827.0,572.4397125784085
2025-03-06 15:28:53.148298-05:00,572.6,572.84,571.9353,572.8,78034.0,572.6075053797059
2025-03-06 15:29:30.549888-05:00,572.8,573.1,572.0659,573.01,91951.0,572.9298982251423
2025-03-06 15:30:06.190997-05:00,573.0187,573.57,572.2856,573.51,96071.0,573.2058888707312
2025-03-06 15:30:34.250111-05:00,573.51,573.6,572.3907,572.84,91948.0,573.2248900530741
2025-03-06 15:31:15.012036-05:00,572.84,573.38,572.3972,573.21,91013.0,573.2037245986842
2025-03-06 15:31:55.874185-05:00,573.215,573.49,572.4046,573.38,86317.0,573.2562136798081
2025-03-06 15:32:28.270378-05:00,573.38,573.82,572.4354,573.78,86807.0,573.5024320423465
2025-03-06 15:32:51.885533-05:00,573.78,573.93,573.0614,573.76,88565.0,573.7657841957882
2025-03-06 15:33:19.554386-05:00,573.784,574.27,573.2402,574.21,98511.0,573.9675125600187
2025-03-06 15:33:52.311943-05:00,574.21,574.2124,572.7426,573.5,92778.0,573.7870893940379
2025-03-06 15:34:23.213055-05:00,573.5,573.8744,572.817,573.21,84391.0,573.3581475086204
2025-03-06 15:34:52.167759-05:00,573.2,573.6506,572.92,573.03,94419.0,573.0650522596087
2025-03-06 15:35:26.658750-05:00,573.03,573.5246,572.69,572.89,76217.0,572.8628241639009
2025-03-06 15:36:04.017774-05:00,572.885,573.4612,572.8,573.06,94001.0,573.01070605419
2025-03-06 15:36:30.037295-05:00,573.05,573.47,573.0229,573.44,98015.0,573.3474468734382
2025-03-06 15:37:00.624029-05:00,573.45,573.7588,573.0832,573.3316,95309.0,573.5642315982749
2025-03-06 15:37:42.077777-05:00,573.32,573.61,572.99,573.08,75799.0,573.2782163682895
2025-03-06 15:38:15.604373-05:00,573.08,573.4133,572.63,572.75,76752.0,572.8671791223675
2025-03-06 15:38:47.156413-05:00,572.75,573.2924,572.6444,573.0,86291.0,572.8462760438517
2025-03-06 15:39:05.562025-05:00,573.0,573.2781,572.7888,572.87,94255.0,572.912685099995
2025-03-06 15:39:42.321174-05:00,572.86,573.2735,572.56,572.76,76580.0,572.7796827670415
2025-03-06 15:40:05.914148-05:00,572.7594,573.2691,572.35,572.59,100842.0,572.4966768885977
2025-03-06 15:40:43.035512-05:00,572.59,573.2224,572.38,572.45,82323.0,572.5308903502064
2025-03-06 15:41:10.316060-05:00,572.45,572.9672,572.1501,572.22,77589.0,572.4431311835436
2025-03-06 15:41:33.779473-05:00,572.18,572.9569,572.04,572.255,94933.0,572.2000079161097
2025-03-06 15:41:57.536207-05:00,572.255,572.7296,572.2,572.5,100248.0,572.351469276195
2025-03-06 15:42:31.376805-05:00,572.5,573.0414,572.04,572.0413,88862.0,572.3228211777803
2025-03-06 15:42:55.348713-05:00,572.06,572.5281,571.91,571.91,92917.0,571.9982795828533
2025-03-06 15:43:16.463283-05:00,571.9,572.7074,571.66,571.85,79658.0,571.7817544992345
2025-03-06 15:43:45.896424-05:00,571.87,572.402,571.6203,572.11,86499.0,571.8730429265081
2025-03-06 15:44:21.622889-05:00,572.1,572.3417,571.8681,572.09,83818.0,572.0783972499938
2025-03-06 15:44:52.521783-05:00,572.09,572.5864,571.6115,571.82,69362.0,571.8426561460169
2025-03-06 15:45:03.739314-05:00,571.8,571.94,571.57,571.7,108948.0,571.7738258839075
2025-03-06 15:45:38.601944-05:00,571.7,572.4948,571.666,572.4835,80121.0,571.9618942499475
2025-03-06 15:46:06.188796-05:00,572.08,572.23,571.8356,571.96,93058.0,572.0798944572202
2025-03-06 15:46:32.244643-05:00,571.95,572.0809,571.57,571.82,108149.0,571.7289793960193
2025-03-06 15:47:03.921334-05:00,571.83,572.3378,571.8,572.135,86683.0,571.9467579548476
2025-03-06 15:47:33.149380-05:00,572.135,572.2362,571.835,572.14,95930.0,572.0581149577815
2025-03-06 15:48:00.243250-05:00,572.14,572.29,571.9293,572.29,97356.0,572.1652777137521
2025-03-06 15:48:16.872845-05:00,572.28,572.61,572.0088,572.57,108603.0,572.414175589072
2025-03-06 15:48:34.370933-05:00,572.58,572.8,572.0045,572.69,122223.0,572.645500485997
2025-03-06 15:49:02.792322-05:00,572.67,572.77,572.0956,572.525,105283.0,572.6040918182423
2025-03-06 15:49:30.000792-05:00,572.52,572.91,572.1374,572.84,95605.0,572.6484547722399
2025-03-06 15:49:52.210093-05:00,572.84,572.93,572.1813,572.865,114801.0,572.8424619829101
2025-03-06 15:50:02.879847-05:00,572.85,573.4,572.6209,573.32,101466.0,573.1528067234345
2025-03-06 15:50:19.165696-05:00,573.31,573.345,572.2805,572.8276,100533.0,573.0673473973726
2025-03-06 15:50:39.430025-05:00,572.74,572.9594,572.2903,572.62,94828.0,572.5420933331928
2025-03-06 15:50:54.072110-05:00,572.61,573.21,572.3083,573.14,111946.0,572.9611829006842
2025-03-06 15:51:12.322435-05:00,573.14,573.39,572.5358,573.39,111669.0,573.253485234936
2025-03-06 15:51:31.243291-05:00,573.39,573.53,572.3681,573.205,96498.0,573.3428772337248
2025-03-06 15:51:54.096859-05:00,573.19,573.49,572.75,573.0929,96179.0,573.2915470487319
2025-03-06 15:52:17.387170-05:00,573.2,573.2954,572.447,573.154,106683.0,573.1453475727154
2025-03-06 15:52:38.828314-05:00,573.14,573.1899,572.76,572.81,106755.0,572.8890282825164
2025-03-06 15:53:05.912071-05:00,572.815,573.1335,572.5219,572.76,75810.0,572.7884095383195
2025-03-06 15:53:33.320459-05:00,572.77,573.0801,572.55,572.72,70049.0,572.6495452369061
2025-03-06 15:53:58.623057-05:00,572.72,573.0158,572.69,572.81,76872.0,572.7860119432308
2025-03-06 15:54:12.854915-05:00,572.82,573.11,572.5955,573.025,87504.0,572.9111743074598
2025-03-06 15:54:33.716988-05:00,573.025,573.2,572.6187,573.09,91538.0,573.029691161048
2025-03-06 15:54:50.328207-05:00,573.1,573.19,572.6454,573.17,94823.0,573.0098459192392
2025-03-06 15:55:04.649219-05:00,573.17,573.55,572.6941,573.55,97366.0,573.3532260840539
2025-03-06 15:55:18.876576-05:00,573.5,573.58,572.7278,573.09,127025.0,573.2257424011019
2025-03-06 15:55:34.901201-05:00,573.07,573.1745,572.7702,572.92,95354.0,572.9199329886526
2025-03-06 15:55:55.636838-05:00,572.9,573.29,572.7741,573.19,96800.0,573.1397262324376
2025-03-06 15:56:14.967532-05:00,573.19,573.41,573.0288,573.41,104817.0,573.3426262982144
2025-03-06 15:56:34.144467-05:00,573.41,573.445,573.0378,573.22,126930.0,573.3296619333493
2025-03-06 15:56:57.037637-05:00,573.22,573.2842,572.9184,573.0,129481.0,573.0996955561046
2025-03-06 15:57:14.030548-05:00,573.0,573.2429,572.56,572.62,90693.0,572.8018650788931
2025-03-06 15:57:32.103985-05:00,572.62,573.1135,572.52,572.58,138316.0,572.6042223495471
2025-03-06 15:57:53.246780-05:00,572.6085,573.0108,572.55,572.68,103942.0,572.6423940178178
2025-03-06 15:58:08.165671-05:00,572.68,572.9946,572.675,572.73,111637.0,572.775664309324
2025-03-06 15:58:24.630738-05:00,572.735,572.9827,572.44,572.64,136223.0,572.7023255045026
2025-03-06 15:58:35.587336-05:00,572.64,572.9799,572.48,572.52,96469.0,572.5676668919556
2025-03-06 15:58:45.892649-05:00,572.52,572.7366,572.45,572.605,152381.0,572.534992930221
2025-03-06 15:59:00.020520-05:00,572.6,572.9274,572.55,572.59,135111.0,572.608584617832
2025-03-06 15:59:01.758508-05:00,572.59,572.6,572.4,572.53,225293.0,572.5089878957622
2025-03-06 15:59:12.491001-05:00,572.53,572.8609,572.34,572.34,123161.0,572.4712934094393
2025-03-06 15:59:21.188133-05:00,572.34,572.44,572.23,572.23,129830.0,572.3421977085411
2025-03-06 15:59:28.135779-05:00,572.23,572.43,572.14,572.42,137387.0,572.2652935496079
2025-03-06 15:59:34.566495-05:00,572.425,572.631,572.4,572.63,179309.0,572.5116222699359
2025-03-06 15:59:42.167187-05:00,572.63,572.6841,572.39,572.64,100664.0,572.5522729088848
2025-03-06 15:59:48.833896-05:00,572.64,572.7,572.46,572.55,109409.0,572.5929875750629
2025-03-06 15:59:53.818762-05:00,572.555,572.8,572.5,572.68,160750.0,572.6714671639187
2025-03-06 15:59:59.400528-05:00,572.68,572.8,572.6,572.72,166935.0,572.6862836055952
2025-03-07 09:30:00.545501-05:00,572.72,572.82,570.84,570.87,525307.0,571.0866254910048
2025-03-07 09:30:03.236046-05:00,570.87,571.22,570.84,571.0599,32986.0,571.039927169091
2025-03-07 09:30:06.985988-05:00,570.87,571.1525,570.78,570.94,29907.0,570.9328412378364
2025-03-07 09:30:24.405481-05:00,570.94,571.42,570.87,571.25,103729.0,571.21031738858
2025-03-07 09:30:45.024664-05:00,571.25,571.58,571.07,571.48,97556.0,571.3752301519129
2025-03-07 09:31:07.827671-05:00,571.48,572.0,570.87,571.75,90200.0,571.7410572184024
2025-03-07 09:31:37.624203-05:00,571.75,572.09,570.87,571.8787,75661.0,571.8303948414637
2025-03-07 09:31:58.554648-05:00,571.87,576.63,570.87,571.73,94480.0,571.9113863039796
2025-03-07 09:32:18.775217-05:00,571.73,571.7829,571.38,571.72,100408.0,571.5673464544659
2025-03-07 09:32:48.840604-05:00,571.715,572.2,571.5697,571.97,94727.0,571.9138113019519
2025-03-07 09:33:21.419141-05:00,571.95,572.22,571.63,571.72,96710.0,571.9169022489916
2025-03-07 09:33:47.369592-05:00,571.712,572.46,571.4975,572.35,97054.0,571.8758517619066
2025-03-07 09:34:16.249238-05:00,572.3588,572.64,570.87,572.4,78412.0,572.4363486507161
2025-03-07 09:34:43.554325-05:00,572.4,572.69,570.87,572.67,107899.0,572.492849017136
2025-03-07 09:35:01.517304-05:00,572.67,573.0,570.87,572.53,104902.0,572.6877244857105
2025-03-07 09:35:26.011869-05:00,572.5483,573.05,570.87,573.04,95393.0,572.6662419967926
2025-03-07 09:35:44.636206-05:00,573.04,573.15,572.74,572.85,107858.0,572.9045672059559
2025-03-07 09:36:12.683211-05:00,572.85,573.02,570.87,572.2,80717.0,572.5676210674326
2025-03-07 09:36:44.444710-05:00,572.19,572.7445,570.87,571.8527,73877.0,572.0481831043495
2025-03-07 09:37:03.850576-05:00,571.86,571.92,571.45,571.5,95224.0,571.7242829759299
2025-03-07 09:37:38.803460-05:00,571.5,572.3232,571.305,571.32,84407.0,571.5625337294302
2025-03-07 09:38:07.291950-05:00,571.32,572.2693,570.87,571.64,96781.0,571.4552868465921
2025-03-07 09:38:30.161931-05:00,571.62,572.61,571.54,572.34,93928.0,572.2040522208504
2025-03-07 09:39:01.566236-05:00,572.34,572.745,572.17,572.6395,73937.0,572.499324330173
2025-03-07 09:39:35.382267-05:00,572.6267,572.67,572.06,572.41,90902.0,572.3433858385955
2025-03-07 09:40:14.956946-05:00,572.4,572.7499,572.12,572.58,84128.0,572.4028239753709
2025-03-07 09:40:35.152041-05:00,572.58,573.49,572.143,573.48,104326.0,573.0268544418461
2025-03-07 09:40:56.362294-05:00,573.48,573.81,572.2215,573.48,93074.0,573.573101269958
2025-03-07 09:41:18.372409-05:00,573.4796,573.636,572.3185,573.39,85693.0,573.4526269987051
2025-03-07 09:41:41.220182-05:00,573.39,573.67,573.09,573.67,85443.0,573.3443734021523
2025-03-07 09:42:03.369654-05:00,573.65,574.0,573.5,573.9213,76304.0,573.7462482687671
2025-03-07 09:42:25.902616-05:00,573.925,574.1,573.65,573.94,83545.0,573.9165558297923
2025-03-07 09:42:49.938173-05:00,573.94,574.0907,571.67,573.9599,84566.0,573.9035608353241
2025-03-07 09:43:26.689506-05:00,573.8912,573.98,573.0463,573.71,93982.0,573.6430429784432
2025-03-07 09:43:54.369336-05:00,573.71,574.42,573.6861,574.28,94087.0,574.1256474985915
2025-03-07 09:44:18.190993-05:00,574.26,574.54,573.6245,574.52,123270.0,574.3253205410896
2025-03-07 09:44:45.585802-05:00,574.49,574.8,573.6944,574.32,82113.0,574.5576965937182
2025-03-07 09:45:01.007755-05:00,574.32,574.3668,573.69,573.92,84628.0,574.0556864264784
2025-03-07 09:45:27.931406-05:00,573.92,574.2899,573.0575,573.9701,101511.0,574.0601575711004
2025-03-07 09:46:11.509685-05:00,573.9824,574.44,573.7943,574.39,67326.0,574.166274968065
2025-03-07 09:46:50.177832-05:00,574.39,574.71,573.2036,574.47,78577.0,574.4675781004606
2025-03-07 09:47:30.988658-05:00,574.48,574.6,573.4175,574.48,96606.0,574.3971331138862
2025-03-07 09:47:49.205293-05:00,574.48,575.07,574.45,574.885,84365.0,574.8530747075207
2025-03-07 09:48:18.463330-05:00,574.87,575.2,574.311,575.02,87190.0,574.9157829957568
2025-03-07 09:48:31.822392-05:00,575.03,575.5,575.01,575.4,74633.0,575.3138056181588
2025-03-07 09:48:57.157857-05:00,575.4,575.64,574.8612,575.47,86093.0,575.5066097777982
2025-03-07 09:49:30.804865-05:00,575.47,575.79,574.5952,575.51,88930.0,575.6130023108062
2025-03-07 09:50:00.613065-05:00,575.495,575.53,574.7696,575.305,105198.0,575.2945894902941
2025-03-07 09:50:28.123832-05:00,575.2701,575.71,574.8556,575.1125,73671.0,575.4023683430386
2025-03-07 09:51:04.033207-05:00,575.1,575.4363,574.93,575.15,68331.0,575.1223999824385
2025-03-07 09:51:47.510632-05:00,575.15,575.6,575.03,575.3,75083.0,575.3559428698903
2025-03-07 09:52:21.929047-05:00,575.3,575.8,575.2485,575.7,76087.0,575.5928712368739
2025-03-07 09:52:54.311262-05:00,575.7,575.9,574.7607,575.4,100217.0,575.6660700010975
2025-03-07 09:53:28.206811-05:00,575.4,575.98,575.385,575.84,84314.0,575.7541493192117
2025-03-07 09:54:12.581803-05:00,575.84,576.0,575.5378,575.81,93445.0,575.8920029835726
2025-03-07 09:54:52.335209-05:00,575.81,575.83,575.0322,575.71,87686.0,575.6699631799834
2025-03-07 09:55:28.782834-05:00,575.71,575.93,575.218,575.865,80988.0,575.7127750777897
2025-03-07 09:55:59.653180-05:00,575.85,576.0679,575.72,575.9,96941.0,575.8907628052116
2025-03-07 09:56:26.197329-05:00,575.7715,575.9698,575.23,575.34,89102.0,575.4978679838832
2025-03-07 09:56:58.322014-05:00,575.32,575.6514,574.76,574.83,105250.0,575.0123898384799
2025-03-07 09:57:15.926457-05:00,574.83,575.5891,574.56,574.85,123453.0,574.7870994062521
2025-03-07 09:57:49.334700-05:00,574.84,575.3969,574.5612,574.62,99597.0,574.7420033033122
2025-03-07 09:58:26.585352-05:00,574.62,575.4023,574.55,574.55,75709.0,574.8918484394194
2025-03-07 09:58:56.128229-05:00,574.55,575.1612,574.32,574.4,98071.0,574.4519234921639
2025-03-07 09:59:16.740364-05:00,574.4,575.3212,574.05,574.08,145503.0,574.1810287038755
2025-03-07 09:59:31.041568-05:00,574.08,574.8502,573.85,574.11,136477.0,574.0399911560186
2025-03-07 10:00:05.760201-05:00,574.08,574.7738,573.34,573.37,81542.0,573.9216957751837
2025-03-07 10:00:17.657552-05:00,573.37,573.4388,572.8799,573.02,120620.0,573.0556436270933
2025-03-07 10:00:45.397380-05:00,573.02,574.8454,572.741,573.41,82298.0,572.9941896801873
2025-03-07 10:01:17.983997-05:00,573.3152,574.022,573.07,573.23,89424.0,573.2827550109588
2025-03-07 10:01:33.958809-05:00,573.21,573.76,573.16,573.76,112971.0,573.5364837223714
2025-03-07 10:01:34.324369-05:00,573.76,574.07,573.6,573.99,183485.0,573.9298502362593
2025-03-07 10:01:59.519328-05:00,573.8475,574.09,573.4975,573.74,114685.0,573.7857070122514
2025-03-07 10:02:31.277439-05:00,573.74,574.19,573.64,574.14,90712.0,573.9626087309284
2025-03-07 10:03:04.611330-05:00,574.14,574.35,573.92,574.35,96720.0,574.1408058664183
2025-03-07 10:03:45.469600-05:00,574.35,574.37,573.8232,574.25,82885.0,574.1892496941545
2025-03-07 10:04:15.385274-05:00,574.265,574.91,573.7318,574.78,87139.0,574.6358528821768
2025-03-07 10:05:01.576862-05:00,574.7795,574.97,573.7492,574.66,93982.0,574.6391105498927
2025-03-07 10:05:46.844661-05:00,574.69,574.72,573.8329,574.61,74507.0,574.4478810084971
2025-03-07 10:06:47.277058-05:00,574.61,574.89,574.0491,574.6299,58675.0,574.7008856276095
2025-03-07 10:07:28.275023-05:00,574.67,575.07,574.0624,574.79,69333.0,574.8075652733912
2025-03-07 10:08:24.208709-05:00,574.79,575.04,574.4947,574.76,62666.0,574.7661974834836
2025-03-07 10:09:22.015728-05:00,574.76,574.84,574.18,574.45,105897.0,574.5247016062781
2025-03-07 10:09:52.369914-05:00,574.45,574.8,574.39,574.56,53640.0,574.6404934601043
2025-03-07 10:10:46.334178-05:00,574.56,574.87,574.4,574.77,57924.0,574.671914147849
2025-03-07 10:11:48.136965-05:00,574.77,574.802,574.1019,574.29,59443.0,574.3808673064949
2025-03-07 10:12:30.819056-05:00,574.28,574.6216,573.85,573.88,69463.0,574.1194737601314
2025-03-07 10:13:15.823200-05:00,573.88,574.4414,573.56,573.71,72715.0,573.801768134497
2025-03-07 10:14:08.805290-05:00,573.71,574.2639,573.03,573.15,74985.0,573.3215197106081
2025-03-07 10:15:05.517132-05:00,573.15,574.102,573.0,573.1288,59050.0,573.2661971989834
2025-03-07 10:15:32.850686-05:00,573.0,573.8647,572.6601,572.8925,92577.0,572.8186156907221
2025-03-07 10:15:50.218658-05:00,572.87,573.5433,572.46,572.58,128224.0,572.6404479309642
2025-03-07 10:16:24.855010-05:00,572.58,573.3695,572.32,572.65,98462.0,572.5969333316405
2025-03-07 10:17:11.229660-05:00,572.645,572.88,572.565,572.59,90970.0,572.7242976497748
2025-03-07 10:17:28.670329-05:00,572.61,572.6949,571.94,571.94,94901.0,572.3050935437985
2025-03-07 10:17:52.109545-05:00,571.975,572.8238,571.805,572.12,88927.0,572.0251467563278
2025-03-07 10:18:13.875314-05:00,572.1,572.5555,571.7612,571.83,77716.0,572.1254496551551
2025-03-07 10:18:55.163637-05:00,571.83,572.6184,571.7964,572.56,91423.0,572.0683899336058
2025-03-07 10:19:31.365632-05:00,572.56,572.58,572.1513,572.2,99075.0,572.4144160847852
2025-03-07 10:20:18.444239-05:00,572.1907,572.501,572.09,572.19,112318.0,572.3282906132582
2025-03-07 10:20:47.588604-05:00,572.19,572.4737,571.93,572.4401,63334.0,572.1787281081249
2025-03-07 10:21:12.514509-05:00,572.4,572.73,572.3168,572.6,89607.0,572.5892783175425
2025-03-07 10:21:46.954831-05:00,572.6,572.65,572.06,572.23,93668.0,572.242368131059
2025-03-07 10:22:28.092148-05:00,572.23,572.6,572.15,572.425,70813.0,572.3783995057402
2025-03-07 10:23:13.987761-05:00,572.42,572.78,572.13,572.64,63149.0,572.3690441590518
2025-03-07 10:23:54.983100-05:00,572.65,572.85,572.3217,572.78,83098.0,572.6510751678736
2025-03-07 10:24:17.246279-05:00,572.78,573.2,572.4563,573.2,109424.0,573.0466848049789
2025-03-07 10:24:46.110611-05:00,573.2,573.63,572.5927,573.38,85991.0,573.3110177076671
2025-03-07 10:25:29.787350-05:00,573.38,573.45,572.56,572.71,61580.0,572.9680166174076
2025-03-07 10:26:20.729535-05:00,572.7247,572.87,572.38,572.64,57475.0,572.6203326472369
2025-03-07 10:27:23.696969-05:00,572.64,572.93,572.45,572.57,56784.0,572.6985741335587
2025-03-07 10:28:09.469660-05:00,572.5787,572.882,572.3,572.665,55907.0,572.6575029817376
2025-03-07 10:28:45.309049-05:00,572.6638,572.8857,571.95,572.23,70882.0,572.1996400962166
2025-03-07 10:29:36.147103-05:00,572.2468,572.7606,572.02,572.21,71633.0,572.1767189437829
2025-03-07 10:30:22.053588-05:00,572.22,572.5246,571.94,571.945,74008.0,572.1954515471301
2025-03-07 10:31:00.288148-05:00,571.945,572.5653,571.66,571.68,81208.0,571.9172910045812
2025-03-07 10:31:10.762415-05:00,571.67,571.82,571.0,571.0,78431.0,571.3707924545146
2025-03-07 10:31:29.190427-05:00,571.0,572.0508,570.71,570.71,129502.0,570.9175102029315
2025-03-07 10:31:57.313228-05:00,570.73,572.2749,570.61,570.83,111149.0,570.7159591098437
2025-03-07 10:32:13.638624-05:00,570.84,571.53,570.14,570.15,77811.0,570.4290233501686
2025-03-07 10:32:14.798341-05:00,570.15,570.24,570.0,570.0,21009.0,570.0407516254933
2025-03-07 10:32:14.969676-05:00,570.0,571.16,570.0,570.0001,30819.0,570.000827557676
2025-03-07 10:32:17.629154-05:00,570.0,570.5601,570.0,570.0,54079.0,570.0297089276798
2025-03-07 10:32:17.657899-05:00,570.0,570.02,570.0,570.0,18614.0,570.0016737401958
2025-03-07 10:32:20.942508-05:00,570.0,571.269,569.88,569.88,53688.0,569.9896909979875
2025-03-07 10:32:38.989288-05:00,569.88,571.1766,569.53,569.84,96512.0,569.7136410311668
2025-03-07 10:32:58.507631-05:00,569.84,571.0178,569.69,570.15,109703.0,570.0162011950442
2025-03-07 10:33:14.977753-05:00,570.14,570.8395,570.13,570.31,102468.0,570.3325192665021
2025-03-07 10:33:27.386103-05:00,570.31,570.8141,569.975,570.18,98261.0,570.1760896886863
2025-03-07 10:33:55.426514-05:00,570.17,571.3652,570.04,570.31,76305.0,570.224429530175
2025-03-07 10:34:19.807237-05:00,570.31,570.3561,569.88,569.93,113571.0,570.0974739000272
2025-03-07 10:34:50.692237-05:00,569.92,570.6183,569.84,570.02,90872.0,569.9797172231276
2025-03-07 10:35:20.319276-05:00,570.03,570.14,569.6,569.62,87765.0,569.8441272295339
2025-03-07 10:35:50.571706-05:00,569.62,570.7333,569.43,569.45,67270.0,569.7566067756799
2025-03-07 10:36:14.637010-05:00,569.42,570.6742,569.25,569.29,86832.0,569.3892963999446
2025-03-07 10:36:30.184361-05:00,569.3,569.62,569.04,569.48,96814.0,569.3031959551308
2025-03-07 10:36:47.932323-05:00,569.48,570.4868,569.38,569.59,143579.0,569.528819876862
2025-03-07 10:37:11.789456-05:00,569.59,569.9144,569.0,569.0,81321.0,569.3009511872691
2025-03-07 10:37:21.717068-05:00,569.0,569.8334,568.94,569.05,111260.0,569.0447766268201
2025-03-07 10:37:54.918169-05:00,569.05,569.7498,569.0,569.16,79386.0,569.1367972148738
2025-03-07 10:38:25.359485-05:00,569.15,569.6143,568.96,569.12,79646.0,569.0927263177063
2025-03-07 10:38:47.932665-05:00,569.1,569.5592,568.76,568.82,76561.0,568.9001481798834
2025-03-07 10:39:03.565754-05:00,568.83,570.0874,568.74,569.0499,41658.0,568.9216255053046
2025-03-07 10:39:16.159721-05:00,569.035,570.0604,568.97,569.29,52271.0,569.1706005471478
2025-03-07 10:39:31.888946-05:00,569.29,570.0012,569.225,569.3568,43951.0,569.3848896134331
2025-03-07 10:39:49.008210-05:00,569.366,569.42,569.09,569.19,30071.0,569.2743620996978
2025-03-07 10:40:00.668578-05:00,569.19,569.25,569.08,569.18,54769.0,569.1753987182518
2025-03-07 10:40:13.741665-05:00,569.16,569.2388,568.87,568.93,48839.0,569.0305551014561
2025-03-07 10:40:26.638276-05:00,568.92,569.2549,568.75,568.965,68986.0,568.9037115675662
2025-03-07 10:40:41.136966-05:00,568.95,569.2067,568.62,568.69,31510.0,568.8242153506852
2025-03-07 10:40:55.895937-05:00,568.7061,568.9695,568.6,568.7661,38281.0,568.7117740367289
2025-03-07 10:41:09.244536-05:00,568.75,568.856,568.5,568.53,44463.0,568.6751439421545
2025-03-07 10:41:28.689039-05:00,568.53,569.65,568.5,568.5299,67045.0,568.6247408606163
2025-03-07 10:41:50.648699-05:00,568.53,569.5318,568.42,568.49,88020.0,568.5465959963651
2025-03-07 10:42:08.356325-05:00,568.52,569.4749,568.45,568.73,110325.0,568.5732859433491
2025-03-07 10:42:29.207541-05:00,568.73,569.27,568.65,569.27,121101.0,569.0743296859648
2025-03-07 10:42:51.627594-05:00,569.27,569.4,568.9224,569.28,118019.0,569.2694659258252
2025-03-07 10:43:16.089611-05:00,569.26,569.45,568.8554,569.45,83343.0,569.2807147750862
2025-03-07 10:43:47.626540-05:00,569.45,569.49,568.9436,569.32,86215.0,569.2629155147008
2025-03-07 10:44:17.358153-05:00,569.32,569.47,568.9486,569.46,72648.0,569.3256415937121
2025-03-07 10:44:36.374358-05:00,569.46,569.82,569.3506,569.8,100347.0,569.6441934816188
2025-03-07 10:45:05.812286-05:00,569.8,569.85,569.043,569.62,84584.0,569.6923585063366
2025-03-07 10:45:36.609397-05:00,569.62,570.05,569.0836,569.92,106623.0,569.8637381099761
2025-03-07 10:45:54.202229-05:00,569.92,570.4,569.8057,570.3629,127958.0,570.0922511652262
2025-03-07 10:46:13.759905-05:00,570.39,570.6,569.3116,570.6,100560.0,570.4202445266513
2025-03-07 10:46:31.982151-05:00,570.6,570.68,569.41,570.13,80457.0,570.4776547646576
2025-03-07 10:47:01.219681-05:00,570.15,570.2929,569.5354,569.8311,118109.0,569.8947386532774
2025-03-07 10:47:34.409324-05:00,569.83,570.15,569.57,569.59,85676.0,569.8709228593772
2025-03-07 10:48:08.901038-05:00,569.54,570.0184,569.3703,569.6,99520.0,569.572190583803
2025-03-07 10:48:41.577166-05:00,569.64,569.9572,569.32,569.77,92494.0,569.5261492680613
2025-03-07 10:48:58.710125-05:00,569.77,570.12,569.5,570.09,85021.0,569.770878364169
2025-03-07 10:48:59.561884-05:00,570.09,571.75,569.5724,570.87,98738.0,570.6214677419026
2025-03-07 10:49:00.300994-05:00,570.86,571.05,569.94,570.84,140156.0,570.7220066818403
2025-03-07 10:49:01.242134-05:00,570.77,570.9934,570.12,570.77,85293.0,570.6861671930873
2025-03-07 10:49:04.742155-05:00,570.77,571.44,569.9268,571.37,129702.0,571.0655914388376
2025-03-07 10:49:08.352673-05:00,571.41,572.15,570.8,572.15,95836.0,571.6396170990024
2025-03-07 10:49:10.219115-05:00,572.15,572.57,570.3516,572.57,137994.0,572.3328738481384
2025-03-07 10:49:15.828745-05:00,572.54,573.0,570.28,572.81,97728.0,572.7456316695313
2025-03-07 10:49:22.077755-05:00,572.81,572.94,570.9493,572.63,123305.0,572.6622284805966
2025-03-07 10:49:26.104030-05:00,572.62,572.77,571.3027,572.7,89467.0,572.6200375389808
2025-03-07 10:49:31.221786-05:00,572.7,572.92,571.95,571.96,89366.0,572.3000370901692
2025-03-07 10:49:42.045552-05:00,571.96,572.87,570.9034,571.78,96896.0,571.8604391729274
2025-03-07 10:49:58.874170-05:00,571.78,572.56,570.968,571.72,87471.0,571.7070327685742
2025-03-07 10:50:14.073936-05:00,571.72,572.125,571.34,571.39,107244.0,571.8017075556675
2025-03-07 10:50:31.518509-05:00,571.44,571.73,570.4124,571.6,99225.0,571.5244104741746
2025-03-07 10:50:46.719679-05:00,571.62,571.66,571.0,571.04,104961.0,571.3124273596851
2025-03-07 10:50:59.253245-05:00,571.0,571.4601,570.66,571.09,139236.0,570.8720136588249
2025-03-07 10:51:19.593955-05:00,571.0876,571.33,570.5711,570.69,113187.0,570.9787826693882
2025-03-07 10:51:40.766248-05:00,570.69,571.388,570.5863,570.82,113072.0,570.7224400426277
2025-03-07 10:52:15.116887-05:00,570.82,571.2408,570.365,570.91,73200.0,570.7062605642077
2025-03-07 10:52:55.765120-05:00,570.9,571.3173,570.4807,570.56,68757.0,570.8821465785297
2025-03-07 10:53:25.311101-05:00,570.54,571.3364,569.92,569.99,84745.0,570.365646356717
2025-03-07 10:53:52.979802-05:00,569.97,571.41,569.9,570.27,94182.0,570.1874878713556
2025-03-07 10:54:12.092654-05:00,570.28,571.357,570.25,570.9502,109316.0,570.7643344423509
2025-03-07 10:54:24.763718-05:00,570.9893,571.52,570.91,571.51,115681.0,571.1337271194056
2025-03-07 10:54:45.453483-05:00,571.5113,571.52,570.86,570.87,89210.0,571.2860540746557
2025-03-07 10:55:27.805168-05:00,570.85,571.46,570.65,571.46,75418.0,571.0871049523986
2025-03-07 10:56:08.358136-05:00,571.42,571.475,570.8177,570.89,84330.0,571.1471134661449
2025-03-07 10:56:58.168060-05:00,570.87,571.2188,570.705,570.95,77044.0,570.9756436568717
2025-03-07 10:57:35.771799-05:00,570.96,571.12,570.2193,570.48,80436.0,570.5953445683527
2025-03-07 10:58:20.691996-05:00,570.4727,570.9889,570.2,570.78,84707.0,570.495318369201
2025-03-07 10:59:05.050622-05:00,570.82,571.2506,570.4905,571.06,65651.0,570.8378926322523
2025-03-07 10:59:52.459349-05:00,571.06,571.13,570.58,570.82,64852.0,570.8829133010548
2025-03-07 11:00:36.427551-05:00,570.81,571.1,570.35,570.662,58853.0,570.7509878442899
2025-03-07 11:01:21.968816-05:00,570.63,570.96,570.485,570.79,82281.0,570.7218174572496
2025-03-07 11:02:23.827755-05:00,570.79,570.93,570.24,570.44,61230.0,570.6224862012087
2025-03-07 11:03:11.821812-05:00,570.45,570.6925,570.05,570.14,78669.0,570.2047545602467
2025-03-07 11:03:47.522610-05:00,570.1331,570.632,569.8564,570.3,73229.0,570.0495500034147
2025-03-07 11:04:27.834330-05:00,570.32,570.85,570.195,570.57,72977.0,570.6582117215008
2025-03-07 11:05:38.674482-05:00,570.57,570.6876,570.145,570.47,59944.0,570.3896645752706
2025-03-07 11:06:39.859395-05:00,570.45,570.54,570.02,570.04,58653.0,570.2416553816519
2025-03-07 11:07:22.362931-05:00,570.0399,570.7,570.01,570.615,78318.0,570.3873180009706
2025-03-07 11:07:48.092531-05:00,570.6041,571.26,570.3508,571.17,91725.0,571.0632062643774
2025-03-07 11:08:43.604389-05:00,571.17,571.2,570.2796,570.45,69648.0,570.5725312112341
2025-03-07 11:09:52.850584-05:00,570.45,570.96,570.4,570.58,52653.0,570.6929879873883
2025-03-07 11:10:43.506372-05:00,570.57,570.85,570.21,570.34,92429.0,570.417424781184
2025-03-07 11:11:35.985177-05:00,570.32,570.572,570.0,570.288,67876.0,570.2297142804522
2025-03-07 11:12:44.392296-05:00,570.26,570.5899,569.95,570.16,51646.0,570.283340047632
2025-03-07 11:13:48.038106-05:00,570.16,570.4565,570.12,570.26,94307.0,570.2385885607644
2025-03-07 11:15:00.080648-05:00,570.25,570.51,570.2,570.42,73990.0,570.3440015515613
2025-03-07 11:15:45.719815-05:00,570.42,570.5,569.84,569.84,51990.0,570.151317486054
2025-03-07 11:16:06.236959-05:00,569.84,570.4105,569.43,569.53,76911.0,569.7126299163964
2025-03-07 11:16:50.827983-05:00,569.53,570.1415,569.24,569.54,71640.0,569.4574547654944
2025-03-07 11:17:29.216908-05:00,569.54,569.9939,569.3,569.42,77377.0,569.5215514338892
2025-03-07 11:18:07.157574-05:00,569.42,570.1999,569.4,569.741,85968.0,569.5229772194309
2025-03-07 11:18:50.502848-05:00,569.74,569.97,569.14,569.24,72140.0,569.3664827003047
2025-03-07 11:19:21.035603-05:00,569.23,569.6978,568.98,569.15,60975.0,569.1162770824109
2025-03-07 11:20:08.842812-05:00,569.15,569.8068,568.93,569.08,87042.0,569.0895368580693
2025-03-07 11:21:01.907119-05:00,569.1,569.7317,568.81,568.8301,52278.0,569.1059433949272
2025-03-07 11:21:28.297222-05:00,568.8301,569.6212,568.51,568.55,75221.0,568.6830388960533
2025-03-07 11:22:13.146283-05:00,568.56,569.2062,568.558,568.85,74307.0,568.8520090583661
2025-03-07 11:23:00.915746-05:00,568.905,569.4119,568.77,568.8401,78730.0,568.9821072500952
2025-03-07 11:23:47.077670-05:00,569.06,569.361,568.75,568.875,45991.0,568.8864533213009
2025-03-07 11:24:21.205302-05:00,568.875,569.3256,568.66,568.665,84888.0,568.8276025728021
2025-03-07 11:25:00.904210-05:00,568.71,568.9106,568.52,568.56,95071.0,568.7163425755481
2025-03-07 11:25:05.145910-05:00,568.55,568.58,568.23,568.5,85160.0,568.4326275575385
2025-03-07 11:25:34.716243-05:00,568.48,568.7491,568.22,568.25,117515.0,568.472119373697
2025-03-07 11:25:45.927016-05:00,568.25,568.7166,568.03,568.16,69305.0,568.1777636086857
2025-03-07 11:26:00.112836-05:00,568.16,568.6457,568.0,568.015,38416.0,568.111507358913
2025-03-07 11:26:04.749454-05:00,568.0,568.4622,567.89,567.91,48190.0,567.9901995289478
2025-03-07 11:26:20.494169-05:00,567.89,568.5183,567.52,567.74,112249.0,567.6572871027807
2025-03-07 11:26:47.766869-05:00,567.74,568.7016,567.43,567.57,81941.0,567.52966907409
2025-03-07 11:27:16.111829-05:00,567.5797,568.6429,567.485,567.77,113123.0,567.7344383803471
2025-03-07 11:27:45.872158-05:00,567.77,568.32,567.77,568.02,73250.0,567.9468340996585
2025-03-07 11:28:26.475888-05:00,568.02,568.1804,567.6,567.6,422094.0,567.664672931622
2025-03-07 11:29:03.585283-05:00,567.84,568.1393,567.42,567.42,95275.0,567.6405101485173
2025-03-07 11:29:35.463819-05:00,567.42,568.2705,567.37,567.61,91803.0,567.5790296798574
2025-03-07 11:30:10.720804-05:00,567.61,567.9406,567.52,567.7799,82738.0,567.6702806775608
2025-03-07 11:30:47.795716-05:00,567.78,568.187,567.5238,567.81,81607.0,567.7736360079407
2025-03-07 11:31:14.350803-05:00,567.79,567.8,567.34,567.58,81247.0,567.4920443634837
2025-03-07 11:31:47.209037-05:00,567.54,568.1,567.5107,567.88,79494.0,567.8622586497089
2025-03-07 11:32:28.563533-05:00,567.88,567.945,567.5,567.7006,76587.0,567.7351368966007
2025-03-07 11:33:08.589194-05:00,567.7,567.87,567.5,567.7593,83536.0,567.6726308717199
2025-03-07 11:33:39.920167-05:00,567.74,568.05,567.66,567.95,81977.0,567.878941912975
2025-03-07 11:34:24.681679-05:00,567.945,567.97,567.58,567.905,66428.0,567.7998505705425
2025-03-07 11:35:06.877316-05:00,567.905,567.95,567.53,567.53,75802.0,567.6397062122376
2025-03-07 11:35:55.315089-05:00,567.53,567.7699,567.5,567.58,61512.0,567.624369994473
2025-03-07 11:36:30.017180-05:00,567.58,567.7599,567.32,567.4249,64288.0,567.524026513501
2025-03-07 11:36:58.008309-05:00,567.435,567.7083,567.22,567.37,124353.0,567.3363917806562
2025-03-07 11:37:21.920230-05:00,567.37,567.6835,567.17,567.205,85725.0,567.2762908264802
2025-03-07 11:37:55.047026-05:00,567.2,567.6818,567.0603,567.14,145413.0,567.3310149573967
2025-03-07 11:38:39.042045-05:00,567.1313,567.4998,567.0,567.11,62941.0,567.1431620120426
2025-03-07 11:39:13.332209-05:00,567.1,567.5506,567.0592,567.24,69421.0,567.2196175508853
2025-03-07 11:39:29.076973-05:00,567.24,567.3422,567.0,567.0,56387.0,567.1665731125968
2025-03-07 11:39:39.364233-05:00,567.0,567.2948,566.93,567.2,99127.0,566.9967169086124
2025-03-07 11:40:04.919714-05:00,567.2,567.2817,567.08,567.16,121417.0,567.2083767932002
2025-03-07 11:40:25.195419-05:00,567.165,567.4432,566.88,566.92,86255.0,566.9815297350875
2025-03-07 11:40:59.780435-05:00,566.92,567.4014,566.86,566.995,95950.0,566.9922791370512
2025-03-07 11:41:10.115889-05:00,566.99,567.02,566.66,566.71,80964.0,566.7997281075541
2025-03-07 11:41:30.859554-05:00,566.71,567.3489,566.45,566.58,86041.0,566.5990291791122
2025-03-07 11:42:06.272111-05:00,566.58,567.0655,566.42,566.47,80686.0,566.5648877525223
2025-03-07 11:42:35.380161-05:00,566.47,567.2113,566.46,566.9793,78104.0,566.8117181399152
2025-03-07 11:43:02.913540-05:00,566.97,566.97,566.36,566.38,75961.0,566.664982173747
2025-03-07 11:43:31.677216-05:00,566.38,566.9249,566.32,566.4651,75163.0,566.4585125540499
2025-03-07 11:44:05.848064-05:00,566.4693,566.97,566.41,566.97,85128.0,566.5743707005926
2025-03-07 11:44:29.117366-05:00,566.96,567.1599,566.668,566.96,101384.0,566.9660983005211
2025-03-07 11:44:51.142865-05:00,566.96,567.17,566.7209,567.12,128017.0,567.0602387831301
2025-03-07 11:45:21.831353-05:00,567.12,567.3,566.8005,567.3,77577.0,567.1379839604517
2025-03-07 11:45:50.685357-05:00,567.28,567.29,566.8035,567.01,93917.0,567.0496681740266
2025-03-07 11:46:24.263972-05:00,567.01,567.04,566.77,566.88,74176.0,566.9344344666735
2025-03-07 11:46:47.917373-05:00,566.88,567.35,566.8122,567.32,91742.0,567.1828814065533
2025-03-07 11:47:14.281746-05:00,567.32,567.33,566.68,566.68,83619.0,567.0537099941403
2025-03-07 11:47:49.046255-05:00,566.68,567.0718,566.59,566.88,75275.0,566.7784811650611
2025-03-07 11:48:23.113442-05:00,566.89,566.94,566.65,566.65,96409.0,566.8051974556319
2025-03-07 11:48:55.162231-05:00,566.65,567.0018,566.335,566.365,89142.0,566.4536296717598
2025-03-07 11:49:15.593497-05:00,566.37,566.8781,566.2,566.4,96598.0,566.2926774601964
2025-03-07 11:49:45.605507-05:00,566.4,566.8774,566.3,566.52,99887.0,566.5045485838998
2025-03-07 11:50:16.538883-05:00,566.52,566.8201,566.33,566.33,81622.0,566.5628060547411
2025-03-07 11:50:37.803558-05:00,566.33,566.7094,566.11,566.24,75417.0,566.2411465200154
2025-03-07 11:51:04.628791-05:00,566.23,566.6737,566.18,566.57,84042.0,566.3708574510363
2025-03-07 11:51:39.265186-05:00,566.57,566.7243,566.3,566.42,70224.0,566.4881484748794
2025-03-07 11:52:19.954910-05:00,566.42,566.58,566.22,566.24,53552.0,566.4371676800122
2025-03-07 11:52:23.104592-05:00,566.22,566.24,565.97,566.0,75602.0,566.1154063437482
2025-03-07 11:52:38.361795-05:00,565.96,566.2235,565.88,565.95,77831.0,565.978276698231
2025-03-07 11:52:56.445790-05:00,565.95,566.3909,565.775,565.89,81173.0,565.936674167518
2025-03-07 11:53:28.947641-05:00,565.905,566.6276,565.75,565.83,86165.0,565.956050586665
2025-03-07 11:53:57.915789-05:00,565.84,566.2675,565.68,565.68,91258.0,565.7844899592369
2025-03-07 11:54:24.751366-05:00,565.68,566.1832,565.63,566.04,106902.0,565.9885094469702
2025-03-07 11:54:56.996137-05:00,566.055,566.4668,565.9162,566.34,91455.0,566.0817336318399
2025-03-07 11:55:14.468083-05:00,566.35,566.44,565.9579,566.17,104674.0,566.3371563721654
2025-03-07 11:55:43.467164-05:00,566.175,566.5,566.0701,566.47,82233.0,566.3162793586516
2025-03-07 11:56:03.680665-05:00,566.47,566.73,566.1464,566.6,86798.0,566.5829634231209
2025-03-07 11:56:24.024600-05:00,566.6,566.91,566.1429,566.76,90013.0,566.7783549198446
2025-03-07 11:56:52.776820-05:00,566.77,566.97,566.1978,566.94,73418.0,566.7462068253013
2025-03-07 11:57:19.728933-05:00,566.95,566.98,566.2342,566.79,84264.0,566.8110356605432
2025-03-07 11:57:47.091200-05:00,566.79,566.88,566.2961,566.8,71532.0,566.7171824218534
2025-03-07 11:58:14.993345-05:00,566.786,567.0,566.3499,566.91,91512.0,566.906846035492
2025-03-07 11:58:50.467612-05:00,566.9092,566.99,566.4274,566.83,57219.0,566.8934948006774
2025-03-07 11:59:20.267287-05:00,566.86,566.9,566.3738,566.82,68570.0,566.7558461499199
2025-03-07 11:59:47.650595-05:00,566.82,567.19,566.6559,567.13,85779.0,567.0003957530396
2025-03-07 12:00:18.018440-05:00,567.13,567.28,566.4098,567.27,85226.0,567.1989333489782
2025-03-07 12:00:38.326472-05:00,567.27,567.57,566.8877,567.57,117878.0,567.4276149510515
2025-03-07 12:00:58.858048-05:00,567.57,567.91,566.9349,567.7209,80545.0,567.7307777341853
2025-03-07 12:01:24.571907-05:00,567.74,567.76,566.5975,567.63,92581.0,567.4217744699234
2025-03-07 12:01:53.793444-05:00,567.6393,567.77,567.1145,567.565,81823.0,567.6547996834632
2025-03-07 12:02:36.360545-05:00,567.57,567.81,567.1801,567.81,69564.0,567.6597797093324
2025-03-07 12:03:03.587837-05:00,567.81,567.95,567.2908,567.74,86147.0,567.8317493006139
2025-03-07 12:03:24.697933-05:00,567.72,568.28,567.3892,568.28,110229.0,568.1162066225767
2025-03-07 12:03:48.429532-05:00,568.28,568.4,567.5077,568.35,92530.0,568.3143583983565
2025-03-07 12:04:09.850170-05:00,568.34,568.6695,567.6081,568.48,102434.0,568.4060532899236
2025-03-07 12:04:32.012911-05:00,568.48,568.59,567.1535,568.54,99441.0,568.4483420118468
2025-03-07 12:04:47.649249-05:00,568.56,568.6,567.82,567.94,94810.0,568.2338077460181
2025-03-07 12:04:58.863305-05:00,567.94,568.2515,567.3402,567.48,105573.0,567.5376202826484
2025-03-07 12:05:17.354277-05:00,567.47,568.1373,567.34,567.92,94466.0,567.7146899805217
2025-03-07 12:05:46.874094-05:00,567.9211,568.0825,567.47,567.49,79906.0,567.6957946749932
2025-03-07 12:06:17.515579-05:00,567.505,567.9312,567.185,567.33,79963.0,567.3517049435358
2025-03-07 12:06:52.316365-05:00,567.33,567.9303,566.68,566.74,94454.0,566.8979685063628
2025-03-07 12:07:28.159016-05:00,566.74,567.816,566.5,567.1,87209.0,566.7349717850213
2025-03-07 12:08:07.809158-05:00,567.1,567.7786,566.802,567.01,89751.0,567.018150074094
2025-03-07 12:08:47.038171-05:00,567.0,567.7093,566.7352,566.8082,107146.0,567.0254776211892
2025-03-07 12:09:18.896001-05:00,566.81,567.5532,566.345,566.37,100426.0,566.5212457311856
2025-03-07 12:10:01.545517-05:00,566.37,567.5616,566.13,566.53,97437.0,566.3847821967016
2025-03-07 12:10:39.968771-05:00,566.53,566.9359,566.31,566.38,70927.0,566.5023066110228
2025-03-07 12:11:18.042994-05:00,566.36,567.4614,566.34,566.35,64876.0,566.5945755102039
2025-03-07 12:11:52.088901-05:00,566.34,567.4246,566.0,566.015,68293.0,566.2063721186652
2025-03-07 12:12:25.738389-05:00,566.0187,566.6397,565.86,566.08,102599.0,566.1075842912695
2025-03-07 12:13:07.500696-05:00,566.08,566.5563,566.0,566.0,83674.0,566.1286834321294
2025-03-07 12:13:29.815222-05:00,566.0,566.4042,565.93,566.26,94874.0,566.1044810928183
2025-03-07 12:14:00.310323-05:00,566.26,567.0173,566.2393,566.55,73245.0,566.4125318410814
2025-03-07 12:14:28.980991-05:00,566.55,566.92,566.3108,566.84,69920.0,566.7361944693941
2025-03-07 12:14:51.098723-05:00,566.85,567.15,566.4092,567.0193,103820.0,566.9674854132161
2025-03-07 12:15:22.101965-05:00,567.01,567.12,566.4204,566.95,109778.0,567.0379969502078
2025-03-07 12:16:06.207470-05:00,566.95,567.02,566.4887,566.97,79069.0,566.768258899189
2025-03-07 12:17:01.633315-05:00,566.97,566.9899,566.275,566.3299,64782.0,566.6235899725224
2025-03-07 12:17:45.332022-05:00,566.32,566.7317,566.22,566.26,80706.0,566.42011207593
2025-03-07 12:18:09.027078-05:00,566.26,566.6163,565.88,566.22,109431.0,566.0213282972825
2025-03-07 12:19:00.254559-05:00,566.22,566.6183,565.9601,565.9601,67962.0,566.1482108325239
2025-03-07 12:19:39.185810-05:00,565.9787,566.5862,565.8,566.02,65214.0,565.9743047551143
2025-03-07 12:20:15.043738-05:00,566.02,566.4476,565.96,566.23,75691.0,566.1095338045474
2025-03-07 12:20:50.464418-05:00,566.23,566.49,566.0872,566.33,88820.0,566.3516844021619
2025-03-07 12:21:32.676987-05:00,566.325,566.48,566.09,566.345,80005.0,566.28894270733
2025-03-07 12:22:09.085264-05:00,566.345,566.69,566.1994,566.69,86469.0,566.4874983589494
2025-03-07 12:22:40.511670-05:00,566.69,567.0,566.2891,567.0,90993.0,566.8751841020722
2025-03-07 12:23:10.217847-05:00,567.0,567.3,566.3413,567.2475,90300.0,567.09732256257
2025-03-07 12:23:42.174729-05:00,567.24,567.65,566.4994,567.2,71744.0,567.4213419282437
2025-03-07 12:24:17.740917-05:00,567.2,567.44,566.5707,567.33,92488.0,567.1550337384302
2025-03-07 12:25:08.381751-05:00,567.33,567.615,566.6219,567.5,74863.0,567.4540485112814
2025-03-07 12:25:43.887502-05:00,567.5,567.92,566.6317,567.89,72681.0,567.5936350462971
2025-03-07 12:26:12.246765-05:00,567.89,568.05,566.99,567.94,81026.0,567.8836910979194
2025-03-07 12:26:55.125118-05:00,567.94,568.0,566.7594,567.485,62186.0,567.7239263580225
2025-03-07 12:27:35.555736-05:00,567.5,567.94,567.46,567.88,75274.0,567.747206556049
2025-03-07 12:28:16.908964-05:00,567.88,568.1,567.004,567.71,66672.0,567.9851763063957
2025-03-07 12:29:11.701155-05:00,567.7,567.92,567.0255,567.895,74652.0,567.8136782859144
2025-03-07 12:29:47.638207-05:00,567.895,568.08,567.1482,568.02,81288.0,567.9184959698848
2025-03-07 12:30:02.918671-05:00,568.01,568.09,567.49,567.52,75066.0,567.6641979338181
2025-03-07 12:30:21.420999-05:00,567.52,568.06,567.52,568.04,86341.0,567.7264201480183
2025-03-07 12:30:53.195719-05:00,568.04,568.1,567.7705,567.87,72379.0,567.9715747302394
2025-03-07 12:31:33.660038-05:00,567.87,567.9699,567.5133,567.7,61205.0,567.8070270223025
2025-03-07 12:32:03.720171-05:00,567.65,567.8137,567.44,567.62,79497.0,567.5458876121102
2025-03-07 12:32:34.586106-05:00,567.62,568.22,567.55,568.2,82250.0,567.9077102273556
2025-03-07 12:32:49.871035-05:00,568.21,568.4,567.8393,568.27,133516.0,568.2930389548814
2025-03-07 12:33:19.568725-05:00,568.28,568.59,567.8934,568.59,86363.0,568.3857735222268
2025-03-07 12:33:35.191922-05:00,568.57,568.88,567.9473,568.74,85883.0,568.6482277796539
2025-03-07 12:33:49.756516-05:00,568.8,569.11,568.6002,569.1,94012.0,568.8672191390464
2025-03-07 12:34:07.986957-05:00,569.09,569.325,568.0181,569.32,110971.0,569.2347278919713
2025-03-07 12:34:30.813766-05:00,569.32,569.56,568.2899,569.5,112939.0,569.3937004843323
2025-03-07 12:34:52.251482-05:00,569.5,569.55,568.3647,569.41,117018.0,569.4432436736232
2025-03-07 12:35:16.473463-05:00,569.41,569.48,568.9251,569.04,95230.0,569.2257747936574
2025-03-07 12:35:43.528278-05:00,569.0399,569.2,568.69,568.89,128877.0,568.9013259200633
2025-03-07 12:36:23.967566-05:00,568.89,569.14,568.7231,569.06,96712.0,569.0035099780788
2025-03-07 12:37:01.452826-05:00,569.06,569.59,568.4558,569.52,102230.0,569.2759849809249
2025-03-07 12:37:35.579680-05:00,569.51,569.77,568.5595,569.7388,92436.0,569.642204297028
2025-03-07 12:37:59.939981-05:00,569.7388,570.06,569.0634,569.9,132065.0,569.8407421004804
2025-03-07 12:38:06.018232-05:00,569.93,570.2,569.6191,569.92,98718.0,570.0375617273446
2025-03-07 12:38:35.292540-05:00,569.91,570.11,569.3975,570.11,86131.0,569.9574504858887
2025-03-07 12:38:58.905949-05:00,570.11,570.39,569.4403,570.155,88072.0,570.2362661856208
2025-03-07 12:39:28.929425-05:00,570.1427,570.28,568.9554,569.8,98188.0,570.1189372102492
2025-03-07 12:40:00.812745-05:00,569.805,570.1786,568.9819,569.47,99108.0,569.7041016729225
2025-03-07 12:40:40.625221-05:00,569.47,569.9871,569.1194,569.685,81737.0,569.5765092381658
2025-03-07 12:41:16.410983-05:00,569.7,570.05,569.59,569.89,84163.0,569.8843662452616
2025-03-07 12:41:48.369514-05:00,569.8899,569.91,569.5,569.75,134130.0,569.6315274069937
2025-03-07 12:42:16.149494-05:00,569.77,570.2488,569.71,570.06,85506.0,570.0203068053706
2025-03-07 12:42:56.444297-05:00,570.065,570.32,569.8601,570.31,99741.0,570.1375603372738
2025-03-07 12:43:17.151439-05:00,570.31,570.64,569.5807,570.6,113864.0,570.3697064296001
2025-03-07 12:43:27.574456-05:00,570.62,570.94,570.0125,570.85,104454.0,570.7504690399596
2025-03-07 12:44:06.377616-05:00,570.83,570.95,570.0455,570.9,80715.0,570.7382819773277
2025-03-07 12:44:35.932177-05:00,570.9,571.31,570.132,571.26,100907.0,571.1551309661372
2025-03-07 12:45:07.621738-05:00,571.29,571.4,570.3403,571.39,100932.0,571.2180568739343
2025-03-07 12:45:42.152681-05:00,571.41,571.6,570.423,571.5,100831.0,571.4446986512083
2025-03-07 12:45:52.785522-05:00,571.5,572.11,570.68,572.1,99802.0,571.9329596621304
2025-03-07 12:46:17.328508-05:00,572.11,572.31,570.3487,571.95,101259.0,572.0976817675462
2025-03-07 12:46:32.084002-05:00,571.95,571.98,571.53,571.64,147193.0,571.7430555440818
2025-03-07 12:46:55.568418-05:00,571.63,572.09,570.5365,571.99,81052.0,571.7563474189413
2025-03-07 12:47:37.390786-05:00,571.99,572.08,570.6625,571.41,92506.0,571.7239845058708
2025-03-07 12:48:05.637298-05:00,571.42,571.8394,570.7024,571.23,91564.0,571.3076343879694
2025-03-07 12:48:35.441234-05:00,571.28,571.5156,571.03,571.41,108775.0,571.2396326996096
2025-03-07 12:49:16.017311-05:00,571.42,571.58,570.8897,571.27,79794.0,571.3839474509357
2025-03-07 12:50:01.011326-05:00,571.2373,571.584,570.9235,571.385,115225.0,571.351041646344
2025-03-07 12:50:41.088695-05:00,571.39,571.92,571.0431,571.52,88475.0,571.5338182085331
2025-03-07 12:51:43.156426-05:00,571.52,571.78,571.18,571.38,99921.0,571.5228425235938
2025-03-07 12:52:25.427624-05:00,571.38,571.87,571.38,571.87,71832.0,571.7007395895978
2025-03-07 12:52:51.437704-05:00,571.88,572.25,571.429,572.2036,128966.0,572.0991770846581
2025-03-07 12:53:24.340385-05:00,572.19,572.43,571.6098,572.4061,110831.0,572.1764757252025
2025-03-07 12:53:42.431861-05:00,572.41,572.72,571.8224,572.54,108784.0,572.5661732138916
2025-03-07 12:54:14.650342-05:00,572.52,572.65,571.9267,572.355,131626.0,572.4757350037228
2025-03-07 12:54:45.710247-05:00,572.355,572.78,572.0217,572.7699,133553.0,572.5608364709142
2025-03-07 12:55:06.897468-05:00,572.77,572.97,572.2221,572.79,94028.0,572.8474785574512
2025-03-07 12:55:38.724514-05:00,572.795,573.08,571.945,572.68,99965.0,572.9105981703591
2025-03-07 12:55:56.527331-05:00,572.69,572.8803,572.34,572.4,121480.0,572.4937029906157
2025-03-07 12:56:35.190995-05:00,572.38,572.77,572.0254,572.44,120384.0,572.4948927656495
2025-03-07 12:56:48.738585-05:00,572.42,572.5546,571.76,571.785,106189.0,572.0351387008071
2025-03-07 12:57:17.055584-05:00,571.785,572.4039,571.53,571.54,108113.0,571.8228739319046
2025-03-07 12:57:36.090214-05:00,571.54,572.0006,571.245,571.26,94798.0,571.4849176185152
2025-03-07 12:58:06.535217-05:00,571.26,572.3465,571.125,571.31,130363.0,571.2953552457374
2025-03-07 12:58:24.795139-05:00,571.32,572.2655,570.45,570.53,106817.0,570.9108180027517
2025-03-07 12:58:42.403517-05:00,570.53,572.0424,569.92,570.13,105288.0,570.2488556350199
2025-03-07 12:59:02.051907-05:00,570.14,571.8301,569.64,569.71,110277.0,569.8849997587888
2025-03-07 12:59:30.464502-05:00,569.71,571.7825,569.7,570.38,85791.0,570.0788401802051
2025-03-07 13:00:07.057702-05:00,570.39,571.7509,570.0828,570.28,87863.0,570.3841486165968
2025-03-07 13:00:56.131813-05:00,570.3006,571.7373,570.13,570.39,84663.0,570.4743340656487
2025-03-07 13:01:34.637163-05:00,570.39,571.6793,570.33,571.01,86658.0,570.7746084158405
2025-03-07 13:02:15.140914-05:00,571.01,571.2,570.52,571.17,77519.0,570.8999932519775
2025-03-07 13:02:56.028622-05:00,571.17,571.53,570.3812,571.3388,88915.0,571.2655252769497
2025-03-07 13:03:44.785373-05:00,571.34,572.0696,570.5937,572.0,79818.0,571.6925066100376
2025-03-07 13:04:22.109758-05:00,571.99,572.71,570.7017,572.71,87469.0,572.2808602899314
2025-03-07 13:04:59.266755-05:00,572.71,572.93,571.2477,572.8499,119774.0,572.780238730442
2025-03-07 13:05:24.087959-05:00,572.3278,573.37,571.4692,573.32,105155.0,573.0834740155009
2025-03-07 13:05:39.176481-05:00,573.32,573.81,572.0047,573.73,123048.0,573.601460373187
2025-03-07 13:05:58.039015-05:00,573.73,574.0,571.5818,574.0,112289.0,573.7135272751553
2025-03-07 13:06:17.569157-05:00,574.0,574.12,572.66,572.66,117625.0,573.8385338873535
2025-03-07 13:06:48.751033-05:00,573.37,573.54,571.7855,573.52,111481.0,573.2535872462571
2025-03-07 13:07:23.666930-05:00,573.52,573.78,572.8824,573.43,95208.0,573.5663766700278
2025-03-07 13:08:05.119689-05:00,573.43,573.75,573.16,573.35,74518.0,573.4763904506297
2025-03-07 13:08:43.338573-05:00,573.38,573.84,572.1447,573.75,111744.0,573.553708446091
2025-03-07 13:09:15.299236-05:00,573.75,573.95,572.4933,573.47,128806.0,573.631216088536
2025-03-07 13:09:38.418735-05:00,573.45,573.49,572.6538,572.8,120951.0,573.0480927185392
2025-03-07 13:10:09.282778-05:00,572.8,573.4469,572.5,572.65,95199.0,572.7499413050554
2025-03-07 13:10:56.247326-05:00,572.68,573.4377,572.65,573.21,90093.0,573.0591976046983
2025-03-07 13:11:24.143245-05:00,573.23,573.3189,572.11,572.2466,83395.0,572.5837799412435
2025-03-07 13:11:47.671692-05:00,572.252,573.1256,571.8,572.23,113037.0,572.1158321620358
2025-03-07 13:12:27.538085-05:00,572.2793,573.0917,572.26,572.77,86136.0,572.6222190384966
2025-03-07 13:13:21.188121-05:00,572.78,573.22,572.5066,573.06,72608.0,573.005545514268
2025-03-07 13:13:45.192380-05:00,573.03,573.43,572.5141,573.05,81879.0,573.2339202835886
2025-03-07 13:14:29.263451-05:00,573.25,573.5,572.8657,573.5,98519.0,573.3048372841787
2025-03-07 13:15:26.158679-05:00,573.48,573.56,572.8334,573.4499,84635.0,573.4349863519822
2025-03-07 13:16:26.296248-05:00,573.444,573.65,572.8903,573.575,73043.0,573.3798536752337
2025-03-07 13:17:35.764799-05:00,573.56,573.65,573.16,573.42,78227.0,573.4275558247153
2025-03-07 13:18:17.464212-05:00,573.4285,573.7,573.08,573.7,97725.0,573.4107949664871
2025-03-07 13:19:13.922649-05:00,573.7,573.7,573.0877,573.33,86370.0,573.4328656964226
2025-03-07 13:20:03.326808-05:00,573.33,573.77,573.0555,573.75,77429.0,573.5078460124762
2025-03-07 13:20:38.044045-05:00,573.75,574.04,573.1331,574.04,106001.0,573.89698770955
2025-03-07 13:20:58.703769-05:00,574.02,574.29,573.2091,574.19,115403.0,574.1208472656691
2025-03-07 13:21:29.306624-05:00,574.19,574.25,573.3044,573.53,129564.0,573.8171453042515
2025-03-07 13:22:11.153228-05:00,573.53,573.938,573.1,573.12,90770.0,573.4202828996367
2025-03-07 13:22:58.966928-05:00,573.12,573.8252,573.07,573.44,114692.0,573.2290831644752
2025-03-07 13:23:58.587895-05:00,573.46,573.6469,572.95,573.05,89678.0,573.2025227558596
2025-03-07 13:24:30.321447-05:00,573.05,573.6162,572.43,572.63,95460.0,572.8432818478936
2025-03-07 13:25:15.260059-05:00,572.655,573.4993,572.45,572.7,107692.0,572.644438860825
2025-03-07 13:26:03.755131-05:00,572.6988,573.4142,572.29,572.39,95054.0,572.6217182622507
2025-03-07 13:26:56.683865-05:00,572.39,573.3602,572.11,572.54,93216.0,572.4173256168467
2025-03-07 13:28:02.505053-05:00,572.54,572.92,572.44,572.88,83731.0,572.6609505750562
2025-03-07 13:29:07.286163-05:00,572.87,573.03,572.5754,572.8,94332.0,572.7638125439938
2025-03-07 13:30:15.998579-05:00,572.78,573.1996,572.2799,572.4,53110.0,572.5443763095457
2025-03-07 13:31:21.015466-05:00,572.4,573.134,572.34,572.4,55809.0,572.6945150370012
2025-03-07 13:32:27.618988-05:00,572.8711,572.9048,572.27,572.81,109117.0,572.5198801479143
2025-03-07 13:33:27.130470-05:00,572.81,573.235,572.605,572.67,60553.0,572.9244623255664
2025-03-07 13:34:36.442765-05:00,572.67,573.1,572.4701,572.99,69415.0,572.8631197608582
2025-03-07 13:35:54.122891-05:00,572.99,573.08,567.6818,572.95,102881.0,570.1085785480315
2025-03-07 13:36:45.540034-05:00,572.95,573.2325,572.6983,573.0246,71853.0,573.1036548564427
2025-03-07 13:37:26.226210-05:00,573.22,573.75,572.8597,573.74,70387.0,573.482285238752
2025-03-07 13:37:51.960131-05:00,573.74,574.23,573.1942,574.14,105096.0,573.9490958866178
2025-03-07 13:38:22.341187-05:00,574.13,574.36,573.3151,573.9699,96560.0,574.1795005809854
2025-03-07 13:38:59.024832-05:00,573.965,574.4,573.3094,574.38,103304.0,574.0180607536988
2025-03-07 13:39:16.653950-05:00,574.38,574.57,573.4866,574.468,106840.0,574.4687931364655
2025-03-07 13:39:49.703051-05:00,574.495,574.68,573.89,574.58,90734.0,574.4871570326458
2025-03-07 13:40:19.965870-05:00,574.6,574.82,573.972,574.73,78130.0,574.6614441930122
2025-03-07 13:41:06.948473-05:00,574.72,578.98,574.1225,574.6695,70062.0,574.6772143815465
2025-03-07 13:41:34.826130-05:00,574.665,574.95,573.8553,574.9,82418.0,574.6644138537694
2025-03-07 13:42:20.770984-05:00,574.9,574.92,573.9965,574.65,92016.0,574.6008493881499
2025-03-07 13:42:51.950418-05:00,574.6646,574.6646,574.0346,574.08,108736.0,574.2717105631989
2025-03-07 13:43:37.359038-05:00,574.08,574.46,574.0682,574.185,92195.0,574.2019152318459
2025-03-07 13:44:10.829065-05:00,574.2,574.4753,573.47,573.71,104614.0,573.6895293574478
2025-03-07 13:44:55.043262-05:00,573.72,574.332,573.72,574.25,84723.0,574.0048859436043
2025-03-07 13:45:48.316471-05:00,574.25,574.38,573.9331,574.2,72183.0,574.2194711538726
2025-03-07 13:46:34.103812-05:00,574.2,574.44,574.12,574.39,184008.0,574.3366564720011
2025-03-07 13:47:37.044031-05:00,574.39,574.5,574.0517,574.5,65656.0,574.3294747304121
2025-03-07 13:48:00.371264-05:00,574.5,574.94,574.0998,574.94,86175.0,574.6726401763851
2025-03-07 13:48:34.871604-05:00,574.94,574.99,574.2252,574.7,92789.0,574.7633616409275
2025-03-07 13:49:32.007603-05:00,574.71,574.91,574.2701,574.58,88651.0,574.6744057010077
2025-03-07 13:50:17.412610-05:00,574.58,574.64,574.21,574.35,94340.0,574.3919160313766
2025-03-07 13:51:13.509496-05:00,574.35,574.74,574.15,574.69,61906.0,574.4118354892909
2025-03-07 13:52:09.157180-05:00,574.69,575.0,574.36,574.98,90172.0,574.6912804240785
2025-03-07 13:52:56.193189-05:00,574.99,575.11,574.3741,574.78,90501.0,574.8847856476714
2025-03-07 13:53:41.782173-05:00,574.77,575.0699,574.4294,575.0,101528.0,574.9126242021906
2025-03-07 13:54:06.930944-05:00,575.0,575.25,574.58,575.16,102804.0,575.1282038763079
2025-03-07 13:55:09.037550-05:00,575.16,575.3,568.1599,575.1,86310.0,574.9167332105199
2025-03-07 13:56:04.309651-05:00,575.11,575.27,574.83,575.0,76135.0,575.0991903158856
2025-03-07 13:56:40.854299-05:00,575.01,575.29,574.7974,575.1,85486.0,575.160576880424
2025-03-07 13:57:23.117666-05:00,575.1,575.14,574.55,574.76,87951.0,574.7693342304246
2025-03-07 13:58:20.042123-05:00,574.77,575.24,574.65,575.24,66763.0,574.9891692000053
2025-03-07 13:59:43.196939-05:00,575.25,575.3,574.8616,575.2,61325.0,575.2036180448434
2025-03-07 14:00:39.212017-05:00,575.2,575.35,574.9571,575.35,59839.0,575.1934143802541
2025-03-07 14:01:04.257931-05:00,575.35,575.53,575.0872,575.43,101564.0,575.4673145238472
2025-03-07 14:01:37.797963-05:00,575.43,575.8,575.1436,575.77,105746.0,575.6556684612184
2025-03-07 14:02:16.620625-05:00,575.78,575.96,575.2613,575.84,120392.0,575.840222478237
2025-03-07 14:02:50.561385-05:00,575.845,576.04,575.52,576.02,101360.0,575.8686037973564
2025-03-07 14:03:23.902578-05:00,576.02,576.2,575.3474,575.71,84109.0,576.0221374597247
2025-03-07 14:04:04.575816-05:00,575.71,575.83,575.3859,575.504,107639.0,575.6618766543719
2025-03-07 14:04:21.105693-05:00,575.51,575.7266,575.29,575.44,101268.0,575.4890906584509
2025-03-07 14:04:44.166653-05:00,575.44,575.7554,575.3138,575.72,117242.0,575.6514248895446
2025-03-07 14:05:23.105218-05:00,575.73,575.78,575.44,575.5424,95698.0,575.6013688143951
2025-03-07 14:06:05.681853-05:00,575.55,575.7041,575.04,575.09,104095.0,575.3947762899273
2025-03-07 14:06:26.051481-05:00,575.09,575.6824,574.95,575.16,124544.0,575.0824641845452
2025-03-07 14:07:06.225976-05:00,575.16,575.6126,574.61,574.6375,97272.0,574.8054140153383
2025-03-07 14:07:58.803157-05:00,574.6993,575.5004,574.2103,574.29,80766.0,574.562627444717
2025-03-07 14:08:47.935282-05:00,574.29,575.3969,574.21,574.62,74112.0,574.4722516798889
2025-03-07 14:09:25.372092-05:00,574.67,575.1958,574.18,574.299,75753.0,574.5288126529637
2025-03-07 14:10:04.195563-05:00,574.29,575.3647,574.12,574.28,125216.0,574.241216402057
2025-03-07 14:11:00.510260-05:00,574.27,574.7303,574.27,574.68,71869.0,574.4919565793311
2025-03-07 14:11:43.353368-05:00,574.6314,575.2228,574.5677,574.89,115889.0,574.8219659890069
2025-03-07 14:12:49.382817-05:00,574.89,575.085,574.5268,574.87,83145.0,574.7957280449812
2025-03-07 14:13:26.404125-05:00,574.8502,575.36,574.55,575.34,101475.0,575.0530470726778
2025-03-07 14:14:30.631480-05:00,575.3493,575.37,574.6795,574.82,94468.0,575.062192771097
2025-03-07 14:15:48.838258-05:00,574.82,575.22,574.73,575.145,63015.0,575.0045121859879
2025-03-07 14:16:35.353318-05:00,575.13,575.51,574.7503,575.405,81627.0,575.33656860475
2025-03-07 14:17:20.731445-05:00,575.41,575.7401,574.7579,575.53,69144.0,575.6109269596782
2025-03-07 14:18:24.361796-05:00,575.51,575.5958,574.8376,575.44,87788.0,575.3651807536346
2025-03-07 14:19:14.790542-05:00,575.4388,575.83,575.27,575.78,81005.0,575.6175836664403
2025-03-07 14:20:02.616402-05:00,575.795,576.01,575.0776,576.0,97504.0,575.881586081597
2025-03-07 14:20:34.020829-05:00,576.0,576.31,575.55,576.215,109296.0,576.1492858860338
2025-03-07 14:21:21.007960-05:00,576.215,576.37,575.687,576.13,88871.0,576.2261570928645
2025-03-07 14:22:20.439261-05:00,576.13,576.44,575.4718,576.43,79254.0,576.2561130189011
2025-03-07 14:22:47.171635-05:00,576.43,576.74,575.6385,576.71,96331.0,576.5843666047275
2025-03-07 14:23:05.452344-05:00,576.71,577.14,576.0767,577.12,139723.0,576.9865401744878
2025-03-07 14:23:30.050265-05:00,577.125,577.24,576.37,577.18,127709.0,577.111998379127
2025-03-07 14:23:59.537913-05:00,577.18,577.31,576.63,577.21,112942.0,577.197216548317
2025-03-07 14:24:35.686295-05:00,577.21,577.22,576.282,577.08,126611.0,577.0277069914936
2025-03-07 14:25:11.871414-05:00,577.09,577.249,576.7205,577.11,107567.0,577.0922108629969
2025-03-07 14:25:23.981167-05:00,577.11,577.23,577.04,577.04,187525.0,577.1152866812423
2025-03-07 14:25:49.444947-05:00,577.04,577.0935,576.68,576.72,136288.0,576.845273459879
2025-03-07 14:26:10.957532-05:00,576.72,576.9979,576.5738,576.59,124096.0,576.6947067246322
2025-03-07 14:26:46.255601-05:00,576.59,576.9214,575.88,575.99,97274.0,576.227852716039
2025-03-07 14:27:21.596224-05:00,575.99,576.8547,575.88,576.15,122848.0,576.0375168150888
2025-03-07 14:28:00.870735-05:00,576.15,576.8387,576.0622,576.52,86432.0,576.2849940565993
2025-03-07 14:28:45.488075-05:00,576.52,576.8097,576.02,576.17,76381.0,576.2504293895078
2025-03-07 14:29:39.394626-05:00,576.17,576.77,576.08,576.75,77041.0,576.4078918536885
2025-03-07 14:30:33.544771-05:00,576.75,576.79,576.3479,576.72,80907.0,576.533614643974
2025-03-07 14:31:29.640784-05:00,576.7299,576.97,576.3068,576.64,72912.0,576.7603452326109
2025-03-07 14:32:34.477203-05:00,576.64,577.17,576.3297,577.07,65732.0,576.8646807004199
2025-03-07 14:33:20.580078-05:00,577.0893,577.1,576.5277,576.785,109994.0,576.857229552521
2025-03-07 14:34:03.760674-05:00,576.88,576.89,576.37,576.43,95036.0,576.5414122742961
2025-03-07 14:34:50.943849-05:00,576.43,576.685,576.22,576.49,85578.0,576.3704700577252
2025-03-07 14:36:00.150102-05:00,576.49,576.72,576.38,576.5,67100.0,576.5705668479881
2025-03-07 14:36:30.305419-05:00,576.5,576.6583,575.77,575.77,104862.0,576.049230605939
2025-03-07 14:37:02.129111-05:00,575.77,580.2,575.62,576.25,135326.0,575.9152518333503
2025-03-07 14:37:45.464585-05:00,576.25,576.5393,575.9658,576.5,92017.0,576.4137826836344
2025-03-07 14:38:31.925795-05:00,576.5,576.9,576.2933,576.86,85104.0,576.6376415620895
2025-03-07 14:39:08.831112-05:00,576.88,577.0884,576.3595,576.99,115752.0,576.983747111065
2025-03-07 14:39:59.912322-05:00,576.99,577.05,576.416,576.71,99597.0,576.7138530768996
2025-03-07 14:41:02.227560-05:00,576.71,576.83,576.42,576.75,69904.0,576.6857198887044
2025-03-07 14:41:51.766322-05:00,576.75,576.8488,576.4553,576.67,95427.0,576.6864671591899
2025-03-07 14:42:40.499589-05:00,576.66,576.9096,576.34,576.43,94238.0,576.5796402714404
2025-03-07 14:43:23.071325-05:00,576.41,576.7201,576.05,576.27,115208.0,576.2188880980482
2025-03-07 14:44:02.549797-05:00,576.27,576.523,575.63,575.76,158160.0,575.8702745365448
2025-03-07 14:44:36.925147-05:00,575.755,576.3796,575.45,575.83,94621.0,575.6808745257393
2025-03-07 14:45:11.609402-05:00,575.84,576.2176,575.22,575.26,89813.0,575.6209025809181
2025-03-07 14:45:42.378429-05:00,575.26,576.2408,574.93,575.06,115650.0,575.0904580881975
2025-03-07 14:46:15.553660-05:00,575.06,576.1448,575.01,575.4,100204.0,575.2180838309844
2025-03-07 14:46:57.340392-05:00,575.41,576.1274,575.41,575.6488,87727.0,575.5496283561496
2025-03-07 14:47:32.105468-05:00,575.6,575.825,575.23,575.31,121965.0,575.5364550641568
2025-03-07 14:48:13.206849-05:00,575.31,575.983,575.1,575.26,103003.0,575.2160163053503
2025-03-07 14:49:03.428430-05:00,575.26,575.5117,575.02,575.13,89418.0,575.2710760942986
2025-03-07 14:49:56.672309-05:00,575.13,575.7659,574.83,574.91,98242.0,575.1994131908959
2025-03-07 14:50:31.145037-05:00,574.91,575.6697,574.6583,574.82,92693.0,574.8413411530532
2025-03-07 14:51:06.399827-05:00,574.82,575.6268,574.76,575.32,88421.0,575.1073150009613
2025-03-07 14:52:15.913445-05:00,575.3,575.4,575.12,575.34,74887.0,575.2654761146808
2025-03-07 14:53:19.561839-05:00,575.3,575.45,575.02,575.45,62688.0,575.2174891207245
2025-03-07 14:54:15.334351-05:00,575.45,575.47,574.9359,575.24,63037.0,575.2714029585795
2025-03-07 14:55:21.296640-05:00,575.24,575.33,575.0,575.33,72908.0,575.2396459304871
2025-03-07 14:56:28.109453-05:00,575.33,575.65,575.22,575.44,66016.0,575.4219880968243
2025-03-07 14:57:31.448907-05:00,575.42,575.6297,575.2186,575.43,66719.0,575.4369498328797
2025-03-07 14:58:20.231383-05:00,575.455,575.71,575.2112,575.49,69806.0,575.6194051571513
2025-03-07 14:59:14.164765-05:00,575.52,575.55,574.98,575.03,70559.0,575.2844514222139
2025-03-07 15:00:03.140078-05:00,575.03,575.4036,574.82,574.82,82237.0,575.0741061237648
2025-03-07 15:00:45.930419-05:00,574.82,575.345,574.62,574.69,92501.0,575.0170415552257
2025-03-07 15:01:37.829388-05:00,574.65,575.2713,574.62,575.22,72161.0,574.9170469935284
2025-03-07 15:02:30.031113-05:00,575.22,575.37,574.9477,575.31,93912.0,575.2029628332909
2025-03-07 15:03:09.885323-05:00,575.305,575.31,574.86,574.99,102866.0,575.174673102872
2025-03-07 15:04:20.374125-05:00,574.97,575.18,574.71,575.17,83982.0,574.9743826939107
2025-03-07 15:05:21.619713-05:00,575.2,575.27,574.93,575.15,80525.0,575.1238685675261
2025-03-07 15:06:16.914447-05:00,575.1612,575.55,575.0885,575.35,77578.0,575.3210384387329
2025-03-07 15:07:16.908630-05:00,575.34,575.66,575.1525,575.59,96438.0,575.5140289211723
2025-03-07 15:08:13.966178-05:00,575.59,576.02,575.2057,576.02,77279.0,575.6653466297442
2025-03-07 15:08:44.460757-05:00,576.02,576.2788,575.263,576.1,102025.0,576.079456720411
2025-03-07 15:09:32.883335-05:00,576.1,576.4,575.3907,576.27,102634.0,576.2219881140745
2025-03-07 15:10:10.459205-05:00,576.3,576.46,575.4825,576.2101,103584.0,576.3362805037459
2025-03-07 15:10:58.264256-05:00,576.24,576.51,575.8715,576.34,74188.0,576.3600740241012
2025-03-07 15:11:34.907886-05:00,576.34,576.69,575.7006,576.66,89646.0,576.3836630290255
2025-03-07 15:12:20.835344-05:00,576.66,576.73,576.1055,576.45,93277.0,576.580646501281
2025-03-07 15:13:16.616660-05:00,576.45,576.57,575.8771,576.125,89485.0,576.4212786489355
2025-03-07 15:14:10.873926-05:00,576.11,576.4534,575.87,575.99,106022.0,576.0263580341817
2025-03-07 15:15:02.267378-05:00,575.9987,576.3337,575.69,575.69,87877.0,575.8933959545727
2025-03-07 15:15:33.985385-05:00,575.69,576.2341,574.96,574.96,101365.0,575.4472438326835
2025-03-07 15:16:03.829908-05:00,574.96,576.1177,574.66,574.87,108586.0,574.9395705542149
2025-03-07 15:16:43.572906-05:00,574.87,575.9324,574.87,575.56,95868.0,575.2533815141654
2025-03-07 15:17:19.552330-05:00,575.54,575.9313,575.16,575.2,117717.0,575.3278146410461
2025-03-07 15:18:21.666713-05:00,575.2,575.8894,575.1739,575.8,84168.0,575.4583004681115
2025-03-07 15:19:07.943470-05:00,575.8,576.3,575.4312,576.25,300788.0,575.9273844545002
2025-03-07 15:19:46.485242-05:00,576.25,576.66,575.4888,576.5112,208206.0,576.5021668914438
2025-03-07 15:20:38.686729-05:00,576.5112,576.55,575.6709,575.97,91970.0,576.139776300967
2025-03-07 15:21:33.832793-05:00,575.97,576.3548,575.69,575.86,92461.0,575.8722533122072
2025-03-07 15:22:28.491901-05:00,575.86,576.2173,575.37,575.37,104034.0,575.8368902599158
2025-03-07 15:23:34.308413-05:00,575.37,576.078,575.28,575.53,81134.0,575.4636841989791
2025-03-07 15:24:28.782778-05:00,575.53,576.0719,575.28,575.43,71190.0,575.5252217980047
2025-03-07 15:25:21.103451-05:00,575.44,575.9773,575.2919,575.75,89890.0,575.4535627945252
2025-03-07 15:26:16.579729-05:00,575.76,575.78,575.44,575.7273,79704.0,575.625642124611
2025-03-07 15:27:08.484492-05:00,575.725,575.94,575.5224,575.85,94639.0,575.7892924787889
2025-03-07 15:28:04.232142-05:00,575.85,576.02,575.5847,575.89,68366.0,575.8987235482551
2025-03-07 15:29:05.799036-05:00,575.88,575.98,575.6,575.85,78347.0,575.8024192553644
2025-03-07 15:29:48.499430-05:00,575.85,576.22,575.6864,575.9,77074.0,576.0319709681605
2025-03-07 15:30:29.591208-05:00,575.905,576.02,575.74,575.82,77894.0,575.9017666790768
2025-03-07 15:31:12.692714-05:00,575.82,576.35,575.702,576.13,73228.0,576.0485725992804
2025-03-07 15:31:54.067506-05:00,576.13,576.165,575.7751,576.0301,111436.0,575.9756800594055
2025-03-07 15:32:28.845408-05:00,576.03,576.03,575.66,575.95,101693.0,575.8038260627577
2025-03-07 15:32:58.638963-05:00,575.95,575.95,575.32,575.35,146557.0,575.6634084015102
2025-03-07 15:33:58.828215-05:00,575.35,575.8503,575.3439,575.6,93861.0,575.6064964149109
2025-03-07 15:34:52.001080-05:00,575.6,576.11,575.54,575.965,66739.0,575.8819772322026
2025-03-07 15:35:43.931766-05:00,575.965,576.105,575.53,575.7,93780.0,575.7925039230106
2025-03-07 15:36:20.315196-05:00,575.66,575.8171,575.33,575.62,82893.0,575.5197465069431
2025-03-07 15:36:53.685566-05:00,575.62,575.7307,574.95,574.97,73186.0,575.1503670456096
2025-03-07 15:37:23.307739-05:00,574.99,575.5992,574.82,574.99,89414.0,575.0395373867625
2025-03-07 15:37:44.002075-05:00,574.99,575.4758,574.39,574.4,139105.0,574.8348323266598
2025-03-07 15:38:03.857516-05:00,574.4,575.595,574.1,574.15,100244.0,574.3255869807667
2025-03-07 15:38:34.610925-05:00,574.15,575.2902,574.14,574.2601,107404.0,574.3644443959254
2025-03-07 15:38:50.621200-05:00,574.26,575.335,573.75,573.81,97024.0,573.9576543710835
2025-03-07 15:39:10.914057-05:00,573.81,574.8181,573.5,573.62,87758.0,573.6956951126965
2025-03-07 15:39:32.262803-05:00,573.62,575.1794,573.4,573.71,105007.0,573.6292539640214
2025-03-07 15:39:57.819241-05:00,573.7175,574.5693,573.6609,574.02,104906.0,574.0293060149089
2025-03-07 15:40:17.310475-05:00,574.02,574.9943,573.18,573.45,99093.0,573.5568581786807
2025-03-07 15:40:36.522534-05:00,573.4735,574.8366,573.37,573.55,120023.0,573.4869404447476
2025-03-07 15:41:03.971930-05:00,573.58,574.1869,573.26,573.49,115824.0,573.4017213159615
2025-03-07 15:41:31.508439-05:00,573.49,574.1085,573.0,573.03,112909.0,573.321080349662
2025-03-07 15:41:52.089609-05:00,573.0307,573.5108,573.0307,573.49,104330.0,573.2377015240105
2025-03-07 15:42:09.482982-05:00,573.47,573.69,573.07,573.09,124022.0,573.3515014948956
2025-03-07 15:42:19.483094-05:00,573.09,573.8304,572.81,572.81,127043.0,572.9513756043226
2025-03-07 15:42:48.114433-05:00,572.81,573.755,572.8,573.72,91820.0,573.3705782574597
2025-03-07 15:43:08.489891-05:00,573.72,574.1519,573.2636,573.94,129716.0,573.7658004078138
2025-03-07 15:43:39.878729-05:00,573.94,574.44,573.3495,574.38,83906.0,574.1393826615501
2025-03-07 15:44:18.482259-05:00,574.37,574.56,573.4584,574.41,90096.0,574.3980283841672
2025-03-07 15:45:00.014851-05:00,574.41,574.7,573.5619,574.5,83312.0,574.5515251872482
2025-03-07 15:45:34.478248-05:00,574.49,574.81,573.5825,574.78,109290.0,574.5805890593833
2025-03-07 15:46:00.903472-05:00,574.78,574.98,573.7682,574.8,90411.0,574.8572501365982
2025-03-07 15:46:37.530552-05:00,574.8,575.25,573.8191,574.8648,91707.0,575.067603791422
2025-03-07 15:47:14.898693-05:00,574.878,575.0,573.9778,574.91,88780.0,574.8688501148906
2025-03-07 15:47:47.460196-05:00,574.9,575.23,573.9565,575.18,109885.0,575.0179501269512
2025-03-07 15:48:19.414599-05:00,575.17,575.38,573.9684,575.31,94793.0,575.2171250324399
2025-03-07 15:48:56.914739-05:00,575.31,575.6,574.0165,575.57,83202.0,575.4302490493012
2025-03-07 15:49:19.517490-05:00,575.57,575.83,574.0743,575.83,107290.0,575.6894736061139
2025-03-07 15:49:47.098631-05:00,575.84,575.92,575.0033,575.865,113807.0,575.806985550098
2025-03-07 15:50:00.192600-05:00,575.865,575.9,575.2051,575.39,95152.0,575.7635409618293
2025-03-07 15:50:21.809470-05:00,575.39,575.67,574.3336,575.43,122851.0,575.417171904991
2025-03-07 15:50:52.047415-05:00,575.43,575.6319,574.421,575.34,94910.0,575.2169434274576
2025-03-07 15:51:22.006640-05:00,575.34,575.5713,575.03,575.33,95912.0,575.271903397907
2025-03-07 15:51:56.776564-05:00,575.3225,575.4988,574.6442,575.1636,105381.0,575.2681480133981
2025-03-07 15:52:27.088686-05:00,575.165,575.644,574.7904,575.58,97208.0,575.3678738447448
2025-03-07 15:53:05.107840-05:00,575.58,575.68,575.1012,575.21,81838.0,575.401646056844
2025-03-07 15:53:29.527804-05:00,575.2,575.461,574.8,574.85,96314.0,574.9785200396619
2025-03-07 15:53:56.317894-05:00,574.85,575.4185,574.82,574.955,92742.0,574.9624577224988
2025-03-07 15:54:21.843569-05:00,574.96,575.47,574.955,575.39,90686.0,575.1997415499643
2025-03-07 15:54:40.112322-05:00,575.39,575.54,575.1394,575.52,88764.0,575.4130157068178
2025-03-07 15:54:52.026876-05:00,575.56,576.3,575.1522,576.3,91616.0,575.9744814202762
2025-03-07 15:55:03.094980-05:00,576.3,576.82,575.3351,576.82,111695.0,576.5404562675141
2025-03-07 15:55:11.711814-05:00,576.82,577.22,575.498,577.18,103296.0,576.9815317756734
2025-03-07 15:55:20.165270-05:00,577.18,577.395,575.6352,575.7224,110367.0,577.25766331784
2025-03-07 15:55:30.817753-05:00,577.0825,577.24,575.6411,577.09,148484.0,577.1071982651329
2025-03-07 15:55:47.695191-05:00,577.09,577.14,575.9006,577.02,137161.0,576.9891199101783
2025-03-07 15:56:03.909476-05:00,577.02,577.03,576.0431,576.58,127502.0,576.8421635550817
2025-03-07 15:56:17.966684-05:00,576.56,576.9153,576.146,576.42,134175.0,576.4039564464316
2025-03-07 15:56:38.097958-05:00,576.41,576.8434,576.1872,576.6,106549.0,576.5760156191053
2025-03-07 15:56:55.331343-05:00,576.62,576.8071,576.11,576.29,112068.0,576.3108610798795
2025-03-07 15:57:09.705750-05:00,576.29,576.53,576.23,576.46,133181.0,576.4257542029269
2025-03-07 15:57:27.114806-05:00,576.46,576.7143,576.25,576.3,109335.0,576.3638531970552
2025-03-07 15:57:47.537639-05:00,576.3,576.5126,576.21,576.34,92697.0,576.3345112128775
2025-03-07 15:58:03.905982-05:00,576.36,576.47,576.28,576.33,101752.0,576.3836656488324
2025-03-07 15:58:17.643695-05:00,576.33,576.45,576.26,576.339,92259.0,576.3387981194245
2025-03-07 15:58:36.036939-05:00,576.33,576.5,576.29,576.41,99053.0,576.3985632075766
2025-03-07 15:58:51.554725-05:00,576.41,576.5,576.23,576.41,83941.0,576.3458723091225
2025-03-07 15:59:01.343249-05:00,576.41,576.5691,576.22,576.27,107695.0,576.4101461729882
2025-03-07 15:59:11.990497-05:00,576.27,576.3716,576.19,576.2699,102517.0,576.2960518606669
2025-03-07 15:59:23.339401-05:00,576.25,576.34,576.09,576.16,90130.0,576.1745659181188
2025-03-07 15:59:31.247708-05:00,576.15,576.36,576.08,576.115,105136.0,576.1987076805289
2025-03-07 15:59:39.913508-05:00,576.13,576.26,576.06,576.2,120014.0,576.1362063834221
2025-03-07 15:59:45.478544-05:00,576.2,576.21,575.9,575.92,145247.0,576.0652458054208
2025-03-07 15:59:50.123286-05:00,575.91,575.99,575.85,575.98,152820.0,575.9094786866908
2025-03-07 15:59:55.489312-05:00,575.98,576.05,575.82,575.86,222405.0,575.9107023974283
